"DOMAIN","COMPANY_NAME","COMPANY_INDUSTRY","COMPANY_REVENUE","COMPANY_SIZE","JOURNEY_STAGE","FIRST_VISIT_DATE","TOTAL_VISITS","TOTAL_VISITORS","CONTACT_EMAIL_SHA256"
"rapid-works.com","Rapid Works","Health, Wellness and Fitness","Small ($1MM-$10MM)","Small (10-49)","Aware","2026-08-12",6,5,""
"atlas-labs.com","Atlas Labs","Marketing and Advertising","Medium-Large ($50MM-$100MM)","Medium (200-499)","Unaware","2026-04-30",5,1,"81d98767dfb8af3f766636c1cfc3c042872c23a1d36990aad83a2537d2f61b53"
"bright-corp.com","Bright Corp","Software / Information Technology","Medium-Small ($10MM-$50MM)","Medium (200-499)","Engaged","2026-08-30",75,17,""
"cyber-labs.com","Cyber Labs","Manufacturing","Medium-Small ($10MM-$50MM)","Medium-Small (50-199)","Aware","2026-04-12",3,6,""
"cyber-media.com","Cyber Media","Education Management","Medium-Large ($50MM-$100MM)","Medium-Large (500-999)","Engaged","2026-04-26",56,10,"5065e4a9ed57dd3082672b3df0e1350a8c73c556b4ec9e9b3637fae8ef36254e"
"atlas-data.com","Atlas Data","Health, Wellness and Fitness","Micro ($0-$1MM)","Micro (1-9)","Unaware","2026-05-28",2,1,"af41e9aa6ab0dd7e8b8afc4b01c475456403e7f262516dfbf73e9d36ca9cd643"
"smart-net.com","Smart Net","Telecommunications","Small ($1MM-$10MM)","Small (10-49)","Aware","2026-04-17",7,5,""
"green-hub.com","Green Hub","Food & Beverages","Medium-Large ($50MM-$100MM)","Medium (200-499)","MQL","2026-04-20",195,17,"4738cc1bceedf97e3421029f35536d032724a2d5e30a2a4ad099528df7477101"
"smart-io.com","Smart Io","E-Learning","Small ($1MM-$10MM)","Small (10-49)","Unaware","2026-06-18",3,1,""
"vertex-io.com","Vertex Io","Telecommunications","Large ($100MM-$200MM)","Large (1,000-4,999)","Unaware","2026-04-29",1,1,""
"apex-media.com","Apex Media","Software / Information Technology","Micro ($0-$1MM)","Micro (1-9)","Engaged","2026-06-17",40,10,"e89fb929384ba744af4920dd4e3a2341115474ec0c2253a06cd4ae42a427ca53"
"bright-group.com","Bright Group","Software / Information Technology","XLarge ($200MM-$1B)","XLarge (5,000-10,000)","Engaged","2026-08-16",12,13,""
"rapid-net.com","Rapid Net","Manufacturing","Small ($1MM-$10MM)","Small (10-49)","Aware","2026-09-10",18,1,"f31ad26bd03ffb4a5d02ffb9e5425d7d0c49711c9cbe9497dd23aaf8ffe76e9c"
"cyber-inc.com","Cyber Inc","Consumer Goods","Medium-Large ($50MM-$100MM)","Medium-Large (500-999)","Engaged","2026-08-25",105,13,""
"swift-io.com","Swift Io","Health, Wellness and Fitness","Large ($100MM-$200MM)","Large (1,000-4,999)","Aware","2026-03-30",11,5,""
"rapid-systems.com","Rapid Systems","Management Consulting","XLarge ($200MM-$1B)","XLarge (5,000-10,000)","Unaware","2026-04-15",4,1,""
"vertex-solutions.com","Vertex Solutions","E-Learning","XXLarge ($1B+)","XXLarge (10,000+)","Aware","2026-09-19",12,3,"6ef8ff6f7f50fa8d9e59ce6cc3c55558bef422b2918b503bce86ba608414c9e1"
"iron-digital.com","Iron Digital","Entertainment","Medium-Small ($10MM-$50MM)","Medium-Small (50-199)","Unaware","2026-05-11",1,1,"0c232f8d7298a82f3cd9ced4456596ad0f8d4749d1a73d3bdd30c133dae61090"
"core-solutions.com","Core Solutions","Entertainment","XXLarge ($1B+)","XXLarge (10,000+)","Unaware","2026-08-31",3,1,"1d6274ffaa660cc876937c800174f329d594e2e74f29567c1e20cb4d11e2fa74"
"core-tech.com","Core Tech","Retail","Medium-Large ($50MM-$100MM)","Medium-Large (500-999)","Aware","2026-07-09",14,3,"3f0219bc6ad2adb0a7ebe80e0bd4950458dba3f8da72d89376a3893d41b5e890"
"apex-io.com","Apex Io","Management Consulting","Micro ($0-$1MM)","Small (10-49)","Aware","2026-05-22",14,2,"77da072e90a5cbbf1be079098b07d59e5f2fdcc86f78895aa10f274e9d7475f8"
"nova-tech.com","Nova Tech","Education Management","Small ($1MM-$10MM)","Small (10-49)","Aware","2026-05-12",13,3,"42a21c6b4ea62a073cb62336b4a14164b3246db3c0e1f49a90a8ab70fe45cd6c"
"nova-inc.com","Nova Inc","Automotive","Micro ($0-$1MM)","Micro (1-9)","Unaware","2026-04-11",5,1,"1b21da720c0fcf602aa6e3565a45ae0b1ad54acc1a823c3faf6b26df079928e6"
"swift-solutions.com","Swift Solutions","Marketing and Advertising","XLarge ($200MM-$1B)","Large (1,000-4,999)","Unaware","2026-04-18",1,1,""
"bright-media.com","Bright Media","Marketing and Advertising","Medium-Large ($50MM-$100MM)","Medium (200-499)","Opportunity","2026-07-06",342,43,""
"bright-data.com","Bright Data","Construction","Small ($1MM-$10MM)","Medium-Small (50-199)","Opportunity","2026-06-07",425,18,"2c7e5677eb2054fd54af0586f061b1ced1a33de1e412556030dc1d1dcdcfc158"
"green-data.com","Green Data","Construction","Micro ($0-$1MM)","Micro (1-9)","Opportunity","2026-04-07",231,17,"0036885d41df6b3330f6b1de2a1702a376d14fdba65836833e54737759fd8c88"
"vertex-tech.com","Vertex Tech","Legal Services","Small ($1MM-$10MM)","Small (10-49)","Engaged","2026-05-29",97,11,"139a61ade624451fba415de496d4a33b7b9c7d1d2efdf8d50cf30dedcd65441d"
"clear-net.com","Clear Net","Education Management","Large ($100MM-$200MM)","Large (1,000-4,999)","Opportunity","2026-06-06",423,38,""
"green-systems.com","Green Systems","Entertainment","Micro ($0-$1MM)","Micro (1-9)","Aware","2026-05-08",18,5,""
"atlas-media.com","Atlas Media","Education Management","XLarge ($200MM-$1B)","Large (1,000-4,999)","Aware","2026-07-27",9,3,"1aded760526518a04885ffd1872609e156bd40ae24ed8cd76c6672fb849bfac4"
"nexus-labs.com","Nexus Labs","Telecommunications","XLarge ($200MM-$1B)","XLarge (5,000-10,000)","Unaware","2026-04-06",4,1,"27ea484f242b93e58656603f1d9ba8fc270bdfb30c52927d6de8bcb3fcff2552"
"core-hub.com","Core Hub","Financial Services","Small ($1MM-$10MM)","Medium-Small (50-199)","Unaware","2026-05-12",5,1,"bcc8a7a08a4af4f077910021da3cf358c99f08f230f493946ade9055284adc7a"
"blue-works.com","Blue Works","Education Management","Small ($1MM-$10MM)","Small (10-49)","Engaged","2026-06-17",18,9,"3e3cb35b3f7f76bf2eb872cf05737632b44ecdb3e69642765d0f944ddd39a016"
"apex-net.com","Apex Net","Telecommunications","Small ($1MM-$10MM)","Small (10-49)","Aware","2026-04-18",19,5,""
"clear-tech.com","Clear Tech","Legal Services","XXLarge ($1B+)","XXLarge (10,000+)","Unaware","2026-09-01",2,1,""
"nova-solutions.com","Nova Solutions","Logistics and Supply Chain","Medium-Small ($10MM-$50MM)","Medium-Small (50-199)","Unaware","2026-08-08",1,1,"61f8f0feb71f1870f23ecdd98b7cdbe7a1c18a9255c1528edb5c8a9f72e86f11"
"blue-hub.com","Blue Hub","Automotive","Medium-Small ($10MM-$50MM)","Medium-Small (50-199)","Unaware","2026-03-30",3,1,"d74364da0352f297019147b5548a5c2da8ba09b05e8894650cf4ff3b9def88fd"
"bright-labs.com","Bright Labs","Retail","XXLarge ($1B+)","XXLarge (10,000+)","Unaware","2026-04-24",1,1,"99f9a2723362a5649911778271216e97f02bbccd1e70ada28edf71891e36b0f0"
"iron-net.com","Iron Net","Software / Information Technology","Micro ($0-$1MM)","Micro (1-9)","MQL","2026-08-19",85,25,""
"vertex-labs.com","Vertex Labs","Software / Information Technology","Micro ($0-$1MM)","Small (10-49)","Unaware","2026-06-22",2,1,""
"nexus-net.com","Nexus Net","Logistics and Supply Chain","Large ($100MM-$200MM)","Large (1,000-4,999)","Aware","2026-05-27",4,3,"0b777ead2957647f8fde6f9ee7bbeca4973555a38a181acd6101154894a4b6ab"
"swift-inc.com","Swift Inc","E-Learning","Micro ($0-$1MM)","Micro (1-9)","Engaged","2026-07-12",27,13,""
"acme-cloud.com","Acme Cloud","Health, Wellness and Fitness","Small ($1MM-$10MM)","Medium-Small (50-199)","Aware","2026-07-28",18,1,"e729ade0830cc0b6ded6bf33394faf2cd967d08203a15a7a67eb9b4e7b56ee78"
"smart-systems.com","Smart Systems","Health, Wellness and Fitness","Micro ($0-$1MM)","Micro (1-9)","Unaware","2026-05-30",4,1,"bbc7d34764756c4fa7b9cc283b6f97a4cd3826cfd2d7b2699c7bc431d196e46f"
"cyber-digital.com","Cyber Digital","Software / Information Technology","Large ($100MM-$200MM)","Medium-Large (500-999)","Aware","2026-06-04",12,5,""
"blue-corp.com","Blue Corp","Hospital & Health Care","Small ($1MM-$10MM)","Medium-Small (50-199)","Aware","2026-09-18",21,5,""
"nexus-group.com","Nexus Group","Marketing and Advertising","Medium-Small ($10MM-$50MM)","Medium-Small (50-199)","Unaware","2026-04-10",5,1,""
"bright-tech.com","Bright Tech","Entertainment","Medium-Large ($50MM-$100MM)","Medium-Large (500-999)","Unaware","2026-08-16",2,1,""
"cyber-net.com","Cyber Net","Marketing and Advertising","XXLarge ($1B+)","XXLarge (10,000+)","Unaware","2026-08-23",3,1,""
"rapid-works.com","Rapid Works","Financial Services","Micro ($0-$1MM)","Micro (1-9)","MQL","2026-07-31",87,21,""
"stellar-cloud.com","Stellar Cloud","Marketing and Advertising","Medium-Small ($10MM-$50MM)","Medium-Small (50-199)","MQL","2026-07-15",192,29,""
"smart-inc.com","Smart Inc","Software / Information Technology","Micro ($0-$1MM)","Micro (1-9)","Aware","2026-07-19",3,3,"df798ab6ff48e445639ea5c4437a347bca48ffbb8dd40e4db8b4778b83902556"
"nexus-corp.com","Nexus Corp","Financial Services","Micro ($0-$1MM)","Small (10-49)","Aware","2026-04-21",6,4,""
"clear-solutions.com","Clear Solutions","Consumer Goods","Micro ($0-$1MM)","Micro (1-9)","Opportunity","2026-05-17",479,21,"b58350f624b639f26b18cf7daf21b30d57d5422db7ee38675d0fc0d359880934"
"bright-digital.com","Bright Digital","Health, Wellness and Fitness","Large ($100MM-$200MM)","Large (1,000-4,999)","Unaware","2026-08-13",4,1,""
"rapid-io.com","Rapid Io","Software / Information Technology","Small ($1MM-$10MM)","Small (10-49)","Unaware","2026-03-28",1,1,"bb81f4ce15d164400ce889d075d726d2749cf1d1c25734c39989c59fd4a3a221"
"apex-corp.com","Apex Corp","Health, Wellness and Fitness","Small ($1MM-$10MM)","Small (10-49)","MQL","2026-08-10",114,9,"8f184802810e859ce9053b6281d23c8715d45b29403d9f0d51826138343f691c"
"cyber-solutions.com","Cyber Solutions","Software / Information Technology","Medium-Large ($50MM-$100MM)","Medium (200-499)","MQL","2026-08-03",58,12,"37f08ce28f6cbd74988601779f67855a04035e480c5d2ef5fc23d5035768f99a"
"global-net.com","Global Net","Real Estate","Large ($100MM-$200MM)","Medium-Large (500-999)","Unaware","2026-07-29",3,1,"fca56738f045f685916b0202ac770238519a3e882eb9d303a673a8b36866f282"
"global-media.com","Global Media","Marketing and Advertising","Medium-Large ($50MM-$100MM)","Medium-Large (500-999)","Engaged","2026-04-29",80,5,"d604ccae2b636895d3b0d3b91d4abc3ac30d3e8103b49018e325015c444ab7f5"
"peak-systems.com","Peak Systems","Food & Beverages","Small ($1MM-$10MM)","Small (10-49)","Engaged","2026-09-10",81,17,""
"bright-media.com","Bright Media","Health, Wellness and Fitness","Small ($1MM-$10MM)","Small (10-49)","Aware","2026-07-29",16,2,"86b2c28853518e2a0275caa536c3d59d83f2bef44c76d8f855d033951e05cfd6"
"acme-digital.com","Acme Digital","Manufacturing","Small ($1MM-$10MM)","Medium-Small (50-199)","Opportunity","2026-09-13",426,37,""
"smart-inc.com","Smart Inc","Consumer Goods","Medium-Small ($10MM-$50MM)","Medium-Small (50-199)","Aware","2026-05-27",19,1,"c31bd3afcc9d2b4adf116d05dad1c56b9df73fd4fc2b5ff2feee8474f626061e"
"smart-systems.com","Smart Systems","Telecommunications","Small ($1MM-$10MM)","Small (10-49)","Aware","2026-08-17",16,4,"793e7713c69c5abee358b921c963db40cfca55175fb354d773d87a8f43176666"
"apex-media.com","Apex Media","Health, Wellness and Fitness","Small ($1MM-$10MM)","Medium-Small (50-199)","Engaged","2026-04-26",14,15,""
"rapid-data.com","Rapid Data","Software / Information Technology","Small ($1MM-$10MM)","Small (10-49)","Unaware","2026-08-04",5,1,"bc0dd379ec8f1f6b29315a018c4ee3dbf3a3d02f04d4102c3826f225a6be1351"
"iron-io.com","Iron Io","Health, Wellness and Fitness","Micro ($0-$1MM)","Small (10-49)","Unaware","2026-07-18",4,1,""
"nexus-data.com","Nexus Data","Manufacturing","Small ($1MM-$10MM)","Medium-Small (50-199)","MQL","2026-07-31",73,21,""
"peak-labs.com","Peak Labs","Financial Services","Small ($1MM-$10MM)","Small (10-49)","Aware","2026-08-28",15,5,""
"apex-io.com","Apex Io","Health, Wellness and Fitness","Medium-Small ($10MM-$50MM)","Medium (200-499)","Unaware","2026-08-24",3,1,"870231b720e2537e33ba8e3a92731df2ee3a949b7678bb4bd9f4aaac2f7b2e6e"
"blue-media.com","Blue Media","Software / Information Technology","Medium-Small ($10MM-$50MM)","Medium-Small (50-199)","Aware","2026-09-10",9,5,""
"swift-cloud.com","Swift Cloud","Insurance","Medium-Small ($10MM-$50MM)","Medium (200-499)","Unaware","2026-05-09",3,1,""
"acme-digital.com","Acme Digital","Telecommunications","Medium-Small ($10MM-$50MM)","Medium (200-499)","MQL","2026-06-21",145,16,"461f97bc8616e73bbbfeabc5174cf9dfceada0bd1263af117d14cb2d826f075a"
"green-labs.com","Green Labs","Marketing and Advertising","Micro ($0-$1MM)","Micro (1-9)","Unaware","2026-06-29",1,1,""
"acme-inc.com","Acme Inc","Retail","Medium-Large ($50MM-$100MM)","Medium (200-499)","Aware","2026-04-29",19,1,"3a6b30b41ce9147671cbc1c752d9db21290ede073340e8537e8fcae7ab1e3fa3"
"clear-net.com","Clear Net","Health, Wellness and Fitness","Large ($100MM-$200MM)","Medium-Large (500-999)","MQL","2026-05-10",140,15,"397bebfac10465ddf341e3c6f2d7b9102d5ac783fd768767321804e84a20aeaa"
"stellar-io.com","Stellar Io","Telecommunications","Micro ($0-$1MM)","Micro (1-9)","Aware","2026-03-30",4,3,"7b594f1f72195d4d9eafe50681b4850945698cef69eea3a0b3c96d2ba560c859"
"nexus-labs.com","Nexus Labs","Retail","Small ($1MM-$10MM)","Medium-Small (50-199)","Aware","2026-07-22",22,3,"169b52f405f0d6db97d400c7cbe865b47e4326f5ad2dd8a5379a0134af61c536"
"core-labs.com","Core Labs","Health, Wellness and Fitness","Micro ($0-$1MM)","Micro (1-9)","Unaware","2026-04-08",5,1,""
"cyber-digital.com","Cyber Digital","Real Estate","Small ($1MM-$10MM)","Small (10-49)","Unaware","2026-07-10",1,1,"1b15975af100612253a8c3fed55de4d6f1cc3bbc5586bb7e5d559e45e6e845c2"
"swift-digital.com","Swift Digital","E-Learning","Micro ($0-$1MM)","Micro (1-9)","Unaware","2026-07-27",2,1,"02610a20ec0bd6f877ebbc209802174f26c254b7402dc392cf3b020591ac98ec"
"clear-data.com","Clear Data","Consumer Goods","Medium-Small ($10MM-$50MM)","Medium (200-499)","Engaged","2026-06-19",44,15,""
"nova-labs.com","Nova Labs","Food & Beverages","Micro ($0-$1MM)","Micro (1-9)","Aware","2026-06-25",18,3,"25e529958ff646f7c98ecad011d71289e96690856dc66e527a0911fd6697eacf"
"smart-tech.com","Smart Tech","Software / Information Technology","Medium-Small ($10MM-$50MM)","Medium-Small (50-199)","Aware","2026-07-10",11,4,""
"bright-digital.com","Bright Digital","Retail","Large ($100MM-$200MM)","Large (1,000-4,999)","Engaged","2026-04-29",30,14,""
"nexus-works.com","Nexus Works","Financial Services","Small ($1MM-$10MM)","Medium-Small (50-199)","MQL","2026-08-05",63,13,"f652de9535293e4abf8bee45a6d2eab50b109730e9839a2c2f2b18001e3e8898"
"blue-hub.com","Blue Hub","E-Learning","Small ($1MM-$10MM)","Medium-Small (50-199)","Aware","2026-07-23",16,5,""
"rapid-group.com","Rapid Group","Legal Services","XLarge ($200MM-$1B)","XLarge (5,000-10,000)","MQL","2026-04-05",226,28,""
"prime-corp.com","Prime Corp","Management Consulting","Micro ($0-$1MM)","Micro (1-9)","Unaware","2026-05-12",3,1,"3e37af355aa840452a59067a09640598d423ad747d736edeef960e1bc766fcb9"
"rapid-inc.com","Rapid Inc","Software / Information Technology","Medium-Small ($10MM-$50MM)","Medium-Small (50-199)","Unaware","2026-07-27",3,1,"6becc549b345df01a364fb104d1a64fac0f2c8c78595bac94d0bf557a5b4cf57"
"smart-works.com","Smart Works","Education Management","Large ($100MM-$200MM)","Large (1,000-4,999)","MQL","2026-06-06",216,29,""
"rapid-media.com","Rapid Media","Retail","Micro ($0-$1MM)","Micro (1-9)","Engaged","2026-05-21",102,14,""
"bright-digital.com","Bright Digital","Financial Services","Small ($1MM-$10MM)","Medium-Small (50-199)","Aware","2026-08-17",13,4,""
"clear-solutions.com","Clear Solutions","Marketing and Advertising","XXLarge ($1B+)","XXLarge (10,000+)","MQL","2026-08-08",186,16,"9b3319588c7e44a2c9bf1ca081c28ec58ba7215b2058d0d768d11ad310109825"
"apex-tech.com","Apex Tech","Automotive","Large ($100MM-$200MM)","Medium-Large (500-999)","Engaged","2026-06-09",38,6,"9c66c869f5049556bd15c0df835a19d0c34fbf17455a02de97935f4963869684"
"smart-corp.com","Smart Corp","Entertainment","Micro ($0-$1MM)","Micro (1-9)","Engaged","2026-04-16",95,17,""
"nexus-inc.com","Nexus Inc","Manufacturing","Medium-Large ($50MM-$100MM)","Medium-Large (500-999)","Unaware","2026-03-28",4,1,""
"acme-works.com","Acme Works","Marketing and Advertising","XXLarge ($1B+)","XXLarge (10,000+)","Engaged","2026-08-18",74,16,""
"nexus-net.com","Nexus Net","Manufacturing","Micro ($0-$1MM)","Micro (1-9)","Aware","2026-08-04",18,2,"d9ab0fef42df13a3344e6a0c0e08d1b9a48711c8a28fca76b0826f22d3d6774c"
"prime-tech.com","Prime Tech","Entertainment","Large ($100MM-$200MM)","Large (1,000-4,999)","Unaware","2026-05-15",2,1,""
"iron-works.com","Iron Works","Marketing and Advertising","Small ($1MM-$10MM)","Medium-Small (50-199)","Engaged","2026-08-06",23,13,""
"smart-net.com","Smart Net","Hospital & Health Care","Micro ($0-$1MM)","Small (10-49)","Engaged","2026-04-25",23,13,""
"vertex-systems.com","Vertex Systems","Software / Information Technology","Medium-Small ($10MM-$50MM)","Medium (200-499)","Engaged","2026-04-17",71,18,""
"clear-inc.com","Clear Inc","Automotive","XLarge ($200MM-$1B)","Large (1,000-4,999)","Unaware","2026-08-03",1,1,""
"blue-inc.com","Blue Inc","Retail","Small ($1MM-$10MM)","Small (10-49)","Aware","2026-07-27",20,6,""
"smart-corp.com","Smart Corp","Financial Services","Micro ($0-$1MM)","Small (10-49)","Unaware","2026-09-05",3,1,"f005a90a7b4485655ad2d581a67566e1a9a83433ebb73aa1f986499bea95835a"
"global-tech.com","Global Tech","E-Learning","Medium-Large ($50MM-$100MM)","Medium-Large (500-999)","Opportunity","2026-06-07",224,15,"a0a3b7fc9c8feb5e58d2f01c637b7d9754e0a7ab7c664ce91dff6bf13a38c22e"
"bright-cloud.com","Bright Cloud","Software / Information Technology","Medium-Small ($10MM-$50MM)","Medium-Small (50-199)","Opportunity","2026-05-04",138,37,""
"nova-net.com","Nova Net","Management Consulting","Medium-Large ($50MM-$100MM)","Medium-Large (500-999)","Engaged","2026-04-07",44,15,""
"apex-group.com","Apex Group","Software / Information Technology","Medium-Small ($10MM-$50MM)","Medium (200-499)","Aware","2026-03-31",4,5,""
"stellar-net.com","Stellar Net","Marketing and Advertising","Medium-Small ($10MM-$50MM)","Medium (200-499)","Aware","2026-04-30",10,5,""
"iron-systems.com","Iron Systems","Marketing and Advertising","Large ($100MM-$200MM)","Large (1,000-4,999)","Opportunity","2026-07-26",197,38,""
"prime-cloud.com","Prime Cloud","Retail","Medium-Large ($50MM-$100MM)","Medium (200-499)","Engaged","2026-06-05",37,4,"e5b67e3fd41fcd974576030e540cf475243e1c37cb637efae9855b9d6241a095"
"core-inc.com","Core Inc","Logistics and Supply Chain","Micro ($0-$1MM)","Micro (1-9)","Unaware","2026-09-05",1,1,""
"nexus-inc.com","Nexus Inc","Logistics and Supply Chain","Medium-Large ($50MM-$100MM)","Medium-Large (500-999)","MQL","2026-05-29",173,20,"c3ba172478a8dbfd1f2e2f64ea178c0fec46cf7a4f2f79d7ef8f87d818c68ee8"
"atlas-solutions.com","Atlas Solutions","Marketing and Advertising","Micro ($0-$1MM)","Micro (1-9)","Aware","2026-05-09",4,5,""
"peak-hub.com","Peak Hub","Food & Beverages","Medium-Large ($50MM-$100MM)","Medium-Large (500-999)","MQL","2026-08-24",53,25,""
"global-solutions.com","Global Solutions","Marketing and Advertising","Micro ($0-$1MM)","Small (10-49)","Unaware","2026-08-04",1,1,""
"swift-tech.com","Swift Tech","Insurance","Large ($100MM-$200MM)","Large (1,000-4,999)","Unaware","2026-08-08",4,1,"02fb826327e624830938aa0c378a7e879711c66e8ffe61e19973a8e8c5eedda7"
"atlas-tech.com","Atlas Tech","Food & Beverages","Medium-Small ($10MM-$50MM)","Medium (200-499)","Engaged","2026-06-24",28,13,""
"nexus-labs.com","Nexus Labs","Software / Information Technology","Medium-Large ($50MM-$100MM)","Medium-Large (500-999)","Unaware","2026-05-09",5,1,""
"apex-io.com","Apex Io","Real Estate","Large ($100MM-$200MM)","Large (1,000-4,999)","Unaware","2026-09-20",3,1,"de324a20722ff87b3c37f74a1027bdd5609e073c5b6de43fa5c8a6b7f879bb10"
"prime-media.com","Prime Media","Entertainment","Small ($1MM-$10MM)","Medium-Small (50-199)","Unaware","2026-04-20",5,1,""
"clear-cloud.com","Clear Cloud","Education Management","Small ($1MM-$10MM)","Medium-Small (50-199)","Engaged","2026-07-24",73,14,""
"clear-digital.com","Clear Digital","Retail","Medium-Small ($10MM-$50MM)","Medium (200-499)","Unaware","2026-07-01",4,1,"4dee24494eb1b6963d35b265b59d6536915d65cccf663eecbc0257c4843fe2ea"
"swift-net.com","Swift Net","Software / Information Technology","Medium-Small ($10MM-$50MM)","Medium-Small (50-199)","Unaware","2026-08-30",3,1,"99d9e4cdeee2f53ba2f644691542313c82bb6621d7b333f2fb99b75a1c0b069d"
"prime-inc.com","Prime Inc","Management Consulting","Large ($100MM-$200MM)","Large (1,000-4,999)","Opportunity","2026-07-22",177,38,""
"rapid-inc.com","Rapid Inc","Retail","Small ($1MM-$10MM)","Small (10-49)","Engaged","2026-03-28",29,14,""
"apex-media.com","Apex Media","Legal Services","Micro ($0-$1MM)","Micro (1-9)","MQL","2026-04-03",111,18,"3d825ea564d8032de037c6a08953c0a0152d8fad30b543114b95a534f82f1d3e"
"peak-tech.com","Peak Tech","Construction","Medium-Small ($10MM-$50MM)","Medium-Small (50-199)","Engaged","2026-09-11",58,13,""
"nexus-group.com","Nexus Group","Construction","XLarge ($200MM-$1B)","XLarge (5,000-10,000)","Aware","2026-05-26",14,5,""
"apex-digital.com","Apex Digital","Legal Services","Large ($100MM-$200MM)","Large (1,000-4,999)","Unaware","2026-07-21",5,1,""
"nexus-io.com","Nexus Io","Marketing and Advertising","Medium-Large ($50MM-$100MM)","Medium (200-499)","Unaware","2026-08-14",3,1,"6c832fa7809ea984927a7fd58102ec34f3e1caa093038f941a3d70eed9a62436"
"core-inc.com","Core Inc","Real Estate","Medium-Large ($50MM-$100MM)","Medium-Large (500-999)","Aware","2026-04-16",22,5,""
"green-hub.com","Green Hub","Financial Services","Medium-Large ($50MM-$100MM)","Medium (200-499)","Aware","2026-07-14",14,6,""
"nova-data.com","Nova Data","Hospital & Health Care","Medium-Large ($50MM-$100MM)","Medium-Large (500-999)","Engaged","2026-04-16",102,15,""
"smart-data.com","Smart Data","Financial Services","Small ($1MM-$10MM)","Medium-Small (50-199)","Engaged","2026-06-23",16,6,"76aca6a6b92522a00ef8b818d1e39cb6fbe82d6c6a0a6712275bc890f6b20f1f"
"apex-media.com","Apex Media","Retail","Micro ($0-$1MM)","Small (10-49)","Unaware","2026-05-06",2,1,""
"cyber-inc.com","Cyber Inc","Entertainment","Medium-Large ($50MM-$100MM)","Medium (200-499)","Unaware","2026-04-13",5,1,"a8978b3697e4491a5a5b0d0806db23d381bed581ae4013a4420b3d31fa9ea6f9"
"stellar-net.com","Stellar Net","Insurance","Micro ($0-$1MM)","Micro (1-9)","Unaware","2026-05-10",4,1,"cca5c789caa170df0338d43847530c48cc66fb82df7a08d50046590e1d0941ed"
"swift-labs.com","Swift Labs","Entertainment","Micro ($0-$1MM)","Small (10-49)","Aware","2026-06-02",11,5,""
"apex-labs.com","Apex Labs","Software / Information Technology","Large ($100MM-$200MM)","Large (1,000-4,999)","Aware","2026-09-19",9,5,""
"nexus-tech.com","Nexus Tech","Manufacturing","Medium-Small ($10MM-$50MM)","Medium-Small (50-199)","Engaged","2026-04-05",74,18,""
"vertex-tech.com","Vertex Tech","Health, Wellness and Fitness","Micro ($0-$1MM)","Micro (1-9)","MQL","2026-05-22",180,18,"4cab05ac23c7cf730d30ea2623e9495fe19defd0821fcbca2403893a87dc34cf"
"bright-io.com","Bright Io","Entertainment","Medium-Small ($10MM-$50MM)","Medium-Small (50-199)","Aware","2026-04-05",3,6,""
"prime-io.com","Prime Io","Management Consulting","Large ($100MM-$200MM)","Medium-Large (500-999)","Engaged","2026-03-28",65,12,"2ac7a3429c36f820b2d22dc1d8e554510f6ca778a91b26a9d6f5973cfb74b3b5"
"acme-net.com","Acme Net","E-Learning","Micro ($0-$1MM)","Small (10-49)","Aware","2026-04-10",13,5,""
"cyber-solutions.com","Cyber Solutions","Financial Services","Micro ($0-$1MM)","Micro (1-9)","Engaged","2026-06-11",13,11,"bafcc88900a55da8592949dda2fa796717d7515dd407670de94c79449ea33dec"
"stellar-data.com","Stellar Data","Software / Information Technology","Large ($100MM-$200MM)","Large (1,000-4,999)","Aware","2026-07-24",19,5,""
"apex-labs.com","Apex Labs","Education Management","Small ($1MM-$10MM)","Medium-Small (50-199)","MQL","2026-08-03",113,28,""
"nova-works.com","Nova Works","Real Estate","Small ($1MM-$10MM)","Medium-Small (50-199)","Unaware","2026-05-04",2,1,""
"vertex-tech.com","Vertex Tech","Telecommunications","Micro ($0-$1MM)","Micro (1-9)","MQL","2026-06-06",41,17,"3e06ce07385d7f4d6e0147df35d75c9a1e7dc400ee35d1094821b8ece44fe70c"
"blue-inc.com","Blue Inc","Software / Information Technology","Small ($1MM-$10MM)","Small (10-49)","Aware","2026-08-21",20,3,"2942d1ffaca86054c8239f73aaf24812372107422af79d393075ca565d20c1ef"
"blue-digital.com","Blue Digital","Telecommunications","XLarge ($200MM-$1B)","XLarge (5,000-10,000)","Unaware","2026-06-06",4,1,"ba31e62597222f732cc7281c90aeb4c51d876bf6716cd8711e3f7b8f6c805b2f"
"peak-cloud.com","Peak Cloud","Entertainment","Large ($100MM-$200MM)","Large (1,000-4,999)","Aware","2026-08-13",7,4,""
"green-cloud.com","Green Cloud","E-Learning","Small ($1MM-$10MM)","Small (10-49)","Aware","2026-09-02",15,1,"e73bbcd2ae0a377d11b54b34e0c0af61810074b6d658021f94ec824f48b97629"
"green-media.com","Green Media","Insurance","Large ($100MM-$200MM)","Medium-Large (500-999)","Aware","2026-08-03",19,4,""
"green-inc.com","Green Inc","Financial Services","Small ($1MM-$10MM)","Medium-Small (50-199)","MQL","2026-05-20",156,12,"4659bac4c6afad90138a28eb05a0816bb119332024a9abbfdeb422e34db910e4"
"peak-digital.com","Peak Digital","Insurance","Medium-Large ($50MM-$100MM)","Medium (200-499)","Opportunity","2026-06-19",394,34,""
"atlas-group.com","Atlas Group","Health, Wellness and Fitness","Micro ($0-$1MM)","Micro (1-9)","Unaware","2026-08-07",1,1,""
"atlas-net.com","Atlas Net","Education Management","Micro ($0-$1MM)","Micro (1-9)","Aware","2026-05-21",3,2,"21aef3243e26704b3082cd336571a09e0164e61933578a06f9535b9bad13a567"
"iron-tech.com","Iron Tech","Health, Wellness and Fitness","Large ($100MM-$200MM)","Large (1,000-4,999)","Aware","2026-06-27",18,6,""
"acme-cloud.com","Acme Cloud","Software / Information Technology","Medium-Large ($50MM-$100MM)","Medium (200-499)","Unaware","2026-07-01",2,1,"967bb826c1a25a1ef2cf6923477fb9dcb88ff174e7d4f4bb19e78e7f348a9e24"
"peak-media.com","Peak Media","Food & Beverages","Micro ($0-$1MM)","Micro (1-9)","Unaware","2026-06-03",4,1,"21a95a37d47e51ea16280f2c6d285b934ca2be2f6c2e4b5434394d6f6ba48df4"
"apex-digital.com","Apex Digital","Manufacturing","Large ($100MM-$200MM)","Medium-Large (500-999)","Unaware","2026-07-15",5,1,"e45ba4e79c3746927ab7d6c08f075c828b50f6c68fa1f4ddd2c9ea3b55b764f4"
"nova-tech.com","Nova Tech","Construction","Medium-Small ($10MM-$50MM)","Medium (200-499)","Unaware","2026-04-24",2,1,"055bf9d8aa0100fe588702882f4f399f1c732101582d0951396ee1269f80b8f2"
"core-group.com","Core Group","Food & Beverages","Large ($100MM-$200MM)","Medium-Large (500-999)","Unaware","2026-05-15",3,1,"0bc81cd7256da6851dd73e044038cf419d7a95a44fd63f2452a9a43f0231f5c1"
"clear-works.com","Clear Works","Telecommunications","XLarge ($200MM-$1B)","XLarge (5,000-10,000)","Aware","2026-04-30",7,3,"3d7a88605089ee3c1493c685edc1dd1776321d82c06bd6a928e0a08f3ebc1fd8"
"peak-labs.com","Peak Labs","Health, Wellness and Fitness","Micro ($0-$1MM)","Micro (1-9)","Unaware","2026-07-23",3,1,""
"swift-io.com","Swift Io","Management Consulting","XXLarge ($1B+)","XXLarge (10,000+)","Unaware","2026-05-13",1,1,""
"atlas-inc.com","Atlas Inc","Education Management","Large ($100MM-$200MM)","Medium-Large (500-999)","Engaged","2026-09-22",11,18,""
"rapid-systems.com","Rapid Systems","Legal Services","Micro ($0-$1MM)","Micro (1-9)","MQL","2026-06-19",127,16,"39136432a8035980268cc73ac80e5033a0e6b871e5524153c77468e66befb751"
"bright-media.com","Bright Media","Real Estate","Medium-Large ($50MM-$100MM)","Medium-Large (500-999)","Unaware","2026-07-09",4,1,"2797fff23a08a0e9e0cc2e0683d9fd8e13643afc68031eba449bb6d4d07ca4f1"
"smart-labs.com","Smart Labs","Retail","XXLarge ($1B+)","XXLarge (10,000+)","Opportunity","2026-07-22",360,32,"e88a8d6fe59059ec928163e6e4c8b575009ef58c097edf993f51fd21b90afc9b"
"smart-cloud.com","Smart Cloud","Marketing and Advertising","XXLarge ($1B+)","XXLarge (10,000+)","Unaware","2026-08-06",5,1,"2f3d8fe3b2d4bedb3c4aaa5ee78fbff6c594de8ce7a8d43a9cd351d37a32faf0"
"vertex-inc.com","Vertex Inc","Software / Information Technology","Medium-Large ($50MM-$100MM)","Medium-Large (500-999)","Unaware","2026-03-29",5,1,""
"core-solutions.com","Core Solutions","Retail","Micro ($0-$1MM)","Micro (1-9)","Aware","2026-04-17",12,6,""
"smart-cloud.com","Smart Cloud","Logistics and Supply Chain","Micro ($0-$1MM)","Micro (1-9)","Aware","2026-04-01",12,5,""
"clear-corp.com","Clear Corp","Insurance","Small ($1MM-$10MM)","Small (10-49)","Aware","2026-06-29",7,3,"76a74ac3ed72a8d0b597a70c36f8d0c9508680af3a40b225255baf8aed3f7cb2"
"nexus-media.com","Nexus Media","Telecommunications","Medium-Small ($10MM-$50MM)","Medium (200-499)","Unaware","2026-07-22",1,1,"bb4b5cc7d16952dbba503e62fa481865452e06bfe4cb6fbb6aabf69902d1f4cb"
"apex-systems.com","Apex Systems","Software / Information Technology","Micro ($0-$1MM)","Micro (1-9)","Opportunity","2026-09-17",163,20,"b300605b9845bd3fc276060c1afbe3038510c3f7c21053a50d415ea34ffff548"
"cyber-hub.com","Cyber Hub","Legal Services","Micro ($0-$1MM)","Small (10-49)","Opportunity","2026-06-23",168,10,"f4418a4579e0d47a4ced86429208baa69f5b820aba294d360aea57c54179f650"
"core-group.com","Core Group","Retail","Micro ($0-$1MM)","Small (10-49)","Engaged","2026-05-01",52,8,"178d7f5888443575fa0c7110b31bce53e59cadd25ddf5a1ddf1487d5c90cb52e"
"clear-labs.com","Clear Labs","Food & Beverages","Large ($100MM-$200MM)","Large (1,000-4,999)","Engaged","2026-08-19",83,18,""
"acme-works.com","Acme Works","Logistics and Supply Chain","Medium-Large ($50MM-$100MM)","Medium (200-499)","Unaware","2026-06-15",1,1,"4c51b5dfb2e832fa8adddc623c8116bbf9dd0d438cdc32b75f9029a4ac460dee"
"clear-media.com","Clear Media","Hospital & Health Care","Medium-Large ($50MM-$100MM)","Medium-Large (500-999)","Aware","2026-04-03",13,5,""
"vertex-digital.com","Vertex Digital","Software / Information Technology","Small ($1MM-$10MM)","Medium-Small (50-199)","MQL","2026-07-05",133,25,""
"bright-hub.com","Bright Hub","E-Learning","Medium-Small ($10MM-$50MM)","Medium-Small (50-199)","Unaware","2026-08-27",5,1,"c804c4d9fe5a2c434315e241f96940bc9b4d401f2e630e48d370bc03ee3c4f4e"
"bright-data.com","Bright Data","Financial Services","Small ($1MM-$10MM)","Small (10-49)","MQL","2026-08-12",146,23,""
"apex-group.com","Apex Group","Software / Information Technology","Medium-Large ($50MM-$100MM)","Medium (200-499)","Opportunity","2026-06-01",459,46,""
"smart-cloud.com","Smart Cloud","Health, Wellness and Fitness","Micro ($0-$1MM)","Micro (1-9)","Unaware","2026-06-05",4,1,"ffef3f2cecc914739fd455c610676b5e734460480b05c9a7be097fa1a0150cae"
"vertex-corp.com","Vertex Corp","Financial Services","Micro ($0-$1MM)","Small (10-49)","Aware","2026-09-01",7,2,"aec75bf1f588dd6b90f696bf54f562ba47977b824bbf38dc705cf36fa785e120"
"clear-inc.com","Clear Inc","Automotive","Medium-Large ($50MM-$100MM)","Medium (200-499)","Engaged","2026-09-02",77,15,""
"cyber-solutions.com","Cyber Solutions","Logistics and Supply Chain","Small ($1MM-$10MM)","Small (10-49)","Unaware","2026-08-12",1,1,""
"vertex-hub.com","Vertex Hub","Marketing and Advertising","Small ($1MM-$10MM)","Medium-Small (50-199)","Unaware","2026-04-15",2,1,"2ed33b39f2b9961024953a543a306202aab87d7c5f3639eff295067f1fb15753"
"core-group.com","Core Group","Hospital & Health Care","Medium-Large ($50MM-$100MM)","Medium-Large (500-999)","Aware","2026-06-19",8,3,"5b921d0836ab208f37f9d483693e0c8e98b8c00038d70357fcc6417c7dc02b62"
"blue-digital.com","Blue Digital","Legal Services","XLarge ($200MM-$1B)","Large (1,000-4,999)","Engaged","2026-07-02",68,5,"b68bc0f6dd80a90c79a8c9a7e100da8d417e962aa1a442e428623888e2d38fa5"
"peak-group.com","Peak Group","Software / Information Technology","Medium-Small ($10MM-$50MM)","Medium (200-499)","Opportunity","2026-04-12",359,19,"25f560adcdbfc53cff73591a66f72695bde53f9cc5fd6cd3ecb9e8608f7bfaee"
"core-media.com","Core Media","Automotive","Medium-Small ($10MM-$50MM)","Medium-Small (50-199)","Unaware","2026-05-06",1,1,""
"nova-media.com","Nova Media","Management Consulting","Large ($100MM-$200MM)","Medium-Large (500-999)","Engaged","2026-06-16",70,9,"a67b098843c155f7ec4f9bf033debfe2148ee3595864b7960e9a0fdb7faa8f6d"
"clear-digital.com","Clear Digital","Education Management","XLarge ($200MM-$1B)","XLarge (5,000-10,000)","Unaware","2026-06-01",4,1,"84e1d4e31979b7a41504bb9c701f0b5cc542806341d47bf5195ab583e3ea7642"
"bright-solutions.com","Bright Solutions","E-Learning","Medium-Small ($10MM-$50MM)","Medium-Small (50-199)","Unaware","2026-08-07",2,1,""
"cyber-labs.com","Cyber Labs","Health, Wellness and Fitness","Small ($1MM-$10MM)","Medium-Small (50-199)","Unaware","2026-06-10",3,1,"270619b5b38d2d4e72fc6dd35c2f4ce2eac31a6637007ae08b5caf3a5163818a"
"global-digital.com","Global Digital","Retail","Medium-Small ($10MM-$50MM)","Medium (200-499)","Engaged","2026-04-21",14,4,"43ee4e792a328644c1d86136f3becbb3fc625cf3f735eec1757f0e67da4bb372"
"peak-digital.com","Peak Digital","Logistics and Supply Chain","XLarge ($200MM-$1B)","Large (1,000-4,999)","Aware","2026-07-31",10,5,""
"cyber-labs.com","Cyber Labs","Marketing and Advertising","XLarge ($200MM-$1B)","XLarge (5,000-10,000)","Opportunity","2026-05-03",400,40,""
"acme-solutions.com","Acme Solutions","Marketing and Advertising","Medium-Small ($10MM-$50MM)","Medium (200-499)","Unaware","2026-06-06",2,1,"5a8d44bba5cb74acaba7ded736170a990144bb7edf31d55f9f928e8127899398"
"nexus-net.com","Nexus Net","Financial Services","Micro ($0-$1MM)","Small (10-49)","Unaware","2026-08-26",1,1,""
"clear-media.com","Clear Media","Logistics and Supply Chain","Medium-Large ($50MM-$100MM)","Medium (200-499)","Unaware","2026-05-20",2,1,"45abadb03cbd9a29cf7d781b9f47b1fe4101d8fbd70f668fec9a1effcbb6ce3b"
"green-solutions.com","Green Solutions","Marketing and Advertising","Medium-Small ($10MM-$50MM)","Medium (200-499)","Unaware","2026-09-04",1,1,"e68b69ff2df3da35ee57c427a3cbbabbaa29f91904e398c7816d7360ee6e1089"
"smart-data.com","Smart Data","Software / Information Technology","Medium-Small ($10MM-$50MM)","Medium (200-499)","Aware","2026-09-15",17,5,""
"atlas-media.com","Atlas Media","Marketing and Advertising","XLarge ($200MM-$1B)","XLarge (5,000-10,000)","Opportunity","2026-04-24",389,40,""
"green-digital.com","Green Digital","Hospital & Health Care","Small ($1MM-$10MM)","Small (10-49)","Aware","2026-07-13",14,4,"dd386198f92bd9de226b9ed652cb7f0e4d4abb674803581ecdb4a2791309251c"
"global-group.com","Global Group","Marketing and Advertising","Medium-Small ($10MM-$50MM)","Medium (200-499)","Unaware","2026-04-11",1,1,"1d856bbc539b6d86b0d4ceb17e18550b6488c0adbcd89955d31b97f6a73aa688"
"core-solutions.com","Core Solutions","Food & Beverages","Micro ($0-$1MM)","Micro (1-9)","Aware","2026-09-21",9,5,""
"nova-systems.com","Nova Systems","Marketing and Advertising","Small ($1MM-$10MM)","Small (10-49)","MQL","2026-09-22",128,25,""
"prime-corp.com","Prime Corp","Financial Services","Micro ($0-$1MM)","Micro (1-9)","Aware","2026-04-14",11,5,""
"blue-solutions.com","Blue Solutions","Retail","Micro ($0-$1MM)","Micro (1-9)","Aware","2026-08-17",13,3,"d3af61a18a3ea90404181bdfb3f94b9316f98fbf59f1ef2b3a24609facc7aa51"
"smart-io.com","Smart Io","Hospital & Health Care","Small ($1MM-$10MM)","Medium-Small (50-199)","Unaware","2026-08-03",3,1,"8b5c36bb737258d5e14503456d21f795d3800275005c4794c9b6801942239b28"
"core-hub.com","Core Hub","Marketing and Advertising","Medium-Large ($50MM-$100MM)","Medium (200-499)","Aware","2026-07-31",13,3,"d0e4dd2e2a86b9bfe5b5d9b1727de36f04dfa7aa8c06c172bd41a71a2f40bd8f"
"rapid-inc.com","Rapid Inc","Software / Information Technology","Small ($1MM-$10MM)","Small (10-49)","Unaware","2026-05-25",4,1,""
"blue-group.com","Blue Group","Entertainment","Small ($1MM-$10MM)","Medium-Small (50-199)","Aware","2026-05-10",11,2,"6b55d35f09be6dc252b7d853d89665629559af38c9c7382b0f6935d7bfa7b6d5"
"clear-group.com","Clear Group","Construction","Micro ($0-$1MM)","Small (10-49)","Unaware","2026-07-10",5,1,"8a4be7389b9ca06cae4f88c9eee774cf6fe14712f90640657f7a6057587a9541"
"apex-solutions.com","Apex Solutions","Automotive","Medium-Large ($50MM-$100MM)","Medium (200-499)","Aware","2026-08-21",7,3,"ca3e2b9bc9c239340395a13a68f82b83eeeab7faa039fe7f5dd00888b7a7077a"
"prime-corp.com","Prime Corp","Food & Beverages","Medium-Small ($10MM-$50MM)","Medium (200-499)","MQL","2026-05-20",143,30,""
"bright-net.com","Bright Net","Education Management","Medium-Large ($50MM-$100MM)","Medium-Large (500-999)","Unaware","2026-06-22",2,1,"35f846377502a052e5743708114de0af2d4738c3a4d9f1ad989dc74ad89fd325"
"clear-io.com","Clear Io","Education Management","Micro ($0-$1MM)","Micro (1-9)","Engaged","2026-07-21",85,13,""
"peak-inc.com","Peak Inc","Hospital & Health Care","Micro ($0-$1MM)","Micro (1-9)","Unaware","2026-04-28",3,1,""
"nova-works.com","Nova Works","Education Management","Small ($1MM-$10MM)","Medium-Small (50-199)","Engaged","2026-09-09",47,7,"fd185fd1b4a39f1ddc4b70b5fa84560ac8fde6258155cdd7a6f5d87003b93b7f"
"core-group.com","Core Group","Marketing and Advertising","Small ($1MM-$10MM)","Medium-Small (50-199)","Unaware","2026-07-15",2,1,"3c426aacefee2f608a59c36193b95ad23248381ae4e72da8d6883dbb1c522e7e"
"nexus-io.com","Nexus Io","Hospital & Health Care","Micro ($0-$1MM)","Small (10-49)","MQL","2026-05-27",177,8,"a8d33071c43485177b73eefa1768f16fc1110e09afb123b0e8804fdc3d8ff9ee"
"vertex-cloud.com","Vertex Cloud","Hospital & Health Care","Medium-Large ($50MM-$100MM)","Medium (200-499)","Unaware","2026-06-27",5,1,"ec0166f0bdc2693a8fe524309aed43ccae446d7f59981da7705319392a506727"
"green-data.com","Green Data","Software / Information Technology","Micro ($0-$1MM)","Micro (1-9)","MQL","2026-09-16",34,25,""
"global-solutions.com","Global Solutions","Health, Wellness and Fitness","Micro ($0-$1MM)","Micro (1-9)","Unaware","2026-05-18",2,1,""
"blue-net.com","Blue Net","Legal Services","Medium-Large ($50MM-$100MM)","Medium (200-499)","Unaware","2026-06-05",4,1,""
"atlas-io.com","Atlas Io","Education Management","Small ($1MM-$10MM)","Medium-Small (50-199)","Unaware","2026-08-06",5,1,""
"smart-inc.com","Smart Inc","Marketing and Advertising","Small ($1MM-$10MM)","Small (10-49)","Aware","2026-07-27",13,3,"6b77279d346540835f713a5206f66425a9bbdaa116048d6eaad5c4c87938c0ce"
"peak-digital.com","Peak Digital","Retail","Medium-Small ($10MM-$50MM)","Medium (200-499)","Unaware","2026-09-17",2,1,""
"cyber-cloud.com","Cyber Cloud","Real Estate","XXLarge ($1B+)","XXLarge (10,000+)","Opportunity","2026-05-17",458,13,"0e1c33baa384f26a65f15fa61a8790a00115b7889972a8b9a5613bd9f2a5f626"
"clear-corp.com","Clear Corp","Software / Information Technology","Medium-Large ($50MM-$100MM)","Medium (200-499)","Engaged","2026-08-29",10,13,""
"atlas-media.com","Atlas Media","Marketing and Advertising","Micro ($0-$1MM)","Micro (1-9)","Unaware","2026-08-22",3,1,"1eb86bd6960753b00d9bc31235922f12cead903e996ee45f3c12ce540abff57b"
"rapid-data.com","Rapid Data","Retail","Small ($1MM-$10MM)","Medium-Small (50-199)","Aware","2026-09-23",22,1,"5c43fc436313e61590dd1b9f253098b4ee2feb979d9fc3db64dee1410f876775"
"peak-corp.com","Peak Corp","Health, Wellness and Fitness","Medium-Small ($10MM-$50MM)","Medium (200-499)","MQL","2026-06-10",194,28,""
"green-digital.com","Green Digital","Logistics and Supply Chain","Micro ($0-$1MM)","Small (10-49)","MQL","2026-06-24",165,23,""
"nexus-media.com","Nexus Media","Consumer Goods","Medium-Small ($10MM-$50MM)","Medium-Small (50-199)","Aware","2026-04-13",16,2,"2e89bf7573ab56bc7c1fa4eb33a22c0c11f481a630ac26163df33b65cd3d15c6"
"nova-labs.com","Nova Labs","Automotive","Micro ($0-$1MM)","Micro (1-9)","Unaware","2026-08-01",3,1,""
"acme-corp.com","Acme Corp","Manufacturing","Small ($1MM-$10MM)","Medium-Small (50-199)","Opportunity","2026-08-30",140,33,"f35405cca11ed7723689ce14199fac4f741eeb2ebee552e5f1c88eaf95800623"
"blue-hub.com","Blue Hub","Entertainment","Small ($1MM-$10MM)","Medium-Small (50-199)","Engaged","2026-04-08",16,15,""
"rapid-group.com","Rapid Group","Management Consulting","Medium-Large ($50MM-$100MM)","Medium-Large (500-999)","Unaware","2026-09-21",5,1,"54e126cf20c2cf33e44bc095693d6c1b9441b004a83c72e417c0ef64fa986d1c"
"clear-solutions.com","Clear Solutions","Marketing and Advertising","Medium-Large ($50MM-$100MM)","Medium (200-499)","Aware","2026-07-03",21,4,""
"core-works.com","Core Works","Software / Information Technology","Medium-Small ($10MM-$50MM)","Medium (200-499)","Unaware","2026-04-11",5,1,""
"green-hub.com","Green Hub","Consumer Goods","Medium-Small ($10MM-$50MM)","Medium-Small (50-199)","Unaware","2026-04-29",1,1,"66d6f2f81a84f36cce86bf792ddb62d0105dd8cc04c730afb9a3fc967e7fe177"
"apex-digital.com","Apex Digital","Automotive","Small ($1MM-$10MM)","Small (10-49)","Unaware","2026-09-07",2,1,""
"nexus-group.com","Nexus Group","Hospital & Health Care","Medium-Small ($10MM-$50MM)","Medium-Small (50-199)","Aware","2026-09-09",19,2,"3de91092df4cf52b32aeff9c728e758e62c2df208ce3e1e834abe99331d2f1c2"
"smart-hub.com","Smart Hub","Financial Services","Small ($1MM-$10MM)","Medium-Small (50-199)","MQL","2026-08-12",110,8,"8971d92aca701e3076c75de69f82dd631d6c0264d59f7afe1fc3571b2f15627c"
"iron-corp.com","Iron Corp","Education Management","Small ($1MM-$10MM)","Small (10-49)","MQL","2026-07-11",169,21,""
"nexus-net.com","Nexus Net","Real Estate","Micro ($0-$1MM)","Micro (1-9)","Unaware","2026-05-03",5,1,""
"atlas-digital.com","Atlas Digital","E-Learning","Small ($1MM-$10MM)","Medium-Small (50-199)","Engaged","2026-09-13",28,11,"6ab0be1c1fe21c88f6cd564d3fb3d698cafde9237a16594bce3e6a8c400d151b"
"blue-media.com","Blue Media","Legal Services","Small ($1MM-$10MM)","Medium-Small (50-199)","Aware","2026-08-22",5,2,"f9d230101a221c0129802a4b0d00f27cdc379182188f5945561a09a2a6d2d34f"
"clear-media.com","Clear Media","Logistics and Supply Chain","Small ($1MM-$10MM)","Small (10-49)","Unaware","2026-09-06",2,1,""
"iron-digital.com","Iron Digital","Automotive","Large ($100MM-$200MM)","Large (1,000-4,999)","Aware","2026-05-28",6,2,"e32e84db55d044946ecd5b2a87fcb7131414912c65b828d83451f91c9daf21f9"
"cyber-tech.com","Cyber Tech","Management Consulting","Small ($1MM-$10MM)","Small (10-49)","Aware","2026-07-19",7,5,""
"peak-hub.com","Peak Hub","Telecommunications","XLarge ($200MM-$1B)","XLarge (5,000-10,000)","MQL","2026-07-19",34,24,""
"apex-solutions.com","Apex Solutions","Logistics and Supply Chain","Small ($1MM-$10MM)","Medium-Small (50-199)","Unaware","2026-03-28",1,1,""
"global-corp.com","Global Corp","Manufacturing","XXLarge ($1B+)","XXLarge (10,000+)","Engaged","2026-07-28",38,5,"18f65957538d72f5e0a6cdabe33f7299976e73cec0709ed705a8cc4e9599362c"
"global-solutions.com","Global Solutions","Marketing and Advertising","Micro ($0-$1MM)","Micro (1-9)","MQL","2026-06-08",133,20,"200cdd4268989c8fed87d8eddf39ffe5f8feae84f9b6424bfdabd19c782fc657"
"apex-solutions.com","Apex Solutions","Telecommunications","Micro ($0-$1MM)","Micro (1-9)","Unaware","2026-07-06",5,1,"78fb61a118c665c2d9d46ee071153d4606b3e1cb9d2cec9b46a6a6c948a096f2"
"swift-cloud.com","Swift Cloud","Health, Wellness and Fitness","Micro ($0-$1MM)","Micro (1-9)","Unaware","2026-06-19",2,1,"b0784d62ffd50765d905a40bb0f8ee67e5aaafde610d460f836a3f0e017846c7"
"cyber-media.com","Cyber Media","Construction","Micro ($0-$1MM)","Micro (1-9)","MQL","2026-05-07",138,6,"e83cd0551d6a2bcaf62c59463c0fc25b2cbb71a229dd274536baaa982f18fee1"
"vertex-data.com","Vertex Data","Software / Information Technology","Medium-Small ($10MM-$50MM)","Medium (200-499)","Aware","2026-06-16",4,4,"1fe90fb81766a019cd5a2d183561f9991eef6c4737ac06d64c1f4bca4584dc73"
"vertex-inc.com","Vertex Inc","Manufacturing","Medium-Large ($50MM-$100MM)","Medium-Large (500-999)","Aware","2026-07-11",20,4,""
"bright-net.com","Bright Net","Marketing and Advertising","Micro ($0-$1MM)","Small (10-49)","Engaged","2026-06-22",29,3,"9cb887714af12c56eb35b55372c2d9a2568c81aa29c4b8ba1579b4b743dcfa91"
"nova-group.com","Nova Group","Legal Services","Micro ($0-$1MM)","Small (10-49)","Unaware","2026-09-10",2,1,"1c982aa04c5effd40fbd39e3815531bd7f02c3d8e69482103db346489bd034ef"
"clear-tech.com","Clear Tech","Software / Information Technology","XLarge ($200MM-$1B)","XLarge (5,000-10,000)","Engaged","2026-09-07",44,14,""
"cyber-group.com","Cyber Group","Construction","Small ($1MM-$10MM)","Small (10-49)","Aware","2026-08-21",8,4,""
"nexus-media.com","Nexus Media","Telecommunications","Large ($100MM-$200MM)","Large (1,000-4,999)","Engaged","2026-07-12",30,15,""
"swift-hub.com","Swift Hub","Hospital & Health Care","Micro ($0-$1MM)","Micro (1-9)","Engaged","2026-08-18",86,7,"4a32c492b4fa2fbbe9bf1c2ec43c7de498c0fea348eb18168281c86d8e8c6344"
"atlas-digital.com","Atlas Digital","Insurance","Medium-Small ($10MM-$50MM)","Medium-Small (50-199)","MQL","2026-07-21",197,13,"8c393d839fd86f7e13df7ed2c03e6f3b717177cfae89e32cd8d6fef837d49900"
"atlas-io.com","Atlas Io","Marketing and Advertising","Medium-Large ($50MM-$100MM)","Medium-Large (500-999)","Engaged","2026-09-16",67,17,""
"nova-works.com","Nova Works","Construction","Micro ($0-$1MM)","Micro (1-9)","Unaware","2026-08-06",3,1,"c638fbc3aad940b483a9c4fae4075d4bd4c0b56502fb5ab229c207424a27b938"
"acme-systems.com","Acme Systems","E-Learning","XXLarge ($1B+)","XXLarge (10,000+)","Engaged","2026-05-20",60,5,"27d5fee9fa4221d17b16c91f47e87400dea7ba0d8fd611ffdd747665d297dcbb"
"clear-cloud.com","Clear Cloud","Construction","Micro ($0-$1MM)","Micro (1-9)","Unaware","2026-05-23",4,1,"5d24150ef82eefb518690b9a92a1d19792cf9104729683ae894e721555560bfd"
"nexus-io.com","Nexus Io","Retail","Small ($1MM-$10MM)","Small (10-49)","Unaware","2026-07-08",4,1,"9296aaa796fef72bb7945dafa474fb03644ce331dca1f9d81c766fb8893d4126"
"green-systems.com","Green Systems","Insurance","Small ($1MM-$10MM)","Small (10-49)","Aware","2026-08-26",20,5,""
"smart-systems.com","Smart Systems","Food & Beverages","Micro ($0-$1MM)","Micro (1-9)","Unaware","2026-04-15",5,1,"d4fb8f60fac4a8c71c8706ea257949ba3ef4f705b5caef25a81f69664621b737"
"apex-hub.com","Apex Hub","E-Learning","Medium-Large ($50MM-$100MM)","Medium (200-499)","Aware","2026-07-30",22,5,""
"swift-systems.com","Swift Systems","Entertainment","Micro ($0-$1MM)","Micro (1-9)","Aware","2026-04-02",9,2,"ece8e82dca88e4036d97bf9982a9de99d5d2b64adce80fd3efa9953361dba3e5"
"blue-systems.com","Blue Systems","Health, Wellness and Fitness","Medium-Large ($50MM-$100MM)","Medium-Large (500-999)","Engaged","2026-06-30",65,13,""
"vertex-data.com","Vertex Data","Retail","XXLarge ($1B+)","XXLarge (10,000+)","Aware","2026-05-16",21,1,"be3ab9641c8ca517184100f511da1b62660503eb94f8092e4865cb0f84a0d7cc"
"green-group.com","Green Group","Financial Services","Small ($1MM-$10MM)","Medium-Small (50-199)","Unaware","2026-04-05",1,1,""
"stellar-group.com","Stellar Group","Consumer Goods","Large ($100MM-$200MM)","Medium-Large (500-999)","Unaware","2026-05-06",1,1,"4f82673fdeb1081a801bcd2f3895d0bd6c3088dabfb49304852566c6a720f19a"
"rapid-tech.com","Rapid Tech","Education Management","Micro ($0-$1MM)","Micro (1-9)","Engaged","2026-04-05",100,5,"e802b4488a0b21c159980f6e4b48a8e03db59cda5f8ed1e0c823b71a859ec5f4"
"peak-net.com","Peak Net","Marketing and Advertising","Medium-Small ($10MM-$50MM)","Medium (200-499)","Engaged","2026-06-04",80,11,"14da57d5ab4bc6d192f3b1d979051f33689ba27b79cdaee28da2b1b1fa51e1fb"
"global-net.com","Global Net","Health, Wellness and Fitness","Medium-Small ($10MM-$50MM)","Medium (200-499)","Opportunity","2026-03-30",467,25,"d6ea4229d0ca8c5e7a504e93b99ea6134b9bcf98bdd68c790734f0633c621360"
"apex-cloud.com","Apex Cloud","Retail","XXLarge ($1B+)","XXLarge (10,000+)","Unaware","2026-05-27",3,1,"6b119f038b2f983934eee2e820fc60572dd6e9a2266c752f22d06ef0ca340d8a"
"nova-hub.com","Nova Hub","Consumer Goods","Large ($100MM-$200MM)","Large (1,000-4,999)","Engaged","2026-07-26",42,17,""
"iron-works.com","Iron Works","Entertainment","Small ($1MM-$10MM)","Medium-Small (50-199)","Unaware","2026-06-27",1,1,""
"atlas-labs.com","Atlas Labs","Software / Information Technology","XLarge ($200MM-$1B)","Large (1,000-4,999)","Unaware","2026-05-17",4,1,"7297b5bdbf50f80c18a7da9ce4e0827c147ab288e6cf80e2e0cfa8276ce372ce"
"green-tech.com","Green Tech","Logistics and Supply Chain","Medium-Small ($10MM-$50MM)","Medium (200-499)","Unaware","2026-06-01",1,1,""
"apex-inc.com","Apex Inc","Telecommunications","Medium-Small ($10MM-$50MM)","Medium (200-499)","Aware","2026-04-05",18,6,""
"core-cloud.com","Core Cloud","Manufacturing","XXLarge ($1B+)","XXLarge (10,000+)","Unaware","2026-05-11",5,1,"fe6989f7fafbcd341fe67a904d02f8967447835f8ab443084ada9f0e6ee41402"
"core-io.com","Core Io","Financial Services","Micro ($0-$1MM)","Micro (1-9)","Unaware","2026-05-04",1,1,"02637be26911d01d11e71d6c096552797e04f59bf996b4bb5a33fa6fc07afadb"
"acme-corp.com","Acme Corp","Automotive","Micro ($0-$1MM)","Micro (1-9)","Unaware","2026-07-25",2,1,"a0446de53e234785a6c79cef67f6c973f0700235aea8e0f58e346e6cb159c5ba"
"global-systems.com","Global Systems","Food & Beverages","Medium-Large ($50MM-$100MM)","Medium-Large (500-999)","Unaware","2026-05-19",3,1,""
"vertex-group.com","Vertex Group","Software / Information Technology","Medium-Small ($10MM-$50MM)","Medium-Small (50-199)","Aware","2026-09-08",8,3,"ad2c903a0e6ea5039ee5e906645396f36826ab09691d0dda1b52d38d1474baaa"
"apex-cloud.com","Apex Cloud","Telecommunications","Small ($1MM-$10MM)","Small (10-49)","MQL","2026-08-12",227,28,""
"peak-cloud.com","Peak Cloud","Education Management","Large ($100MM-$200MM)","Large (1,000-4,999)","Unaware","2026-04-30",2,1,""
"core-hub.com","Core Hub","Retail","Medium-Large ($50MM-$100MM)","Medium-Large (500-999)","Opportunity","2026-05-04",296,33,"17ae75eaa779502fb91e3d2998a874bea889e51874c706b11878eb324d67fef5"
"clear-labs.com","Clear Labs","Telecommunications","Micro ($0-$1MM)","Micro (1-9)","Engaged","2026-04-21",56,10,"06a54e2e48329080a34f540389ff0a23f37b33f58b3b0836b43442cba9d6e17c"
"nexus-solutions.com","Nexus Solutions","Legal Services","Small ($1MM-$10MM)","Medium-Small (50-199)","Unaware","2026-07-08",3,1,""
"smart-tech.com","Smart Tech","Financial Services","Medium-Small ($10MM-$50MM)","Medium-Small (50-199)","Engaged","2026-04-28",69,14,""
"iron-solutions.com","Iron Solutions","Software / Information Technology","Medium-Large ($50MM-$100MM)","Medium (200-499)","Unaware","2026-07-22",4,1,""
"bright-hub.com","Bright Hub","Retail","Medium-Small ($10MM-$50MM)","Medium-Small (50-199)","Engaged","2026-08-06",53,4,"dfea20db37600a6d27e42a6da56658ad379c1d3fbfc40d5fd2d95cc145fb6210"
"acme-cloud.com","Acme Cloud","Education Management","Small ($1MM-$10MM)","Medium-Small (50-199)","Unaware","2026-08-24",1,1,"4e2dbfa3c53f96b5630a6a9d4694806f7b0b921d4ef6cbbedbc191acd8ba1ca9"
"atlas-hub.com","Atlas Hub","Financial Services","Medium-Small ($10MM-$50MM)","Medium (200-499)","Aware","2026-09-10",19,3,"ce4bb99d53026d8929a1d6afc085f7d551f1fb81ffa583ac4b9ffbc55bffa195"
"peak-solutions.com","Peak Solutions","Retail","Micro ($0-$1MM)","Micro (1-9)","Aware","2026-05-18",9,5,""
"peak-net.com","Peak Net","Automotive","Micro ($0-$1MM)","Micro (1-9)","Engaged","2026-05-16",28,6,"c63c49bae1ddd87b1f76387f97eb8edf2b55412edafc30f29617fb200ab4fe1f"
"blue-data.com","Blue Data","Financial Services","XXLarge ($1B+)","XXLarge (10,000+)","Unaware","2026-06-13",4,1,"9f60a2e18536eaa492d22ab6ed602a642e75e796c543c100bb54e57758e5de58"
"peak-net.com","Peak Net","Health, Wellness and Fitness","Large ($100MM-$200MM)","Medium-Large (500-999)","Engaged","2026-07-27",70,7,"1c88cd60051f166dddee6a1868ccd4bf8c333f50265cd1330ab3ccc44adbe500"
"smart-tech.com","Smart Tech","Financial Services","Micro ($0-$1MM)","Micro (1-9)","Unaware","2026-05-03",5,1,"d0a3778c245ac1fd44c69e7005e1019dc7ce2f32e05d161e6c5fb4646797c2ce"
"atlas-solutions.com","Atlas Solutions","Financial Services","Large ($100MM-$200MM)","Large (1,000-4,999)","Aware","2026-09-18",21,3,"6cbfd900929792e488c630484bfae15acb8c25f73417728f773d590c34bec808"
"nova-data.com","Nova Data","Entertainment","Micro ($0-$1MM)","Small (10-49)","Aware","2026-05-18",7,4,""
"iron-tech.com","Iron Tech","Marketing and Advertising","Large ($100MM-$200MM)","Large (1,000-4,999)","Aware","2026-05-11",4,3,"46d0c309bce24a148a39997985a0bd1c467ae68a8a1b3e9866d365d2252fe437"
"acme-data.com","Acme Data","Retail","Small ($1MM-$10MM)","Small (10-49)","Unaware","2026-08-20",3,1,""
"acme-io.com","Acme Io","Health, Wellness and Fitness","Micro ($0-$1MM)","Small (10-49)","Aware","2026-08-28",3,4,"bb344d56ec65c6e47c4040243329d66b3b1d3821739fe5d7f4616eb6e6929113"
"rapid-inc.com","Rapid Inc","Financial Services","XLarge ($200MM-$1B)","XLarge (5,000-10,000)","Unaware","2026-07-10",3,1,"2df36396dd6e941849c6a9d8c43f724aa59c6acd2ba950dfb5521edcabceff87"
"green-systems.com","Green Systems","Marketing and Advertising","Small ($1MM-$10MM)","Medium-Small (50-199)","Aware","2026-05-20",18,4,""
"peak-corp.com","Peak Corp","Health, Wellness and Fitness","Micro ($0-$1MM)","Micro (1-9)","Unaware","2026-05-04",1,1,""
"stellar-hub.com","Stellar Hub","Marketing and Advertising","Large ($100MM-$200MM)","Large (1,000-4,999)","Unaware","2026-06-18",4,1,""
"core-solutions.com","Core Solutions","Financial Services","Medium-Large ($50MM-$100MM)","Medium-Large (500-999)","Engaged","2026-05-26",89,17,""
"rapid-cloud.com","Rapid Cloud","Construction","Micro ($0-$1MM)","Small (10-49)","MQL","2026-07-16",185,15,"f365ebb592d3ecc7a2b488124dd354e0c2bf6b18e8bb12acc6ea1b8597296eb1"
"nexus-data.com","Nexus Data","Marketing and Advertising","Medium-Large ($50MM-$100MM)","Medium-Large (500-999)","Opportunity","2026-05-06",306,42,""
"rapid-systems.com","Rapid Systems","Education Management","Micro ($0-$1MM)","Micro (1-9)","Unaware","2026-08-27",4,1,"1c7e468a3b643969b761858f04c659d6b8466107036e3d974aae3cb76714657a"
"atlas-tech.com","Atlas Tech","Marketing and Advertising","Medium-Small ($10MM-$50MM)","Medium (200-499)","Unaware","2026-07-14",3,1,""
"swift-hub.com","Swift Hub","Retail","Small ($1MM-$10MM)","Medium-Small (50-199)","Engaged","2026-08-20",94,3,"515ab9a9dcfd2db22fe8f2f5a0c5e5b83d47c3163854e25d3da457ee5c64a5be"
"atlas-solutions.com","Atlas Solutions","Software / Information Technology","Medium-Small ($10MM-$50MM)","Medium (200-499)","Unaware","2026-09-13",2,1,""
"smart-solutions.com","Smart Solutions","Marketing and Advertising","Micro ($0-$1MM)","Small (10-49)","Opportunity","2026-06-29",52,30,"8801d5f16cfddf54ff7a60d58267a80ffb19b4c044f89f0f63e64863515eb8fb"
"global-digital.com","Global Digital","E-Learning","Small ($1MM-$10MM)","Medium-Small (50-199)","Unaware","2026-08-17",1,1,"33e0f745ff95c2c64e963aa6218a97544bc06d500c2b82ddaa1233da99e8f3a0"
"swift-systems.com","Swift Systems","Manufacturing","Micro ($0-$1MM)","Micro (1-9)","Engaged","2026-06-04",21,13,""
"clear-solutions.com","Clear Solutions","Insurance","Small ($1MM-$10MM)","Small (10-49)","Unaware","2026-08-06",5,1,"7ccd31ada0d493bd4562ac2507cf4aa111166c03a594b3c223bb11579da8fef5"
"green-cloud.com","Green Cloud","Retail","Small ($1MM-$10MM)","Small (10-49)","Unaware","2026-08-27",5,1,"98b200ea4aa73d9b039624c800a395e2ef87af8e5b149b70b8c78633a0b44586"
"cyber-inc.com","Cyber Inc","Telecommunications","Small ($1MM-$10MM)","Small (10-49)","Unaware","2026-09-02",2,1,"a45ed8761ddff5f5842bee81419e681887e966547884a480a63d9c5ec64607c9"
"swift-io.com","Swift Io","Financial Services","Medium-Small ($10MM-$50MM)","Medium (200-499)","Aware","2026-05-25",6,5,""
"core-labs.com","Core Labs","Retail","Micro ($0-$1MM)","Small (10-49)","Engaged","2026-08-30",100,16,""
"cyber-corp.com","Cyber Corp","Software / Information Technology","Micro ($0-$1MM)","Micro (1-9)","Engaged","2026-08-10",52,3,"b9a8dbca44d0ed3c55e99238b7937e413394aaff2c520d2daf9df1b45678630d"
"vertex-labs.com","Vertex Labs","Financial Services","Small ($1MM-$10MM)","Medium-Small (50-199)","Unaware","2026-04-26",4,1,"945a83bcc0dfd8a5d828443ffeefabc1cadeaeb26568815b1443c2c3984a3355"
"smart-systems.com","Smart Systems","Automotive","XLarge ($200MM-$1B)","XLarge (5,000-10,000)","Engaged","2026-04-11",66,16,""
"global-corp.com","Global Corp","Manufacturing","Micro ($0-$1MM)","Micro (1-9)","Aware","2026-08-25",9,5,""
"rapid-digital.com","Rapid Digital","Logistics and Supply Chain","Medium-Small ($10MM-$50MM)","Medium-Small (50-199)","Unaware","2026-08-01",5,1,"587d2e5eb63fcbf5a3102918772b4a39fc5c6c67b0644a9638d6dfddf4c748e4"
"nexus-media.com","Nexus Media","Financial Services","Micro ($0-$1MM)","Micro (1-9)","Unaware","2026-04-28",5,1,""
"vertex-corp.com","Vertex Corp","Software / Information Technology","Micro ($0-$1MM)","Micro (1-9)","Aware","2026-08-23",17,5,""
"cyber-solutions.com","Cyber Solutions","Software / Information Technology","Micro ($0-$1MM)","Micro (1-9)","Unaware","2026-06-19",3,1,"aa92a44f6099680f0320f2c5d141d72aead3a91f0c58b5089f9b61dba43b0b64"
"iron-systems.com","Iron Systems","Automotive","Medium-Large ($50MM-$100MM)","Medium-Large (500-999)","Unaware","2026-04-12",4,1,"0b7b17897ef05dc65ffd5951ac1b02d8201a841c8e98cea75503cabba7c44312"
"green-group.com","Green Group","Entertainment","XXLarge ($1B+)","XXLarge (10,000+)","Aware","2026-08-17",7,2,"3542e98b2fb21dd3d820b69d73b673a7d3e3601d9a0fe9fb99dfec0f28e5b471"
"smart-net.com","Smart Net","Insurance","Small ($1MM-$10MM)","Small (10-49)","Unaware","2026-08-09",3,1,""
"cyber-works.com","Cyber Works","Telecommunications","Micro ($0-$1MM)","Micro (1-9)","Unaware","2026-08-26",4,1,"4fb580eefbe9473b1188942690b134ca5c23b006cab8af3e9df095efe5e27032"
"clear-media.com","Clear Media","Software / Information Technology","Small ($1MM-$10MM)","Medium-Small (50-199)","Unaware","2026-05-13",1,1,"6b94667f6e3dfa78337e0c0148aeb931de5ac8b85e623146d5b941d8060d9153"
"clear-net.com","Clear Net","Software / Information Technology","Large ($100MM-$200MM)","Large (1,000-4,999)","Aware","2026-08-15",17,4,""
"blue-digital.com","Blue Digital","Logistics and Supply Chain","XXLarge ($1B+)","XXLarge (10,000+)","MQL","2026-06-04",83,20,"2c79cfa67045b86231873f600703e9fe4018e461c7fb092265ce4e495c49e50d"
"blue-group.com","Blue Group","Entertainment","Micro ($0-$1MM)","Small (10-49)","Unaware","2026-08-23",5,1,"434562d4591bba31ba7cfc861d4ae0b53374fc3deea44a7bcec1d4670fde4cec"
"rapid-corp.com","Rapid Corp","Retail","Large ($100MM-$200MM)","Large (1,000-4,999)","Engaged","2026-05-10",85,14,""
"apex-net.com","Apex Net","E-Learning","Small ($1MM-$10MM)","Small (10-49)","Unaware","2026-09-23",2,1,""
"swift-group.com","Swift Group","Logistics and Supply Chain","XLarge ($200MM-$1B)","XLarge (5,000-10,000)","Unaware","2026-07-24",4,1,""
"nexus-works.com","Nexus Works","Insurance","Medium-Small ($10MM-$50MM)","Medium-Small (50-199)","Aware","2026-07-17",17,3,"2c8f2280baaf901391b8eaf8088ff54ab5afe73f0801fdb32ba97dc3dde7e06d"
"apex-tech.com","Apex Tech","Automotive","Small ($1MM-$10MM)","Medium-Small (50-199)","Aware","2026-09-06",9,1,"51dd631d5f6087fc11afcd3ff738b357da58d72bd463defe9154e9df2fe6e7a1"
"blue-solutions.com","Blue Solutions","Software / Information Technology","Small ($1MM-$10MM)","Medium-Small (50-199)","Engaged","2026-05-14",68,8,"3ec09adad8701859f1a23460a97c7f7df3de0a97729ab90330d9b1e944c93aa3"
"core-data.com","Core Data","Logistics and Supply Chain","Micro ($0-$1MM)","Small (10-49)","Aware","2026-04-01",13,3,"6da7080620cd4953aa9dcf4e0efb1cd16f4231cb0c48b625d6e7f2497f368a08"
"cyber-corp.com","Cyber Corp","Legal Services","Micro ($0-$1MM)","Micro (1-9)","Unaware","2026-07-29",5,1,""
"iron-net.com","Iron Net","Legal Services","Medium-Large ($50MM-$100MM)","Medium (200-499)","Unaware","2026-07-07",4,1,""
"peak-tech.com","Peak Tech","Financial Services","Micro ($0-$1MM)","Micro (1-9)","Aware","2026-04-20",19,5,""
"apex-digital.com","Apex Digital","Marketing and Advertising","Medium-Small ($10MM-$50MM)","Medium-Small (50-199)","Aware","2026-07-25",9,3,"7ee77ff57e4fd5d03d2da36ed8d1029ee2176bc76cd5c48e45cb54961b1688f0"
"apex-io.com","Apex Io","Retail","Micro ($0-$1MM)","Micro (1-9)","Aware","2026-07-26",21,3,"691b09000e7509c8dd68416208444cea95d343659436b57f122573b1af025ec3"
"global-group.com","Global Group","Telecommunications","Medium-Large ($50MM-$100MM)","Medium (200-499)","Unaware","2026-04-30",2,1,"47dc9a1355ede61c137aaf310b27a043a6fe5a625c43eb235401c09ea464f9c9"
"stellar-systems.com","Stellar Systems","Health, Wellness and Fitness","XXLarge ($1B+)","XXLarge (10,000+)","Engaged","2026-07-07",14,5,"416dd2659005e95522bc2775e937fc1c847b85af42e9aeeed570265e68f37c4c"
"peak-corp.com","Peak Corp","Retail","Small ($1MM-$10MM)","Medium-Small (50-199)","Aware","2026-06-05",12,5,""
"stellar-cloud.com","Stellar Cloud","E-Learning","Medium-Small ($10MM-$50MM)","Medium (200-499)","Engaged","2026-08-21",54,11,"682443dc0b0d96bf68c09ec803414546b4271d30157cd089fe2aea358f6348ab"
"green-labs.com","Green Labs","Education Management","Medium-Large ($50MM-$100MM)","Medium (200-499)","Unaware","2026-04-24",2,1,""
"prime-group.com","Prime Group","Hospital & Health Care","Medium-Large ($50MM-$100MM)","Medium (200-499)","Unaware","2026-09-11",3,1,"cbfb2a6d766ee5eef1044910ba9b547655fc395c4e96dda41ba5439a0dd0a63d"
"green-net.com","Green Net","Telecommunications","Medium-Large ($50MM-$100MM)","Medium-Large (500-999)","Engaged","2026-07-12",78,14,""
"vertex-labs.com","Vertex Labs","Software / Information Technology","Small ($1MM-$10MM)","Medium-Small (50-199)","Engaged","2026-05-24",36,9,"d67b7ffd196f1bc6850be08479f076a41917bbe4f205ac62d0ad595f72f3f32c"
"iron-cloud.com","Iron Cloud","Software / Information Technology","XXLarge ($1B+)","XXLarge (10,000+)","Engaged","2026-05-06",57,17,""
"atlas-digital.com","Atlas Digital","Health, Wellness and Fitness","Medium-Small ($10MM-$50MM)","Medium (200-499)","Unaware","2026-04-22",2,1,"fe12c7e59d638512d9939d0358ae9f565274b579912516dc699122cf2db27a2e"
"nexus-solutions.com","Nexus Solutions","Software / Information Technology","Micro ($0-$1MM)","Micro (1-9)","Aware","2026-08-01",21,4,"a0f085158210ec9ade859bd68aaa83a0438562e7e4cf66c66ff8963630f1fe9e"
"prime-solutions.com","Prime Solutions","Logistics and Supply Chain","Medium-Large ($50MM-$100MM)","Medium-Large (500-999)","Aware","2026-08-12",17,5,""
"swift-net.com","Swift Net","Insurance","Micro ($0-$1MM)","Micro (1-9)","Engaged","2026-04-22",41,17,""
"global-io.com","Global Io","Health, Wellness and Fitness","Micro ($0-$1MM)","Micro (1-9)","Unaware","2026-06-19",4,1,"c36e8694e2fef84057eea5baf4522c3f7cb1d7a2d4d8f635b4872f5c687d51c8"
"iron-media.com","Iron Media","Telecommunications","XXLarge ($1B+)","XXLarge (10,000+)","Aware","2026-03-28",6,3,"006117124de9a8d83dfcad215969f14969bace239745a9e1feb810c4cc7189aa"
"smart-labs.com","Smart Labs","Construction","Micro ($0-$1MM)","Small (10-49)","Aware","2026-05-15",3,3,"fb7fb17518f621f35e2007d596eca2072b7b41e5a33b230c9db4cb66e6cbca52"
"prime-solutions.com","Prime Solutions","Software / Information Technology","Medium-Large ($50MM-$100MM)","Medium-Large (500-999)","Unaware","2026-09-13",5,1,""
"global-io.com","Global Io","Software / Information Technology","Large ($100MM-$200MM)","Large (1,000-4,999)","Unaware","2026-04-28",3,1,""
"atlas-labs.com","Atlas Labs","Food & Beverages","Small ($1MM-$10MM)","Small (10-49)","MQL","2026-07-08",86,7,"2457b28693f32b2591867ee3fb583d4ef7ed01fb15a05387eddee711d359b0b6"
"smart-works.com","Smart Works","Hospital & Health Care","Micro ($0-$1MM)","Micro (1-9)","MQL","2026-05-04",176,27,""
"prime-digital.com","Prime Digital","Software / Information Technology","Medium-Small ($10MM-$50MM)","Medium-Small (50-199)","Engaged","2026-09-14",51,14,""
"peak-hub.com","Peak Hub","Entertainment","Large ($100MM-$200MM)","Large (1,000-4,999)","Unaware","2026-06-05",1,1,"278bfe83a565e6d52fcce6c93e46ca51c3137a4c5ed274a49f271e04568cf02c"
"clear-group.com","Clear Group","Manufacturing","Large ($100MM-$200MM)","Medium-Large (500-999)","Engaged","2026-07-18",81,17,""
"rapid-net.com","Rapid Net","Hospital & Health Care","Large ($100MM-$200MM)","Large (1,000-4,999)","Aware","2026-05-10",15,5,""
"blue-io.com","Blue Io","Logistics and Supply Chain","Micro ($0-$1MM)","Micro (1-9)","Engaged","2026-08-03",58,6,"de64c5f46212dc33a142a7812e9a104a58f94b36c6804d6a7fbeaa345ed526f2"
"nova-media.com","Nova Media","Telecommunications","Small ($1MM-$10MM)","Medium-Small (50-199)","Aware","2026-06-25",13,4,"f128d325a20ba1265bf42ee0336c4d515caf06a55fb42f6b3e436345b7b72024"
"prime-works.com","Prime Works","Retail","Large ($100MM-$200MM)","Large (1,000-4,999)","Aware","2026-07-12",15,6,""
"nexus-data.com","Nexus Data","Automotive","Medium-Small ($10MM-$50MM)","Medium (200-499)","Opportunity","2026-08-06",306,22,"57cae64868a61e5af76b2c50f5849023b33f959ce9f41b83f40391cba80b06b2"
"green-solutions.com","Green Solutions","Automotive","Large ($100MM-$200MM)","Large (1,000-4,999)","Aware","2026-06-27",8,3,"8a5e181e991104f06effa7bf824ec988ba2bca394009bf1c0df8aef24980af35"
"acme-data.com","Acme Data","Food & Beverages","Medium-Small ($10MM-$50MM)","Medium-Small (50-199)","Unaware","2026-05-04",2,1,""
"cyber-corp.com","Cyber Corp","Education Management","Medium-Small ($10MM-$50MM)","Medium-Small (50-199)","Engaged","2026-05-16",38,7,"84caac533f8cd828006a0bb65c6ff665bf5f6cbe3fbd455bd01beee114209813"
"green-net.com","Green Net","E-Learning","Micro ($0-$1MM)","Small (10-49)","Aware","2026-07-12",16,4,"13c10c541e124bc8a2c383ae426978d37b1d39c91ffe33703f049a9edc97850a"
"atlas-io.com","Atlas Io","Financial Services","Large ($100MM-$200MM)","Large (1,000-4,999)","Aware","2026-04-03",13,5,""
"nova-group.com","Nova Group","Management Consulting","Small ($1MM-$10MM)","Small (10-49)","Engaged","2026-08-27",106,6,"addb0e739f20f760ce73d64ad91024bc02139854f8409e836706f8d27a03d59a"
"smart-data.com","Smart Data","Health, Wellness and Fitness","Small ($1MM-$10MM)","Small (10-49)","Aware","2026-08-29",12,4,""
"core-digital.com","Core Digital","Hospital & Health Care","Micro ($0-$1MM)","Micro (1-9)","MQL","2026-08-08",104,12,"a64aece68205a332855dff23d0566387e61710a9516cad387cf90250b15c8cf7"
"cyber-digital.com","Cyber Digital","Automotive","Medium-Large ($50MM-$100MM)","Medium-Large (500-999)","MQL","2026-08-15",217,10,"55692b69f386000752f03ca4bba6af6fdd2958711474ca8e5ab664a5503deebe"
"stellar-solutions.com","Stellar Solutions","Financial Services","Micro ($0-$1MM)","Small (10-49)","Aware","2026-09-03",4,3,"42918762676cbf5518db898e754b9e230dd07a31e2977ede196a17195eb18b48"
"nexus-digital.com","Nexus Digital","Entertainment","Medium-Small ($10MM-$50MM)","Medium (200-499)","Unaware","2026-07-28",3,1,""
"vertex-solutions.com","Vertex Solutions","Telecommunications","Micro ($0-$1MM)","Micro (1-9)","Aware","2026-08-23",13,5,""
"atlas-systems.com","Atlas Systems","Software / Information Technology","Micro ($0-$1MM)","Micro (1-9)","Unaware","2026-06-30",5,1,""
"green-cloud.com","Green Cloud","Telecommunications","Small ($1MM-$10MM)","Small (10-49)","Unaware","2026-05-28",4,1,""
"smart-labs.com","Smart Labs","Logistics and Supply Chain","Medium-Small ($10MM-$50MM)","Medium-Small (50-199)","Unaware","2026-08-06",5,1,"5ecddeeb7c6a7e59f2ae2bedbbe31c893587d7e5c2233be832f4b4ae05381102"
"apex-cloud.com","Apex Cloud","Management Consulting","Medium-Large ($50MM-$100MM)","Medium-Large (500-999)","Unaware","2026-08-06",1,1,""
"prime-labs.com","Prime Labs","Real Estate","Small ($1MM-$10MM)","Small (10-49)","Unaware","2026-05-10",2,1,"a395b68a36dee779f3217956f85f00251be55770d2ec8a2de4ecf5b26c03e3bf"
"nexus-io.com","Nexus Io","Telecommunications","Medium-Small ($10MM-$50MM)","Medium (200-499)","Aware","2026-07-08",10,5,""
"acme-data.com","Acme Data","Marketing and Advertising","Medium-Large ($50MM-$100MM)","Medium (200-499)","Aware","2026-04-05",14,5,""
"blue-inc.com","Blue Inc","Software / Information Technology","Medium-Small ($10MM-$50MM)","Medium-Small (50-199)","Unaware","2026-06-27",5,1,""
"acme-solutions.com","Acme Solutions","Financial Services","Micro ($0-$1MM)","Small (10-49)","Aware","2026-03-30",14,5,""
"iron-digital.com","Iron Digital","Telecommunications","Micro ($0-$1MM)","Small (10-49)","Unaware","2026-08-29",4,1,""
"smart-io.com","Smart Io","Legal Services","Micro ($0-$1MM)","Small (10-49)","MQL","2026-07-31",183,24,""
"nexus-works.com","Nexus Works","Logistics and Supply Chain","Medium-Large ($50MM-$100MM)","Medium-Large (500-999)","Engaged","2026-09-22",70,6,"02d8d65fb3d75a9e35e4061ec6d54a8b65f3224044a39c86309b32d799a0ddc6"
"stellar-solutions.com","Stellar Solutions","Financial Services","Medium-Large ($50MM-$100MM)","Medium-Large (500-999)","Aware","2026-08-22",15,5,""
"stellar-corp.com","Stellar Corp","Retail","XXLarge ($1B+)","XXLarge (10,000+)","Aware","2026-06-16",22,5,""
"core-media.com","Core Media","Health, Wellness and Fitness","Medium-Large ($50MM-$100MM)","Medium-Large (500-999)","Aware","2026-08-05",16,5,""
"green-hub.com","Green Hub","Telecommunications","Micro ($0-$1MM)","Small (10-49)","Aware","2026-09-01",22,5,""
"vertex-media.com","Vertex Media","Insurance","Micro ($0-$1MM)","Micro (1-9)","Unaware","2026-07-11",1,1,"fc5e3d9d82f9083f644f8eb556ff5af7131d00b72a8a840a9280a2292a40d330"
"atlas-inc.com","Atlas Inc","Entertainment","Medium-Small ($10MM-$50MM)","Medium (200-499)","MQL","2026-09-14",221,13,"482add7ce4bec94dfb604daa58aabe426d3e2299d31ccce27eb657d4610fa535"
"peak-corp.com","Peak Corp","Entertainment","Large ($100MM-$200MM)","Large (1,000-4,999)","Aware","2026-05-30",8,6,""
"prime-inc.com","Prime Inc","Real Estate","Large ($100MM-$200MM)","Large (1,000-4,999)","Engaged","2026-04-29",75,9,"526e06fafc0a853976018a41ca504b3ea35b627199e9807a1f119ba95df12505"
"global-labs.com","Global Labs","Retail","Small ($1MM-$10MM)","Medium-Small (50-199)","Engaged","2026-05-10",99,11,"20810754e0fe8d5cf912bea74844a54b09548d6315e13a614089b4e51196e522"
"nexus-inc.com","Nexus Inc","Automotive","Medium-Small ($10MM-$50MM)","Medium (200-499)","Unaware","2026-08-10",4,1,"6ce35f3082499cf6bbdfc3b24e8e0e0020083171e2b2bb3b9526b8e368f8fd61"
"blue-io.com","Blue Io","Software / Information Technology","Micro ($0-$1MM)","Micro (1-9)","Unaware","2026-04-30",3,1,""
"apex-digital.com","Apex Digital","Food & Beverages","Small ($1MM-$10MM)","Medium-Small (50-199)","Unaware","2026-05-26",3,1,"818e502ecc6a17b2531d8066cab7a8922723b97ed32b1d92a374c4f8f131af7b"
"apex-digital.com","Apex Digital","Marketing and Advertising","Small ($1MM-$10MM)","Medium-Small (50-199)","Unaware","2026-07-30",3,1,"d651fb151fc2219c619822a681bbab0880a3857eb97b2a3d51e54696bb8ec59e"
"core-tech.com","Core Tech","Marketing and Advertising","Medium-Small ($10MM-$50MM)","Medium-Small (50-199)","Engaged","2026-09-17",80,9,"830e54d80f6faf7e8cd5005b04011c45fa762bf4a09513b562af372ca662c9e3"
"smart-cloud.com","Smart Cloud","Software / Information Technology","Medium-Large ($50MM-$100MM)","Medium (200-499)","Aware","2026-06-07",11,6,""
"cyber-cloud.com","Cyber Cloud","Software / Information Technology","Small ($1MM-$10MM)","Medium-Small (50-199)","Aware","2026-08-18",15,6,""
"stellar-systems.com","Stellar Systems","Software / Information Technology","Medium-Large ($50MM-$100MM)","Medium-Large (500-999)","Aware","2026-05-25",7,5,""
"cyber-data.com","Cyber Data","Manufacturing","XXLarge ($1B+)","XXLarge (10,000+)","Engaged","2026-09-01",85,15,""
"core-inc.com","Core Inc","Education Management","Small ($1MM-$10MM)","Medium-Small (50-199)","Unaware","2026-04-03",5,1,"9dc110d67f0574d1ca3fe41cd5842a29dd921a02b74a8927da8081cae567b55f"
"green-digital.com","Green Digital","Real Estate","Medium-Small ($10MM-$50MM)","Medium (200-499)","Unaware","2026-07-29",5,1,""
"clear-tech.com","Clear Tech","Financial Services","Small ($1MM-$10MM)","Medium-Small (50-199)","Opportunity","2026-04-22",134,20,"105644106a9ea23459daa63eb194cd28e6a6fb2a38a22193d169d86136e417bc"
"stellar-solutions.com","Stellar Solutions","Food & Beverages","Medium-Large ($50MM-$100MM)","Medium (200-499)","Aware","2026-06-02",15,5,""
"core-solutions.com","Core Solutions","Software / Information Technology","Small ($1MM-$10MM)","Small (10-49)","Unaware","2026-03-31",2,1,""
"apex-media.com","Apex Media","Software / Information Technology","XLarge ($200MM-$1B)","Large (1,000-4,999)","Aware","2026-08-20",3,5,""
"acme-io.com","Acme Io","Marketing and Advertising","Large ($100MM-$200MM)","Large (1,000-4,999)","Unaware","2026-09-15",1,1,""
"apex-systems.com","Apex Systems","Software / Information Technology","Small ($1MM-$10MM)","Small (10-49)","Aware","2026-08-03",17,3,"7899ad28336e2aceae5673f4bc465bc0824366354a6c053ebad7175363aae064"
"smart-digital.com","Smart Digital","Health, Wellness and Fitness","Small ($1MM-$10MM)","Medium-Small (50-199)","Aware","2026-06-14",17,2,"fab7f5f712a08b196b3adcfa234a064440e5d2c4a554d5c39adf03bd60d3cf0b"
"blue-works.com","Blue Works","Software / Information Technology","Small ($1MM-$10MM)","Small (10-49)","Unaware","2026-09-22",3,1,""
"global-hub.com","Global Hub","Consumer Goods","Medium-Large ($50MM-$100MM)","Medium-Large (500-999)","Opportunity","2026-04-06",245,14,"550cc0f744037ffa0011a6385c4c4b8f974f61a88aded5a686d8124891169ad8"
"apex-inc.com","Apex Inc","E-Learning","Micro ($0-$1MM)","Small (10-49)","MQL","2026-08-23",189,6,"b19ba1f3b7b818c0e97a63e4fcb11e0407427386b91653a34ca8ee744fed2e30"
"clear-labs.com","Clear Labs","Retail","XXLarge ($1B+)","XXLarge (10,000+)","Engaged","2026-08-18",68,13,""
"iron-inc.com","Iron Inc","Retail","Small ($1MM-$10MM)","Medium-Small (50-199)","Aware","2026-04-23",5,1,"1ec2bed8edf5eae7fe3f0c4cb80bdf88bd72ae669c1bbcb0526c483957ba74e7"
"nova-inc.com","Nova Inc","Automotive","Small ($1MM-$10MM)","Medium-Small (50-199)","Aware","2026-07-12",13,5,""
"green-group.com","Green Group","Marketing and Advertising","Micro ($0-$1MM)","Small (10-49)","Aware","2026-08-18",11,4,""
"nexus-io.com","Nexus Io","Marketing and Advertising","Medium-Small ($10MM-$50MM)","Medium (200-499)","Unaware","2026-07-17",1,1,"29f8519a7bfee707e3ba477e3e148aba0e4b17d87e75a77145cbd03bf7ee8c1e"
"cyber-data.com","Cyber Data","Management Consulting","Large ($100MM-$200MM)","Medium-Large (500-999)","Unaware","2026-05-30",4,1,"30c4467dd2c9307dc910c4eea3dbfeb23b61879f252493398fb9e271a6562de0"
"iron-group.com","Iron Group","Marketing and Advertising","Medium-Small ($10MM-$50MM)","Medium (200-499)","Unaware","2026-07-12",2,1,""
"smart-works.com","Smart Works","Construction","XLarge ($200MM-$1B)","XLarge (5,000-10,000)","Engaged","2026-04-14",17,12,"741569461743eedc3127b2ee3db3cb7772f6dec2cb54e88dce45cca4264d3343"
"global-io.com","Global Io","Marketing and Advertising","Small ($1MM-$10MM)","Medium-Small (50-199)","Unaware","2026-05-12",5,1,""
"global-tech.com","Global Tech","Software / Information Technology","Large ($100MM-$200MM)","Large (1,000-4,999)","Aware","2026-08-18",11,6,""
"peak-corp.com","Peak Corp","Software / Information Technology","Large ($100MM-$200MM)","Large (1,000-4,999)","Unaware","2026-05-01",3,1,"8758b0587d615a8f9f40bf8d23ed6e26666181ca7ff8de126beef7958933855c"
"cyber-labs.com","Cyber Labs","Education Management","Micro ($0-$1MM)","Micro (1-9)","Aware","2026-08-02",20,2,"4b82c8bffe5d154cf33e9108397890fd7a4fa14102b8fd4ef3a33a05236dba53"
"atlas-hub.com","Atlas Hub","Education Management","Micro ($0-$1MM)","Micro (1-9)","Unaware","2026-09-08",2,1,"95b09bf33ea5854704774cbf1e082ee4e76a2b26461ed757f603623c9e837153"
"green-digital.com","Green Digital","Legal Services","Small ($1MM-$10MM)","Small (10-49)","MQL","2026-04-17",201,19,"3e90720f42790e2c45bbecc442c7c34affe0f7c2b410b9df3af849cb7197a570"
"rapid-cloud.com","Rapid Cloud","Construction","Small ($1MM-$10MM)","Medium-Small (50-199)","Unaware","2026-07-05",3,1,""
"rapid-io.com","Rapid Io","Marketing and Advertising","Small ($1MM-$10MM)","Small (10-49)","Engaged","2026-09-17",49,10,"7103602fdee468afc90f7798772f673ca8ca665ce00d0f41ee98a3eb34250217"
"core-digital.com","Core Digital","Consumer Goods","Medium-Small ($10MM-$50MM)","Medium (200-499)","Unaware","2026-05-07",2,1,"f8287b22b6d3e6e4e26b13b5eb20a85e09941691913fd6a2188b563fea42448d"
"stellar-corp.com","Stellar Corp","Retail","Large ($100MM-$200MM)","Large (1,000-4,999)","Unaware","2026-09-23",4,1,""
"swift-corp.com","Swift Corp","Real Estate","Micro ($0-$1MM)","Micro (1-9)","Unaware","2026-04-25",4,1,""
"clear-solutions.com","Clear Solutions","Food & Beverages","Large ($100MM-$200MM)","Large (1,000-4,999)","MQL","2026-04-18",166,22,""
"acme-solutions.com","Acme Solutions","Software / Information Technology","Medium-Small ($10MM-$50MM)","Medium (200-499)","Opportunity","2026-08-13",182,32,"215c5f2d3e4674481657bd56fe82bfaf1ae5f59275b5ffc4ceae97afff3163f1"
"acme-systems.com","Acme Systems","Retail","Micro ($0-$1MM)","Micro (1-9)","Unaware","2026-04-21",3,1,"61e0018cd872f0e074fd1531651d705a7567bd33f7fb6e0325f6a77b73105538"
"green-media.com","Green Media","Financial Services","Small ($1MM-$10MM)","Small (10-49)","Unaware","2026-08-27",4,1,""
"green-net.com","Green Net","Marketing and Advertising","Micro ($0-$1MM)","Micro (1-9)","Unaware","2026-08-15",2,1,""
"stellar-tech.com","Stellar Tech","Automotive","XLarge ($200MM-$1B)","Large (1,000-4,999)","Unaware","2026-09-22",4,1,"93c21acabf40367c9b3c907655e3f1e0d2308286d893ca95d527c449e61d17be"
"smart-data.com","Smart Data","Software / Information Technology","Large ($100MM-$200MM)","Large (1,000-4,999)","MQL","2026-05-08",152,27,""
"atlas-tech.com","Atlas Tech","Retail","XLarge ($200MM-$1B)","XLarge (5,000-10,000)","MQL","2026-04-17",162,18,"b290e374bc5a0ebd486a42ef8d9062be5ecd39595af24d5158c44bc2cf2c81ef"
"rapid-inc.com","Rapid Inc","Entertainment","Medium-Large ($50MM-$100MM)","Medium (200-499)","Aware","2026-03-31",12,2,"b8bd047195263e974c73b0c0f53a727f1a9f064119b323e7b5952fbf12600358"
"apex-net.com","Apex Net","Consumer Goods","Medium-Small ($10MM-$50MM)","Medium (200-499)","Aware","2026-05-13",20,3,"bb6dfca72dbb398a3a21592735b66ab17f670f6ac2bc216a4ac807dc85f1658b"
"bright-works.com","Bright Works","Software / Information Technology","Small ($1MM-$10MM)","Small (10-49)","Unaware","2026-08-13",3,1,""
"core-systems.com","Core Systems","Automotive","XXLarge ($1B+)","XXLarge (10,000+)","Unaware","2026-05-17",5,1,"36db3e582b36fac09dd2a2afd840a529855844157038eb4a651d85dec607d302"
"cyber-works.com","Cyber Works","Legal Services","Medium-Small ($10MM-$50MM)","Medium (200-499)","Unaware","2026-05-07",1,1,"94f4dd1d329d82fdbe0ad9290929363827b64ca80fa53fe84975a7b570239d4a"
"nexus-corp.com","Nexus Corp","Construction","Micro ($0-$1MM)","Micro (1-9)","Aware","2026-04-24",3,4,"6ff20989c80648c225239645de8c543c46c5c29e806863b480adf873fa7dfc80"
"peak-solutions.com","Peak Solutions","Financial Services","Large ($100MM-$200MM)","Medium-Large (500-999)","Engaged","2026-04-11",98,18,""
"stellar-corp.com","Stellar Corp","Software / Information Technology","Micro ($0-$1MM)","Small (10-49)","Unaware","2026-04-26",1,1,""
"stellar-corp.com","Stellar Corp","Health, Wellness and Fitness","Large ($100MM-$200MM)","Medium-Large (500-999)","Unaware","2026-07-19",1,1,""
"apex-cloud.com","Apex Cloud","Legal Services","Micro ($0-$1MM)","Small (10-49)","Aware","2026-06-28",3,5,""
"acme-media.com","Acme Media","Software / Information Technology","Micro ($0-$1MM)","Small (10-49)","Unaware","2026-06-09",3,1,""
"rapid-labs.com","Rapid Labs","Automotive","Micro ($0-$1MM)","Micro (1-9)","Aware","2026-09-14",17,4,""
"rapid-solutions.com","Rapid Solutions","Retail","XXLarge ($1B+)","XXLarge (10,000+)","Unaware","2026-05-14",1,1,""
"green-group.com","Green Group","Food & Beverages","Small ($1MM-$10MM)","Small (10-49)","MQL","2026-07-02",164,16,"3c913db76db04f7ad2c3814a02c42e2909ba54dc6a11e70bf76193861efeaafa"
"bright-hub.com","Bright Hub","Software / Information Technology","Small ($1MM-$10MM)","Small (10-49)","Engaged","2026-09-11",14,11,"3fcc562d59534deb94ce6aee8ead18a952c8ee3f416438b0eeabaf0451ddd6a3"
"apex-tech.com","Apex Tech","Legal Services","Small ($1MM-$10MM)","Medium-Small (50-199)","Aware","2026-06-28",19,4,""
"bright-media.com","Bright Media","E-Learning","Large ($100MM-$200MM)","Medium-Large (500-999)","Unaware","2026-07-19",2,1,""
"nova-hub.com","Nova Hub","Manufacturing","Small ($1MM-$10MM)","Medium-Small (50-199)","Aware","2026-05-15",21,2,"04b6df0e035a9d01b5de7cdf17b4a08939fd7d2b6d036c9409cdbae62703555d"
"core-corp.com","Core Corp","Software / Information Technology","Micro ($0-$1MM)","Micro (1-9)","Unaware","2026-04-01",5,1,""
"peak-hub.com","Peak Hub","Consumer Goods","Small ($1MM-$10MM)","Small (10-49)","Aware","2026-07-07",8,3,"e0e52924ccaa2d9a25a4fbcc2202eedaff2033b4336a48c2c0ca12497db2e76e"
"clear-labs.com","Clear Labs","Financial Services","Medium-Large ($50MM-$100MM)","Medium-Large (500-999)","Unaware","2026-07-27",3,1,""
"swift-inc.com","Swift Inc","Education Management","Medium-Small ($10MM-$50MM)","Medium (200-499)","Unaware","2026-07-03",2,1,""
"apex-data.com","Apex Data","Legal Services","Micro ($0-$1MM)","Micro (1-9)","Unaware","2026-06-03",3,1,""
"apex-net.com","Apex Net","Hospital & Health Care","Small ($1MM-$10MM)","Medium-Small (50-199)","Aware","2026-03-29",19,3,"93e439e6ad71d7c98eb08e3fa9df5bd2336d6093b00d544f7e46e84317ce90dd"
"nexus-io.com","Nexus Io","Marketing and Advertising","Small ($1MM-$10MM)","Small (10-49)","Unaware","2026-04-26",4,1,""
"nova-solutions.com","Nova Solutions","Marketing and Advertising","Micro ($0-$1MM)","Micro (1-9)","Aware","2026-09-22",6,2,"1d0be009fc870e6dbfb707746d280a4362a5b016860823f92aa98e57f0e8b288"
"apex-net.com","Apex Net","Legal Services","Medium-Large ($50MM-$100MM)","Medium-Large (500-999)","Aware","2026-05-20",7,1,"e9f1185f37ace410256f336b14ae976b541b394d59c99834052f3671b11d61c6"
"nexus-inc.com","Nexus Inc","Manufacturing","Small ($1MM-$10MM)","Small (10-49)","Unaware","2026-04-01",5,1,"bb7dec9360e5044b685bc8fcc47cf391a92e27e85e74ee92034b527eee2fa6e8"
"swift-works.com","Swift Works","Telecommunications","Small ($1MM-$10MM)","Small (10-49)","Engaged","2026-07-11",65,17,""
"nexus-io.com","Nexus Io","Food & Beverages","Micro ($0-$1MM)","Micro (1-9)","Opportunity","2026-08-12",330,31,"945f1b522e520774dd399b249707149179723d388c05334d60474ac370918d08"
"global-solutions.com","Global Solutions","Marketing and Advertising","Medium-Small ($10MM-$50MM)","Medium-Small (50-199)","Unaware","2026-08-08",3,1,"4284aa1010190b8f1c59199997129c86df9bf6d58e214349cdec7afaa469a4eb"
"blue-digital.com","Blue Digital","Software / Information Technology","Medium-Large ($50MM-$100MM)","Medium (200-499)","Unaware","2026-08-14",4,1,"fcbc431a584db814c19b9e44922ec405ad29bb865f115736db5465b7373bf86e"
"swift-systems.com","Swift Systems","Marketing and Advertising","Micro ($0-$1MM)","Micro (1-9)","Unaware","2026-09-08",2,1,""
"bright-digital.com","Bright Digital","Retail","Medium-Large ($50MM-$100MM)","Medium-Large (500-999)","MQL","2026-04-25",160,22,""
"green-net.com","Green Net","Software / Information Technology","XLarge ($200MM-$1B)","XLarge (5,000-10,000)","Unaware","2026-05-24",1,1,""
"rapid-cloud.com","Rapid Cloud","Retail","Micro ($0-$1MM)","Micro (1-9)","Aware","2026-08-07",21,1,"cc81c2142fbc98c8c21a1dcf9e9934934e00f77c7621f41a4e799dc262e678ff"
"iron-systems.com","Iron Systems","Hospital & Health Care","Medium-Small ($10MM-$50MM)","Medium (200-499)","Opportunity","2026-04-12",233,16,"fa3b1af0edc45cd0410d561f976fc64bc10da05e753a172f26255e303530cfb2"
"cyber-solutions.com","Cyber Solutions","Retail","Small ($1MM-$10MM)","Small (10-49)","Opportunity","2026-06-16",205,40,""
"global-systems.com","Global Systems","Retail","Micro ($0-$1MM)","Small (10-49)","MQL","2026-07-28",182,10,"33dec225cbd8615acde8340a2f8461cb279f8ceda73f235c6bf16ddf492183a9"
"green-group.com","Green Group","Logistics and Supply Chain","Large ($100MM-$200MM)","Large (1,000-4,999)","Aware","2026-04-24",20,2,"0734bddc75725f6e2369a3a5a1515172d20c9f0d97202c4ac9b5ebff9aea1831"
"atlas-hub.com","Atlas Hub","Real Estate","XLarge ($200MM-$1B)","Large (1,000-4,999)","Aware","2026-06-11",10,4,"cfdc5ed8c25959e3cf325942ae8d877204eff21bc5ff58439cb324e199369d31"
"green-cloud.com","Green Cloud","Entertainment","Small ($1MM-$10MM)","Medium-Small (50-199)","Aware","2026-07-09",15,3,"df3a505396971ed4f86a9d656f4e813eb0109b05b49e710497debdc7ea4b55cb"
"bright-digital.com","Bright Digital","Food & Beverages","Micro ($0-$1MM)","Micro (1-9)","Unaware","2026-08-13",4,1,"2e9bf108ae45bf0bdb39145ac328eef892fa6fd8bbcf48371bf4285b16867aa4"
"atlas-systems.com","Atlas Systems","Marketing and Advertising","XLarge ($200MM-$1B)","Large (1,000-4,999)","MQL","2026-07-31",223,27,""
"peak-systems.com","Peak Systems","Health, Wellness and Fitness","Micro ($0-$1MM)","Small (10-49)","Unaware","2026-05-24",5,1,"1fabc74ed380f5d43e8a3b9f2df7fb3fd533cb8add0721093fe4f9e1a516053d"
"peak-labs.com","Peak Labs","Retail","Small ($1MM-$10MM)","Small (10-49)","Aware","2026-08-22",7,5,""
"bright-data.com","Bright Data","Health, Wellness and Fitness","Medium-Small ($10MM-$50MM)","Medium-Small (50-199)","Unaware","2026-06-29",4,1,"ccdc06c6f772ab7bc7316bdad09f113dafc53368446bf3b9d32c6b39f4562e13"
"global-systems.com","Global Systems","Retail","Micro ($0-$1MM)","Micro (1-9)","Unaware","2026-08-02",4,1,"a8e78d6edd60d47f85dbdaa767d8c2265963ff403b54fac71a830c12a2261efc"
"prime-inc.com","Prime Inc","Automotive","Small ($1MM-$10MM)","Small (10-49)","Aware","2026-07-22",8,4,"f9bc9d2c3e9e362c3442d69ae5734c1cc0347d5bf3b118b70026c266e000fd56"
"rapid-tech.com","Rapid Tech","Entertainment","Medium-Large ($50MM-$100MM)","Medium (200-499)","Aware","2026-07-06",20,6,""
"global-tech.com","Global Tech","Consumer Goods","Micro ($0-$1MM)","Micro (1-9)","Engaged","2026-09-06",72,12,""
"green-systems.com","Green Systems","Software / Information Technology","Micro ($0-$1MM)","Micro (1-9)","Aware","2026-05-04",16,6,""
"iron-data.com","Iron Data","Legal Services","Micro ($0-$1MM)","Micro (1-9)","Unaware","2026-04-28",1,1,"40bd1d06b7f402e93c4a5316c355735f0d900e44b9fe24fc02aabf6f9ffdec73"
"apex-digital.com","Apex Digital","Manufacturing","Medium-Small ($10MM-$50MM)","Medium (200-499)","Unaware","2026-07-31",3,1,"43396f9f51f1dbca607dc4eb91d4bfc5e533b3233788efbb84387e8aafe10683"
"green-systems.com","Green Systems","Food & Beverages","Micro ($0-$1MM)","Small (10-49)","MQL","2026-09-20",65,10,"ffd4d5dcc2964d56d4fcdb32ccb9a074ffbf3bb5aaa9fc474be81a9ded4aae5e"
"blue-tech.com","Blue Tech","Entertainment","Large ($100MM-$200MM)","Large (1,000-4,999)","Aware","2026-04-02",5,3,"95a2f164fa207ace739160d47528f5af4bb139675ac76e28c45682cd0e8b7a62"
"acme-group.com","Acme Group","Logistics and Supply Chain","Medium-Large ($50MM-$100MM)","Medium (200-499)","Unaware","2026-06-23",3,1,""
"stellar-labs.com","Stellar Labs","Software / Information Technology","Medium-Small ($10MM-$50MM)","Medium (200-499)","Unaware","2026-07-22",5,1,"cc697eaed207da304eecec187ff3e189f86f68b1ebf0256d78d9b2502abedeb5"
"acme-works.com","Acme Works","Legal Services","Medium-Large ($50MM-$100MM)","Medium-Large (500-999)","Engaged","2026-08-25",25,16,""
"acme-works.com","Acme Works","Software / Information Technology","Medium-Small ($10MM-$50MM)","Medium-Small (50-199)","Aware","2026-06-01",19,5,""
"cyber-solutions.com","Cyber Solutions","Insurance","Micro ($0-$1MM)","Micro (1-9)","MQL","2026-07-16",192,30,""
"smart-systems.com","Smart Systems","Software / Information Technology","Micro ($0-$1MM)","Micro (1-9)","Aware","2026-09-05",13,5,""
"acme-works.com","Acme Works","Health, Wellness and Fitness","Micro ($0-$1MM)","Micro (1-9)","Unaware","2026-07-25",2,1,""
"apex-tech.com","Apex Tech","Management Consulting","Small ($1MM-$10MM)","Medium-Small (50-199)","Aware","2026-04-29",18,4,""
"prime-io.com","Prime Io","Automotive","Medium-Large ($50MM-$100MM)","Medium (200-499)","Unaware","2026-09-20",4,1,"880d99fec899ae038b3a83dc07786d070cc05977384b47f9fd606447b334d4da"
"clear-corp.com","Clear Corp","Legal Services","Large ($100MM-$200MM)","Medium-Large (500-999)","Unaware","2026-04-05",2,1,""
"blue-corp.com","Blue Corp","Health, Wellness and Fitness","Medium-Small ($10MM-$50MM)","Medium (200-499)","Unaware","2026-09-12",2,1,"c3b76c0caeef9119dcddab03c1db18ce50db357b5622c89f8e1a36b54fe0d68a"
"swift-net.com","Swift Net","Marketing and Advertising","Large ($100MM-$200MM)","Large (1,000-4,999)","MQL","2026-09-03",175,25,""
"prime-solutions.com","Prime Solutions","Marketing and Advertising","Small ($1MM-$10MM)","Medium-Small (50-199)","Engaged","2026-04-14",69,13,""
"blue-net.com","Blue Net","Marketing and Advertising","Medium-Small ($10MM-$50MM)","Medium-Small (50-199)","Unaware","2026-08-10",2,1,"7c71064cc15b00b7034b32e1ac5cc07eded8fa9eb2a8d29504349d0c5bdf6a86"
"cyber-solutions.com","Cyber Solutions","Consumer Goods","Micro ($0-$1MM)","Small (10-49)","Unaware","2026-09-14",3,1,"3c3faf0874b3498321f20c18a289932b15452a12a4956c0add8f147cbd45adf3"
"prime-systems.com","Prime Systems","Entertainment","Medium-Large ($50MM-$100MM)","Medium-Large (500-999)","Engaged","2026-07-30",82,8,"f1de9174bff42cd8b6cf138ffe554c662ad7fcaca59758eed1ac0c104d1add73"
"nexus-tech.com","Nexus Tech","Marketing and Advertising","Small ($1MM-$10MM)","Medium-Small (50-199)","Engaged","2026-09-09",70,9,"039088bf02969a68aa49491cadb5204f90470e5584135ae79eeb83abe33340fe"
"acme-digital.com","Acme Digital","Marketing and Advertising","Micro ($0-$1MM)","Small (10-49)","Unaware","2026-07-11",1,1,""
"prime-corp.com","Prime Corp","Logistics and Supply Chain","Medium-Large ($50MM-$100MM)","Medium-Large (500-999)","Aware","2026-08-28",13,5,""
"atlas-labs.com","Atlas Labs","Retail","Large ($100MM-$200MM)","Medium-Large (500-999)","Opportunity","2026-08-14",267,39,""
"rapid-works.com","Rapid Works","Entertainment","Medium-Large ($50MM-$100MM)","Medium (200-499)","Unaware","2026-09-16",3,1,""
"peak-io.com","Peak Io","Software / Information Technology","Medium-Large ($50MM-$100MM)","Medium (200-499)","MQL","2026-09-08",163,7,"223c74c80efb6d9f40295b276524cbd274db5033d396de2b5153b62e4cbdd481"
"nova-group.com","Nova Group","Entertainment","XLarge ($200MM-$1B)","Large (1,000-4,999)","Aware","2026-07-23",22,2,"4f01c10e12a39095feb251029bb3bb2f845fd82343ac98e6d6b4984e9b5ab51f"
"nova-cloud.com","Nova Cloud","Entertainment","Small ($1MM-$10MM)","Small (10-49)","Aware","2026-07-19",9,5,""
"global-inc.com","Global Inc","Financial Services","Micro ($0-$1MM)","Small (10-49)","Opportunity","2026-04-03",107,46,""
"smart-group.com","Smart Group","Management Consulting","Medium-Large ($50MM-$100MM)","Medium (200-499)","Unaware","2026-08-15",3,1,"65423fdaafe59f44f9f5b8ff4bbeb27e8bc4ec1274fef5f3af5684049c36a113"
"green-group.com","Green Group","Real Estate","Medium-Large ($50MM-$100MM)","Medium (200-499)","Unaware","2026-09-05",3,1,"5344f810274bc5daa12e2c3efebef412b0133c436f3c5ecbed39cbc1f1720805"
"stellar-inc.com","Stellar Inc","Software / Information Technology","Medium-Small ($10MM-$50MM)","Medium-Small (50-199)","Unaware","2026-04-21",1,1,"6ddd60671c6714d4a8a8081c49f89d7bd5a474b323183ab54ab4d10d8dc03182"
"prime-data.com","Prime Data","Software / Information Technology","Medium-Small ($10MM-$50MM)","Medium-Small (50-199)","Unaware","2026-05-28",5,1,"5e5977a3299a30c83d18a89027cbb685fa8dd0c2d5181cbadfed776738de3879"
"stellar-hub.com","Stellar Hub","Retail","Micro ($0-$1MM)","Micro (1-9)","Opportunity","2026-07-27",74,48,""
"nova-cloud.com","Nova Cloud","Retail","Micro ($0-$1MM)","Micro (1-9)","Engaged","2026-06-06",27,7,"083e9bd86dc7fe2b75e6455a7f3fc1c986a524e2a9eae01287940f0dcd16a1df"
"prime-group.com","Prime Group","Software / Information Technology","XXLarge ($1B+)","XXLarge (10,000+)","Unaware","2026-09-21",1,1,"0a252cdd58a01238be78a2736868e6ad9a8194e402766373c48d58af93227907"
"iron-digital.com","Iron Digital","Marketing and Advertising","Large ($100MM-$200MM)","Large (1,000-4,999)","MQL","2026-08-27",204,14,"499382e7109d56b9f940a92ecf867efc5fbae50148d88460c8ed7340cc5b953a"
"smart-group.com","Smart Group","Hospital & Health Care","Medium-Small ($10MM-$50MM)","Medium-Small (50-199)","Unaware","2026-06-18",4,1,"1d2b8bc060f163ee751b33fc9e890d43b8acad4e4b7d8e07b8736c0cbfb0e692"
"apex-io.com","Apex Io","Entertainment","Small ($1MM-$10MM)","Medium-Small (50-199)","Aware","2026-08-16",5,1,"fb99193a1eace2e70e9ad765fc48a39f1e26c6ad79e1abd8c1065681ce1208dd"
"clear-works.com","Clear Works","Automotive","Large ($100MM-$200MM)","Large (1,000-4,999)","Aware","2026-09-02",4,1,"6fbcaf54f8a6bf68ef730e3f285efaffee1205e4215e5f4c81e88d0078dd7069"
"blue-systems.com","Blue Systems","Education Management","Medium-Large ($50MM-$100MM)","Medium (200-499)","Engaged","2026-06-07",85,7,"308d53825aba233447ef7862091ca04f280aef17eb3a1d6fe794b71434655955"
"smart-net.com","Smart Net","Software / Information Technology","Small ($1MM-$10MM)","Medium-Small (50-199)","Unaware","2026-06-12",5,1,"18d5e32c7621e51ae8b7f18f945b3f4756be590eb90bcc36c1ca76c1c9d9f815"
"bright-corp.com","Bright Corp","Legal Services","Large ($100MM-$200MM)","Medium-Large (500-999)","Engaged","2026-05-18",47,12,""
"rapid-digital.com","Rapid Digital","Marketing and Advertising","Small ($1MM-$10MM)","Medium-Small (50-199)","Aware","2026-04-03",8,5,""
"atlas-digital.com","Atlas Digital","Construction","Large ($100MM-$200MM)","Large (1,000-4,999)","Unaware","2026-04-09",2,1,""
"green-io.com","Green Io","Telecommunications","Small ($1MM-$10MM)","Medium-Small (50-199)","Engaged","2026-07-12",41,9,"953da5cc092641b6e4f515ecffa76492c0192cd433d0fb02bbaef729c3a7543b"
"rapid-hub.com","Rapid Hub","Software / Information Technology","Small ($1MM-$10MM)","Small (10-49)","Aware","2026-08-10",12,3,"1f634d5524326edf6fa5210d41bacbd6db2e10f7cf967b2f5c39893cbe2f2386"
"prime-inc.com","Prime Inc","Financial Services","Small ($1MM-$10MM)","Medium-Small (50-199)","Unaware","2026-06-22",1,1,"4fd1157d8a707fda3790468fbb2a5440a6b2320f4f9afd9dde03d274bcd3f180"
"iron-media.com","Iron Media","Software / Information Technology","Medium-Large ($50MM-$100MM)","Medium (200-499)","Engaged","2026-05-16",35,13,""
"stellar-hub.com","Stellar Hub","Financial Services","Small ($1MM-$10MM)","Small (10-49)","Unaware","2026-08-02",2,1,"689ed6d91221f6a0527b9010cfb78ed9bd3e716cc71c102048c9c2b1e12185f6"
"apex-media.com","Apex Media","Software / Information Technology","Medium-Large ($50MM-$100MM)","Medium (200-499)","Engaged","2026-07-08",101,12,"fe218958d11793c4318a0bfd71e39a78a43c98558154476bb844508b6e5a69a0"
"cyber-cloud.com","Cyber Cloud","Telecommunications","Medium-Small ($10MM-$50MM)","Medium-Small (50-199)","MQL","2026-05-16",186,16,"47798e6d511b37263f309689d59e069e3db00d8f06d72bc708bae0d7246e783b"
"clear-cloud.com","Clear Cloud","Insurance","Small ($1MM-$10MM)","Medium-Small (50-199)","Aware","2026-06-19",7,5,""
"vertex-corp.com","Vertex Corp","Education Management","Medium-Large ($50MM-$100MM)","Medium-Large (500-999)","Unaware","2026-07-22",4,1,"fd6aae8c7a5d489da730cf814e1918f5dd5184ca87b9f2fbf6c960318daab4c0"
"stellar-digital.com","Stellar Digital","Manufacturing","Medium-Small ($10MM-$50MM)","Medium (200-499)","Aware","2026-04-22",19,2,"9b0a8323a35cca178a311ca0edd258b347b3e3075e67dbe760d7682b7deeceeb"
"apex-hub.com","Apex Hub","Entertainment","Micro ($0-$1MM)","Micro (1-9)","MQL","2026-09-06",168,29,""
"core-tech.com","Core Tech","Insurance","Micro ($0-$1MM)","Micro (1-9)","Engaged","2026-06-25",75,15,""
"rapid-tech.com","Rapid Tech","Entertainment","Medium-Small ($10MM-$50MM)","Medium (200-499)","Engaged","2026-07-26",90,10,"6a7a77ec3fe57aa0f303a71b8bf48c1d94fff6e75daaa692b6310f09f944eb6a"
"vertex-cloud.com","Vertex Cloud","Marketing and Advertising","Micro ($0-$1MM)","Small (10-49)","Aware","2026-05-22",15,2,"f26c63278d41953445c0f7042821a3ea066bcc9f80990d34a626ebbed3c1c954"
"rapid-media.com","Rapid Media","Marketing and Advertising","Micro ($0-$1MM)","Micro (1-9)","Unaware","2026-07-10",1,1,""
"clear-data.com","Clear Data","Marketing and Advertising","Small ($1MM-$10MM)","Medium-Small (50-199)","Engaged","2026-08-07",35,12,""
"cyber-io.com","Cyber Io","Software / Information Technology","Small ($1MM-$10MM)","Small (10-49)","Aware","2026-06-15",18,2,"69aa2b422e8ce0c098ac9f5e53e98e3f391702513b143ce37bd01487ed1332b1"
"global-digital.com","Global Digital","Marketing and Advertising","Medium-Large ($50MM-$100MM)","Medium (200-499)","Unaware","2026-06-10",4,1,"edb7d1d9f0c0994aecfda17c16d20234680ea2d905aea02ba81729a262ba2280"
"cyber-data.com","Cyber Data","Financial Services","Medium-Small ($10MM-$50MM)","Medium-Small (50-199)","Unaware","2026-08-06",5,1,"98dc9c14349096918e06c51995b4c4b3dd4b790ca23cb932f5dfda7949ad4c2b"
"global-media.com","Global Media","Food & Beverages","Micro ($0-$1MM)","Micro (1-9)","Aware","2026-08-24",7,2,"53da65e44e49406c26d0b4842ce41c6b13310d3ac2d2cc100c28a72c324515c9"
"iron-inc.com","Iron Inc","Entertainment","Large ($100MM-$200MM)","Large (1,000-4,999)","Engaged","2026-06-23",38,14,""
"core-cloud.com","Core Cloud","Software / Information Technology","Medium-Small ($10MM-$50MM)","Medium (200-499)","Engaged","2026-06-23",59,15,""
"prime-hub.com","Prime Hub","Software / Information Technology","Micro ($0-$1MM)","Micro (1-9)","Engaged","2026-05-30",101,4,"8726fd3989ecdacccb7de913159e653afca92c464f1e7f1e900a69330e7a813a"
"core-io.com","Core Io","Software / Information Technology","Medium-Small ($10MM-$50MM)","Medium-Small (50-199)","Opportunity","2026-06-09",204,12,"5fefd1dcb72255d75f97ba5ae26c71e875b2b1d48d0cebef64c3c73383bb61bb"
"swift-inc.com","Swift Inc","Logistics and Supply Chain","Micro ($0-$1MM)","Micro (1-9)","Unaware","2026-06-22",5,1,"b2c4861f401b02d1bd169140d48f5e13724e24d5bfe75c74d6b317f67e7d817f"
"clear-systems.com","Clear Systems","Management Consulting","Small ($1MM-$10MM)","Medium-Small (50-199)","Aware","2026-05-25",14,4,""
"acme-tech.com","Acme Tech","Hospital & Health Care","Medium-Small ($10MM-$50MM)","Medium (200-499)","Engaged","2026-08-12",46,9,"20a37bba6815d9baa3eb2b2cc397ef8d95640dde9564f08e28db77ea86d85626"
"clear-works.com","Clear Works","Logistics and Supply Chain","Medium-Large ($50MM-$100MM)","Medium-Large (500-999)","MQL","2026-05-19",203,28,""
"cyber-hub.com","Cyber Hub","Automotive","Micro ($0-$1MM)","Micro (1-9)","Engaged","2026-09-12",90,10,"ce738053bd6a566981f41e4bdafea61c664a5b0db71d428d2793b9b29f42b7f7"
"cyber-digital.com","Cyber Digital","Health, Wellness and Fitness","Medium-Small ($10MM-$50MM)","Medium (200-499)","Opportunity","2026-07-30",128,34,""
"green-media.com","Green Media","Software / Information Technology","Small ($1MM-$10MM)","Medium-Small (50-199)","Unaware","2026-08-08",5,1,""
"bright-net.com","Bright Net","Software / Information Technology","Medium-Large ($50MM-$100MM)","Medium (200-499)","Unaware","2026-06-26",2,1,""
"blue-tech.com","Blue Tech","Hospital & Health Care","Micro ($0-$1MM)","Micro (1-9)","Unaware","2026-06-04",1,1,"de3be980a3ee75d0a46052ac447dfb48a535bccc6e3dbc884303419513245762"
"blue-hub.com","Blue Hub","Software / Information Technology","Medium-Small ($10MM-$50MM)","Medium-Small (50-199)","Engaged","2026-05-31",85,8,"bc8cfa44f1c5f734fafc9b62a84cc9e05c952cd746b1b32ab2403aba61c04a71"
"iron-works.com","Iron Works","Management Consulting","Medium-Small ($10MM-$50MM)","Medium (200-499)","Engaged","2026-06-20",19,13,""
"cyber-cloud.com","Cyber Cloud","Hospital & Health Care","Small ($1MM-$10MM)","Medium-Small (50-199)","Engaged","2026-09-21",17,12,"4da6f784e4c698858e5ed7566c5816f2bcddc2a487ee7cc4c3a46825a212a208"
"prime-systems.com","Prime Systems","Automotive","XLarge ($200MM-$1B)","Large (1,000-4,999)","Unaware","2026-06-30",3,1,""
"blue-net.com","Blue Net","Entertainment","Small ($1MM-$10MM)","Medium-Small (50-199)","Unaware","2026-07-19",4,1,"940286dfc6c8637fe0265fc09409b55b928a3992041bf798fef58368c06bda4c"
"smart-net.com","Smart Net","Logistics and Supply Chain","Micro ($0-$1MM)","Micro (1-9)","Unaware","2026-07-30",3,1,""
"iron-systems.com","Iron Systems","Retail","Small ($1MM-$10MM)","Small (10-49)","Unaware","2026-09-15",5,1,"61365bcf686258aa498765fb0289bd75bc950736c5d226cb082d089d44456d8b"
"nexus-hub.com","Nexus Hub","Health, Wellness and Fitness","Micro ($0-$1MM)","Micro (1-9)","Unaware","2026-06-25",5,1,"92429369211c0d460c217daaa4c150a47f9b97be4cf11dfdb3ab80878fa9b5b5"
"bright-io.com","Bright Io","Construction","Micro ($0-$1MM)","Small (10-49)","Aware","2026-08-20",4,4,""
"bright-works.com","Bright Works","Financial Services","Small ($1MM-$10MM)","Medium-Small (50-199)","Aware","2026-09-10",17,5,""
"swift-tech.com","Swift Tech","Health, Wellness and Fitness","Large ($100MM-$200MM)","Large (1,000-4,999)","Engaged","2026-06-26",11,16,""
"peak-group.com","Peak Group","Software / Information Technology","Medium-Large ($50MM-$100MM)","Medium (200-499)","Aware","2026-08-02",10,3,"58e0cf6c22c9d97ca2439b74d377c4c9a886d3f674cbee01fe645e19fcb5585a"
"core-net.com","Core Net","Marketing and Advertising","Micro ($0-$1MM)","Micro (1-9)","Engaged","2026-05-25",79,7,"1cd0c4af82af1373e539f5b43b6e2d42ce54fe934a1b710df1b682453df09e82"
"nexus-digital.com","Nexus Digital","Financial Services","Small ($1MM-$10MM)","Medium-Small (50-199)","Aware","2026-06-04",8,5,""
"nexus-works.com","Nexus Works","Marketing and Advertising","XLarge ($200MM-$1B)","Large (1,000-4,999)","Unaware","2026-05-20",1,1,""
"green-solutions.com","Green Solutions","E-Learning","Small ($1MM-$10MM)","Medium-Small (50-199)","Aware","2026-09-04",16,5,""
"peak-data.com","Peak Data","Health, Wellness and Fitness","XXLarge ($1B+)","XXLarge (10,000+)","MQL","2026-05-13",65,22,""
"cyber-media.com","Cyber Media","Manufacturing","Medium-Small ($10MM-$50MM)","Medium-Small (50-199)","Engaged","2026-07-11",47,9,"7d1af21d97ec6ac2f3f81487f58ee6d845a642ddf33abf816b891acda49400a5"
"atlas-works.com","Atlas Works","Financial Services","Medium-Large ($50MM-$100MM)","Medium (200-499)","Unaware","2026-08-23",1,1,""
"green-tech.com","Green Tech","Hospital & Health Care","Small ($1MM-$10MM)","Small (10-49)","MQL","2026-05-14",178,12,"229be47b7c7869c482b1d370f9202a581c045b9c3a9103817452e6a07c256ff8"
"blue-works.com","Blue Works","Insurance","Small ($1MM-$10MM)","Medium-Small (50-199)","Engaged","2026-07-20",12,8,"ced1100369ebd8f84afc474b2f701e76cf87efc65a430f50eda31be0ca141940"
"peak-data.com","Peak Data","Hospital & Health Care","Large ($100MM-$200MM)","Medium-Large (500-999)","Aware","2026-06-13",3,2,"45752f25ea2054b2069e4edb21800f5148f778975692d212d826968f7f48972d"
"green-inc.com","Green Inc","Health, Wellness and Fitness","Medium-Large ($50MM-$100MM)","Medium-Large (500-999)","Unaware","2026-09-10",4,1,""
"core-tech.com","Core Tech","Legal Services","Micro ($0-$1MM)","Micro (1-9)","MQL","2026-05-28",125,30,""
"rapid-tech.com","Rapid Tech","Financial Services","Medium-Small ($10MM-$50MM)","Medium-Small (50-199)","Unaware","2026-08-04",5,1,"a9b847a1e73915dca42fc87a245a414eb59553e01c7f07ede9b36306c48f4c1c"
"nexus-systems.com","Nexus Systems","Health, Wellness and Fitness","Micro ($0-$1MM)","Small (10-49)","Unaware","2026-09-18",4,1,"87bd46d453e8ebab99afd5a4ff61a654bb63dc9a0755e256e7697f309f5c312f"
"vertex-media.com","Vertex Media","Management Consulting","XXLarge ($1B+)","XXLarge (10,000+)","Aware","2026-09-22",8,2,"63366a67cb6ac8958830ae244d6d4b7fe5da2d6588e2c272cc6f6c8c1af23fa6"
"acme-data.com","Acme Data","Retail","Micro ($0-$1MM)","Micro (1-9)","Unaware","2026-05-29",4,1,"fc19bab2dc3b3fd71ae3ea13764577378b50b4d425ab5af496824474a4e087a3"
"rapid-works.com","Rapid Works","Food & Beverages","Micro ($0-$1MM)","Micro (1-9)","MQL","2026-03-28",89,13,"295c608a5477b88c9b35d02ae545eebd49c26ad8be69b6dc2ae4d30896857530"
"green-corp.com","Green Corp","Legal Services","Medium-Large ($50MM-$100MM)","Medium-Large (500-999)","Engaged","2026-08-05",47,11,"2c6cc5d46b2455befaed41227af4f94992b268b5c9257242eaf54b182b38b6c0"
"nova-digital.com","Nova Digital","Real Estate","Medium-Large ($50MM-$100MM)","Medium (200-499)","Unaware","2026-04-13",2,1,""
"swift-hub.com","Swift Hub","Education Management","XLarge ($200MM-$1B)","XLarge (5,000-10,000)","Aware","2026-08-20",14,5,""
"green-hub.com","Green Hub","Software / Information Technology","Large ($100MM-$200MM)","Large (1,000-4,999)","Unaware","2026-06-09",4,1,"acddf05d265cf1b2645912a7340a1798c144b0653784902c22321e62ec96fe54"
"nexus-corp.com","Nexus Corp","Food & Beverages","Micro ($0-$1MM)","Small (10-49)","Unaware","2026-06-24",5,1,""
"vertex-group.com","Vertex Group","Food & Beverages","Micro ($0-$1MM)","Micro (1-9)","Aware","2026-08-04",20,2,"cf486528bcdc9ca35e4b53ab1e0df3a622ec43901f8ed11f7f08947073661476"
"apex-labs.com","Apex Labs","Logistics and Supply Chain","Micro ($0-$1MM)","Micro (1-9)","Unaware","2026-05-01",2,1,""
"vertex-works.com","Vertex Works","Food & Beverages","Small ($1MM-$10MM)","Small (10-49)","Unaware","2026-09-23",5,1,""
"acme-labs.com","Acme Labs","Entertainment","Medium-Small ($10MM-$50MM)","Medium-Small (50-199)","Aware","2026-04-18",21,4,"ad78648ff46fc173c564fd57cec465c9f1c4a6bb815972f7d8dbdfd3caf790c8"
"swift-digital.com","Swift Digital","Real Estate","Medium-Large ($50MM-$100MM)","Medium (200-499)","Engaged","2026-05-17",70,7,"14d8b214a98f6bc5037b8c504ab172649b6808247c9926dfb8d72d2a8a74f50e"
"vertex-systems.com","Vertex Systems","Health, Wellness and Fitness","Micro ($0-$1MM)","Small (10-49)","Unaware","2026-09-07",3,1,"2dfbcd407d9a7fd9923a8452dd43ad6e146b1ece138afd70adc182b8ae2dd6fa"
"nova-tech.com","Nova Tech","Software / Information Technology","Micro ($0-$1MM)","Micro (1-9)","Aware","2026-04-30",6,4,""
"acme-io.com","Acme Io","Hospital & Health Care","Small ($1MM-$10MM)","Small (10-49)","MQL","2026-05-09",127,15,"cc79dcd82551fee937e3fa933991dca29e2a4a4ab0ed9debc47a741c17da0e45"
"swift-net.com","Swift Net","Manufacturing","Large ($100MM-$200MM)","Medium-Large (500-999)","Aware","2026-05-15",6,4,"5805f9100e8e987e8209cfdd8cd83cd47e35fbb8a4396bd202a7a76e43979169"
"blue-inc.com","Blue Inc","Education Management","Medium-Small ($10MM-$50MM)","Medium-Small (50-199)","Unaware","2026-06-07",3,1,"2a5c6aa064f511667c1bbe08c5485612eb44df479e9dd0590f9f178270ad1349"
"prime-cloud.com","Prime Cloud","Food & Beverages","Small ($1MM-$10MM)","Medium-Small (50-199)","MQL","2026-08-12",186,11,"19fc4b5e0066d10bbcd589d28763061fc7b953ab99f2680b9fd29ea6b9b497c0"
"core-labs.com","Core Labs","Financial Services","XLarge ($200MM-$1B)","Large (1,000-4,999)","Engaged","2026-09-08",20,14,""
"iron-io.com","Iron Io","Software / Information Technology","Medium-Small ($10MM-$50MM)","Medium (200-499)","Unaware","2026-07-27",5,1,""
"acme-net.com","Acme Net","Marketing and Advertising","Large ($100MM-$200MM)","Large (1,000-4,999)","Aware","2026-04-13",15,4,""
"swift-group.com","Swift Group","Logistics and Supply Chain","Micro ($0-$1MM)","Small (10-49)","Engaged","2026-09-05",72,17,""
"peak-hub.com","Peak Hub","Hospital & Health Care","Small ($1MM-$10MM)","Small (10-49)","Unaware","2026-05-16",5,1,"a3998b47fe9915463a04ad5fd0cfa52e3dded98d301efb0ccdf583e3fbe5f494"
"cyber-hub.com","Cyber Hub","Software / Information Technology","Medium-Small ($10MM-$50MM)","Medium (200-499)","Unaware","2026-04-28",5,1,"3699e10d0ff850aec90d3995ae0218f31b65bcc413478b1b1696e65175e7eaea"
"smart-corp.com","Smart Corp","Food & Beverages","Medium-Large ($50MM-$100MM)","Medium-Large (500-999)","Unaware","2026-05-18",1,1,""
"apex-hub.com","Apex Hub","Software / Information Technology","Small ($1MM-$10MM)","Small (10-49)","Unaware","2026-05-17",3,1,""
"apex-inc.com","Apex Inc","Software / Information Technology","Medium-Large ($50MM-$100MM)","Medium-Large (500-999)","MQL","2026-06-24",59,11,"9ec2bfab1aa722d0e1b20504227a6efdfc2c62b6f86a24fbb6ec1d16d758d646"
"swift-tech.com","Swift Tech","Retail","Micro ($0-$1MM)","Micro (1-9)","Engaged","2026-07-02",31,17,""
"smart-inc.com","Smart Inc","Entertainment","Small ($1MM-$10MM)","Small (10-49)","Aware","2026-07-31",13,3,"4f9919bb2f910f186748760bb1421d8e6b801a23779d3e60cefbd3884d9a312c"
"vertex-media.com","Vertex Media","Consumer Goods","Small ($1MM-$10MM)","Medium-Small (50-199)","Unaware","2026-07-28",2,1,"a2c3de7207b084838f4f1d0c471f11ffcc39c3fb95cb5f5956dc8ff6486a5a80"
"bright-net.com","Bright Net","Telecommunications","Medium-Small ($10MM-$50MM)","Medium-Small (50-199)","Unaware","2026-04-13",1,1,"aad77f604f25b030ac807e138490b06d167090648d4a7678743251e96a39034c"
"clear-hub.com","Clear Hub","Retail","Large ($100MM-$200MM)","Medium-Large (500-999)","MQL","2026-08-25",37,21,""
"smart-group.com","Smart Group","Financial Services","Medium-Small ($10MM-$50MM)","Medium (200-499)","Unaware","2026-08-12",2,1,"f67a98d81e4e574237e8d8af865545351bfeefc09690b7412bfb02089256cd0a"
"smart-corp.com","Smart Corp","Education Management","Micro ($0-$1MM)","Small (10-49)","Unaware","2026-07-28",4,1,"33fba12e59cfd71b68632d272c3d8609c325d32f3ccceb7a372023a7df3fc7ee"
"acme-hub.com","Acme Hub","Real Estate","Small ($1MM-$10MM)","Small (10-49)","Opportunity","2026-07-22",398,30,"c90e84b7021354d11aa39105222bf452b9954d543fdf03324b1e7abad16de5d3"
"blue-systems.com","Blue Systems","Software / Information Technology","Medium-Small ($10MM-$50MM)","Medium (200-499)","Aware","2026-04-30",5,5,""
"nexus-tech.com","Nexus Tech","Automotive","Small ($1MM-$10MM)","Small (10-49)","Aware","2026-09-20",3,3,"d4bc4a8eff3076274739a3c4b6ae9423ec54085ca00788cb2c71c4ae22e11ee8"
"iron-io.com","Iron Io","Financial Services","Large ($100MM-$200MM)","Large (1,000-4,999)","Unaware","2026-04-10",4,1,"798e4786c2e747004262703ac37f08007578f1a29138d9d14220e3e2cea10438"
"smart-data.com","Smart Data","Entertainment","Large ($100MM-$200MM)","Large (1,000-4,999)","Engaged","2026-08-05",42,6,"45bdb7c309e3951c4ea72bfee50f8d7667c2b82120f81bd6e1aaf9ab04a168f8"
"bright-io.com","Bright Io","Food & Beverages","Micro ($0-$1MM)","Micro (1-9)","Unaware","2026-04-09",4,1,"5bce90ff2f6d956181e3bf46147ca4fd147d4c0df0c572254dc76da5e53c7573"
"stellar-works.com","Stellar Works","Marketing and Advertising","Large ($100MM-$200MM)","Medium-Large (500-999)","Unaware","2026-06-23",3,1,"21602154781340e85ce2438c3ac84b47cb88920a446555a5d851329469d6539a"
"iron-digital.com","Iron Digital","Management Consulting","XLarge ($200MM-$1B)","XLarge (5,000-10,000)","Unaware","2026-04-09",2,1,""
"vertex-media.com","Vertex Media","Retail","Micro ($0-$1MM)","Micro (1-9)","Engaged","2026-04-06",88,14,""
"clear-hub.com","Clear Hub","Construction","Medium-Large ($50MM-$100MM)","Medium (200-499)","Unaware","2026-05-04",3,1,"faf539b02264f4e7bd34b7f990a1bda7fb46b7755d58f4ed97d3806fe2ec2844"
"nexus-works.com","Nexus Works","Hospital & Health Care","Micro ($0-$1MM)","Micro (1-9)","Unaware","2026-06-25",3,1,"206cfe38afc0954ceb361753906d10249c00dfed2bfa63da294db0b538ff3ab1"
"atlas-cloud.com","Atlas Cloud","Marketing and Advertising","Medium-Large ($50MM-$100MM)","Medium-Large (500-999)","Engaged","2026-04-27",27,7,"32fdf33b34f2004f22e65e49830c10229b584e47bc8979248c4c8e43dc6dfb61"
"bright-solutions.com","Bright Solutions","Retail","Medium-Large ($50MM-$100MM)","Medium-Large (500-999)","Aware","2026-08-09",7,6,""
"bright-solutions.com","Bright Solutions","Insurance","XLarge ($200MM-$1B)","XLarge (5,000-10,000)","Unaware","2026-07-14",5,1,""
"green-media.com","Green Media","Consumer Goods","Medium-Large ($50MM-$100MM)","Medium-Large (500-999)","Opportunity","2026-08-01",306,43,""
"bright-solutions.com","Bright Solutions","Logistics and Supply Chain","Micro ($0-$1MM)","Micro (1-9)","Aware","2026-04-18",3,3,"3e8104a2ecba1c11b00b9c7ed6d337061312255fc809211ea6c4d8c65f073735"
"nova-digital.com","Nova Digital","Legal Services","Small ($1MM-$10MM)","Small (10-49)","Aware","2026-05-08",13,1,"6c9cb2994b7a0b427de3dfff488ed60e5b8edf425f2919ba184f2c02907aa1df"
"bright-labs.com","Bright Labs","Financial Services","Medium-Large ($50MM-$100MM)","Medium (200-499)","Engaged","2026-09-16",67,13,""
"stellar-hub.com","Stellar Hub","Software / Information Technology","Medium-Large ($50MM-$100MM)","Medium-Large (500-999)","Engaged","2026-07-28",83,14,""
"atlas-net.com","Atlas Net","Retail","Micro ($0-$1MM)","Micro (1-9)","Unaware","2026-06-19",2,1,""
"cyber-inc.com","Cyber Inc","Construction","Small ($1MM-$10MM)","Medium-Small (50-199)","Unaware","2026-08-05",4,1,"9cd129ef0c17c52fd3025333f10b1624c4cd9554f2ba5a760a57645bbf2f299e"
"green-corp.com","Green Corp","Hospital & Health Care","Medium-Small ($10MM-$50MM)","Medium-Small (50-199)","Unaware","2026-07-31",3,1,""
"peak-solutions.com","Peak Solutions","Software / Information Technology","Small ($1MM-$10MM)","Medium-Small (50-199)","Aware","2026-08-17",17,2,"f5410ad5ff1f39cbb00c7aa149e603f99b0c55e688bea7a3c1cc977b09a9037a"
"acme-works.com","Acme Works","Software / Information Technology","Micro ($0-$1MM)","Micro (1-9)","Opportunity","2026-07-05",157,44,""
"swift-inc.com","Swift Inc","Retail","XXLarge ($1B+)","XXLarge (10,000+)","Opportunity","2026-09-02",132,37,""
"nexus-works.com","Nexus Works","Insurance","Small ($1MM-$10MM)","Medium-Small (50-199)","Unaware","2026-08-02",2,1,""
"vertex-systems.com","Vertex Systems","Retail","Micro ($0-$1MM)","Micro (1-9)","Unaware","2026-07-09",5,1,"fa5b7ceb1b6c7671fa6864e203c218b3d7a494c6e7081f10d389b9e203960163"
"nexus-media.com","Nexus Media","Financial Services","Micro ($0-$1MM)","Micro (1-9)","Unaware","2026-05-01",1,1,""
"prime-systems.com","Prime Systems","Automotive","Medium-Large ($50MM-$100MM)","Medium (200-499)","MQL","2026-05-26",57,16,"67d6bd89fb8bacdd478842a8b5b74e64cdd62b9d4231cb9607c8adb2948250bc"
"acme-media.com","Acme Media","Telecommunications","Micro ($0-$1MM)","Micro (1-9)","Unaware","2026-07-06",2,1,"b924607005af15506b148f216e152b2b3b87b4174989e1d1487562a24af98730"
"stellar-digital.com","Stellar Digital","Hospital & Health Care","XLarge ($200MM-$1B)","Large (1,000-4,999)","Opportunity","2026-06-29",65,46,""
"apex-net.com","Apex Net","Financial Services","Small ($1MM-$10MM)","Small (10-49)","Aware","2026-06-09",12,4,""
"atlas-corp.com","Atlas Corp","Marketing and Advertising","XXLarge ($1B+)","XXLarge (10,000+)","Unaware","2026-08-29",3,1,""
"nexus-digital.com","Nexus Digital","Legal Services","Small ($1MM-$10MM)","Medium-Small (50-199)","Unaware","2026-09-15",2,1,"32a7b58648bfe0e9c7e39aa6bae2a0208731d764d523d3bebac71cad5056e98a"
"clear-works.com","Clear Works","Retail","XXLarge ($1B+)","XXLarge (10,000+)","Unaware","2026-07-24",4,1,""
"cyber-tech.com","Cyber Tech","Software / Information Technology","Micro ($0-$1MM)","Micro (1-9)","Unaware","2026-08-17",3,1,""
"vertex-io.com","Vertex Io","Insurance","Micro ($0-$1MM)","Small (10-49)","Unaware","2026-05-08",4,1,"41760847ecf807a266d2c232eaab31262e40decabd53f519351ed38a3f2d431a"
"core-inc.com","Core Inc","Retail","Small ($1MM-$10MM)","Small (10-49)","Engaged","2026-09-04",32,6,"999e9b3352db917d10a2eb07037e119a1efbe9a3363d3ed1bc09c23c5a073d54"
"swift-corp.com","Swift Corp","Retail","Small ($1MM-$10MM)","Small (10-49)","Engaged","2026-07-30",20,13,""
"acme-corp.com","Acme Corp","E-Learning","Micro ($0-$1MM)","Micro (1-9)","Unaware","2026-07-05",4,1,"6765e465e3bc0c77b74ba683b1dbc720db70910e8af66acf7883e407eb49660a"
"rapid-labs.com","Rapid Labs","Entertainment","Small ($1MM-$10MM)","Medium-Small (50-199)","MQL","2026-05-22",224,7,"91c602146964a175347b182380ab60773439678e0d664389bd05e50c8b4a8aca"
"clear-cloud.com","Clear Cloud","Legal Services","Micro ($0-$1MM)","Micro (1-9)","Unaware","2026-09-03",3,1,"ea771242d24da8692a2763064530e8d20872944f5db1b57f3e8c921a7e64ae17"
"iron-systems.com","Iron Systems","Entertainment","Small ($1MM-$10MM)","Medium-Small (50-199)","Aware","2026-06-11",4,4,""
"atlas-inc.com","Atlas Inc","Education Management","Medium-Small ($10MM-$50MM)","Medium (200-499)","Engaged","2026-06-08",41,15,""
"core-works.com","Core Works","Insurance","Micro ($0-$1MM)","Small (10-49)","Engaged","2026-06-01",35,13,""
"apex-media.com","Apex Media","Consumer Goods","Medium-Small ($10MM-$50MM)","Medium (200-499)","Unaware","2026-08-25",5,1,""
"atlas-inc.com","Atlas Inc","Marketing and Advertising","Medium-Large ($50MM-$100MM)","Medium-Large (500-999)","Aware","2026-05-26",17,4,"6e350187cbd7eb703aaedc0e65df5193e0634db0bfbe8d8473c67b53217fa59c"
"nova-works.com","Nova Works","Food & Beverages","XXLarge ($1B+)","XXLarge (10,000+)","Unaware","2026-07-27",1,1,"961c1d532c030dc3a76fb799bc69f22b96b5b13aa81dd1f5e9167944fffce7c8"
"swift-inc.com","Swift Inc","Real Estate","Medium-Large ($50MM-$100MM)","Medium (200-499)","MQL","2026-06-26",213,8,"33dfcd7e9d1b80ad202a27863a520a36dac9e3dde698d27d067879d7cd3dae3d"
"clear-hub.com","Clear Hub","Retail","Small ($1MM-$10MM)","Small (10-49)","Unaware","2026-04-23",4,1,"4dac6c3c77c6c5fac50b26d8e3b8e3cb2ca5227dad98824887d6381589e9f9d9"
"nova-tech.com","Nova Tech","Marketing and Advertising","Medium-Small ($10MM-$50MM)","Medium (200-499)","Unaware","2026-04-19",1,1,""
"core-solutions.com","Core Solutions","Entertainment","Medium-Small ($10MM-$50MM)","Medium (200-499)","Engaged","2026-05-30",48,8,"d91b7da22b3f3de28812f9c9da2dca0bc542a37094c96d8835eec4f333acc602"
"acme-media.com","Acme Media","Retail","Medium-Large ($50MM-$100MM)","Medium-Large (500-999)","Aware","2026-08-29",16,1,"a66369c1194a6255cb591f17d74a6472af3f86e5687bfb6715f834b5abb84efb"
"acme-group.com","Acme Group","Hospital & Health Care","Micro ($0-$1MM)","Micro (1-9)","Engaged","2026-06-09",109,9,"405897ab2f5eec27f64215977320fa9db8fa98a922accb5c78bde557aa013447"
"vertex-corp.com","Vertex Corp","Retail","Micro ($0-$1MM)","Micro (1-9)","Opportunity","2026-04-14",315,29,"0145598b7d658630da61416d248e1acc8091750d44234200ed0a57adea1e0560"
"global-cloud.com","Global Cloud","Construction","Medium-Small ($10MM-$50MM)","Medium (200-499)","MQL","2026-03-29",219,26,""
"smart-labs.com","Smart Labs","Real Estate","Small ($1MM-$10MM)","Medium-Small (50-199)","Engaged","2026-05-29",80,7,"9a5336588402132470e26438455c1638954cd5fab73d35ad1e699eab8e7ce872"
"nova-group.com","Nova Group","Telecommunications","Micro ($0-$1MM)","Micro (1-9)","Aware","2026-04-17",20,2,"871613da2889819fcb6b053fab803273f785c712d17cab2f11a232fb03302608"
"atlas-hub.com","Atlas Hub","Real Estate","Large ($100MM-$200MM)","Medium-Large (500-999)","Unaware","2026-07-13",3,1,"2800e0264de926e3eeefceb11c98eb976dc9df58734e4e0150495ed7598fc519"
"cyber-hub.com","Cyber Hub","Real Estate","Medium-Small ($10MM-$50MM)","Medium (200-499)","Unaware","2026-09-19",3,1,"d8bb99c0aa2be991e7ddebd895bd6b982e2506a4680bbaf95721ba5b476d7c91"
"swift-labs.com","Swift Labs","Manufacturing","Small ($1MM-$10MM)","Small (10-49)","Aware","2026-05-15",16,4,""
"nova-hub.com","Nova Hub","Marketing and Advertising","Small ($1MM-$10MM)","Medium-Small (50-199)","Unaware","2026-06-22",1,1,"863ec45d13a88a0162843df7c61ed9b0a5271528eed82f977bd6ffa6ba5fc43a"
"bright-io.com","Bright Io","Software / Information Technology","Medium-Small ($10MM-$50MM)","Medium (200-499)","Unaware","2026-08-05",2,1,"c3339bddde56f17e85908f0ee6005651b815ed3461088c25eefc0662338cfb30"
"peak-tech.com","Peak Tech","Marketing and Advertising","Medium-Small ($10MM-$50MM)","Medium-Small (50-199)","Aware","2026-06-19",8,5,""
"green-inc.com","Green Inc","Hospital & Health Care","XLarge ($200MM-$1B)","Large (1,000-4,999)","Engaged","2026-07-26",52,3,"92b4c354e7382c960cba7829123663f53bc1d3273fb78fa17600ff88b7532c3b"
"core-labs.com","Core Labs","Logistics and Supply Chain","Medium-Small ($10MM-$50MM)","Medium (200-499)","Aware","2026-06-26",8,3,"461d681d6163e24b856326c2b852822d49612f4ce4abd9320590e0dc772987fa"
"global-cloud.com","Global Cloud","Food & Beverages","Micro ($0-$1MM)","Micro (1-9)","Unaware","2026-04-01",5,1,""
"rapid-io.com","Rapid Io","Education Management","Small ($1MM-$10MM)","Small (10-49)","Unaware","2026-09-23",2,1,"29a08d6568621747d6c833fc13b20a334313ae641bc3e356ba555c68452d4253"
"green-media.com","Green Media","Legal Services","Small ($1MM-$10MM)","Small (10-49)","Unaware","2026-08-27",3,1,"72f6478ff391bd9e6c16bfa1a3dae698d072bb7c07c788ef5496330641be921d"
"swift-hub.com","Swift Hub","Hospital & Health Care","Large ($100MM-$200MM)","Large (1,000-4,999)","MQL","2026-04-17",162,22,""
"vertex-works.com","Vertex Works","Software / Information Technology","XXLarge ($1B+)","XXLarge (10,000+)","Aware","2026-06-12",16,3,"38584823d9ae76579b020659f050bb024b50c62efaae8622947e5cd8e6f19280"
"clear-net.com","Clear Net","Retail","XLarge ($200MM-$1B)","Large (1,000-4,999)","Aware","2026-08-13",3,5,""
"iron-inc.com","Iron Inc","Retail","Small ($1MM-$10MM)","Medium-Small (50-199)","Opportunity","2026-09-19",389,25,"e87d5ca06b91de62dd4910227e8307de2891484fec90ad35c7c35a9e8e7617a3"
"swift-io.com","Swift Io","Real Estate","Micro ($0-$1MM)","Micro (1-9)","Aware","2026-04-13",4,1,"9ef19429f9e12abd0d76cca1ac2885a48f72755754dc822c10ee844b32e5bd4e"
"nexus-data.com","Nexus Data","Marketing and Advertising","Micro ($0-$1MM)","Micro (1-9)","Unaware","2026-07-04",4,1,"4358f582ff567e492ad0575552f0d3aa03ebd0309d1ac8b2000878fd0a135311"
"iron-io.com","Iron Io","Financial Services","Large ($100MM-$200MM)","Large (1,000-4,999)","Unaware","2026-04-07",5,1,"9a644fc24adf17f6aaa27c36ea520e111247fb2100d7d2b98c9e8e0a1f197dae"
"clear-group.com","Clear Group","Financial Services","Micro ($0-$1MM)","Micro (1-9)","Unaware","2026-05-14",2,1,""
"apex-net.com","Apex Net","Financial Services","Large ($100MM-$200MM)","Medium-Large (500-999)","Unaware","2026-04-09",3,1,""
"nexus-works.com","Nexus Works","Software / Information Technology","Small ($1MM-$10MM)","Medium-Small (50-199)","Unaware","2026-06-26",2,1,"59ac3d5c733892cce1db735fe10ca0b1ad88a1b96c93d975866cc0348be555d7"
"global-works.com","Global Works","Manufacturing","Micro ($0-$1MM)","Small (10-49)","Aware","2026-05-01",14,3,"a1d4f84d961ad233ecd1c6fcb0de84daa6bda27f90006bd078ccc7e03b1166bb"
"acme-works.com","Acme Works","Consumer Goods","XXLarge ($1B+)","XXLarge (10,000+)","Unaware","2026-08-27",3,1,""
"stellar-solutions.com","Stellar Solutions","Manufacturing","XLarge ($200MM-$1B)","XLarge (5,000-10,000)","Aware","2026-04-07",21,4,"881f908a2dbd5f3d2918abc0a6bad9a2e10f33e29df4593fe3d3a4f6a4962c8d"
"blue-data.com","Blue Data","Legal Services","Medium-Large ($50MM-$100MM)","Medium (200-499)","Unaware","2026-09-12",5,1,"de7299a821e578b730fef6e5e426067a200abdf772a91752cccbe046e72ec040"
"core-media.com","Core Media","Financial Services","Medium-Small ($10MM-$50MM)","Medium (200-499)","Aware","2026-06-19",8,4,"b44fcf8ae067c1758cd68273de66555489687586bd7006f6c6ee231e7873b8a4"
"cyber-labs.com","Cyber Labs","Manufacturing","Micro ($0-$1MM)","Micro (1-9)","Aware","2026-07-28",4,5,""
"global-data.com","Global Data","Logistics and Supply Chain","Medium-Small ($10MM-$50MM)","Medium (200-499)","Engaged","2026-08-12",22,6,"e85a82ce15775c182cdb1d13fb244de044de4000a0bf756db6778e73a629769d"
"smart-solutions.com","Smart Solutions","Software / Information Technology","XLarge ($200MM-$1B)","XLarge (5,000-10,000)","Opportunity","2026-07-22",140,21,"65fb0044382991469d73b0d6a29cfa078990d8f6d4aa495738080b3133921a22"
"global-works.com","Global Works","Retail","Large ($100MM-$200MM)","Medium-Large (500-999)","Opportunity","2026-05-25",203,24,"52337547fd689c2060d59bddbd0cc587c53ea456ed3906151804e3aca566307d"
"core-cloud.com","Core Cloud","Legal Services","Medium-Large ($50MM-$100MM)","Medium-Large (500-999)","Unaware","2026-07-13",4,1,"f1399ee6a60aad2203ae755c4fd9deda89ad96c39fa17e95392975573705f413"
"iron-group.com","Iron Group","Health, Wellness and Fitness","Micro ($0-$1MM)","Micro (1-9)","Unaware","2026-09-15",5,1,"baa32ed63237fa704f06987e34aa5563d1fb35d743009067a8ffc01e8829e270"
"iron-labs.com","Iron Labs","Consumer Goods","Large ($100MM-$200MM)","Large (1,000-4,999)","Aware","2026-07-27",15,3,"578d70c284024f9a52f9f0b265c4a9e19c8d391fde141ab590aef926da9ac8dc"
"green-media.com","Green Media","Software / Information Technology","Medium-Small ($10MM-$50MM)","Medium (200-499)","Unaware","2026-06-26",2,1,""
"core-data.com","Core Data","Software / Information Technology","Large ($100MM-$200MM)","Large (1,000-4,999)","Unaware","2026-05-08",4,1,"a6761f60c20fdf02a04e9809bdb57445562ad392212bc4233f435d40d59a8de2"
"apex-group.com","Apex Group","Marketing and Advertising","XXLarge ($1B+)","XXLarge (10,000+)","Aware","2026-07-10",6,1,"8ad69056f92bdc3c3b7bd678f6b246d3885a51f52eee3a5f5df373382644dd86"
"nova-inc.com","Nova Inc","Retail","Small ($1MM-$10MM)","Small (10-49)","Unaware","2026-04-07",3,1,"4c5c9ced4579779baf7851904f31eb0837b12b489050562bf471e40919ff69a4"
"swift-digital.com","Swift Digital","Telecommunications","Micro ($0-$1MM)","Micro (1-9)","Unaware","2026-04-23",2,1,"5ce0ef1142e8de83f3744f59a3610f77e976bc02d441355d26ea7307594cc4e9"
"cyber-tech.com","Cyber Tech","Financial Services","Small ($1MM-$10MM)","Small (10-49)","Unaware","2026-07-29",1,1,"9f9e51419138254228913e1e4f10f9019b64eade569294a6d9d104044d5f7eab"
"iron-tech.com","Iron Tech","Food & Beverages","Small ($1MM-$10MM)","Medium-Small (50-199)","MQL","2026-05-08",155,15,"85736a0c2e39b2b5f7f7a5f15aa16ab9cf18ed52041b29a9ff0b474b28f420dd"
"nexus-io.com","Nexus Io","Retail","Small ($1MM-$10MM)","Small (10-49)","Engaged","2026-07-28",103,13,""
"atlas-group.com","Atlas Group","Marketing and Advertising","XXLarge ($1B+)","XXLarge (10,000+)","Engaged","2026-07-19",27,4,"11dbd569c2adcb543b32235577eef9a4868b48075166d131577db993379667ad"
"nexus-labs.com","Nexus Labs","Health, Wellness and Fitness","Medium-Small ($10MM-$50MM)","Medium-Small (50-199)","Unaware","2026-09-18",4,1,"339bb18d6c4c5943d17a8426b206271336f7ecf2b15c4e83d2c88ec64f810d4d"
"clear-works.com","Clear Works","Marketing and Advertising","Micro ($0-$1MM)","Micro (1-9)","MQL","2026-05-27",125,23,""
"bright-media.com","Bright Media","Retail","XLarge ($200MM-$1B)","XLarge (5,000-10,000)","Aware","2026-09-03",14,3,"f5c45105a2addebf1d8e382f997d622ed5c3ce0ad705dd1657c15ddbe28c2027"
"swift-net.com","Swift Net","Telecommunications","Micro ($0-$1MM)","Micro (1-9)","Aware","2026-05-08",9,3,"7096eb3969663f9297254c5f80aba3f03d9d4524d6cba2efed0280d050492ff9"
"rapid-corp.com","Rapid Corp","Financial Services","Medium-Large ($50MM-$100MM)","Medium-Large (500-999)","Engaged","2026-08-17",80,6,"6992c83497addf5f0b0b12d837011e39d402535afb6bc8d749590812309caf25"
"vertex-media.com","Vertex Media","Marketing and Advertising","Medium-Small ($10MM-$50MM)","Medium (200-499)","MQL","2026-09-06",58,12,"30f01f3fd77794f800e37aaf7d1fb358b228800ee9b26b0d9a9cff76356a679b"
"global-corp.com","Global Corp","Retail","Medium-Large ($50MM-$100MM)","Medium (200-499)","Opportunity","2026-04-05",95,42,""
"vertex-media.com","Vertex Media","Hospital & Health Care","Medium-Small ($10MM-$50MM)","Medium (200-499)","Unaware","2026-08-24",1,1,""
"vertex-labs.com","Vertex Labs","Construction","Medium-Small ($10MM-$50MM)","Medium (200-499)","Unaware","2026-09-21",2,1,"4d9fb149c05963af7caae62d1ef5e1b1504d44224f202a5581c7e59c8bee0ad8"
"stellar-systems.com","Stellar Systems","Consumer Goods","Small ($1MM-$10MM)","Small (10-49)","Aware","2026-03-28",12,4,""
"prime-group.com","Prime Group","Software / Information Technology","Small ($1MM-$10MM)","Medium-Small (50-199)","Aware","2026-04-12",15,2,"0191dc3b92b77e22799e617e950a0bdbc8a83887ac9a595237f24fbb7fe5c1a2"
"stellar-works.com","Stellar Works","Software / Information Technology","XLarge ($200MM-$1B)","XLarge (5,000-10,000)","Aware","2026-04-30",9,2,"cede227fda5776b43e8361b3c9007e6575ab4d46f14ded8a304ab91a229ce62c"
"core-group.com","Core Group","Telecommunications","Micro ($0-$1MM)","Micro (1-9)","Unaware","2026-08-02",2,1,"fb3197f25f481abb803bc2d0fcf698e9577544b77ee6d77047354c0ee027f830"
"clear-hub.com","Clear Hub","Logistics and Supply Chain","Small ($1MM-$10MM)","Small (10-49)","Engaged","2026-04-13",92,8,"9fc7064f0e882a681408e38af01dfbe010b49671f86473e659f23a3e74dee72b"
"bright-corp.com","Bright Corp","Legal Services","Large ($100MM-$200MM)","Large (1,000-4,999)","Aware","2026-09-05",11,2,"17bfd46a304622b9ad9f1ceae7b37cfe8b8a5e975edb4df03684cd207719e833"
"vertex-tech.com","Vertex Tech","Software / Information Technology","Small ($1MM-$10MM)","Medium-Small (50-199)","Unaware","2026-04-11",4,1,"7a95d6bf1a7adc631bdd087ae1d924e417132bcbe6973f233dfd2d0fb9eee2da"
"peak-inc.com","Peak Inc","Management Consulting","Micro ($0-$1MM)","Small (10-49)","Aware","2026-06-05",17,3,"5694f71bc47f26a69b47b27bc795356c31ade731a5245925782dcd03b66cd935"
"iron-systems.com","Iron Systems","Education Management","Medium-Small ($10MM-$50MM)","Medium-Small (50-199)","Engaged","2026-06-21",27,16,""
"cyber-group.com","Cyber Group","Automotive","Small ($1MM-$10MM)","Medium-Small (50-199)","Aware","2026-09-14",21,5,""
"core-corp.com","Core Corp","Marketing and Advertising","Medium-Small ($10MM-$50MM)","Medium-Small (50-199)","MQL","2026-05-21",30,16,"c57a2cf1f59919fed6bb02fdea4cbefc2151a763abf10618276924f1249b196c"
"vertex-io.com","Vertex Io","Entertainment","Micro ($0-$1MM)","Micro (1-9)","MQL","2026-09-18",219,24,""
"cyber-works.com","Cyber Works","Marketing and Advertising","Small ($1MM-$10MM)","Medium-Small (50-199)","Opportunity","2026-06-29",222,19,"4c946aad0ec75c5e547e81fccd9253ff13071048718675429128ab6ad043cf90"
"peak-data.com","Peak Data","Food & Beverages","XLarge ($200MM-$1B)","XLarge (5,000-10,000)","Aware","2026-05-08",5,3,"1f0dc632e298f6be631f22a13a894fca3c4a40bfe20e96f1fa3c6fcce84ff89d"
"global-works.com","Global Works","Legal Services","Small ($1MM-$10MM)","Small (10-49)","Unaware","2026-07-24",5,1,"63ff132b2c7ac9ae23fea3fa59c1af854ce3ba9d96aa70382dfb5012624b7652"
"swift-systems.com","Swift Systems","Marketing and Advertising","Medium-Large ($50MM-$100MM)","Medium (200-499)","Unaware","2026-07-31",4,1,"1d297f83efff1ea3aaa3e4d5e47f67d3e0dba2c98ce0090037f8ae535c39df47"
"peak-labs.com","Peak Labs","E-Learning","Small ($1MM-$10MM)","Small (10-49)","Aware","2026-08-27",19,4,""
"stellar-corp.com","Stellar Corp","Education Management","Medium-Small ($10MM-$50MM)","Medium (200-499)","Engaged","2026-09-18",21,9,"a8625f8b7b51f549e1066337721bcb3316df197ea9117c8f77784328d6860452"
"nova-tech.com","Nova Tech","Construction","Small ($1MM-$10MM)","Small (10-49)","Aware","2026-07-17",18,6,""
"cyber-corp.com","Cyber Corp","Insurance","Medium-Small ($10MM-$50MM)","Medium-Small (50-199)","Unaware","2026-06-02",4,1,""
"atlas-tech.com","Atlas Tech","Management Consulting","Large ($100MM-$200MM)","Large (1,000-4,999)","Unaware","2026-04-22",5,1,"8ad7fb20c05555c9c0d217fd6e4108547fcc0fde44a9a7edc7352bf1e217b61a"
"acme-inc.com","Acme Inc","Software / Information Technology","Small ($1MM-$10MM)","Medium-Small (50-199)","Unaware","2026-04-05",4,1,""
"rapid-group.com","Rapid Group","Health, Wellness and Fitness","Micro ($0-$1MM)","Micro (1-9)","Engaged","2026-05-16",76,16,""
"atlas-inc.com","Atlas Inc","Software / Information Technology","Micro ($0-$1MM)","Micro (1-9)","Opportunity","2026-08-21",125,48,""
"nexus-corp.com","Nexus Corp","Marketing and Advertising","Micro ($0-$1MM)","Micro (1-9)","MQL","2026-05-29",152,20,""
"prime-inc.com","Prime Inc","Logistics and Supply Chain","Medium-Small ($10MM-$50MM)","Medium-Small (50-199)","Unaware","2026-07-29",1,1,""
"global-data.com","Global Data","Automotive","Medium-Small ($10MM-$50MM)","Medium (200-499)","Unaware","2026-04-08",2,1,""
"vertex-solutions.com","Vertex Solutions","Consumer Goods","Medium-Large ($50MM-$100MM)","Medium (200-499)","Engaged","2026-04-23",101,12,"563aa29420d209e177c0893b6b3ee731a6f9d30c5e46393773689a4a99f0ba02"
"peak-inc.com","Peak Inc","Real Estate","Micro ($0-$1MM)","Micro (1-9)","Unaware","2026-07-25",1,1,"86c1b82c2971d5ac95a84491ca3f99214588ecbe3dcd6e1a85d3ccb3e9b628e9"
"vertex-systems.com","Vertex Systems","Education Management","Micro ($0-$1MM)","Micro (1-9)","Engaged","2026-07-09",80,6,"34a58ffc7dcece7bafbb067857727a392eb7ed8fc685a18eb99fa55670dda048"
"swift-labs.com","Swift Labs","Manufacturing","Small ($1MM-$10MM)","Medium-Small (50-199)","Aware","2026-05-15",8,2,"bd0f38c089ce009505c7942c2690447e21a65d893890dabb88459c9ae26a9dee"
"green-systems.com","Green Systems","E-Learning","Medium-Small ($10MM-$50MM)","Medium-Small (50-199)","Engaged","2026-05-26",53,3,"ea3aa63c4b9392b6b46d9b8cbeba6650fafbf158f3022a481d43e7d04d5f6346"
"stellar-net.com","Stellar Net","Health, Wellness and Fitness","XLarge ($200MM-$1B)","XLarge (5,000-10,000)","Unaware","2026-06-11",3,1,""
"atlas-inc.com","Atlas Inc","Construction","Medium-Large ($50MM-$100MM)","Medium (200-499)","Unaware","2026-06-23",3,1,"a27822f9bc5b4416c7726d908fa00c5d37919656d9818de0645dc4608ce5fe0c"
"bright-labs.com","Bright Labs","Software / Information Technology","XLarge ($200MM-$1B)","Large (1,000-4,999)","Unaware","2026-08-27",2,1,"c05087b0cd26ca8cac867d61bf7eb164162a27f664afd1c5298a9aaf8339d4f2"
"bright-works.com","Bright Works","Automotive","Small ($1MM-$10MM)","Small (10-49)","Unaware","2026-08-26",5,1,"42b2de05a680f5ad4e2560b177b57dbb8f46dc40ff400d6f6947814a09c7d9a7"
"prime-data.com","Prime Data","Insurance","XLarge ($200MM-$1B)","XLarge (5,000-10,000)","Aware","2026-04-24",8,3,"ac223a76828be70685f0ce49516940c8f31c844bac9726af3f84c7189f900807"
"acme-group.com","Acme Group","Manufacturing","Medium-Small ($10MM-$50MM)","Medium-Small (50-199)","Aware","2026-09-03",11,2,"cdff1cd3eebc6185f40fc318f32608d66db3fa88c9fb28c604efbdccd2a1135a"
"smart-inc.com","Smart Inc","Food & Beverages","Micro ($0-$1MM)","Micro (1-9)","Engaged","2026-07-21",52,16,""
"smart-inc.com","Smart Inc","Health, Wellness and Fitness","Small ($1MM-$10MM)","Small (10-49)","Aware","2026-09-20",21,2,"eadf2f0606c04fdbee664e1558e989a2539de00b0f0076788eb30323558ef0eb"
"rapid-systems.com","Rapid Systems","Manufacturing","Micro ($0-$1MM)","Small (10-49)","MQL","2026-08-11",122,27,""
"core-io.com","Core Io","Education Management","Micro ($0-$1MM)","Micro (1-9)","Engaged","2026-09-14",103,12,"906cbce9d23133f5b8942495e84dda58fbe6cb9e7f3b74627ef14ff80abed4de"
"peak-systems.com","Peak Systems","Telecommunications","Large ($100MM-$200MM)","Medium-Large (500-999)","Engaged","2026-07-20",65,7,"b13f5a10c2f2dd15b94f84f9e68bf7d4dd056ab7b234f984885bd2774228aa44"
"apex-data.com","Apex Data","Food & Beverages","XLarge ($200MM-$1B)","Large (1,000-4,999)","Engaged","2026-06-07",108,8,"18f999d5fabbab94f799ce6466bc63e543b19fb3701370d1306b59e8d5ae0857"
"nova-group.com","Nova Group","Food & Beverages","Medium-Small ($10MM-$50MM)","Medium (200-499)","Engaged","2026-06-23",25,7,"f43e1a30b66771b16237ba5f9bea4005f54a87cc526907c7b71ea6bfc5e1b7df"
"green-labs.com","Green Labs","Telecommunications","XLarge ($200MM-$1B)","Large (1,000-4,999)","Unaware","2026-06-13",4,1,""
"stellar-net.com","Stellar Net","Marketing and Advertising","Medium-Large ($50MM-$100MM)","Medium (200-499)","Unaware","2026-05-26",4,1,"5965ff06d32ab297c0a0b31eb14c9f13cf70e73bca12994f98ea672891713195"
"smart-inc.com","Smart Inc","Marketing and Advertising","Medium-Small ($10MM-$50MM)","Medium-Small (50-199)","Unaware","2026-08-20",3,1,"8ecc8521c496ca1f3dbdc81447f9374334535d315b45dba19129d071eb65bed4"
"prime-systems.com","Prime Systems","E-Learning","Micro ($0-$1MM)","Micro (1-9)","Engaged","2026-04-19",92,14,""
"cyber-works.com","Cyber Works","Financial Services","Micro ($0-$1MM)","Micro (1-9)","Aware","2026-07-28",22,4,""
"global-works.com","Global Works","Insurance","Micro ($0-$1MM)","Small (10-49)","Engaged","2026-08-11",71,8,"906edde9a1f7905e53a7a30a882c31fb080dfc2eaef81882773d3a375949e22c"
"bright-works.com","Bright Works","Financial Services","Large ($100MM-$200MM)","Medium-Large (500-999)","Unaware","2026-07-30",5,1,"3c813fc78324abdab254989318ff19c94b43f7df8a1b7465a5ad95ccefbfe071"
"cyber-solutions.com","Cyber Solutions","Health, Wellness and Fitness","Small ($1MM-$10MM)","Medium-Small (50-199)","Aware","2026-08-25",5,2,"e2a4878afb82ae531c9d6e1127707994424586653be5b51f5c823242f137e198"
"clear-data.com","Clear Data","Retail","Micro ($0-$1MM)","Micro (1-9)","Aware","2026-08-20",6,3,"5dd77d80db599f37dba98d2f5d703b15d1441404760f04e9eeca6b4f418d4adf"
"stellar-solutions.com","Stellar Solutions","Marketing and Advertising","Medium-Small ($10MM-$50MM)","Medium-Small (50-199)","Unaware","2026-06-22",4,1,"78e538fb8e6ea2f7a9b1045dee7e0c854b76ae5777e91b2d0791b457ae6031c6"
"prime-digital.com","Prime Digital","Telecommunications","Medium-Large ($50MM-$100MM)","Medium (200-499)","Unaware","2026-05-01",3,1,"a9fe865e073102cf2c723abf9ed065a02960914a32f3aeb5f9b863d1d696fed1"
"acme-io.com","Acme Io","Software / Information Technology","XLarge ($200MM-$1B)","XLarge (5,000-10,000)","Aware","2026-05-06",6,1,"44af3a31b9eedc46e822b2cd1d4b89870d5a5fa66a4e9e7d0459fe8423cbb9ac"
"swift-labs.com","Swift Labs","Manufacturing","XXLarge ($1B+)","XXLarge (10,000+)","MQL","2026-07-26",32,9,"cc4644c41779027eff91408ad2e621c7d6b152b91c4b1e3abf9446d86ecf6c75"
"prime-data.com","Prime Data","Software / Information Technology","Medium-Small ($10MM-$50MM)","Medium-Small (50-199)","Aware","2026-06-20",21,6,""
"acme-works.com","Acme Works","Real Estate","Small ($1MM-$10MM)","Medium-Small (50-199)","Aware","2026-06-09",3,2,"b1a440653e9c287ab4677117bf042abdc85c4ef96fe8f531ccd2e06996df1ba2"
"blue-labs.com","Blue Labs","Construction","XLarge ($200MM-$1B)","Large (1,000-4,999)","Unaware","2026-08-10",3,1,""
"blue-tech.com","Blue Tech","Hospital & Health Care","Medium-Small ($10MM-$50MM)","Medium-Small (50-199)","Engaged","2026-09-15",23,4,"8ab050a8559039576fa8399291af72ff7c5ed85ae2382ac1a7f00f2138d80dc5"
"vertex-hub.com","Vertex Hub","Marketing and Advertising","Medium-Small ($10MM-$50MM)","Medium (200-499)","Unaware","2026-06-05",3,1,""
"clear-media.com","Clear Media","Financial Services","XLarge ($200MM-$1B)","Large (1,000-4,999)","Unaware","2026-09-05",4,1,""
"nexus-cloud.com","Nexus Cloud","Software / Information Technology","Medium-Large ($50MM-$100MM)","Medium (200-499)","Aware","2026-09-02",6,1,"6a9a765bb5b27f84af8cb0bb9f2500ef95ff0ee8c056b35ca390206c02982e44"
"acme-io.com","Acme Io","Software / Information Technology","Medium-Small ($10MM-$50MM)","Medium-Small (50-199)","Engaged","2026-05-22",102,12,"e26de2a1652ba74755ab6c423a7d8e57f278b4c544e7210c73cac14bf08f2d33"
"iron-digital.com","Iron Digital","Financial Services","Small ($1MM-$10MM)","Medium-Small (50-199)","Opportunity","2026-05-04",149,19,"16276432514e804dec14f758b3824209b9ceb39751e31cb0d4b04d997b1a36c3"
"rapid-works.com","Rapid Works","Logistics and Supply Chain","Medium-Small ($10MM-$50MM)","Medium-Small (50-199)","Aware","2026-07-05",12,5,""
"atlas-cloud.com","Atlas Cloud","Software / Information Technology","Medium-Large ($50MM-$100MM)","Medium (200-499)","Engaged","2026-06-20",41,10,"3369e17465ae2bd6f29c010a85ed3af90d5574cc9548d54a0fdb1c337d402d81"
"prime-systems.com","Prime Systems","Software / Information Technology","Medium-Large ($50MM-$100MM)","Medium-Large (500-999)","Aware","2026-08-30",19,3,"080066cb49b01a7b6684a3c0aa80edce73d219e47c4b019b36a7d6909a3c7c98"
"nova-inc.com","Nova Inc","Software / Information Technology","XXLarge ($1B+)","XXLarge (10,000+)","Engaged","2026-09-09",19,15,""
"iron-net.com","Iron Net","Software / Information Technology","Micro ($0-$1MM)","Micro (1-9)","MQL","2026-04-01",124,16,"715b0603b7436c1425655157d2e53150d334b1ac422fd0df685e7afb76631294"
"bright-group.com","Bright Group","Marketing and Advertising","Small ($1MM-$10MM)","Small (10-49)","MQL","2026-05-07",117,15,"717677f0b57a5a61df7888d0c7e9c3efd2073f752d788059dce3e31d2122c52e"
"global-hub.com","Global Hub","Construction","Large ($100MM-$200MM)","Medium-Large (500-999)","Engaged","2026-05-10",81,12,""
"peak-data.com","Peak Data","Software / Information Technology","Medium-Small ($10MM-$50MM)","Medium-Small (50-199)","MQL","2026-06-10",148,19,"8f28633d79b11cea60c1db008abe98ad81d6f479ba1eca2211e9dc2d2e5a9a2a"
"vertex-io.com","Vertex Io","E-Learning","Large ($100MM-$200MM)","Medium-Large (500-999)","Unaware","2026-06-19",5,1,""
"cyber-group.com","Cyber Group","Software / Information Technology","Micro ($0-$1MM)","Micro (1-9)","Unaware","2026-08-19",3,1,""
"prime-systems.com","Prime Systems","Health, Wellness and Fitness","XLarge ($200MM-$1B)","Large (1,000-4,999)","Unaware","2026-08-25",1,1,""
"atlas-systems.com","Atlas Systems","Health, Wellness and Fitness","Small ($1MM-$10MM)","Medium-Small (50-199)","Engaged","2026-04-26",27,15,""
"apex-systems.com","Apex Systems","Retail","Micro ($0-$1MM)","Small (10-49)","MQL","2026-08-17",77,27,""
"peak-io.com","Peak Io","Marketing and Advertising","Medium-Small ($10MM-$50MM)","Medium (200-499)","Unaware","2026-07-10",5,1,"d6a55a29fb7568f7a0bc202a11b3c9b44c1e3c2ff9e2d9f44938af1a72d96d40"
"iron-media.com","Iron Media","Food & Beverages","Micro ($0-$1MM)","Micro (1-9)","Aware","2026-06-17",3,2,"3c8496bdd30187ef5d8ebd883004cd368fe8eb49ed95229c77c3538157beed53"
"smart-digital.com","Smart Digital","Entertainment","Micro ($0-$1MM)","Micro (1-9)","Unaware","2026-09-22",4,1,"278a2e3166b26aef3102b449b365c8117acda35dff1fd6a2d6bd902ef07358eb"
"vertex-hub.com","Vertex Hub","Automotive","Small ($1MM-$10MM)","Small (10-49)","Engaged","2026-05-13",93,10,"b5ca0dfd650929163758b6c550fb8795fba360a1298ca785d7c4a35af99490db"
"green-data.com","Green Data","Construction","Medium-Small ($10MM-$50MM)","Medium-Small (50-199)","Unaware","2026-04-16",1,1,""
"atlas-inc.com","Atlas Inc","E-Learning","Micro ($0-$1MM)","Micro (1-9)","Aware","2026-06-29",9,4,"a1dda0fff38a0da9759096c1fb91314be4b0dce4cc5c52cca99e8957c7b248d2"
"green-systems.com","Green Systems","Software / Information Technology","Small ($1MM-$10MM)","Medium-Small (50-199)","Aware","2026-08-15",21,3,"059cef17828cf8aa3e6a11259df0c69adda419879057a3d66276d48169299d72"
"vertex-works.com","Vertex Works","Marketing and Advertising","Small ($1MM-$10MM)","Small (10-49)","Aware","2026-05-12",4,3,"6ccc5d8a348a784d8c9580f0493b5c8a535c0903c64a17c11e7c2b6ce467d1d3"
"peak-net.com","Peak Net","Construction","Large ($100MM-$200MM)","Large (1,000-4,999)","Unaware","2026-04-25",3,1,"2e8e53ea2e7bdcfb5cfe6634f40a93bc69f7a6a81e79f89f5cd58286c58c85e3"
"rapid-works.com","Rapid Works","Financial Services","Large ($100MM-$200MM)","Medium-Large (500-999)","Unaware","2026-06-09",1,1,""
"rapid-net.com","Rapid Net","Health, Wellness and Fitness","Micro ($0-$1MM)","Small (10-49)","Aware","2026-06-24",16,2,"7223577f52b96a116c86d509b2471e89bf5c67349905f209feb219bec619b06d"
"stellar-group.com","Stellar Group","Management Consulting","Small ($1MM-$10MM)","Small (10-49)","Engaged","2026-04-02",47,13,""
"global-works.com","Global Works","Retail","Micro ($0-$1MM)","Micro (1-9)","Engaged","2026-09-23",47,12,""
"blue-cloud.com","Blue Cloud","Logistics and Supply Chain","XLarge ($200MM-$1B)","XLarge (5,000-10,000)","Unaware","2026-07-04",3,1,"c0af09bc2bff1b8319c7146262d6c2ac6b775b3b39daf33d31e5e21757bf2072"
"green-group.com","Green Group","Education Management","Medium-Small ($10MM-$50MM)","Medium (200-499)","Unaware","2026-08-16",5,1,"e1ab4af6894a754b76c16c2928981c95f98739f9ebee95c0632c734c9dba5fe5"
"iron-hub.com","Iron Hub","Telecommunications","XXLarge ($1B+)","XXLarge (10,000+)","Unaware","2026-06-17",5,1,"5a8561e8a65193a034e147065465384dbff52648f4add0ce859e3ce74d2c06f6"
"iron-systems.com","Iron Systems","Legal Services","Medium-Small ($10MM-$50MM)","Medium (200-499)","Unaware","2026-07-16",1,1,"e84e08800adf8b415b2eb1a157ad7705d9b3e8a3eaa44ba52e2e6de6f3ca5b7e"
"rapid-solutions.com","Rapid Solutions","Software / Information Technology","Micro ($0-$1MM)","Micro (1-9)","Aware","2026-08-31",4,6,""
"clear-solutions.com","Clear Solutions","Automotive","XLarge ($200MM-$1B)","XLarge (5,000-10,000)","Aware","2026-06-30",19,1,"a0efb711103071910579164bbabb512c28f0a3b4904a6b0cca2d249846d03b13"
"peak-data.com","Peak Data","Insurance","Small ($1MM-$10MM)","Small (10-49)","Aware","2026-08-08",4,4,""
"acme-inc.com","Acme Inc","Financial Services","XLarge ($200MM-$1B)","Large (1,000-4,999)","Unaware","2026-08-20",5,1,"914c7e75644ad3e64b41233099a0371627315817d058965588a165a20cbded13"
"peak-labs.com","Peak Labs","Food & Beverages","Medium-Small ($10MM-$50MM)","Medium-Small (50-199)","Unaware","2026-04-10",2,1,"ec86d83eae840e843a8d55458620bfcd37d8812a56a3f75713dcbd362e44074a"
"nexus-data.com","Nexus Data","Legal Services","Medium-Small ($10MM-$50MM)","Medium (200-499)","Aware","2026-07-04",13,2,"91159826819d733be5d41a74c7181ee6611860bd3806c96426ade5bd7b344108"
"nova-io.com","Nova Io","Marketing and Advertising","Large ($100MM-$200MM)","Medium-Large (500-999)","Aware","2026-04-28",10,3,"fd961d46c300113c7caca0e70168f045f82e4a4641944f695e49f2149f8ccebe"
"apex-io.com","Apex Io","Logistics and Supply Chain","Small ($1MM-$10MM)","Medium-Small (50-199)","Unaware","2026-08-05",3,1,""
"rapid-hub.com","Rapid Hub","Software / Information Technology","Small ($1MM-$10MM)","Small (10-49)","Unaware","2026-09-02",1,1,"e0a5d55ad9d21da3f3cf5aea85fcf1551c37e6914ce31d3c4a78942aae29f625"
"blue-corp.com","Blue Corp","Software / Information Technology","Large ($100MM-$200MM)","Medium-Large (500-999)","Unaware","2026-05-26",3,1,""
"swift-group.com","Swift Group","Software / Information Technology","Small ($1MM-$10MM)","Small (10-49)","Unaware","2026-06-23",4,1,"e317e5e266f4a1c54b87a8ef2dffbdf417fb3c7ab396527ca65ec2b4ea03c300"
"nova-media.com","Nova Media","Health, Wellness and Fitness","Medium-Small ($10MM-$50MM)","Medium (200-499)","Unaware","2026-08-26",5,1,""
"cyber-io.com","Cyber Io","Marketing and Advertising","Small ($1MM-$10MM)","Small (10-49)","Unaware","2026-05-15",3,1,"a7f95bce52dffbe77305136b16acaf48f81708a07fde4dd1f32af686e6445385"
"rapid-cloud.com","Rapid Cloud","Education Management","Micro ($0-$1MM)","Micro (1-9)","Unaware","2026-09-12",1,1,"780cd6445c95683b88c774d7f57535278e7ac9ed25d33931f5491722e8ff3c99"
"cyber-systems.com","Cyber Systems","Software / Information Technology","Large ($100MM-$200MM)","Large (1,000-4,999)","Unaware","2026-04-09",5,1,""
"vertex-media.com","Vertex Media","Retail","Micro ($0-$1MM)","Micro (1-9)","Engaged","2026-08-11",48,12,""
"rapid-data.com","Rapid Data","Manufacturing","Micro ($0-$1MM)","Small (10-49)","Engaged","2026-04-12",29,12,"0809738f4c56e0914834d27545b4445278f930cf26e36564d5c48a9a43edf826"
"cyber-hub.com","Cyber Hub","E-Learning","Medium-Large ($50MM-$100MM)","Medium-Large (500-999)","Unaware","2026-06-07",5,1,"fdc42b64e5a1a17a1c285401ad6845bda68190204a37b526f4edc59ccb338536"
"bright-media.com","Bright Media","Logistics and Supply Chain","Small ($1MM-$10MM)","Small (10-49)","Unaware","2026-07-17",4,1,""
"prime-inc.com","Prime Inc","Marketing and Advertising","Small ($1MM-$10MM)","Small (10-49)","Aware","2026-09-07",8,6,""
"prime-systems.com","Prime Systems","Telecommunications","Large ($100MM-$200MM)","Medium-Large (500-999)","Aware","2026-05-04",15,3,"6e38c1faef30fdd1f0e6e7c20217bedccaffcc18bb64ee29217515823b6b3638"
"iron-net.com","Iron Net","E-Learning","Medium-Small ($10MM-$50MM)","Medium (200-499)","Aware","2026-06-18",9,5,""
"smart-works.com","Smart Works","Entertainment","Medium-Small ($10MM-$50MM)","Medium-Small (50-199)","MQL","2026-05-07",225,12,"6c0eb936e634a478cc32a519fc530c47918d4b2c04bd1e4d01496254c057bcee"
"green-hub.com","Green Hub","Consumer Goods","Medium-Small ($10MM-$50MM)","Medium-Small (50-199)","Aware","2026-05-14",16,5,""
"smart-net.com","Smart Net","Education Management","Medium-Large ($50MM-$100MM)","Medium (200-499)","Engaged","2026-09-14",26,9,"ffcc74c642879fccf564e8a91525119cecd8597a18d0e7283daaf9d19f2282bf"
"green-systems.com","Green Systems","Marketing and Advertising","XLarge ($200MM-$1B)","XLarge (5,000-10,000)","Opportunity","2026-05-19",370,49,""
"clear-tech.com","Clear Tech","Manufacturing","Medium-Small ($10MM-$50MM)","Medium-Small (50-199)","Engaged","2026-06-21",85,8,"b8fe6bb9d3799d8e9e24d2afcb0d66d7c0e362917d18a1ba5ce7826a58641ece"
"peak-group.com","Peak Group","Insurance","Medium-Small ($10MM-$50MM)","Medium-Small (50-199)","Opportunity","2026-07-11",59,31,"3233bbaba7d0f8b72a525867cc48353b6ae0bc6577e48f8b9d32a6c1f4e87307"
"smart-inc.com","Smart Inc","Logistics and Supply Chain","Large ($100MM-$200MM)","Medium-Large (500-999)","Engaged","2026-09-07",87,11,"de5707d0081c5dfba03f1220f497e794cdb8da8ff84f8cbda777422d9a09de23"
"global-digital.com","Global Digital","Telecommunications","Micro ($0-$1MM)","Micro (1-9)","Aware","2026-06-08",15,2,"c838a2fbb5dfad0964017fbfb9fa8f97e8600809eda1bee7fb4483a84194be9b"
"green-hub.com","Green Hub","E-Learning","Micro ($0-$1MM)","Micro (1-9)","Unaware","2026-07-30",4,1,""
"cyber-data.com","Cyber Data","Marketing and Advertising","Small ($1MM-$10MM)","Small (10-49)","Unaware","2026-07-19",1,1,"76d293ecdf712f353d7fe6ab49b1c554996c8b735a3ea63ab01813e4ce3b3773"
"prime-digital.com","Prime Digital","Management Consulting","Medium-Small ($10MM-$50MM)","Medium (200-499)","Engaged","2026-07-30",30,3,"fcdbc9722391ba287c11af427fa8a364b338deda2c5d6d94e5e2332f05a9d889"
"stellar-tech.com","Stellar Tech","Construction","Small ($1MM-$10MM)","Medium-Small (50-199)","Aware","2026-07-13",8,5,""
"vertex-corp.com","Vertex Corp","Entertainment","Large ($100MM-$200MM)","Medium-Large (500-999)","Unaware","2026-07-26",1,1,"9b0028ea329be511f60faf9c6b374e95e654ed5fc4d1af136ec9912374bbd11e"
"stellar-data.com","Stellar Data","Health, Wellness and Fitness","XLarge ($200MM-$1B)","Large (1,000-4,999)","Unaware","2026-05-11",2,1,""
"nexus-corp.com","Nexus Corp","Software / Information Technology","XXLarge ($1B+)","XXLarge (10,000+)","Aware","2026-08-07",13,3,"f6f7390b8ba152b61d385e2c836e2e59df75e8da04a12b11ffc529e923033a4f"
"nova-corp.com","Nova Corp","Financial Services","Medium-Large ($50MM-$100MM)","Medium (200-499)","Unaware","2026-09-07",4,1,"dc362aa98ab2a8796689d721774d2269e206e0d37a99d465d1e5fd4b4604de2e"
"core-digital.com","Core Digital","Consumer Goods","Small ($1MM-$10MM)","Small (10-49)","Aware","2026-08-08",19,3,"ea10de5c533d1e834f87480fded166cccd76c12b78e08d4c7935c7667e5daa08"
"apex-tech.com","Apex Tech","Marketing and Advertising","Micro ($0-$1MM)","Small (10-49)","Unaware","2026-08-26",3,1,""
"prime-cloud.com","Prime Cloud","Software / Information Technology","Large ($100MM-$200MM)","Large (1,000-4,999)","Unaware","2026-04-14",2,1,"939c5c8c8ab3a2917003329851150d5b1f0aadbce0a4c5e7895f282590a87e81"
"apex-corp.com","Apex Corp","Automotive","Micro ($0-$1MM)","Micro (1-9)","Engaged","2026-04-20",30,17,""
"smart-solutions.com","Smart Solutions","E-Learning","Micro ($0-$1MM)","Small (10-49)","Engaged","2026-06-08",27,13,""
"green-io.com","Green Io","Manufacturing","Micro ($0-$1MM)","Micro (1-9)","Unaware","2026-06-30",1,1,"9e108df734550144ae1903160f836e5f63113bc0fb46970478f5ca077f4f1ed6"
"iron-labs.com","Iron Labs","Health, Wellness and Fitness","Medium-Small ($10MM-$50MM)","Medium (200-499)","Unaware","2026-09-09",3,1,"c58aaccb8649d7bcdb29771c7e011e0e2673b26709a358abb14bada18616ed01"
"nexus-corp.com","Nexus Corp","Legal Services","Micro ($0-$1MM)","Small (10-49)","Unaware","2026-06-11",5,1,""
"apex-digital.com","Apex Digital","Software / Information Technology","XXLarge ($1B+)","XXLarge (10,000+)","Unaware","2026-04-25",4,1,"737b6f1245e99275725467ba033cf31713db4a6ecc273e86ee950218b24ba6cc"
"vertex-cloud.com","Vertex Cloud","Marketing and Advertising","Medium-Small ($10MM-$50MM)","Medium-Small (50-199)","Unaware","2026-07-31",2,1,""
"peak-tech.com","Peak Tech","Financial Services","Medium-Small ($10MM-$50MM)","Medium-Small (50-199)","Engaged","2026-06-11",34,13,""
"iron-systems.com","Iron Systems","Health, Wellness and Fitness","Small ($1MM-$10MM)","Medium-Small (50-199)","Engaged","2026-09-09",85,14,""
"apex-systems.com","Apex Systems","Manufacturing","XXLarge ($1B+)","XXLarge (10,000+)","Unaware","2026-04-21",3,1,"e0a91825b740de8b1c77b53377a0bb21fe8cd9aec344a11769b817aee9aa6519"
"acme-hub.com","Acme Hub","Telecommunications","XXLarge ($1B+)","XXLarge (10,000+)","MQL","2026-07-27",32,6,"bd57b675c02a4e0e2f99fdd7883d77ce6059b2db33784bd31bb95d64fc7a0020"
"core-systems.com","Core Systems","Entertainment","Medium-Small ($10MM-$50MM)","Medium-Small (50-199)","Aware","2026-07-21",11,5,""
"apex-hub.com","Apex Hub","Software / Information Technology","Micro ($0-$1MM)","Micro (1-9)","Unaware","2026-04-29",4,1,""
"iron-tech.com","Iron Tech","Legal Services","XXLarge ($1B+)","XXLarge (10,000+)","Aware","2026-09-21",5,2,"44ce7d2811a2979c2243f5ca848e582f38963de6baf85dee915f758452e1c292"
"bright-works.com","Bright Works","Telecommunications","XXLarge ($1B+)","XXLarge (10,000+)","Unaware","2026-08-24",4,1,""
"cyber-solutions.com","Cyber Solutions","Legal Services","Small ($1MM-$10MM)","Small (10-49)","MQL","2026-08-22",186,8,"6563aaf0cef414d5c80ed7f2aefd0fe7ba79e60e85f4a426656dd761a57f382b"
"acme-hub.com","Acme Hub","Telecommunications","Micro ($0-$1MM)","Micro (1-9)","Aware","2026-08-18",12,6,""
"nexus-tech.com","Nexus Tech","Software / Information Technology","XXLarge ($1B+)","XXLarge (10,000+)","Unaware","2026-08-07",5,1,"f4ce08381c97271762b393fb63a971ead0b2a808caeeec99579635a511ac84b1"
"swift-works.com","Swift Works","Marketing and Advertising","Micro ($0-$1MM)","Micro (1-9)","Unaware","2026-05-14",4,1,""
"rapid-net.com","Rapid Net","Food & Beverages","Large ($100MM-$200MM)","Large (1,000-4,999)","Unaware","2026-05-03",4,1,""
"apex-io.com","Apex Io","Software / Information Technology","Large ($100MM-$200MM)","Large (1,000-4,999)","MQL","2026-05-31",108,17,"32a746cb6e43ecace879d1b2cfa9918843288b66dcc0d11c1cda4eef0985fc87"
"peak-io.com","Peak Io","Financial Services","Medium-Large ($50MM-$100MM)","Medium-Large (500-999)","Engaged","2026-08-12",74,11,"bdc056992b59ce9cca7f24e2fa038f3a7de4878ccc4e6c886bf7a3ee7f3498fc"
"apex-group.com","Apex Group","Financial Services","Small ($1MM-$10MM)","Medium-Small (50-199)","Opportunity","2026-07-15",214,44,""
"vertex-labs.com","Vertex Labs","Marketing and Advertising","Large ($100MM-$200MM)","Medium-Large (500-999)","Unaware","2026-06-25",2,1,"babc0037a6d243edca5763182aabfd4c240e43d76e91b5dc6c7fba919ccb6a53"
"rapid-cloud.com","Rapid Cloud","Automotive","Small ($1MM-$10MM)","Medium-Small (50-199)","Engaged","2026-04-16",81,7,"2ba9f7cc3616509faddc5ef264568506e3c29aa3f0c8a9f2ac05ea26ec62fae1"
"core-group.com","Core Group","Manufacturing","Micro ($0-$1MM)","Micro (1-9)","Engaged","2026-06-09",105,5,"eb91c1a8102116f6bee88227842ad6db5142a5700d81b5570b3004a5f797e0a9"
"swift-inc.com","Swift Inc","Telecommunications","Medium-Large ($50MM-$100MM)","Medium (200-499)","Unaware","2026-08-04",5,1,"da85dc9f9ba45e3e6bea9d40fad9b5ada00edaf9085e7bd77047b2ddb09be2be"
"swift-media.com","Swift Media","Food & Beverages","Medium-Small ($10MM-$50MM)","Medium-Small (50-199)","Engaged","2026-04-05",91,8,"faa715f4df35bb138852127a713f976947f5bf116e6d0bfcca0d376a62afb2a3"
"blue-inc.com","Blue Inc","Marketing and Advertising","Micro ($0-$1MM)","Micro (1-9)","Unaware","2026-05-20",2,1,""
"atlas-cloud.com","Atlas Cloud","Software / Information Technology","Large ($100MM-$200MM)","Large (1,000-4,999)","Aware","2026-09-22",9,2,"4ac57dbd6ab547906e5c1af472b6270806bc8d785611c06e0830d857e333fcec"
"acme-data.com","Acme Data","Software / Information Technology","Medium-Small ($10MM-$50MM)","Medium (200-499)","Unaware","2026-09-08",4,1,"a400d303ab31d168785510f38b5ea513a6f04ec45bcecf5d4435c4078e4ee5f0"
"prime-group.com","Prime Group","Construction","Small ($1MM-$10MM)","Small (10-49)","Engaged","2026-08-09",103,17,""
"cyber-labs.com","Cyber Labs","Financial Services","Micro ($0-$1MM)","Small (10-49)","Unaware","2026-05-24",4,1,""
"acme-media.com","Acme Media","Software / Information Technology","Medium-Small ($10MM-$50MM)","Medium-Small (50-199)","Engaged","2026-04-12",39,16,""
"nexus-media.com","Nexus Media","Education Management","Medium-Large ($50MM-$100MM)","Medium-Large (500-999)","Unaware","2026-07-03",5,1,"eb3f1384a5577d33e53b5642de7887dded0977ea12e77aac59992de4d6f44822"
"green-io.com","Green Io","Health, Wellness and Fitness","Large ($100MM-$200MM)","Large (1,000-4,999)","Aware","2026-06-02",19,3,"68fb8eb2aa1850fa43fee2351d1973363bb98cdddfb0ec222fde9c87122bddbc"
"core-inc.com","Core Inc","Management Consulting","Medium-Small ($10MM-$50MM)","Medium-Small (50-199)","Unaware","2026-07-08",4,1,"0b9f97ecbd612ad74cbaacfb92fe7b364bbb115b9864b68fa74d58db800b2037"
"nova-data.com","Nova Data","Automotive","XLarge ($200MM-$1B)","Large (1,000-4,999)","Unaware","2026-08-19",4,1,""
"stellar-group.com","Stellar Group","Financial Services","Small ($1MM-$10MM)","Small (10-49)","Engaged","2026-07-07",38,4,"1d10b830ebcc9db8384b1433ad093ae0ba40b40f95bb7648702d617cc5cd4aeb"
"blue-group.com","Blue Group","Manufacturing","Micro ($0-$1MM)","Micro (1-9)","Aware","2026-03-29",7,3,"b021b0023850f758bf7f9e18976fb672f9b135fd60040d5a6767fbb6e8c2beaa"
"rapid-data.com","Rapid Data","Telecommunications","Medium-Large ($50MM-$100MM)","Medium (200-499)","Engaged","2026-07-02",75,17,""
"nexus-hub.com","Nexus Hub","Telecommunications","Micro ($0-$1MM)","Micro (1-9)","Unaware","2026-06-19",5,1,""
"smart-group.com","Smart Group","E-Learning","XXLarge ($1B+)","XXLarge (10,000+)","MQL","2026-07-26",117,8,"26b81a3da4cb684aea7455e3dcb36cd82d9f58be72882067f42672f673dad583"
"rapid-labs.com","Rapid Labs","Retail","Large ($100MM-$200MM)","Medium-Large (500-999)","Unaware","2026-04-09",4,1,""
"green-labs.com","Green Labs","Software / Information Technology","XLarge ($200MM-$1B)","XLarge (5,000-10,000)","Unaware","2026-04-01",3,1,"d0765682e31d52019c5db088b75f2ce8e506d800f224a44d2f11a8798f03329c"
"nexus-net.com","Nexus Net","Entertainment","Large ($100MM-$200MM)","Medium-Large (500-999)","Engaged","2026-09-20",16,14,""
"apex-net.com","Apex Net","Software / Information Technology","Micro ($0-$1MM)","Micro (1-9)","Aware","2026-05-29",20,3,"48767f9287a273dfb6b1a66b1c03ef0b5000cea461733a1bd6cc9af49763de8c"
"smart-labs.com","Smart Labs","Software / Information Technology","Medium-Small ($10MM-$50MM)","Medium-Small (50-199)","Engaged","2026-07-24",20,9,"38061e0d9f7e92a6e8620656b01f9131d32fc402ed9b717d21b3baff876e324b"
"green-corp.com","Green Corp","Real Estate","Medium-Small ($10MM-$50MM)","Medium-Small (50-199)","Unaware","2026-08-11",4,1,"00cdca9e1f83fe3d19487c9df7d2c9a6bdb865b8b31b4c252044df76422bbbfa"
"vertex-inc.com","Vertex Inc","Software / Information Technology","Medium-Small ($10MM-$50MM)","Medium-Small (50-199)","Aware","2026-05-31",6,2,"24b2723aa6026d2e7c66ad348f0891188bfc664b6a6fd456ce68732bdd3be937"
"stellar-hub.com","Stellar Hub","Financial Services","Medium-Small ($10MM-$50MM)","Medium (200-499)","Aware","2026-08-29",6,2,"d3ff45df20530fe53eb811ea18c99e414e67541b4f2ad63cd9c72940928e4550"
"peak-hub.com","Peak Hub","Automotive","Micro ($0-$1MM)","Small (10-49)","Aware","2026-07-21",13,6,""
"stellar-corp.com","Stellar Corp","Marketing and Advertising","Micro ($0-$1MM)","Micro (1-9)","Engaged","2026-08-12",57,15,""
"smart-net.com","Smart Net","Marketing and Advertising","Medium-Small ($10MM-$50MM)","Medium (200-499)","Engaged","2026-09-02",28,11,"81d01fdd9e11927e85e4c73c6595ad4220e0f1f1057f71b1be85182fe1ad5803"
"blue-inc.com","Blue Inc","Software / Information Technology","Micro ($0-$1MM)","Small (10-49)","Engaged","2026-08-05",15,9,"df7c846a18a124ddc4e14ca762e8965d6560768f40645fde4e60552ab09e0caa"
"blue-digital.com","Blue Digital","Education Management","Medium-Large ($50MM-$100MM)","Medium (200-499)","Aware","2026-04-05",10,2,"46fb934e5099c8be9135d2cf73d60d019e4a969c566206c16b2440a5d86b10e3"
"blue-corp.com","Blue Corp","Entertainment","Micro ($0-$1MM)","Micro (1-9)","Engaged","2026-07-07",11,16,""
"nova-io.com","Nova Io","Software / Information Technology","Large ($100MM-$200MM)","Large (1,000-4,999)","Unaware","2026-05-10",5,1,"e73d23e50bbed5a0ddac8fed28eb039e5b1443bf5ac33fd8d2b194432d73c335"
"rapid-systems.com","Rapid Systems","Manufacturing","Medium-Small ($10MM-$50MM)","Medium (200-499)","Unaware","2026-08-14",5,1,"affda3fa6071815cd458e14c1301c71dfc79884bd076c039a67f1d894a07abdc"
"cyber-inc.com","Cyber Inc","Education Management","Large ($100MM-$200MM)","Medium-Large (500-999)","Engaged","2026-09-14",82,17,""
"iron-group.com","Iron Group","Financial Services","Medium-Small ($10MM-$50MM)","Medium-Small (50-199)","MQL","2026-06-20",75,14,"20d18ac560193f2b91ef03960358e4d146bc63be362ca6d2c068b60fd9b60a2a"
"global-digital.com","Global Digital","Marketing and Advertising","XLarge ($200MM-$1B)","Large (1,000-4,999)","Unaware","2026-04-12",1,1,"63720ab3ed35bba08e7ca2650d229162113dc1180d4c8d1c70454ba9bad2d6ee"
"acme-hub.com","Acme Hub","Construction","XLarge ($200MM-$1B)","Large (1,000-4,999)","Engaged","2026-04-14",91,5,"d3180b3d10c7ad41ee236208ada061e73d7dd5740703c8abbed0c58d82e9017a"
"green-corp.com","Green Corp","Automotive","Micro ($0-$1MM)","Small (10-49)","Unaware","2026-08-23",1,1,"a11e8225540da16fa9ea59fa8083abcc4f87c3d8be7306beb77de88f1924c1a3"
"rapid-works.com","Rapid Works","E-Learning","Medium-Large ($50MM-$100MM)","Medium-Large (500-999)","Unaware","2026-06-24",5,1,"3eb35e23534b07bfc0a9f138af93867319e6d7ba29de5648830713852e358b93"
"global-digital.com","Global Digital","Consumer Goods","Micro ($0-$1MM)","Micro (1-9)","Unaware","2026-06-08",4,1,"50f1271c40f45ae61d2645947c96b1b1f0b475eb85cde08039ebd4317e69134a"
"green-media.com","Green Media","Software / Information Technology","Medium-Small ($10MM-$50MM)","Medium (200-499)","Unaware","2026-04-16",2,1,"7d455558245ee69ed4285cebcc7620711b36dee2de2c11cf98df2bc89a34fca9"
"peak-inc.com","Peak Inc","Real Estate","XLarge ($200MM-$1B)","Large (1,000-4,999)","Unaware","2026-07-15",5,1,"d9d3c8f376c245b855167e67c6ef823dbaabdac0b6cd8bbc6c4731e498592b2c"
"prime-io.com","Prime Io","Food & Beverages","Medium-Large ($50MM-$100MM)","Medium-Large (500-999)","Engaged","2026-09-09",60,17,""
"green-digital.com","Green Digital","Financial Services","Medium-Large ($50MM-$100MM)","Medium-Large (500-999)","Aware","2026-04-15",8,3,"405d8337ad91f5f0c559d3b813c5d96f9a2e7fcc1a6f5eab88adc4d90f07a810"
"prime-works.com","Prime Works","Financial Services","Medium-Small ($10MM-$50MM)","Medium-Small (50-199)","Aware","2026-05-06",16,2,"1b9e337baffde752717e7b1cbb13ab03e90fc665547014c712d9ff03caca0b81"
"nova-inc.com","Nova Inc","Marketing and Advertising","Small ($1MM-$10MM)","Medium-Small (50-199)","MQL","2026-04-26",191,25,""
"acme-solutions.com","Acme Solutions","Logistics and Supply Chain","Micro ($0-$1MM)","Micro (1-9)","Engaged","2026-06-29",46,18,""
"smart-group.com","Smart Group","Education Management","Medium-Small ($10MM-$50MM)","Medium-Small (50-199)","Unaware","2026-04-01",1,1,""
"clear-labs.com","Clear Labs","Retail","Small ($1MM-$10MM)","Small (10-49)","Aware","2026-08-31",6,2,"f2bc954efffc632b7574354493da7f094d3210c94c0d16d72a094b4aabab5d81"
"global-hub.com","Global Hub","Food & Beverages","Medium-Small ($10MM-$50MM)","Medium (200-499)","Engaged","2026-04-06",53,8,"4168281c2da20a6e6c47751f5170351551d02d4887d4c5f8113f426cacf90d1c"
"smart-media.com","Smart Media","Logistics and Supply Chain","Small ($1MM-$10MM)","Medium-Small (50-199)","Aware","2026-09-17",7,4,"e716ef71601a640bab357e05b4fc4b25dede19cb7274312c21735f53e6a436f3"
"bright-inc.com","Bright Inc","Food & Beverages","Small ($1MM-$10MM)","Small (10-49)","Engaged","2026-07-17",84,12,"9b5eacf3aa271753d9e97d87bf2d96005652ca7d5bd1769cbe7313b92cbd1936"
"atlas-data.com","Atlas Data","Education Management","Medium-Large ($50MM-$100MM)","Medium-Large (500-999)","Unaware","2026-05-09",4,1,""
"rapid-systems.com","Rapid Systems","Marketing and Advertising","Small ($1MM-$10MM)","Medium-Small (50-199)","Engaged","2026-06-09",93,12,"3718dd7239d1bf161f5aa2957e03540b1f30b3fd8fa8fa395183247328c4eca5"
"stellar-data.com","Stellar Data","Management Consulting","Micro ($0-$1MM)","Micro (1-9)","Unaware","2026-09-02",4,1,""
"vertex-corp.com","Vertex Corp","Hospital & Health Care","Medium-Large ($50MM-$100MM)","Medium-Large (500-999)","MQL","2026-08-11",226,13,"e2f39606351227a7c12f3f2569befcef9d3c4e330366bfc6c9613b50d3ae4553"
"apex-hub.com","Apex Hub","Food & Beverages","XLarge ($200MM-$1B)","Large (1,000-4,999)","Unaware","2026-08-04",2,1,"7587b2ebeca78f0f2510ee7e84b3c6eb31074f01213e1c27fae96e1ae525ab49"
"rapid-cloud.com","Rapid Cloud","Construction","Micro ($0-$1MM)","Small (10-49)","Aware","2026-09-02",8,5,""
"swift-solutions.com","Swift Solutions","Software / Information Technology","Micro ($0-$1MM)","Micro (1-9)","Unaware","2026-08-07",2,1,"edee134fa3c69656e8ae3abc95697a95f4f6553115b6eb37589e859a300d7c0a"
"core-cloud.com","Core Cloud","Software / Information Technology","Medium-Small ($10MM-$50MM)","Medium-Small (50-199)","Opportunity","2026-09-09",155,41,""
"smart-systems.com","Smart Systems","Entertainment","Medium-Small ($10MM-$50MM)","Medium (200-499)","Unaware","2026-06-28",1,1,"150a98dd4a292507404dc744cd162019f682305df6a5baaa222e35d4c976b962"
"acme-digital.com","Acme Digital","Software / Information Technology","Medium-Small ($10MM-$50MM)","Medium (200-499)","Engaged","2026-09-14",26,5,"128b691b21a2855258818b1372db5a0f408b0da23ad773c293ebba9671f3bc28"
"apex-cloud.com","Apex Cloud","Software / Information Technology","Micro ($0-$1MM)","Micro (1-9)","Unaware","2026-04-08",3,1,"b5909b9fa71355ba44a1fb2170acbc281b6352c79a598856cff8a0440513af68"
"vertex-hub.com","Vertex Hub","Hospital & Health Care","Large ($100MM-$200MM)","Large (1,000-4,999)","Aware","2026-07-10",18,4,""
"cyber-labs.com","Cyber Labs","Management Consulting","Large ($100MM-$200MM)","Medium-Large (500-999)","Aware","2026-08-16",6,6,""
"vertex-inc.com","Vertex Inc","Construction","Micro ($0-$1MM)","Small (10-49)","Aware","2026-06-12",16,2,"8f467b57b497930f79c1c3835a66e0f28356319f84175205a394f1da9153175a"
"swift-works.com","Swift Works","Legal Services","Medium-Large ($50MM-$100MM)","Medium-Large (500-999)","Engaged","2026-07-09",61,15,""
"stellar-works.com","Stellar Works","Financial Services","Medium-Small ($10MM-$50MM)","Medium (200-499)","Aware","2026-09-12",18,1,"1c6d873ab2af148c29059efbf67546b0223b96cb0c55d643eed684af126c43ec"
"apex-media.com","Apex Media","Retail","Medium-Large ($50MM-$100MM)","Medium (200-499)","Opportunity","2026-07-18",378,31,"8bd7faaab16bff04545f8c52d62a46ade6d34b87a368e05523be2319b7cd3002"
"atlas-corp.com","Atlas Corp","Marketing and Advertising","Small ($1MM-$10MM)","Small (10-49)","Aware","2026-05-23",12,2,"631e2ff981c2ae12f581aa07a4ed923be574a40bc86b14da477950d53b054097"
"apex-cloud.com","Apex Cloud","Manufacturing","XXLarge ($1B+)","XXLarge (10,000+)","Unaware","2026-04-04",2,1,""
"green-tech.com","Green Tech","Marketing and Advertising","XXLarge ($1B+)","XXLarge (10,000+)","Aware","2026-04-18",3,2,"c3bac5f4535592aba20808704948671ee60adda4b8e88ec41317d014debb7ef8"
"nexus-media.com","Nexus Media","Retail","Medium-Small ($10MM-$50MM)","Medium (200-499)","MQL","2026-07-16",51,17,"ae708bae05477fa645ab986512bf5d4897a17845ca2ba7cea3ee7ffc19c32e7e"
"core-io.com","Core Io","Food & Beverages","XLarge ($200MM-$1B)","Large (1,000-4,999)","Aware","2026-04-25",11,1,"54958f6c42b1fb9b31847564d1dcd71f4d17b162ae1024079b8d4373f5758316"
"rapid-cloud.com","Rapid Cloud","Marketing and Advertising","Micro ($0-$1MM)","Micro (1-9)","MQL","2026-04-19",55,13,"e2369d9d8975624a88b01d7846fd9e4c782ae2bb8c9362d3f9825111f6ec1da4"
"blue-data.com","Blue Data","Software / Information Technology","Micro ($0-$1MM)","Micro (1-9)","Engaged","2026-07-12",108,12,"ad98ff5b626fb0fb73b89796bb70384d9b05e78b8ac636d0ddad723a5e02b1b7"
"nova-digital.com","Nova Digital","Legal Services","Large ($100MM-$200MM)","Large (1,000-4,999)","Engaged","2026-04-24",12,14,""
"blue-hub.com","Blue Hub","Marketing and Advertising","Medium-Small ($10MM-$50MM)","Medium (200-499)","Unaware","2026-04-19",4,1,"fe390b2cfdea7269ba6c161be337bc14a4b475f3c06cee77611caf9d5b61b408"
"rapid-io.com","Rapid Io","Telecommunications","Medium-Large ($50MM-$100MM)","Medium (200-499)","Unaware","2026-08-28",4,1,""
"acme-corp.com","Acme Corp","E-Learning","Medium-Large ($50MM-$100MM)","Medium (200-499)","MQL","2026-03-30",146,17,"66cee79a7cedbc8c40da29c9713fcf5fb7ed41e2edf2c23f4653f620d2ef9600"
"rapid-net.com","Rapid Net","Software / Information Technology","Micro ($0-$1MM)","Small (10-49)","Unaware","2026-09-01",4,1,"cf8944ad30caea4250e78f951762b43f2a58015887d9a1cbf3984114b8421ab2"
"stellar-io.com","Stellar Io","Entertainment","Micro ($0-$1MM)","Micro (1-9)","Aware","2026-06-27",11,4,"e500b76949a3484393f6ca5603971b5cd873f3cb7015e97f70eb9275ea6b8709"
"nova-digital.com","Nova Digital","Automotive","Large ($100MM-$200MM)","Medium-Large (500-999)","Aware","2026-07-28",9,1,"47d8109254ca3cd4196741fb2a7114da7f78f6b2dddeb609ae00a31ae5301a85"
"nexus-corp.com","Nexus Corp","Retail","Medium-Large ($50MM-$100MM)","Medium (200-499)","Opportunity","2026-03-28",76,33,"43872c887f94fe2c997a040aa340157c5c90baa680bd622a59035d8630d889ae"
"peak-group.com","Peak Group","Education Management","Micro ($0-$1MM)","Small (10-49)","Aware","2026-06-24",20,5,""
"acme-works.com","Acme Works","Marketing and Advertising","Micro ($0-$1MM)","Small (10-49)","Aware","2026-08-17",16,3,"8376d1b6dab19a4e4b2d5b6efd2318f380747b16472fe7ef81cf9366c24eddee"
"cyber-data.com","Cyber Data","Hospital & Health Care","Small ($1MM-$10MM)","Medium-Small (50-199)","Unaware","2026-06-13",3,1,""
"apex-group.com","Apex Group","Retail","Medium-Large ($50MM-$100MM)","Medium-Large (500-999)","Unaware","2026-07-13",2,1,"e0030b6421269c678bc59c8eef58d331e81b8bd3c5bec10800dcad397c97444a"
"swift-digital.com","Swift Digital","Software / Information Technology","XLarge ($200MM-$1B)","XLarge (5,000-10,000)","Engaged","2026-07-02",95,13,""
"swift-net.com","Swift Net","Entertainment","Small ($1MM-$10MM)","Medium-Small (50-199)","Unaware","2026-05-05",1,1,"c7e2354a5c53574f0014de1f4fe7ccfbe062ce0822f21f318f67fc5a20e9e5f1"
"blue-digital.com","Blue Digital","Logistics and Supply Chain","Small ($1MM-$10MM)","Medium-Small (50-199)","MQL","2026-06-22",220,16,"a3898884a5c03ba2eab48ff9cde2338932a754b6e631b3f04c9db4b4caac756b"
"nexus-corp.com","Nexus Corp","Consumer Goods","Medium-Small ($10MM-$50MM)","Medium (200-499)","Unaware","2026-08-20",2,1,"b6b1ed5f8db03ab6167e3189053d53852e1c44313ab897bd900c50c171e5bccc"
"atlas-hub.com","Atlas Hub","Consumer Goods","Medium-Small ($10MM-$50MM)","Medium (200-499)","Unaware","2026-08-20",2,1,""
"peak-cloud.com","Peak Cloud","Software / Information Technology","Medium-Large ($50MM-$100MM)","Medium-Large (500-999)","MQL","2026-08-14",98,25,""
"atlas-media.com","Atlas Media","Manufacturing","Small ($1MM-$10MM)","Small (10-49)","Unaware","2026-05-24",4,1,"3342564c094b1d9673a909c9c5013e2f5b65addeac3d54ed4fb2e40c76673c8b"
"iron-inc.com","Iron Inc","Software / Information Technology","Small ($1MM-$10MM)","Medium-Small (50-199)","Unaware","2026-09-08",2,1,""
"rapid-group.com","Rapid Group","Software / Information Technology","XXLarge ($1B+)","XXLarge (10,000+)","Engaged","2026-04-18",60,15,""
"acme-systems.com","Acme Systems","Manufacturing","Medium-Small ($10MM-$50MM)","Medium-Small (50-199)","Aware","2026-06-17",3,5,""
"global-cloud.com","Global Cloud","Food & Beverages","Medium-Large ($50MM-$100MM)","Medium-Large (500-999)","Unaware","2026-08-19",5,1,""
"bright-io.com","Bright Io","Financial Services","Medium-Small ($10MM-$50MM)","Medium (200-499)","Aware","2026-06-19",20,3,"1e2a48b902056b52ecd70e634274a925916bc3a03df7c4ff8e253d9fbbde9e43"
"core-cloud.com","Core Cloud","Hospital & Health Care","Medium-Small ($10MM-$50MM)","Medium-Small (50-199)","Aware","2026-06-18",19,2,"92674ab8e347268780dc20908700ec2203167c6942f211e69440ed597a0f0bd1"
"stellar-corp.com","Stellar Corp","E-Learning","XLarge ($200MM-$1B)","Large (1,000-4,999)","MQL","2026-06-01",178,5,"057e80df3f1eb7ed4cfd64bb81afc1002412a0482f9c3b231629565ddba6c2be"
"stellar-group.com","Stellar Group","Logistics and Supply Chain","Micro ($0-$1MM)","Micro (1-9)","Engaged","2026-06-29",107,10,"cbf96de65f54b34ff98027d0877af9bcbdadc5ece440fd19aa5d2c289ac3b038"
"clear-data.com","Clear Data","Food & Beverages","Micro ($0-$1MM)","Micro (1-9)","Unaware","2026-09-20",1,1,""
"nexus-group.com","Nexus Group","Management Consulting","Large ($100MM-$200MM)","Large (1,000-4,999)","Engaged","2026-05-30",57,12,"1f077f256f58b71d43a9942c750102f358375e4106567dfda8174a8d9120624a"
"acme-net.com","Acme Net","Manufacturing","Small ($1MM-$10MM)","Small (10-49)","Engaged","2026-07-05",12,10,"1b3e6df519c29732322d021af0f9d89e4ba1e5b839e6e7d6e668fb1020859885"
"bright-hub.com","Bright Hub","E-Learning","Micro ($0-$1MM)","Micro (1-9)","Unaware","2026-06-02",3,1,""
"rapid-media.com","Rapid Media","Legal Services","Medium-Small ($10MM-$50MM)","Medium (200-499)","Aware","2026-07-12",21,2,"5da6550bda63fae55fb259d377fbdc1355b00c3769ea4cf32d5a458c83b2d8dd"
"core-net.com","Core Net","Marketing and Advertising","Small ($1MM-$10MM)","Small (10-49)","MQL","2026-08-19",186,29,""
"peak-corp.com","Peak Corp","Health, Wellness and Fitness","Medium-Large ($50MM-$100MM)","Medium-Large (500-999)","Unaware","2026-05-12",3,1,"62e17d03ac25f351a716970130ab3fcec43fd18416f4d1bc04baae7276c52e05"
"nexus-digital.com","Nexus Digital","Legal Services","Medium-Large ($50MM-$100MM)","Medium (200-499)","MQL","2026-05-20",203,22,""
"cyber-corp.com","Cyber Corp","Retail","Small ($1MM-$10MM)","Medium-Small (50-199)","Engaged","2026-07-16",51,14,""
"atlas-works.com","Atlas Works","Hospital & Health Care","XXLarge ($1B+)","XXLarge (10,000+)","Aware","2026-05-08",20,2,"490a203f956766ffa4ea306d64545fc9d319d508a2478f7563a5b6f31a480ab1"
"green-inc.com","Green Inc","Marketing and Advertising","Medium-Large ($50MM-$100MM)","Medium-Large (500-999)","Unaware","2026-08-22",1,1,""
"green-works.com","Green Works","Health, Wellness and Fitness","Medium-Small ($10MM-$50MM)","Medium (200-499)","MQL","2026-08-21",76,7,"c44bb4cc17666c16ed2b05797de696674c5458eb44d86f77ba00a8863f3e6879"
"iron-data.com","Iron Data","Retail","Medium-Small ($10MM-$50MM)","Medium (200-499)","Unaware","2026-05-27",4,1,"c1ecf783bf788830b17adee9f0f03c01043374a0fb2792eed5aa7ea3553e2a7d"
"cyber-net.com","Cyber Net","Manufacturing","Small ($1MM-$10MM)","Medium-Small (50-199)","Aware","2026-07-31",5,6,""
"global-net.com","Global Net","Food & Beverages","Medium-Large ($50MM-$100MM)","Medium (200-499)","Aware","2026-08-19",13,5,""
"apex-inc.com","Apex Inc","Marketing and Advertising","Medium-Small ($10MM-$50MM)","Medium-Small (50-199)","Aware","2026-04-17",8,2,"8d2f202a4d00e715acc689bb9669e058a81f85f57aa9f2703fcfa8dfebce7f4f"
"blue-labs.com","Blue Labs","Software / Information Technology","Large ($100MM-$200MM)","Medium-Large (500-999)","Unaware","2026-08-20",1,1,""
"apex-io.com","Apex Io","Legal Services","Micro ($0-$1MM)","Small (10-49)","Engaged","2026-08-25",22,6,"64c4340e66a1943f06e4a646b77fdeac66518542121b454dbd2688858d99c18a"
"iron-group.com","Iron Group","Consumer Goods","Medium-Large ($50MM-$100MM)","Medium (200-499)","Unaware","2026-08-19",3,1,"6a7392e7a152448c834c1c2e625ae9bb9993c8d9eb2f60bc1b17d2c34d632379"
"stellar-digital.com","Stellar Digital","Software / Information Technology","Small ($1MM-$10MM)","Small (10-49)","Unaware","2026-07-05",2,1,"6f327e711e94ef4cd8b73afaba8146a311e0f5b22694ee97216553871c3f8f80"
"nexus-works.com","Nexus Works","Food & Beverages","Micro ($0-$1MM)","Micro (1-9)","Unaware","2026-05-28",4,1,""
"apex-digital.com","Apex Digital","Food & Beverages","Medium-Small ($10MM-$50MM)","Medium-Small (50-199)","Unaware","2026-06-12",1,1,"ff25576874713a85d4a0ac356afca37d972bc9444f80462210a805cc75ae2d2e"
"clear-solutions.com","Clear Solutions","Hospital & Health Care","Micro ($0-$1MM)","Micro (1-9)","MQL","2026-08-12",166,20,""
"smart-net.com","Smart Net","Health, Wellness and Fitness","Large ($100MM-$200MM)","Medium-Large (500-999)","Aware","2026-06-07",22,2,"097cedd4079f25c3183c5d68a579012ca0012b0a1ea06995bb685bdb1b36e056"
"prime-corp.com","Prime Corp","Software / Information Technology","Medium-Large ($50MM-$100MM)","Medium-Large (500-999)","Aware","2026-05-07",16,5,""
"cyber-solutions.com","Cyber Solutions","Retail","Micro ($0-$1MM)","Micro (1-9)","Unaware","2026-08-10",1,1,"7df1cca34045409d5266a958489c747b8b6f9bcf622493aa6847cb78a2ced72e"
"blue-data.com","Blue Data","Insurance","Micro ($0-$1MM)","Micro (1-9)","Aware","2026-08-16",9,3,"8f95a55e659135c4dd2f2ef0bceb86dbd33b17befb83d52f677eec4227b85370"
"acme-data.com","Acme Data","Marketing and Advertising","Large ($100MM-$200MM)","Large (1,000-4,999)","Unaware","2026-05-22",2,1,""
"acme-cloud.com","Acme Cloud","Legal Services","XLarge ($200MM-$1B)","Large (1,000-4,999)","Aware","2026-04-14",6,5,""
"nova-labs.com","Nova Labs","Automotive","Micro ($0-$1MM)","Small (10-49)","Unaware","2026-04-17",2,1,""
"blue-group.com","Blue Group","Education Management","Small ($1MM-$10MM)","Medium-Small (50-199)","Unaware","2026-04-29",5,1,""
"bright-systems.com","Bright Systems","Management Consulting","Medium-Small ($10MM-$50MM)","Medium-Small (50-199)","Opportunity","2026-08-23",278,13,"48b5677f99ce43dbdf6aba98b61fb2fbcb23cf7dbe6992e5830370bcfac1d11b"
"core-data.com","Core Data","Retail","Micro ($0-$1MM)","Micro (1-9)","Aware","2026-09-16",10,2,"d9d24e824bc796fa7ce10214968ea81a894121693cdbfbc0db2b27af139d7b85"
"atlas-systems.com","Atlas Systems","Financial Services","Medium-Large ($50MM-$100MM)","Medium (200-499)","Aware","2026-04-06",12,3,"e441f8a8675d44b7927b23f4e1d0c1a5dcfb0e6e7a5fbe6df45b9599e04a04e3"
"swift-tech.com","Swift Tech","Legal Services","Small ($1MM-$10MM)","Small (10-49)","Engaged","2026-07-01",87,4,"46e1fc0fe88222f7dbe12302791f04ec9778668537b57ce4a7a09720b242f6f0"
"acme-cloud.com","Acme Cloud","Education Management","XLarge ($200MM-$1B)","Large (1,000-4,999)","Engaged","2026-08-04",66,6,"c7c1079e779099a0aa753796b2da7cbbbf7b4e14cc2a5e7157c8c907dff86860"
"rapid-media.com","Rapid Media","Manufacturing","Medium-Small ($10MM-$50MM)","Medium (200-499)","Unaware","2026-04-23",3,1,"2eb22f7c01581e73922ced5b631d74f3bca440ae62da724a47766597860f497b"
"peak-hub.com","Peak Hub","Logistics and Supply Chain","Medium-Small ($10MM-$50MM)","Medium-Small (50-199)","MQL","2026-08-18",124,13,"af89e0acb6d371ad85eb837bdfbe419d38363172cf29d1fb7f3fe736c497ac9d"
"prime-media.com","Prime Media","E-Learning","Small ($1MM-$10MM)","Small (10-49)","Aware","2026-09-12",21,4,"f8af145234d81db5e7aa35c66629279140cf1bdc7f5ef17aae8f18372e7addca"
"clear-cloud.com","Clear Cloud","Telecommunications","Medium-Large ($50MM-$100MM)","Medium-Large (500-999)","Engaged","2026-07-26",57,5,"639390c9843607a1d92232ac2729f542185c0960f33edfe846f3497c87a2f0e2"
"vertex-works.com","Vertex Works","E-Learning","Small ($1MM-$10MM)","Small (10-49)","Unaware","2026-05-19",1,1,"4eacb76d108f01c1b448bd006ecd1e9b8f2590c443998ac2b039cda223e30e33"
"swift-solutions.com","Swift Solutions","Manufacturing","Micro ($0-$1MM)","Micro (1-9)","Unaware","2026-04-28",3,1,"fa87a52bc1fad9a96ca975b524490010855ee15a7a2e6951691aa44554c1eeb3"
"clear-net.com","Clear Net","Marketing and Advertising","XXLarge ($1B+)","XXLarge (10,000+)","Aware","2026-04-20",22,2,"e3cacc74b6424457c174b869e247326059c98b720e0f17c6a361894f58acb01d"
"stellar-data.com","Stellar Data","Software / Information Technology","Large ($100MM-$200MM)","Large (1,000-4,999)","Unaware","2026-05-27",2,1,""
"blue-tech.com","Blue Tech","Education Management","Medium-Large ($50MM-$100MM)","Medium-Large (500-999)","Aware","2026-05-26",21,5,""
"swift-inc.com","Swift Inc","Software / Information Technology","Medium-Large ($50MM-$100MM)","Medium-Large (500-999)","Aware","2026-05-28",20,3,"5fb18a3073a50c36d4e81cedb8ed8f9f5794ac3f71aca0c0bd3fc464f3c0d861"
"peak-io.com","Peak Io","Food & Beverages","Small ($1MM-$10MM)","Small (10-49)","Unaware","2026-05-31",2,1,""
"nova-systems.com","Nova Systems","Financial Services","Micro ($0-$1MM)","Micro (1-9)","Engaged","2026-08-10",90,17,""
"stellar-hub.com","Stellar Hub","Automotive","Large ($100MM-$200MM)","Large (1,000-4,999)","Engaged","2026-06-28",73,8,"62a8c4e2b135d964b032e646a4b7f172804e404f3a9888ff4a8bd0c5f79b9211"
"core-media.com","Core Media","Software / Information Technology","Medium-Small ($10MM-$50MM)","Medium-Small (50-199)","Engaged","2026-05-10",67,5,"20d5ecfe65ffedf86dc4684da809d9951e4c4009d0d2d7aa4c5d41e8d6acb0fd"
"bright-works.com","Bright Works","Marketing and Advertising","Micro ($0-$1MM)","Micro (1-9)","Engaged","2026-09-02",10,14,""
"cyber-group.com","Cyber Group","Financial Services","XLarge ($200MM-$1B)","XLarge (5,000-10,000)","Aware","2026-06-24",8,4,"99061e1a1951e1a3b8bef949807b4ac007f1bb7386f177ae0e490261d4cf3c46"
"cyber-inc.com","Cyber Inc","Software / Information Technology","Medium-Small ($10MM-$50MM)","Medium (200-499)","Unaware","2026-07-19",1,1,"a4f2dea65faa86c3155affc13f7c33ffcf95a5520798218153ad75939f8f0b66"
"vertex-data.com","Vertex Data","Software / Information Technology","Micro ($0-$1MM)","Small (10-49)","Opportunity","2026-07-15",294,48,""
"green-systems.com","Green Systems","Software / Information Technology","Large ($100MM-$200MM)","Medium-Large (500-999)","Aware","2026-04-18",10,2,"ea8955590264aad879e118bc93a8040279ae382a3a2682ae1bd5eea680db4a51"
"global-tech.com","Global Tech","Consumer Goods","Micro ($0-$1MM)","Micro (1-9)","Aware","2026-09-01",6,4,"9dd1d1d767432ccce24130e10c24a3440fb7540afb9a08438a1b40f4f29d947f"
"bright-net.com","Bright Net","Consumer Goods","XXLarge ($1B+)","XXLarge (10,000+)","MQL","2026-06-15",113,12,"5ddb6bc97c731c6edff57a871e24c62afa6b384b501cb65cdf8418364f51fc4e"
"smart-solutions.com","Smart Solutions","E-Learning","Large ($100MM-$200MM)","Large (1,000-4,999)","Unaware","2026-05-21",4,1,"7c6556ddefb2ffdb5dee098c961cac2f76c72048a96e6db8781c1c970a04cf3e"
"cyber-media.com","Cyber Media","Consumer Goods","Small ($1MM-$10MM)","Small (10-49)","Opportunity","2026-05-16",200,35,""
"atlas-io.com","Atlas Io","Consumer Goods","Medium-Small ($10MM-$50MM)","Medium-Small (50-199)","Engaged","2026-06-22",87,4,"95147d20e44cc7bbe6b695e3b92cb169b09ff040369c29ef85d25734be5a1933"
"nexus-solutions.com","Nexus Solutions","Telecommunications","Micro ($0-$1MM)","Micro (1-9)","Unaware","2026-05-28",3,1,"b1e14ca209fef83c2500d8f8dcdcf5a5169afe6ae37ad1c9a1cc91956bcfc3d4"
"peak-cloud.com","Peak Cloud","E-Learning","Small ($1MM-$10MM)","Medium-Small (50-199)","Engaged","2026-08-01",109,5,"7df378b19376fd32301580e515302772010fcbc5e3c6cba43e3bfb102bd074b2"
"apex-group.com","Apex Group","Software / Information Technology","Micro ($0-$1MM)","Micro (1-9)","Unaware","2026-08-03",5,1,"22b9d4eebdbbfb56b8e015cce3f9482eaf189efa48c94c63cfd66b2014520ba2"
"nexus-media.com","Nexus Media","Software / Information Technology","Small ($1MM-$10MM)","Small (10-49)","Unaware","2026-04-07",3,1,""
"blue-net.com","Blue Net","Health, Wellness and Fitness","Medium-Small ($10MM-$50MM)","Medium (200-499)","Unaware","2026-04-29",1,1,"66824ca509bdc655f97d3b19cab88a61f00c12405bdb293c5dcb20ea49e99ce3"
"stellar-group.com","Stellar Group","Retail","Micro ($0-$1MM)","Micro (1-9)","Engaged","2026-04-06",49,6,"e9b91567b4961ffe349db8c6e48aea6ec3a6ae28f4ed6dec6b4e75d4ef623b6c"
"smart-hub.com","Smart Hub","Marketing and Advertising","Medium-Small ($10MM-$50MM)","Medium-Small (50-199)","Engaged","2026-09-11",31,13,""
"core-cloud.com","Core Cloud","Telecommunications","Micro ($0-$1MM)","Micro (1-9)","Engaged","2026-08-14",41,16,""
"global-cloud.com","Global Cloud","Software / Information Technology","Micro ($0-$1MM)","Micro (1-9)","Unaware","2026-06-04",2,1,""
"iron-group.com","Iron Group","Marketing and Advertising","Medium-Large ($50MM-$100MM)","Medium-Large (500-999)","Engaged","2026-04-27",76,6,"a6bdbe02bd15ca653c8b563d5c6236fffba30af9d0a145d1838c0b2262ce8e2a"
"peak-net.com","Peak Net","Marketing and Advertising","Micro ($0-$1MM)","Small (10-49)","Engaged","2026-05-07",52,18,""
"atlas-systems.com","Atlas Systems","Food & Beverages","Small ($1MM-$10MM)","Small (10-49)","Unaware","2026-08-29",3,1,"75ea81eef540c926981e85ddcfeb5800df13a73326251db6cb33173a69590ca2"
"peak-solutions.com","Peak Solutions","Consumer Goods","Small ($1MM-$10MM)","Medium-Small (50-199)","Aware","2026-08-29",3,2,"091e6f0f7ea63a3bf7d21ec9d6beebfecbd2ad611a2f16b1d96b9fa65d301b36"
"iron-media.com","Iron Media","Entertainment","Micro ($0-$1MM)","Micro (1-9)","Engaged","2026-04-14",60,4,"a217d87196a440ef80f21f2400e703e4e08307f283542fcff7759ef9b3d2be6a"
"atlas-works.com","Atlas Works","Software / Information Technology","Micro ($0-$1MM)","Micro (1-9)","Aware","2026-07-06",17,5,""
"peak-works.com","Peak Works","Software / Information Technology","Large ($100MM-$200MM)","Medium-Large (500-999)","Unaware","2026-04-09",4,1,""
"swift-cloud.com","Swift Cloud","Software / Information Technology","Medium-Small ($10MM-$50MM)","Medium (200-499)","Aware","2026-05-26",8,3,"9ef1b82b1cc57338827798345468eb11e6b17ad61ffe73e16947b2fdfb1dc482"
"bright-io.com","Bright Io","Real Estate","Medium-Small ($10MM-$50MM)","Medium-Small (50-199)","Engaged","2026-07-29",64,17,""
"smart-media.com","Smart Media","Software / Information Technology","Small ($1MM-$10MM)","Medium-Small (50-199)","MQL","2026-05-04",104,9,"538ca7ce3fa9aef94ef52cd1454dfbc49093678cd2cc57ca6c37784f4288f32a"
"core-hub.com","Core Hub","Legal Services","XXLarge ($1B+)","XXLarge (10,000+)","Aware","2026-04-08",13,6,""
"peak-solutions.com","Peak Solutions","Financial Services","Small ($1MM-$10MM)","Small (10-49)","Aware","2026-05-16",14,3,"d47318aa5bce7894b2e5610461c0ec605b88cb3c9654dfa0720e83bc3fdd2b29"
"green-digital.com","Green Digital","Software / Information Technology","Medium-Large ($50MM-$100MM)","Medium (200-499)","Aware","2026-07-09",10,2,"a4f43485e3d5d448a0d8ab569a866b9e594ca5f6ddac1de44107365f4485d43f"
"peak-io.com","Peak Io","Education Management","Micro ($0-$1MM)","Micro (1-9)","MQL","2026-06-21",58,7,"ec8d44b58a50dd602bfd74fbea0d2b81b65476312c4fcc64e5f97976c509479a"
"blue-group.com","Blue Group","Consumer Goods","Medium-Large ($50MM-$100MM)","Medium-Large (500-999)","Engaged","2026-07-08",17,9,"e4986b7bfcb06ad90dbf6ea64a2e03b47e6810148dd36c6ba6cdf23560f71b5f"
"nexus-solutions.com","Nexus Solutions","Financial Services","Small ($1MM-$10MM)","Small (10-49)","Unaware","2026-05-30",5,1,"681ace538ea43d06c5e68cc159c84ec7cbc28539d4605eb792735f994f31d613"
"swift-systems.com","Swift Systems","Manufacturing","Medium-Large ($50MM-$100MM)","Medium-Large (500-999)","Engaged","2026-07-15",68,9,"6f4d89802f2b934c2dcae31cd6af72ae0d86ab5afb5617d15bd03ed2924d55b3"
"prime-group.com","Prime Group","Construction","Micro ($0-$1MM)","Micro (1-9)","Unaware","2026-07-18",4,1,""
"iron-corp.com","Iron Corp","Real Estate","Micro ($0-$1MM)","Micro (1-9)","Unaware","2026-06-21",2,1,""
"blue-labs.com","Blue Labs","Logistics and Supply Chain","Small ($1MM-$10MM)","Small (10-49)","Aware","2026-09-08",14,6,""
"swift-systems.com","Swift Systems","Hospital & Health Care","Large ($100MM-$200MM)","Large (1,000-4,999)","MQL","2026-05-26",166,30,""
"global-data.com","Global Data","Retail","Micro ($0-$1MM)","Micro (1-9)","MQL","2026-05-05",173,17,"1fb717927785047e78e387bf57174377c3a028afe75ed6dd22723364e25962cc"
"apex-io.com","Apex Io","Marketing and Advertising","Medium-Large ($50MM-$100MM)","Medium (200-499)","Unaware","2026-04-05",1,1,"523fda2e12fb7c1984381a0b79e86bf94c9d5a044b04d3ebd291a7d8e6d72c35"
"core-io.com","Core Io","Retail","Small ($1MM-$10MM)","Medium-Small (50-199)","Engaged","2026-07-26",77,14,""
"vertex-works.com","Vertex Works","Construction","Micro ($0-$1MM)","Micro (1-9)","Aware","2026-04-10",14,6,""
"cyber-media.com","Cyber Media","Hospital & Health Care","Large ($100MM-$200MM)","Medium-Large (500-999)","Unaware","2026-05-30",2,1,"3998249f48c422b3ab8f4a50f6c9fecf6865f59eb444f88dbd93f2aa66fb4b81"
"peak-cloud.com","Peak Cloud","Marketing and Advertising","XLarge ($200MM-$1B)","Large (1,000-4,999)","Unaware","2026-05-01",3,1,""
"prime-works.com","Prime Works","Food & Beverages","XLarge ($200MM-$1B)","Large (1,000-4,999)","Aware","2026-06-12",14,1,"d6bccd307496ceb1ea829873ad2bc0416cb5fbc0355baf4b2603eb88fafecf49"
"nova-works.com","Nova Works","Real Estate","Micro ($0-$1MM)","Small (10-49)","Aware","2026-06-21",14,1,"5def4e3139d1455a237d20f88d8d3cad4ee25c069c4eae4e7aa75344e57a9cfe"
"peak-inc.com","Peak Inc","Retail","Large ($100MM-$200MM)","Large (1,000-4,999)","Opportunity","2026-08-28",137,12,"772a6260812c3040b3b25a18e77351f4b0e01f53b0233c48d504fd794738ac5e"
"clear-inc.com","Clear Inc","Software / Information Technology","Small ($1MM-$10MM)","Medium-Small (50-199)","Aware","2026-06-03",7,1,"b87a22b18a5ce5f46d6d6abf91dc7063e26f0f9d94fd8f7965ecea2843f0e955"
"prime-digital.com","Prime Digital","Software / Information Technology","XLarge ($200MM-$1B)","XLarge (5,000-10,000)","Unaware","2026-08-31",3,1,"922f68dc2a453826db5a8dca5c4d94d27f2a30a9d281bc3756673f2863df1f5f"
"cyber-group.com","Cyber Group","Automotive","XLarge ($200MM-$1B)","Large (1,000-4,999)","Unaware","2026-05-31",1,1,""
"clear-labs.com","Clear Labs","Marketing and Advertising","Micro ($0-$1MM)","Micro (1-9)","Unaware","2026-09-05",2,1,"999c51a0f27a7d0bc4bb15f5016dbc4858a252005f81494e6b9b2ca78fdcc129"
"cyber-solutions.com","Cyber Solutions","Consumer Goods","Micro ($0-$1MM)","Micro (1-9)","Unaware","2026-05-14",5,1,""
"nexus-io.com","Nexus Io","Retail","XLarge ($200MM-$1B)","Large (1,000-4,999)","Unaware","2026-07-09",1,1,"9499d16ca27622b2a0e496dd56cd579ccadb004c8b588a26092c09d0a3f1a94a"
"vertex-media.com","Vertex Media","Legal Services","Micro ($0-$1MM)","Micro (1-9)","Aware","2026-05-16",6,4,""
"green-inc.com","Green Inc","Retail","Large ($100MM-$200MM)","Large (1,000-4,999)","Opportunity","2026-04-09",389,43,""
"peak-data.com","Peak Data","Software / Information Technology","Large ($100MM-$200MM)","Large (1,000-4,999)","Engaged","2026-08-24",27,6,"ee8fe5bb18675b129db92927391ef05182e45cfaa1f435da27097a063a17117e"
"core-systems.com","Core Systems","Retail","XLarge ($200MM-$1B)","XLarge (5,000-10,000)","Aware","2026-09-03",9,1,"4716e5f139cf23b7ad1779e4fc32a071e703dc92422df9b6d47ebc224768e6b7"
"smart-systems.com","Smart Systems","Financial Services","Medium-Large ($50MM-$100MM)","Medium-Large (500-999)","Engaged","2026-04-11",66,15,""
"nova-net.com","Nova Net","Manufacturing","Micro ($0-$1MM)","Micro (1-9)","MQL","2026-08-29",176,19,"87f02cb7e8c9e052328fe7b48c1e287e2160080d8b6353eb21e649d41baa3a6b"
"nova-systems.com","Nova Systems","Legal Services","Medium-Small ($10MM-$50MM)","Medium-Small (50-199)","Unaware","2026-07-12",1,1,""
"bright-net.com","Bright Net","Retail","Micro ($0-$1MM)","Micro (1-9)","Engaged","2026-03-30",81,13,""
"stellar-inc.com","Stellar Inc","Telecommunications","Micro ($0-$1MM)","Micro (1-9)","Unaware","2026-04-30",4,1,"a3e8f94ae2a33b9a1e3311e3eddd308f46d111ccbc47cc4f96192b7e2424654a"
"nova-digital.com","Nova Digital","Retail","Micro ($0-$1MM)","Micro (1-9)","Aware","2026-04-24",5,3,"f6c4e506b862f74b5cc712f7cab270efb97a6db23858c9d4cab08f4e4f3a2539"
"rapid-net.com","Rapid Net","Hospital & Health Care","Micro ($0-$1MM)","Micro (1-9)","Unaware","2026-08-11",1,1,"ffcc80c3120aa3ba32d2c66362f24741effa67ae7aa2d1ce8db47b874743fa64"
"cyber-systems.com","Cyber Systems","Retail","Large ($100MM-$200MM)","Large (1,000-4,999)","Engaged","2026-06-26",28,15,""
"peak-digital.com","Peak Digital","Retail","Small ($1MM-$10MM)","Medium-Small (50-199)","Engaged","2026-05-15",44,9,"85f10720366751da34784882374e9cdbd4caf4100b087a982e4580221b489a48"
"vertex-cloud.com","Vertex Cloud","Telecommunications","Medium-Large ($50MM-$100MM)","Medium (200-499)","Unaware","2026-05-06",2,1,"e1a161fa78ee11be840c3b47037b067b2c86786d40367fbf1e2a25a05ebae314"
"atlas-systems.com","Atlas Systems","Marketing and Advertising","Medium-Small ($10MM-$50MM)","Medium (200-499)","Unaware","2026-09-18",2,1,"df83e91d5e45d8f9858eaeaabda2293b2ae141d6d5c392122c32b331c6d9869f"
"prime-labs.com","Prime Labs","Retail","Micro ($0-$1MM)","Micro (1-9)","Engaged","2026-07-24",38,13,""
"clear-media.com","Clear Media","Software / Information Technology","Large ($100MM-$200MM)","Large (1,000-4,999)","Unaware","2026-06-20",3,1,"79d09dfbd1416ca6b5d56835641f654b30bde39ba7d7b3e2c62fff00de6d60e4"
"rapid-systems.com","Rapid Systems","Software / Information Technology","Small ($1MM-$10MM)","Medium-Small (50-199)","Aware","2026-08-27",8,2,"9b73c0898b7e0d7c23d05cfb7a056a1b269b788202a709a41067995dcd0969a9"
"core-net.com","Core Net","Financial Services","Medium-Small ($10MM-$50MM)","Medium (200-499)","Aware","2026-08-08",20,3,"e89cfebd2f79e69863e3be545dc9ac58026106251ae777dd05ba58fdce9a692d"
"prime-systems.com","Prime Systems","E-Learning","Micro ($0-$1MM)","Small (10-49)","Unaware","2026-07-02",4,1,"d802568e3fdf5628d26ccf9b65bfa418634d4efe5f5600fe1489d9c3a1225294"
"bright-net.com","Bright Net","Entertainment","Medium-Small ($10MM-$50MM)","Medium (200-499)","Unaware","2026-09-22",1,1,""
"cyber-io.com","Cyber Io","Software / Information Technology","Micro ($0-$1MM)","Micro (1-9)","Unaware","2026-04-01",4,1,"a040a625e56e1e997348a9bdc407d1ea82f5456429d03547a5b5862d74411631"
"apex-net.com","Apex Net","Marketing and Advertising","Micro ($0-$1MM)","Micro (1-9)","Engaged","2026-06-17",48,12,"dba5e237b7b1211956ed53992b535c8358b61cafaefb0c67aec4beae2adf57db"
"global-media.com","Global Media","Marketing and Advertising","Micro ($0-$1MM)","Micro (1-9)","Aware","2026-06-21",8,4,""
"smart-net.com","Smart Net","Food & Beverages","Medium-Large ($50MM-$100MM)","Medium-Large (500-999)","Unaware","2026-07-09",4,1,""
"stellar-corp.com","Stellar Corp","Logistics and Supply Chain","Small ($1MM-$10MM)","Small (10-49)","Engaged","2026-06-15",109,3,"094e5eae0efbfd527dc358feee36098949c83352de4ff7deb1a8ae577b7ba0f0"
"acme-digital.com","Acme Digital","Financial Services","Medium-Small ($10MM-$50MM)","Medium (200-499)","Aware","2026-07-09",18,4,""
"rapid-group.com","Rapid Group","Health, Wellness and Fitness","Small ($1MM-$10MM)","Small (10-49)","Unaware","2026-07-18",4,1,"1607cf3082a8a750bd077457537eee988d5c2c8111b41464cd27a37b554ef803"
"peak-digital.com","Peak Digital","Retail","Medium-Small ($10MM-$50MM)","Medium (200-499)","Aware","2026-09-16",16,3,"789256f4df6ab5fa94e97ca31b69344a577dbc13bba1510451091a56e62c3fc7"
"apex-media.com","Apex Media","Retail","XLarge ($200MM-$1B)","Large (1,000-4,999)","Unaware","2026-05-15",1,1,""
"core-data.com","Core Data","Education Management","Large ($100MM-$200MM)","Large (1,000-4,999)","Aware","2026-08-05",11,6,""
"clear-hub.com","Clear Hub","Software / Information Technology","Large ($100MM-$200MM)","Medium-Large (500-999)","Opportunity","2026-05-31",432,31,"523eceed01f15fa83f1744cb0d043c3f618a673da987608bfeb6925680931e9b"
"global-solutions.com","Global Solutions","Health, Wellness and Fitness","Micro ($0-$1MM)","Micro (1-9)","Unaware","2026-06-19",3,1,""
"clear-net.com","Clear Net","Manufacturing","Micro ($0-$1MM)","Micro (1-9)","Aware","2026-06-29",7,2,"cbb1b434131db49782c0a086475203a539a10f5a3e90451fc53b490ea3b61ab2"
"core-data.com","Core Data","Health, Wellness and Fitness","Medium-Small ($10MM-$50MM)","Medium-Small (50-199)","Unaware","2026-06-06",2,1,""
"clear-io.com","Clear Io","Education Management","Large ($100MM-$200MM)","Medium-Large (500-999)","Engaged","2026-04-22",109,4,"9cccc5272ca5fa019de342d0ce53a86ccd8d88d74380232808e123966269394d"
"prime-solutions.com","Prime Solutions","Software / Information Technology","Medium-Small ($10MM-$50MM)","Medium (200-499)","Unaware","2026-09-19",2,1,"0207c02c405b1365e2128562b3dc9804dee210e4f32981c265fb253aab1bd826"
"rapid-labs.com","Rapid Labs","Marketing and Advertising","Small ($1MM-$10MM)","Medium-Small (50-199)","Unaware","2026-04-18",5,1,""
"apex-io.com","Apex Io","Marketing and Advertising","Small ($1MM-$10MM)","Small (10-49)","Aware","2026-08-31",19,2,"2a71c6d35ec68ce4b626fe025686927b7a5bc26f33e20e769f23e617fe6065d5"
"bright-hub.com","Bright Hub","Management Consulting","Micro ($0-$1MM)","Small (10-49)","MQL","2026-08-04",103,11,"4a99f3f34100654bbbcbcd0844e409026a99efa47a009cfe171c893395f80929"
"nova-systems.com","Nova Systems","Telecommunications","Medium-Large ($50MM-$100MM)","Medium-Large (500-999)","MQL","2026-06-21",155,13,"e701f1677a852b0a752a89f8b09d84eeef33ef6e838a9c56a628466bc2f32a43"
"core-media.com","Core Media","Manufacturing","Micro ($0-$1MM)","Micro (1-9)","Engaged","2026-09-11",79,7,"e2571350a82bb83beb5cab8f36449d96b5580048f71a9cabdc392be4f31ab3a8"
"acme-inc.com","Acme Inc","Telecommunications","Micro ($0-$1MM)","Micro (1-9)","Unaware","2026-06-04",2,1,""
"bright-digital.com","Bright Digital","Health, Wellness and Fitness","Small ($1MM-$10MM)","Small (10-49)","MQL","2026-06-29",148,8,"a53a7ae4f6936ba43935c0d94b396de434f47e2d94cedc73e0a13ced66181735"
"smart-io.com","Smart Io","Consumer Goods","Small ($1MM-$10MM)","Medium-Small (50-199)","Engaged","2026-05-01",18,16,""
"swift-labs.com","Swift Labs","Health, Wellness and Fitness","Small ($1MM-$10MM)","Medium-Small (50-199)","Aware","2026-04-25",3,4,"ed3e49c2c0d7f235a2b06eb61ceab5a1cddbd6d74778fddd8f3fcfefd317415e"
"smart-digital.com","Smart Digital","Entertainment","XLarge ($200MM-$1B)","XLarge (5,000-10,000)","Unaware","2026-04-24",1,1,"01491f6592abda02c1a5cafc3e85d6f61985c45ec452a70502cdfc2df7f4ac0e"
"global-corp.com","Global Corp","Health, Wellness and Fitness","XLarge ($200MM-$1B)","Large (1,000-4,999)","MQL","2026-08-20",168,13,"8c1c8111835545a8ba709f1dd966de0d94a226588e18e1a3174d4b25648f199f"
"peak-media.com","Peak Media","Real Estate","Medium-Small ($10MM-$50MM)","Medium (200-499)","Aware","2026-05-08",9,3,"bba91d1cf2665edf3324ccf37296ae83f3096ae4d1a666ee8879dab281adcd2e"
"iron-systems.com","Iron Systems","Management Consulting","XXLarge ($1B+)","XXLarge (10,000+)","Unaware","2026-09-03",2,1,""
"global-net.com","Global Net","Entertainment","XLarge ($200MM-$1B)","XLarge (5,000-10,000)","Opportunity","2026-07-31",185,46,""
"rapid-systems.com","Rapid Systems","Retail","Medium-Small ($10MM-$50MM)","Medium (200-499)","MQL","2026-04-17",53,27,""
"vertex-systems.com","Vertex Systems","Construction","XXLarge ($1B+)","XXLarge (10,000+)","Engaged","2026-05-06",59,11,"19131404c05e457d2520ed5ee38822e0a638d49377ce1306556026043ec218f5"
"apex-solutions.com","Apex Solutions","Financial Services","Medium-Small ($10MM-$50MM)","Medium (200-499)","Aware","2026-05-11",14,1,"f509c8b6070ce4d6a95d0742b4c63cd5c3bdc8ea89a4b981f70c8c6e83db3a25"
"nexus-tech.com","Nexus Tech","Logistics and Supply Chain","Medium-Small ($10MM-$50MM)","Medium-Small (50-199)","Unaware","2026-06-11",4,1,"c32ab2e1419300b3bb24edcbbcb2429452d2ced9af688d492cdbc29d374cef1d"
"blue-inc.com","Blue Inc","Insurance","Medium-Large ($50MM-$100MM)","Medium (200-499)","Aware","2026-08-13",7,2,"57a4e005bd2e5ca13f5d4237f967e73bd35ee77c6dab097cf64afbb62e074b10"
"iron-net.com","Iron Net","Manufacturing","Medium-Small ($10MM-$50MM)","Medium (200-499)","Unaware","2026-08-05",5,1,""
"swift-inc.com","Swift Inc","Retail","Large ($100MM-$200MM)","Large (1,000-4,999)","Unaware","2026-05-03",5,1,""
"nexus-net.com","Nexus Net","Insurance","Micro ($0-$1MM)","Micro (1-9)","Aware","2026-04-12",21,5,""
"clear-cloud.com","Clear Cloud","Telecommunications","XXLarge ($1B+)","XXLarge (10,000+)","Aware","2026-05-25",18,4,""
"stellar-cloud.com","Stellar Cloud","Telecommunications","Small ($1MM-$10MM)","Medium-Small (50-199)","Aware","2026-04-19",18,3,"d9ee922f90ed41eb993bf68cdcf0141e5f3a4043e7b3dcbb1297aa310347e3d4"
"prime-solutions.com","Prime Solutions","Retail","Medium-Small ($10MM-$50MM)","Medium (200-499)","MQL","2026-04-02",105,5,"4133e73f7ed8b18734d094709978d4d05f1d3fb786571fb184fa2687981c67d2"
"rapid-media.com","Rapid Media","Retail","Small ($1MM-$10MM)","Medium-Small (50-199)","Unaware","2026-09-04",3,1,"a466650608f14a2036ac943cf77ae41633bb3b72f22dc566b362a74a742e5c4d"
"peak-media.com","Peak Media","Marketing and Advertising","Medium-Small ($10MM-$50MM)","Medium (200-499)","Opportunity","2026-07-14",283,47,""
"global-inc.com","Global Inc","E-Learning","Medium-Small ($10MM-$50MM)","Medium-Small (50-199)","Unaware","2026-04-14",2,1,"325c82d567c4b84de872ae53b04a1db72a7303f167c4d084d5bcc5a2d310161c"
"apex-labs.com","Apex Labs","Food & Beverages","XLarge ($200MM-$1B)","Large (1,000-4,999)","Aware","2026-09-20",20,6,""
"atlas-inc.com","Atlas Inc","Hospital & Health Care","Medium-Small ($10MM-$50MM)","Medium (200-499)","Unaware","2026-08-28",1,1,""
"prime-media.com","Prime Media","Entertainment","Small ($1MM-$10MM)","Small (10-49)","Aware","2026-08-31",19,5,""
"rapid-media.com","Rapid Media","Automotive","Small ($1MM-$10MM)","Medium-Small (50-199)","Unaware","2026-09-01",5,1,""
"vertex-cloud.com","Vertex Cloud","Software / Information Technology","Micro ($0-$1MM)","Micro (1-9)","Unaware","2026-07-10",2,1,""
"green-tech.com","Green Tech","Software / Information Technology","Small ($1MM-$10MM)","Small (10-49)","MQL","2026-05-26",194,22,""
"green-io.com","Green Io","Logistics and Supply Chain","Medium-Small ($10MM-$50MM)","Medium-Small (50-199)","Unaware","2026-04-09",5,1,"a26e2daa97aa69d22c11564008afca2f4c836270ea18e74e4949f91cb28110f8"
"acme-cloud.com","Acme Cloud","Health, Wellness and Fitness","Small ($1MM-$10MM)","Medium-Small (50-199)","Engaged","2026-06-18",91,11,"1d58a813c42fa797558b28e1a05b3cfeba86012f491de16037e0b35bc28264eb"
"vertex-data.com","Vertex Data","Marketing and Advertising","Medium-Small ($10MM-$50MM)","Medium (200-499)","Unaware","2026-05-28",5,1,"fc9a5e76e1e01c48b09c3573d08d371bf9fb80ce11a4e24ba18a0233da24d0d8"
"prime-corp.com","Prime Corp","Food & Beverages","Small ($1MM-$10MM)","Small (10-49)","Unaware","2026-08-24",2,1,"522f2b1eea62fd88b482e5330ff7316825e708cbbf1f70d68403f050b0cb367b"
"clear-systems.com","Clear Systems","Real Estate","Medium-Small ($10MM-$50MM)","Medium (200-499)","MQL","2026-06-27",81,22,""
"vertex-labs.com","Vertex Labs","Hospital & Health Care","Large ($100MM-$200MM)","Large (1,000-4,999)","Opportunity","2026-08-09",446,11,"cf721b6366b6d4797830887f277c7052d7910761682ccd90a6cd5acbe058a4bb"
"core-systems.com","Core Systems","Marketing and Advertising","XLarge ($200MM-$1B)","Large (1,000-4,999)","Aware","2026-06-10",11,4,"9d05b511990c72eb4bdfcfb9fd88b9d6f36dd63ebae7abe4be54de2216106d37"
"smart-cloud.com","Smart Cloud","Insurance","Medium-Large ($50MM-$100MM)","Medium (200-499)","Opportunity","2026-07-09",443,29,"609880a286b991adec216091eac0f676b3f6a34bc54c03a6ce6507f3a3ae6cd2"
"blue-cloud.com","Blue Cloud","Marketing and Advertising","Small ($1MM-$10MM)","Small (10-49)","Aware","2026-08-01",20,2,"5cc38a8ed33038669a93124d2d81550f283d6be95bf8829d7a0a59da7bd1ea16"
"swift-digital.com","Swift Digital","Education Management","Medium-Small ($10MM-$50MM)","Medium-Small (50-199)","MQL","2026-08-28",31,27,""
"apex-systems.com","Apex Systems","Telecommunications","Small ($1MM-$10MM)","Medium-Small (50-199)","Aware","2026-05-21",11,2,"133d9b37b438d95f2d9ee390e4ee208f0087af3e547e990e1021f572489f004e"
"cyber-hub.com","Cyber Hub","Software / Information Technology","Medium-Small ($10MM-$50MM)","Medium (200-499)","MQL","2026-07-09",166,26,""
"core-works.com","Core Works","Manufacturing","Micro ($0-$1MM)","Micro (1-9)","Aware","2026-08-06",12,2,"1a2e917b9fe628ce386095098a5f461fe45faad5683ac617d1a4c8d257221c3c"
"apex-tech.com","Apex Tech","Software / Information Technology","Small ($1MM-$10MM)","Medium-Small (50-199)","Engaged","2026-06-26",16,8,"204f3a5b375ed39682bfed7b6784be483219688f95c42e483549adada2699745"
"nexus-io.com","Nexus Io","Manufacturing","Micro ($0-$1MM)","Micro (1-9)","Unaware","2026-09-05",1,1,"0a9cebaa877517eef1fdcda821173a110593a9eda027f525f003858068fb3378"
"acme-media.com","Acme Media","Retail","Micro ($0-$1MM)","Micro (1-9)","Unaware","2026-07-06",1,1,""
"swift-works.com","Swift Works","Legal Services","Small ($1MM-$10MM)","Medium-Small (50-199)","Aware","2026-08-16",8,5,""
"smart-inc.com","Smart Inc","Food & Beverages","Micro ($0-$1MM)","Small (10-49)","Unaware","2026-06-13",5,1,""
"apex-cloud.com","Apex Cloud","Construction","Small ($1MM-$10MM)","Medium-Small (50-199)","Aware","2026-03-30",22,1,"453f6c5ddb8ed762eaad1ed268ffe5dd7e079e0e94a08488296d1d40460b8e05"
"peak-hub.com","Peak Hub","Food & Beverages","Medium-Small ($10MM-$50MM)","Medium (200-499)","MQL","2026-04-12",162,24,""
"atlas-cloud.com","Atlas Cloud","Software / Information Technology","Micro ($0-$1MM)","Micro (1-9)","Unaware","2026-08-19",1,1,"76b4117c8137044e104d9a5bb152ed4e9ac793905af32b3e89650e51959496e4"
"rapid-solutions.com","Rapid Solutions","Retail","Small ($1MM-$10MM)","Small (10-49)","Unaware","2026-05-20",3,1,""
"atlas-net.com","Atlas Net","Food & Beverages","XLarge ($200MM-$1B)","Large (1,000-4,999)","MQL","2026-06-06",114,26,""
"smart-digital.com","Smart Digital","Financial Services","XLarge ($200MM-$1B)","Large (1,000-4,999)","Engaged","2026-03-30",65,7,"3d93fc7f645c9e56d030a59a731f699165bc8272dd745ebf53bc2809537b2dde"
"acme-net.com","Acme Net","Consumer Goods","Micro ($0-$1MM)","Micro (1-9)","Aware","2026-06-13",6,5,""
"nexus-systems.com","Nexus Systems","Management Consulting","Micro ($0-$1MM)","Micro (1-9)","Aware","2026-05-20",19,1,"a10f9fe06e5044d805b63a3779a5d8fee390b87791822ef038ca87dcf94aee42"
"stellar-systems.com","Stellar Systems","Health, Wellness and Fitness","XLarge ($200MM-$1B)","Large (1,000-4,999)","Unaware","2026-07-26",4,1,"a320e268bcab39554ac971f1c68ecbcf6c560b668f8e464d1048d47943ad2e52"
"peak-media.com","Peak Media","Management Consulting","Small ($1MM-$10MM)","Medium-Small (50-199)","MQL","2026-03-28",37,13,"24a8aade0ac825cc54094e670d0e0f6d63bb9e90cdc076084d65d99ace212e8f"
"apex-inc.com","Apex Inc","Legal Services","Small ($1MM-$10MM)","Small (10-49)","Opportunity","2026-08-04",479,39,""
"vertex-media.com","Vertex Media","Consumer Goods","Medium-Small ($10MM-$50MM)","Medium (200-499)","Unaware","2026-06-22",4,1,"1bac5688cb5fbb62f686e22a2709b3bf96eb09a679a5af4e761397379527605c"
"stellar-cloud.com","Stellar Cloud","Telecommunications","XLarge ($200MM-$1B)","Large (1,000-4,999)","Unaware","2026-08-18",3,1,"2a23f3d1a702200b9bdff2858f0e68fd7ff957fcbc85c82abc9e572e6b67e51c"
"acme-digital.com","Acme Digital","Marketing and Advertising","Small ($1MM-$10MM)","Small (10-49)","Aware","2026-05-04",18,1,"1b749df95ddab7be549c8694e0f29e8e32b35fb83858416dabe4971a1d6852aa"
"prime-systems.com","Prime Systems","Management Consulting","Small ($1MM-$10MM)","Small (10-49)","Unaware","2026-08-10",2,1,""
"green-data.com","Green Data","Education Management","Medium-Large ($50MM-$100MM)","Medium (200-499)","Unaware","2026-03-29",1,1,"2e09ce8d60afb3dbfd64f5540434ea14360c6b61861d2f32bd3d857d552a06c0"
"stellar-data.com","Stellar Data","Retail","XXLarge ($1B+)","XXLarge (10,000+)","MQL","2026-06-10",209,7,"e16e32218298875ccac1df8c30a1476499d8326c7b0f1602c1bf2d05ce950872"
"green-labs.com","Green Labs","Management Consulting","Micro ($0-$1MM)","Small (10-49)","Aware","2026-05-17",7,4,"70fb16d7dce07a83502fe0362c97e8c7d4b2ecc6fe724e53683067137f47c68b"
"global-io.com","Global Io","Logistics and Supply Chain","Medium-Small ($10MM-$50MM)","Medium (200-499)","Unaware","2026-05-11",5,1,""
"clear-group.com","Clear Group","Education Management","Medium-Small ($10MM-$50MM)","Medium (200-499)","Unaware","2026-07-29",5,1,""
"acme-io.com","Acme Io","Real Estate","Large ($100MM-$200MM)","Medium-Large (500-999)","Engaged","2026-05-11",40,16,""
"swift-io.com","Swift Io","Health, Wellness and Fitness","Micro ($0-$1MM)","Micro (1-9)","Aware","2026-06-26",14,4,"4fdc42619a019407f7efe15cc74b7c3b63c51b8dd031993956c63e96dfdd6634"
"global-group.com","Global Group","Automotive","Micro ($0-$1MM)","Micro (1-9)","Aware","2026-07-19",6,5,""
"bright-solutions.com","Bright Solutions","E-Learning","Large ($100MM-$200MM)","Medium-Large (500-999)","Aware","2026-09-16",20,1,"38e2497f134c66f9f365d61943cadaff2a45519335cb48385f16204832b76edd"
"prime-systems.com","Prime Systems","E-Learning","Medium-Small ($10MM-$50MM)","Medium (200-499)","Engaged","2026-07-09",94,12,""
"apex-net.com","Apex Net","Retail","Medium-Small ($10MM-$50MM)","Medium (200-499)","Unaware","2026-06-11",5,1,"f88b0b8749e14c0d5571d08de0ed0418b1e883c8178e820ea75c74037eb52889"
"nova-tech.com","Nova Tech","Financial Services","Small ($1MM-$10MM)","Medium-Small (50-199)","MQL","2026-05-02",58,23,""
"acme-systems.com","Acme Systems","Manufacturing","Micro ($0-$1MM)","Micro (1-9)","Unaware","2026-06-02",2,1,""
"iron-digital.com","Iron Digital","Financial Services","Medium-Small ($10MM-$50MM)","Medium (200-499)","Opportunity","2026-04-05",342,39,""
"swift-systems.com","Swift Systems","Construction","Small ($1MM-$10MM)","Medium-Small (50-199)","Unaware","2026-06-19",5,1,"eb21e1259bffa9fdc114ad5be989b99502401f981ea55ee3b2a335952436d46c"
"core-labs.com","Core Labs","Legal Services","Small ($1MM-$10MM)","Medium-Small (50-199)","Aware","2026-04-26",7,2,"f842fdf0a4c3ec0fbf71907e6d9c29fdab06b61d01ebd8b26f320a97cc06a070"
"smart-labs.com","Smart Labs","Consumer Goods","Medium-Large ($50MM-$100MM)","Medium-Large (500-999)","Engaged","2026-06-25",56,3,"26d9b6d25b3ca1b674e5a2858e9d4f66507c8d82ae6981950686f075a32298af"
"clear-group.com","Clear Group","Legal Services","XLarge ($200MM-$1B)","XLarge (5,000-10,000)","Engaged","2026-06-24",86,13,""
"green-works.com","Green Works","Logistics and Supply Chain","Micro ($0-$1MM)","Micro (1-9)","Engaged","2026-05-21",109,11,"915493817ada5451f307657b09d0bf6b047fe71465760832f02123392312ec0a"
"acme-inc.com","Acme Inc","Marketing and Advertising","XXLarge ($1B+)","XXLarge (10,000+)","Unaware","2026-08-25",4,1,"27bbddfaa872bba18d7f12d92e0eb87356d31c10f5513227f79ec7b4b0a23fff"
"apex-data.com","Apex Data","Software / Information Technology","Medium-Small ($10MM-$50MM)","Medium (200-499)","Aware","2026-07-21",17,2,"81fd418ea3eba6dec4fb077bc676ab7e74c55840c518db7de0fc903c086eaf72"
"peak-digital.com","Peak Digital","Software / Information Technology","Small ($1MM-$10MM)","Medium-Small (50-199)","Opportunity","2026-05-07",124,40,""
"smart-group.com","Smart Group","Entertainment","Medium-Small ($10MM-$50MM)","Medium-Small (50-199)","Unaware","2026-06-02",2,1,"160e17bad82141ef578ef8d84ae9adac778de724a2140433057aea66d4e51c5a"
"global-systems.com","Global Systems","Financial Services","Medium-Large ($50MM-$100MM)","Medium-Large (500-999)","Aware","2026-03-31",19,1,"dd321cc6a463406f771b6cddc20407f110856de533d430d09150c118f1880047"
"swift-group.com","Swift Group","Food & Beverages","Micro ($0-$1MM)","Micro (1-9)","Opportunity","2026-06-03",462,14,"b27c8c32a56fdd0a6e0214dc163e276a69b84654522d38f0668020f3deb574a8"
"cyber-tech.com","Cyber Tech","Management Consulting","Medium-Small ($10MM-$50MM)","Medium (200-499)","Unaware","2026-09-02",4,1,"3fddc2494ed5caa786b6eac2d885ad86d1ab5e44cf002a4d7fb48a337f54b7b5"
"vertex-hub.com","Vertex Hub","Construction","Small ($1MM-$10MM)","Medium-Small (50-199)","Aware","2026-08-01",12,2,"e816054b84360d605a6278f48ecb83efeda3d53ab825dc17b00c0a04d95b4fcf"
"blue-net.com","Blue Net","Software / Information Technology","Large ($100MM-$200MM)","Large (1,000-4,999)","Unaware","2026-07-06",1,1,"3ab64416df70c1cb16fdc4e407755a9eb9be0718b53e440c58dabf74555cd9a4"
"prime-inc.com","Prime Inc","E-Learning","Medium-Small ($10MM-$50MM)","Medium (200-499)","Engaged","2026-06-06",40,14,""
"rapid-io.com","Rapid Io","Legal Services","Medium-Small ($10MM-$50MM)","Medium-Small (50-199)","Unaware","2026-07-31",2,1,""
"nova-tech.com","Nova Tech","Retail","Small ($1MM-$10MM)","Medium-Small (50-199)","Unaware","2026-04-28",5,1,""
"swift-tech.com","Swift Tech","Legal Services","Micro ($0-$1MM)","Micro (1-9)","Unaware","2026-05-15",3,1,"904814402840ffb49555d558425f759bd5362964dae255a910d0ffebdcd7cee0"
"clear-media.com","Clear Media","Retail","XLarge ($200MM-$1B)","XLarge (5,000-10,000)","Aware","2026-07-07",20,2,"22881a57cc5d663f3c81a2101e7e2ef9b6fbadf36b1de9649c001f7b37a8c0ec"
"prime-labs.com","Prime Labs","Logistics and Supply Chain","Micro ($0-$1MM)","Micro (1-9)","Engaged","2026-07-22",97,5,"8804d2882be8642320782ee3b2e111e224ed96900a0e61623a5ed8a671a9ad55"
"core-corp.com","Core Corp","Software / Information Technology","Micro ($0-$1MM)","Micro (1-9)","Unaware","2026-04-24",4,1,""
"nexus-systems.com","Nexus Systems","Insurance","XXLarge ($1B+)","XXLarge (10,000+)","Opportunity","2026-07-08",438,27,"76b967abbee190738343d7c8f666c6dfc55ec6ae0e14998736fbc44a6c15db7f"
"green-solutions.com","Green Solutions","Software / Information Technology","Micro ($0-$1MM)","Micro (1-9)","Engaged","2026-06-01",35,12,"2124a5d63bca28cbb8e8e2af3d199cda988597fe24fff38925eaa90195eaa1c4"
"global-labs.com","Global Labs","Automotive","Medium-Large ($50MM-$100MM)","Medium (200-499)","Aware","2026-04-17",11,4,""
"acme-solutions.com","Acme Solutions","Retail","Medium-Small ($10MM-$50MM)","Medium-Small (50-199)","Unaware","2026-08-08",4,1,"2f30434c481fdd78bd92e59cd0135893890a3f52dfb15a371f7064f34c938f27"
"cyber-media.com","Cyber Media","E-Learning","XLarge ($200MM-$1B)","XLarge (5,000-10,000)","Engaged","2026-05-17",21,8,"a17d844d389de0a6d424d63bbaffcb24a0af083ebdb7e1ba25a07658a9b09c03"
"atlas-solutions.com","Atlas Solutions","Retail","Medium-Small ($10MM-$50MM)","Medium (200-499)","Aware","2026-07-09",16,2,"63baa67222ecb9e3983ee310838da6da08403e59323a68a7b69f58b90ee2720c"
"rapid-tech.com","Rapid Tech","Telecommunications","Medium-Small ($10MM-$50MM)","Medium (200-499)","Unaware","2026-05-21",1,1,"82acc4867d4471d2ce58c27fc0b99f20515ae3de8cbc6e382989487f6de55c22"
"cyber-media.com","Cyber Media","Food & Beverages","Medium-Large ($50MM-$100MM)","Medium-Large (500-999)","MQL","2026-07-13",165,25,""
"acme-net.com","Acme Net","Manufacturing","Micro ($0-$1MM)","Micro (1-9)","Unaware","2026-05-10",4,1,"f14d3dcd72ea4cf2214cb5480fc6b3c301993ede7523679260512cedf2bd003e"
"prime-io.com","Prime Io","Logistics and Supply Chain","Medium-Large ($50MM-$100MM)","Medium-Large (500-999)","Aware","2026-07-09",22,1,"b673afc1091083d8533bd23d6d12e7aea0ccee9d45e050d3217f48d2eb5c2ec6"
"vertex-digital.com","Vertex Digital","Software / Information Technology","Medium-Large ($50MM-$100MM)","Medium (200-499)","Aware","2026-06-27",8,3,"dc5a5934f8cbb8a373c4f29a1c692a67d7dbaa0f4d0b15e24e4b109642590029"
"smart-digital.com","Smart Digital","Hospital & Health Care","Micro ($0-$1MM)","Micro (1-9)","Aware","2026-08-01",13,6,""
"iron-works.com","Iron Works","Software / Information Technology","Large ($100MM-$200MM)","Large (1,000-4,999)","Unaware","2026-04-24",1,1,"cb1995e955cbe84e12bf8aee75d23c81d2637722003291aba2631f38fdfbd960"
"rapid-group.com","Rapid Group","Marketing and Advertising","Medium-Large ($50MM-$100MM)","Medium (200-499)","Aware","2026-08-30",16,4,"e2059904e80649c47436be1310e049efadbe0a3e3f30fc478badfe00ee911caa"
"blue-media.com","Blue Media","Software / Information Technology","Large ($100MM-$200MM)","Large (1,000-4,999)","Unaware","2026-07-26",4,1,"38a48a1aded65ecc23ad2d8c0bdfb4a39abad25710dbbeb22acf2b40663d81b1"
"acme-tech.com","Acme Tech","Health, Wellness and Fitness","Small ($1MM-$10MM)","Small (10-49)","Unaware","2026-05-22",3,1,"709d031d08d7c45c26b362ba9970e569cf2a5a67e702e5cfaef863ed6dbd40b9"
"green-solutions.com","Green Solutions","E-Learning","Micro ($0-$1MM)","Small (10-49)","Engaged","2026-03-31",19,9,"7d55be0abf75ad2872726b4b851a74cd27191e77fc795a4b27bbcc4d6e070721"
"rapid-digital.com","Rapid Digital","Marketing and Advertising","Small ($1MM-$10MM)","Small (10-49)","Aware","2026-05-13",11,5,""
"stellar-media.com","Stellar Media","Education Management","XLarge ($200MM-$1B)","Large (1,000-4,999)","Engaged","2026-04-02",91,13,""
"prime-media.com","Prime Media","Automotive","Medium-Large ($50MM-$100MM)","Medium-Large (500-999)","Unaware","2026-08-14",3,1,"fbb59fceb57a2e867b1814dc1436d9596e1999e35ed89c651b0169dcec22a128"
"green-corp.com","Green Corp","Financial Services","Micro ($0-$1MM)","Micro (1-9)","Unaware","2026-05-03",2,1,"9e6d950b973ef5913033877128e4878249cec2ec6d202819a78e028cbe71aa08"
"rapid-systems.com","Rapid Systems","Software / Information Technology","Medium-Large ($50MM-$100MM)","Medium (200-499)","Aware","2026-07-06",3,6,""
"peak-net.com","Peak Net","Software / Information Technology","Micro ($0-$1MM)","Small (10-49)","Unaware","2026-07-05",5,1,""
"global-labs.com","Global Labs","Entertainment","Large ($100MM-$200MM)","Medium-Large (500-999)","Engaged","2026-06-17",52,7,"ebf4e1aac3c4433d3f02dd424d3a419f52aef21b0819c5a27c58d7333c2daeae"
"clear-net.com","Clear Net","Telecommunications","Micro ($0-$1MM)","Micro (1-9)","Unaware","2026-09-15",2,1,"80d7b9ae6598dc08bcce685c6af7a84c968c07cc162e5c1ebc736a53e5af4b3e"
"rapid-inc.com","Rapid Inc","Education Management","Micro ($0-$1MM)","Micro (1-9)","MQL","2026-08-24",215,23,""
"rapid-media.com","Rapid Media","Retail","Micro ($0-$1MM)","Micro (1-9)","Aware","2026-05-30",3,3,"f7303b56dca4b3be882df4aac07a93df2a2c4b5b5e8f69ea976513e60b274c8f"
"acme-works.com","Acme Works","Marketing and Advertising","Medium-Small ($10MM-$50MM)","Medium (200-499)","Unaware","2026-08-07",1,1,"6e5ad669af52887de8abffbb92f1233d4942fc88f5e8ecf7d88168356aa15221"
"bright-works.com","Bright Works","Management Consulting","Micro ($0-$1MM)","Micro (1-9)","Unaware","2026-08-25",2,1,""
"swift-solutions.com","Swift Solutions","Software / Information Technology","Micro ($0-$1MM)","Micro (1-9)","Aware","2026-06-05",17,2,"eac8bac8dbdd3d4e61bfeea0ec3f24ba9c11617535b2e3ee2ed81f557d2dc655"
"green-digital.com","Green Digital","Consumer Goods","Medium-Small ($10MM-$50MM)","Medium (200-499)","Unaware","2026-06-10",2,1,"a183ed38f6a3c49b29f11e0589734dc10806f1c6d0e279729f670c8b03c36d53"
"clear-labs.com","Clear Labs","Food & Beverages","Medium-Small ($10MM-$50MM)","Medium (200-499)","Engaged","2026-09-07",37,16,""
"acme-data.com","Acme Data","E-Learning","Medium-Small ($10MM-$50MM)","Medium (200-499)","Aware","2026-04-23",12,2,"db3766e03563e748c9ab4f630aaef1e58b15bbffe560f8c03151a71200785fad"
"iron-data.com","Iron Data","Entertainment","Small ($1MM-$10MM)","Small (10-49)","Unaware","2026-07-04",5,1,""
"peak-corp.com","Peak Corp","Entertainment","Medium-Large ($50MM-$100MM)","Medium (200-499)","Unaware","2026-09-05",2,1,"3c1a3a83bd001151b37452066f66aaf70d0351e53c20ee71980f5ec75e9388d8"
"nova-media.com","Nova Media","Hospital & Health Care","XLarge ($200MM-$1B)","XLarge (5,000-10,000)","MQL","2026-09-09",196,16,"634a30a2077be616418d16473ee6eb901646d39ae04d16c6ceda7497a58b0e1a"
"smart-digital.com","Smart Digital","Software / Information Technology","Small ($1MM-$10MM)","Small (10-49)","Aware","2026-07-24",7,4,"9be66dd0923a0e365c488faffad9253612a460a35c6f666d0624b1365bcfc4a8"
"blue-solutions.com","Blue Solutions","Telecommunications","Medium-Large ($50MM-$100MM)","Medium-Large (500-999)","Engaged","2026-06-14",105,5,"ebe1c0e8747219ff901f687224be4f89a7506ffc6666291acf2f0b1d41c21759"
"core-hub.com","Core Hub","Consumer Goods","Medium-Large ($50MM-$100MM)","Medium-Large (500-999)","Aware","2026-07-16",19,4,"ead8f88fb627fe4649f3d89971d0cd96a9cf423108718165a36bae49fcc9e25c"
"cyber-group.com","Cyber Group","Manufacturing","Medium-Small ($10MM-$50MM)","Medium (200-499)","Unaware","2026-04-10",4,1,""
"clear-io.com","Clear Io","Construction","Micro ($0-$1MM)","Micro (1-9)","Aware","2026-08-05",19,3,"4bae4c34ea85d884de1c76932f239b0f5952e28e414b5a6681538cef1806c3ac"
"core-cloud.com","Core Cloud","Telecommunications","Micro ($0-$1MM)","Micro (1-9)","Aware","2026-07-06",10,4,""
"green-labs.com","Green Labs","Health, Wellness and Fitness","Medium-Small ($10MM-$50MM)","Medium (200-499)","Unaware","2026-08-02",2,1,"e4a68e3a1c8040a96fdc21b34cb3c247b409f6bf81f2830ef49616845ff960d9"
"peak-tech.com","Peak Tech","Telecommunications","Small ($1MM-$10MM)","Medium-Small (50-199)","Aware","2026-09-11",9,4,""
"global-hub.com","Global Hub","Software / Information Technology","Medium-Large ($50MM-$100MM)","Medium (200-499)","Unaware","2026-04-13",2,1,"821a427adfa1c946e536bbc63a36301c71cc32d3bc1cc4cda6468c4ee78e50f0"
"stellar-group.com","Stellar Group","Entertainment","Micro ($0-$1MM)","Small (10-49)","Aware","2026-06-22",20,3,"abf0d47297e17c394c6c5c01fd174919f221f3aabed9cf6f3d0c88f71c0ab9e7"
"clear-net.com","Clear Net","Health, Wellness and Fitness","Micro ($0-$1MM)","Micro (1-9)","Unaware","2026-06-20",5,1,""
"acme-inc.com","Acme Inc","Marketing and Advertising","Medium-Small ($10MM-$50MM)","Medium (200-499)","Unaware","2026-04-22",3,1,"58bd519fc71993c689a00eb2104888589ca97e60d56da15d07361e7de0d5bc34"
"bright-digital.com","Bright Digital","Marketing and Advertising","XLarge ($200MM-$1B)","Large (1,000-4,999)","Unaware","2026-09-09",1,1,""
"bright-corp.com","Bright Corp","Logistics and Supply Chain","Medium-Small ($10MM-$50MM)","Medium (200-499)","Unaware","2026-06-20",1,1,"d8730b6ac10f2c39c0beb4a4acbc66a57ea391e2aeb3f6c376f3329aba5a921b"
"nexus-net.com","Nexus Net","Logistics and Supply Chain","Small ($1MM-$10MM)","Small (10-49)","Unaware","2026-05-23",2,1,"4220934d91a1c557ef598c37defd67f53b7eac1d8d5264b253cd2e2b6120ebfa"
"nova-systems.com","Nova Systems","Retail","XXLarge ($1B+)","XXLarge (10,000+)","Unaware","2026-04-22",2,1,""
"iron-inc.com","Iron Inc","Construction","XLarge ($200MM-$1B)","XLarge (5,000-10,000)","MQL","2026-06-03",154,26,""
"peak-hub.com","Peak Hub","Marketing and Advertising","Medium-Small ($10MM-$50MM)","Medium-Small (50-199)","Unaware","2026-04-03",3,1,""
"stellar-media.com","Stellar Media","Hospital & Health Care","Micro ($0-$1MM)","Small (10-49)","Engaged","2026-07-06",14,14,""
"core-digital.com","Core Digital","Retail","Medium-Large ($50MM-$100MM)","Medium (200-499)","MQL","2026-04-21",154,16,"0e062c188ae68066a4026d423d59012bbd575ff52dc7fb83a26636bab985fc96"
"core-works.com","Core Works","Software / Information Technology","Large ($100MM-$200MM)","Medium-Large (500-999)","Opportunity","2026-04-27",243,35,""
"nexus-data.com","Nexus Data","Food & Beverages","Large ($100MM-$200MM)","Medium-Large (500-999)","Unaware","2026-06-03",5,1,"d1bfd34860def27782812f27edd55cf58c5a6f3415f2694296d44694f6e63385"
"stellar-cloud.com","Stellar Cloud","Software / Information Technology","Micro ($0-$1MM)","Small (10-49)","Aware","2026-06-03",9,5,""
"iron-hub.com","Iron Hub","Financial Services","Medium-Small ($10MM-$50MM)","Medium-Small (50-199)","MQL","2026-09-19",46,10,"bc366ba2fede0c63925b78aef1187dde0d34ff194161054de1971e6a0768b4c4"
"global-corp.com","Global Corp","Management Consulting","Micro ($0-$1MM)","Micro (1-9)","Aware","2026-07-06",15,3,"3a12a2b0595db291297c3fe8dc16c981964b14a6379be5e69469d0fe8b3e279c"
"vertex-labs.com","Vertex Labs","Hospital & Health Care","Micro ($0-$1MM)","Micro (1-9)","Aware","2026-06-30",3,6,""
"blue-corp.com","Blue Corp","Software / Information Technology","Medium-Small ($10MM-$50MM)","Medium-Small (50-199)","Aware","2026-05-25",5,4,"ea77115c689306666e56f8c3d2cabb016fdc04edccf2befe8e137ae8d53a7d4b"
"vertex-digital.com","Vertex Digital","Software / Information Technology","Medium-Small ($10MM-$50MM)","Medium (200-499)","Unaware","2026-06-29",4,1,"26a01f69b73ae73c49f15fc5d71d1736b78c6c9a2a1956b87cc57d7874caebb6"
"green-systems.com","Green Systems","Health, Wellness and Fitness","Large ($100MM-$200MM)","Medium-Large (500-999)","Opportunity","2026-06-11",372,20,"8390bb97ab291c176a1c583db091efb2ae64e7cfdd0684a297439b171243c1cb"
"bright-works.com","Bright Works","Automotive","Micro ($0-$1MM)","Micro (1-9)","MQL","2026-07-07",56,7,"c5ea3e9b8094f22c9fae9dcbff2f94e1b43f098fa5c336080c23e1562c299999"
"iron-cloud.com","Iron Cloud","Marketing and Advertising","Micro ($0-$1MM)","Small (10-49)","Unaware","2026-07-17",3,1,"9630a730304f78cce8f64dfb3fd7e5f023c410f95196a5244d630ca8e7a242b2"
"global-systems.com","Global Systems","Telecommunications","Micro ($0-$1MM)","Micro (1-9)","Aware","2026-04-30",8,6,""
"blue-corp.com","Blue Corp","Consumer Goods","XLarge ($200MM-$1B)","Large (1,000-4,999)","Unaware","2026-05-29",2,1,"467bf15f29aae3a76787e14bd5b4aed9463b186fe0fe7dadd8291b38b0916433"
"atlas-inc.com","Atlas Inc","Health, Wellness and Fitness","Medium-Small ($10MM-$50MM)","Medium-Small (50-199)","Engaged","2026-09-14",52,9,"4f87e1d875162ea6ff0b7fccb6ced719876eb5fb3368ec3490a01b8a20b72c3f"
"cyber-io.com","Cyber Io","Real Estate","Micro ($0-$1MM)","Small (10-49)","Engaged","2026-05-08",83,11,"15c37b2b77a6ad0ce4a9d5031931698b5867b008797fa4a8bf72497779794e17"
"bright-solutions.com","Bright Solutions","Health, Wellness and Fitness","Medium-Small ($10MM-$50MM)","Medium (200-499)","Unaware","2026-06-28",3,1,"06238f287ab158e929db07ba7c8b3ce52fcb88f02d271e0330d535a0cfb8f9f0"
"nexus-labs.com","Nexus Labs","Entertainment","Large ($100MM-$200MM)","Large (1,000-4,999)","Unaware","2026-05-05",5,1,"5fac2d98ebaa587949e1519cdd2b9fc11e7615ef946d143646e00dee5cd88263"
"vertex-group.com","Vertex Group","Telecommunications","Micro ($0-$1MM)","Small (10-49)","Unaware","2026-08-05",3,1,"e9f6a62a67f3416b67d8b7bb2c0b87db1c93398d99ee71d42b7a89eec5bccf4f"
"smart-tech.com","Smart Tech","Hospital & Health Care","Medium-Small ($10MM-$50MM)","Medium (200-499)","Engaged","2026-07-01",70,16,""
"cyber-cloud.com","Cyber Cloud","Marketing and Advertising","XLarge ($200MM-$1B)","XLarge (5,000-10,000)","MQL","2026-09-06",200,27,""
"core-corp.com","Core Corp","Education Management","Micro ($0-$1MM)","Small (10-49)","Unaware","2026-05-02",2,1,""
"bright-digital.com","Bright Digital","Real Estate","Micro ($0-$1MM)","Micro (1-9)","Aware","2026-06-28",21,6,""
"acme-group.com","Acme Group","Insurance","Micro ($0-$1MM)","Micro (1-9)","Aware","2026-09-08",17,2,"7b95266c529099dbe7c1bc23e8897d91160f634509434f49b8511268dd0853f2"
"clear-systems.com","Clear Systems","Construction","Micro ($0-$1MM)","Small (10-49)","Aware","2026-09-09",17,1,"d67d7b68a0c91af3f5a2a266e738721d69a11f241b0009a7b4eb8dd0a117743c"
"cyber-net.com","Cyber Net","Food & Beverages","Medium-Small ($10MM-$50MM)","Medium-Small (50-199)","Aware","2026-09-03",7,3,"4183576ead273ae310f5d4a76c19cf4b3be591d5a75500c2c8d60e4f735c6240"
"global-hub.com","Global Hub","E-Learning","Medium-Small ($10MM-$50MM)","Medium (200-499)","Unaware","2026-07-05",5,1,""
"rapid-group.com","Rapid Group","Construction","Micro ($0-$1MM)","Micro (1-9)","Unaware","2026-09-16",3,1,"c38972ce01bf1c7417755a7d30372a56ff2e3aae101890dcc4542a7085bac863"
"peak-digital.com","Peak Digital","Retail","Large ($100MM-$200MM)","Medium-Large (500-999)","Unaware","2026-07-16",2,1,"4eacae5b9792af0ecb7514b4fb29797461befbe55c56a9ace965c99e74a04a81"
"blue-io.com","Blue Io","Logistics and Supply Chain","Medium-Large ($50MM-$100MM)","Medium (200-499)","Unaware","2026-07-21",5,1,"52799541bfc6a61aaa9ef0c617afbf2d654b6cbef8e047d7df930ff3114a5944"
"atlas-cloud.com","Atlas Cloud","Retail","Micro ($0-$1MM)","Micro (1-9)","MQL","2026-06-01",61,19,"8ca03999598e437da70c836e54d0480c36bf5df4bad7c80365350b0622984556"
"prime-io.com","Prime Io","Telecommunications","Medium-Small ($10MM-$50MM)","Medium (200-499)","Unaware","2026-06-04",5,1,"eb20ed049883e651203ce644bcaa6eea5ca86b91a77b4e79c4243ffc5fd43094"
"bright-data.com","Bright Data","Telecommunications","Medium-Small ($10MM-$50MM)","Medium (200-499)","Unaware","2026-06-17",4,1,""
"global-inc.com","Global Inc","Software / Information Technology","XLarge ($200MM-$1B)","XLarge (5,000-10,000)","Aware","2026-04-14",21,4,""
"peak-cloud.com","Peak Cloud","Automotive","Medium-Large ($50MM-$100MM)","Medium (200-499)","Unaware","2026-08-28",3,1,"975ffe09027d63fda3b33500b0643e9e4b39c047949898489e33ac5341f85dc4"
"atlas-labs.com","Atlas Labs","Legal Services","Large ($100MM-$200MM)","Medium-Large (500-999)","Engaged","2026-03-30",95,12,""
"prime-digital.com","Prime Digital","E-Learning","Medium-Small ($10MM-$50MM)","Medium-Small (50-199)","Engaged","2026-06-11",31,14,""
"bright-net.com","Bright Net","Manufacturing","Medium-Small ($10MM-$50MM)","Medium (200-499)","Aware","2026-05-22",17,4,""
"vertex-digital.com","Vertex Digital","Marketing and Advertising","Medium-Small ($10MM-$50MM)","Medium (200-499)","Engaged","2026-05-25",22,15,""
"swift-net.com","Swift Net","Retail","XXLarge ($1B+)","XXLarge (10,000+)","Engaged","2026-06-16",106,11,"a6ed16102a2c628194a14f5d3cc4f73f26ed6a3d11d378f2d2bdf667460c2f8d"
"apex-net.com","Apex Net","Entertainment","Medium-Small ($10MM-$50MM)","Medium (200-499)","Unaware","2026-06-22",1,1,""
"rapid-net.com","Rapid Net","Retail","Small ($1MM-$10MM)","Medium-Small (50-199)","Aware","2026-08-21",22,6,""
"global-net.com","Global Net","Management Consulting","Medium-Large ($50MM-$100MM)","Medium-Large (500-999)","Engaged","2026-09-21",42,13,""
"stellar-media.com","Stellar Media","Software / Information Technology","Medium-Small ($10MM-$50MM)","Medium-Small (50-199)","Engaged","2026-04-17",83,9,"5259630f9250fd5bc5a8a9f898be068ac0b81bcb290f5567af671c0c582a0f4d"
"vertex-systems.com","Vertex Systems","Financial Services","Medium-Small ($10MM-$50MM)","Medium-Small (50-199)","Aware","2026-05-14",9,1,"511367f9ac8ef4969956aa5f3be6c8190d340e89d4c8948d5ff7c88ec5e523ab"
"atlas-tech.com","Atlas Tech","Manufacturing","Medium-Large ($50MM-$100MM)","Medium (200-499)","Engaged","2026-06-14",63,12,""
"vertex-labs.com","Vertex Labs","Marketing and Advertising","Medium-Small ($10MM-$50MM)","Medium (200-499)","Unaware","2026-06-23",4,1,"f4edb7d24259d90bff669aebc87a4181a19e619375462733dce67426fb72b07f"
"bright-data.com","Bright Data","Logistics and Supply Chain","Medium-Large ($50MM-$100MM)","Medium-Large (500-999)","Engaged","2026-08-17",86,10,"9c3feec4514b1f4edbcf1ae9ecc69c15aedb628bc334fcd6fb747a22b9d76b70"
"rapid-corp.com","Rapid Corp","Manufacturing","Medium-Small ($10MM-$50MM)","Medium-Small (50-199)","Aware","2026-08-25",3,3,"a93544ec394d2650288e48e29ce0138ed62a0774c2683a7778f2359830d68d54"
"swift-media.com","Swift Media","Legal Services","XLarge ($200MM-$1B)","Large (1,000-4,999)","Unaware","2026-04-13",4,1,""
"apex-net.com","Apex Net","Food & Beverages","Medium-Large ($50MM-$100MM)","Medium-Large (500-999)","Engaged","2026-07-03",67,12,"e8280f87bd1c01322f5deaf040cdd8b754b89ab9811fab05520ed84be5efa620"
"blue-data.com","Blue Data","Telecommunications","Large ($100MM-$200MM)","Large (1,000-4,999)","Aware","2026-04-08",19,1,"a2febb51f00ae0d03fdecf7cb02e245f40dd818d4ab43bf85f23177cc2b3c0c9"
"nexus-data.com","Nexus Data","Software / Information Technology","Micro ($0-$1MM)","Micro (1-9)","MQL","2026-08-23",69,15,"2b709c678eb07ddbd83ac01a8fe1355f8effda14fda902909a76b72f148a96d7"
"blue-io.com","Blue Io","Financial Services","Medium-Small ($10MM-$50MM)","Medium (200-499)","Engaged","2026-06-19",37,16,""
"global-systems.com","Global Systems","Marketing and Advertising","Small ($1MM-$10MM)","Small (10-49)","Engaged","2026-08-03",45,13,""
"core-hub.com","Core Hub","Food & Beverages","Small ($1MM-$10MM)","Medium-Small (50-199)","Aware","2026-08-26",6,5,""
"acme-digital.com","Acme Digital","Software / Information Technology","Small ($1MM-$10MM)","Medium-Small (50-199)","Engaged","2026-08-02",59,14,""
"swift-hub.com","Swift Hub","Entertainment","Medium-Large ($50MM-$100MM)","Medium-Large (500-999)","Aware","2026-05-02",17,2,"f5f514645441ea051deb532cee108b545dd5c87c2d314e281510f3754d8ee6d3"
"nova-group.com","Nova Group","Financial Services","Small ($1MM-$10MM)","Medium-Small (50-199)","Engaged","2026-05-05",106,5,"c5331c12f31c87b966e578af638505c79b440e7cb91a341c2eba10a611851478"
"atlas-works.com","Atlas Works","Marketing and Advertising","Medium-Large ($50MM-$100MM)","Medium-Large (500-999)","Unaware","2026-05-22",5,1,""
"nova-systems.com","Nova Systems","Telecommunications","Medium-Small ($10MM-$50MM)","Medium-Small (50-199)","Unaware","2026-09-12",5,1,"a2726e0d9ae50817ac24fd0db86ab43611fb5fa82a8971c5992157776c364ba7"
"prime-labs.com","Prime Labs","Construction","Medium-Small ($10MM-$50MM)","Medium (200-499)","Engaged","2026-04-08",60,16,""
"iron-group.com","Iron Group","Marketing and Advertising","Medium-Large ($50MM-$100MM)","Medium (200-499)","Engaged","2026-06-05",21,17,""
"clear-group.com","Clear Group","Health, Wellness and Fitness","Micro ($0-$1MM)","Micro (1-9)","MQL","2026-09-01",119,28,""
"global-media.com","Global Media","Hospital & Health Care","Large ($100MM-$200MM)","Large (1,000-4,999)","Aware","2026-09-09",4,2,"9b78681b55ad6b053cb16a1bdc4255da3f950d55fa369ad76703dba33da55c38"
"bright-group.com","Bright Group","Food & Beverages","Large ($100MM-$200MM)","Large (1,000-4,999)","MQL","2026-04-23",99,25,""
"stellar-cloud.com","Stellar Cloud","Retail","Micro ($0-$1MM)","Micro (1-9)","Aware","2026-08-26",20,2,"b32772e8d9c98311303087e8d76c1213bbff4d124d1ade0ad94d9eebeb215a61"
"smart-net.com","Smart Net","Insurance","Large ($100MM-$200MM)","Medium-Large (500-999)","Engaged","2026-04-11",51,15,""
"acme-media.com","Acme Media","Entertainment","XLarge ($200MM-$1B)","XLarge (5,000-10,000)","Aware","2026-05-05",11,3,"6568f1c4df5e439262294dd52fd4265b1e36d91ca510065b2dd14d639f980fd3"
"peak-solutions.com","Peak Solutions","Financial Services","Small ($1MM-$10MM)","Medium-Small (50-199)","Unaware","2026-05-30",4,1,""
"nexus-hub.com","Nexus Hub","Management Consulting","Large ($100MM-$200MM)","Large (1,000-4,999)","Engaged","2026-07-16",90,7,"0c5ef200ab62fe66b112ea51197f7a4cc6967a8e394a5b65180038900431462b"
"vertex-labs.com","Vertex Labs","Legal Services","Small ($1MM-$10MM)","Small (10-49)","Engaged","2026-05-07",68,9,"50b413353ccc2db00eaf19b9671540aef6286d1ac6e3d9d12505b2588bba9d25"
"bright-digital.com","Bright Digital","Hospital & Health Care","Medium-Large ($50MM-$100MM)","Medium (200-499)","Aware","2026-08-26",6,2,"269d951e195cba34cb81176084ec817c62003a6de1058e74fec2e773649f8074"
"nova-cloud.com","Nova Cloud","Construction","Micro ($0-$1MM)","Micro (1-9)","Aware","2026-08-27",5,3,"e51bce3c4eab38b60da034cfe131ec05f70497ba503305cc5e2241814e9f794f"
"clear-io.com","Clear Io","E-Learning","Medium-Small ($10MM-$50MM)","Medium-Small (50-199)","Unaware","2026-09-09",2,1,"bdd6784b0c72bf6adc5d9674ad6caf6175ee7858456921fdde2c4b944292c335"
"acme-inc.com","Acme Inc","Software / Information Technology","Micro ($0-$1MM)","Micro (1-9)","Unaware","2026-06-13",1,1,""
"acme-cloud.com","Acme Cloud","Food & Beverages","Medium-Small ($10MM-$50MM)","Medium (200-499)","Unaware","2026-06-01",2,1,"ee1559acd511c25278b99b9a8f03ba1dad68205592778c03844f80865c68bd90"
"acme-corp.com","Acme Corp","Retail","Medium-Large ($50MM-$100MM)","Medium (200-499)","Engaged","2026-09-08",19,16,""
"swift-inc.com","Swift Inc","Education Management","Micro ($0-$1MM)","Micro (1-9)","Unaware","2026-09-03",1,1,""
"green-systems.com","Green Systems","Entertainment","Large ($100MM-$200MM)","Large (1,000-4,999)","Unaware","2026-06-03",2,1,"96f39457f67270f3c7d09e40687c0ebea868b368b4bac510059dc0f822a9efb2"
"blue-systems.com","Blue Systems","E-Learning","Large ($100MM-$200MM)","Large (1,000-4,999)","Unaware","2026-04-23",4,1,""
"peak-data.com","Peak Data","Software / Information Technology","Large ($100MM-$200MM)","Large (1,000-4,999)","Engaged","2026-04-07",37,12,"c20e8998f733675aa1a1a383b5e44f2290d8e9c2a2189c609e2016c4d71b66f0"
"swift-cloud.com","Swift Cloud","Entertainment","Medium-Small ($10MM-$50MM)","Medium (200-499)","Aware","2026-05-13",6,6,""
"prime-group.com","Prime Group","Logistics and Supply Chain","Large ($100MM-$200MM)","Large (1,000-4,999)","MQL","2026-07-09",78,17,"51d67d4af2f4bcb577171f2f7102f7bcf7e7b20363a5dec65bc83aa271e396a9"
"swift-media.com","Swift Media","Software / Information Technology","Small ($1MM-$10MM)","Small (10-49)","Unaware","2026-08-23",5,1,""
"stellar-net.com","Stellar Net","Real Estate","Micro ($0-$1MM)","Micro (1-9)","Unaware","2026-05-30",5,1,""
"swift-net.com","Swift Net","Insurance","Small ($1MM-$10MM)","Small (10-49)","Engaged","2026-04-10",107,16,""
"clear-labs.com","Clear Labs","Food & Beverages","Micro ($0-$1MM)","Micro (1-9)","Unaware","2026-07-11",2,1,""
"global-inc.com","Global Inc","Education Management","Medium-Small ($10MM-$50MM)","Medium (200-499)","MQL","2026-06-29",123,25,""
"blue-cloud.com","Blue Cloud","Marketing and Advertising","Medium-Small ($10MM-$50MM)","Medium-Small (50-199)","Unaware","2026-08-17",3,1,"014f536003bfb395629bcbd4fd3eb78e7e27ab022045cf688aecc10e7b327c90"
"iron-group.com","Iron Group","Software / Information Technology","Small ($1MM-$10MM)","Small (10-49)","MQL","2026-04-25",76,6,"0307dab9d96c6a3804419af95c0c6faf2ab4daad86078d4f52b68764d87ab58e"
"prime-group.com","Prime Group","Manufacturing","XLarge ($200MM-$1B)","XLarge (5,000-10,000)","Aware","2026-09-18",12,3,"8106b52bb9fc8f7ff9d46de8e6876d500e42c440b86638747efad6f02c588787"
"stellar-solutions.com","Stellar Solutions","Legal Services","Small ($1MM-$10MM)","Small (10-49)","Aware","2026-09-13",4,4,"6aa77826c7fe82b5768a383a1ce164c1b385ac6b972006313d8e3d01174608a2"
"swift-media.com","Swift Media","Retail","Medium-Large ($50MM-$100MM)","Medium-Large (500-999)","Unaware","2026-04-04",2,1,"17c463c5189a041d171342edf889781e30e80400b5146c810148f0485c837013"
"nexus-solutions.com","Nexus Solutions","Food & Beverages","Small ($1MM-$10MM)","Medium-Small (50-199)","Unaware","2026-06-11",4,1,""
"bright-tech.com","Bright Tech","Software / Information Technology","XLarge ($200MM-$1B)","Large (1,000-4,999)","Engaged","2026-08-19",99,10,"9abf93b04dc796fece8ba8cf61f8314afaa5b978d420b0fbbacf8b2a1f9a245c"
"core-net.com","Core Net","Legal Services","Medium-Small ($10MM-$50MM)","Medium (200-499)","Engaged","2026-08-02",103,17,""
"rapid-corp.com","Rapid Corp","Software / Information Technology","Medium-Large ($50MM-$100MM)","Medium (200-499)","Engaged","2026-05-09",88,6,"5d90889352e92b54eac5d1831f67a62bb521baad64d48ef1836fd2625021f189"
"blue-works.com","Blue Works","Logistics and Supply Chain","Large ($100MM-$200MM)","Large (1,000-4,999)","Unaware","2026-08-05",2,1,"d029641425f26adde7d62914be6ab5e8139b861d6bf215d0ecf0192129e180c9"
"swift-systems.com","Swift Systems","Hospital & Health Care","XXLarge ($1B+)","XXLarge (10,000+)","Aware","2026-09-01",18,5,""
"apex-works.com","Apex Works","Software / Information Technology","Medium-Large ($50MM-$100MM)","Medium-Large (500-999)","Engaged","2026-04-25",91,9,"519280eca49076ea326feef7d625ac4d5328dcdd902b3722990e452b26eb4a5a"
"cyber-corp.com","Cyber Corp","Retail","Medium-Large ($50MM-$100MM)","Medium-Large (500-999)","Unaware","2026-06-05",1,1,""
"bright-media.com","Bright Media","Marketing and Advertising","Micro ($0-$1MM)","Micro (1-9)","Unaware","2026-06-04",2,1,""
"rapid-tech.com","Rapid Tech","Food & Beverages","Small ($1MM-$10MM)","Small (10-49)","Unaware","2026-04-30",1,1,"546c9e20864c0d90c124e33896b2a9bf173c39d8b55bc96af64580cd95745ad3"
"swift-data.com","Swift Data","Software / Information Technology","Medium-Large ($50MM-$100MM)","Medium (200-499)","Unaware","2026-07-24",2,1,""
"prime-io.com","Prime Io","Marketing and Advertising","Small ($1MM-$10MM)","Medium-Small (50-199)","Aware","2026-06-22",15,6,""
"core-works.com","Core Works","Software / Information Technology","Small ($1MM-$10MM)","Small (10-49)","Opportunity","2026-08-29",207,37,""
"peak-corp.com","Peak Corp","Real Estate","Large ($100MM-$200MM)","Medium-Large (500-999)","Engaged","2026-04-04",35,13,""
"peak-cloud.com","Peak Cloud","Food & Beverages","Micro ($0-$1MM)","Micro (1-9)","Unaware","2026-05-19",5,1,"1ae45527e71e344d20ec4882c4c8df77b52f0b9b335f8a1518796fdf7500bc7c"
"vertex-hub.com","Vertex Hub","Management Consulting","Micro ($0-$1MM)","Small (10-49)","Aware","2026-06-10",21,6,""
"cyber-media.com","Cyber Media","Insurance","Small ($1MM-$10MM)","Medium-Small (50-199)","MQL","2026-08-27",222,18,"9a639d8c745eac99508ee9f0aeaf624837108a827597c3ebc75f314df3a3bc0a"
"green-cloud.com","Green Cloud","Real Estate","Medium-Small ($10MM-$50MM)","Medium (200-499)","Opportunity","2026-04-08",304,36,""
"atlas-works.com","Atlas Works","Construction","Small ($1MM-$10MM)","Small (10-49)","Engaged","2026-07-26",38,8,"7a8978f3c43b9c62c6bc43f3733fecdd43bc216b1dea5487276ee8824b2120b7"
"bright-solutions.com","Bright Solutions","Retail","Micro ($0-$1MM)","Micro (1-9)","Aware","2026-08-17",16,1,"36bdf5633eef2d98dd7deeb908d765274a5311d698e512dd60b031447f9d58f9"
"smart-systems.com","Smart Systems","Automotive","Medium-Small ($10MM-$50MM)","Medium-Small (50-199)","MQL","2026-07-11",79,14,"3d624469ae7a911b5fe4f85335de4eb2bb318f7cdd3a13d9a5ee714d17060da3"
"rapid-corp.com","Rapid Corp","Financial Services","Large ($100MM-$200MM)","Medium-Large (500-999)","Unaware","2026-08-06",3,1,"c8ee7ef48eaf28bcb992527f1b033777339fe236824bd17acb441031d95a3806"
"global-inc.com","Global Inc","Food & Beverages","Small ($1MM-$10MM)","Small (10-49)","Opportunity","2026-07-28",133,46,""
"cyber-inc.com","Cyber Inc","Retail","Micro ($0-$1MM)","Micro (1-9)","Engaged","2026-08-04",96,7,"d63d331ce610d1fe4cf5825d6fb88b6d9118d86007781207afe7da78feceb607"
"rapid-hub.com","Rapid Hub","Marketing and Advertising","Micro ($0-$1MM)","Micro (1-9)","Opportunity","2026-09-09",373,39,""
"nexus-tech.com","Nexus Tech","Telecommunications","Medium-Small ($10MM-$50MM)","Medium-Small (50-199)","Unaware","2026-07-05",2,1,""
"apex-cloud.com","Apex Cloud","Logistics and Supply Chain","Small ($1MM-$10MM)","Small (10-49)","Unaware","2026-04-28",3,1,"bf19ab52f31807053e7852a0a1c69f270be811fa483d43cfe2dab32ea044bde7"
"clear-hub.com","Clear Hub","Food & Beverages","XLarge ($200MM-$1B)","XLarge (5,000-10,000)","Unaware","2026-04-14",3,1,"6cbce89a5ad95e340b2b5b7cb9fadf7fec212f77bfe1878b278508e3f2deff74"
"cyber-works.com","Cyber Works","Entertainment","XLarge ($200MM-$1B)","XLarge (5,000-10,000)","Unaware","2026-07-31",5,1,""
"global-cloud.com","Global Cloud","Real Estate","Small ($1MM-$10MM)","Medium-Small (50-199)","Unaware","2026-06-26",3,1,"476940bedc1ee84de71bb1779ddae95b6ff3defd4f73121ce88c197ff885d0d8"
"global-works.com","Global Works","Software / Information Technology","Medium-Large ($50MM-$100MM)","Medium (200-499)","Opportunity","2026-06-30",184,40,""
"cyber-works.com","Cyber Works","Software / Information Technology","Medium-Large ($50MM-$100MM)","Medium (200-499)","Unaware","2026-04-05",3,1,""
"stellar-net.com","Stellar Net","E-Learning","Large ($100MM-$200MM)","Large (1,000-4,999)","Aware","2026-08-23",20,4,"21c093036d25035827be9e89b54cbc46fe46a2041eaedb83925a6efa7ee0df14"
"clear-systems.com","Clear Systems","Software / Information Technology","Small ($1MM-$10MM)","Medium-Small (50-199)","Unaware","2026-06-11",3,1,"3c3839b20d02dec1d04e85bf411c69c952b64b95d129e3c5951596c23fa64607"
"acme-corp.com","Acme Corp","E-Learning","Medium-Large ($50MM-$100MM)","Medium (200-499)","MQL","2026-06-01",219,8,"ade5f7d82ee940b925f83975f93f06b5132a496d0af6ada30ef9cb74686db438"
"bright-digital.com","Bright Digital","Marketing and Advertising","Small ($1MM-$10MM)","Medium-Small (50-199)","Unaware","2026-05-10",2,1,"54062473a74ef0ad3310e9f75bb68f7e69b1b03ca74ded53e5945c627d41a2cf"
"nova-labs.com","Nova Labs","Automotive","XLarge ($200MM-$1B)","XLarge (5,000-10,000)","Unaware","2026-07-07",2,1,"478e28b4f7f7f81aaa17e2f52fc2af7573a6859b49fb824fa922e643ddaaa29c"
"core-inc.com","Core Inc","Manufacturing","Large ($100MM-$200MM)","Large (1,000-4,999)","Aware","2026-07-20",17,3,"f37cbacf5a69265e6f0eb9b89d5ff7d4aae287c1e1876f6250e41919de3c8ee0"
"nexus-group.com","Nexus Group","E-Learning","Large ($100MM-$200MM)","Medium-Large (500-999)","Engaged","2026-08-17",96,9,"a2a132bb7b50c2340b15980f58d53a3c045d13ec486140f5b16776fab9ba39dc"
"acme-media.com","Acme Media","Marketing and Advertising","Medium-Small ($10MM-$50MM)","Medium-Small (50-199)","Aware","2026-09-04",21,3,"bf7035c5994d13ffc2e48adc5fdb5ef8257ec11ea78f6b3957812f22ae0f6e74"
"clear-io.com","Clear Io","Logistics and Supply Chain","Small ($1MM-$10MM)","Small (10-49)","Unaware","2026-04-05",3,1,""
"acme-media.com","Acme Media","Education Management","Small ($1MM-$10MM)","Small (10-49)","Unaware","2026-05-06",3,1,"fce846b578e270b96d020d9e809792c649eb7539bda1175717a0a5ffac71b086"
"peak-group.com","Peak Group","Software / Information Technology","Medium-Small ($10MM-$50MM)","Medium (200-499)","Aware","2026-06-26",20,6,""
"stellar-io.com","Stellar Io","Marketing and Advertising","Medium-Small ($10MM-$50MM)","Medium-Small (50-199)","Unaware","2026-09-13",2,1,""
"apex-data.com","Apex Data","Retail","XXLarge ($1B+)","XXLarge (10,000+)","Engaged","2026-04-17",57,5,"8babaa0cb44b1aaf628839d6b77bcfaf7d905753cd01e3a8058e287890661989"
"swift-io.com","Swift Io","Logistics and Supply Chain","Small ($1MM-$10MM)","Small (10-49)","Unaware","2026-07-16",1,1,"49c0e97ab713c539e11b0f0ad30f7d52fb9a3c97ee27a1b1cc4495fe4c5f0658"
"cyber-inc.com","Cyber Inc","Legal Services","Small ($1MM-$10MM)","Medium-Small (50-199)","MQL","2026-08-25",211,6,"0970bebc92e13b2c060230485685042dbe546c0cc57aceaaf96e465db0123ff1"
"core-group.com","Core Group","E-Learning","Small ($1MM-$10MM)","Medium-Small (50-199)","Aware","2026-08-15",7,5,""
"acme-labs.com","Acme Labs","Entertainment","Medium-Large ($50MM-$100MM)","Medium-Large (500-999)","Unaware","2026-08-01",3,1,"fb9ce4c9f2e5e40774bd609fad7cd97850f91ee1404682be16b4b9f387b61758"
"apex-labs.com","Apex Labs","Management Consulting","Micro ($0-$1MM)","Micro (1-9)","Engaged","2026-07-14",45,12,"92f14be42cd054a77fcfe4ad14532bd71d7766d09f17ba3e3b14966f6ad47b14"
"cyber-inc.com","Cyber Inc","Software / Information Technology","Small ($1MM-$10MM)","Small (10-49)","Unaware","2026-05-13",4,1,""
"smart-corp.com","Smart Corp","Entertainment","Small ($1MM-$10MM)","Medium-Small (50-199)","Engaged","2026-05-27",60,14,""
"global-net.com","Global Net","E-Learning","Large ($100MM-$200MM)","Large (1,000-4,999)","Unaware","2026-08-30",5,1,""
"rapid-media.com","Rapid Media","Software / Information Technology","Micro ($0-$1MM)","Micro (1-9)","Aware","2026-07-12",16,5,""
"cyber-systems.com","Cyber Systems","Software / Information Technology","Large ($100MM-$200MM)","Medium-Large (500-999)","Unaware","2026-05-27",3,1,""
"apex-media.com","Apex Media","Marketing and Advertising","Micro ($0-$1MM)","Micro (1-9)","Aware","2026-09-19",4,4,""
"prime-data.com","Prime Data","E-Learning","Small ($1MM-$10MM)","Medium-Small (50-199)","Aware","2026-09-01",4,3,"36601c39e93b8021a6b287eb754dbd84309b1d73c514a6eceea6c6dce3d7061c"
"nexus-group.com","Nexus Group","Financial Services","Small ($1MM-$10MM)","Medium-Small (50-199)","Unaware","2026-04-05",5,1,""
"peak-hub.com","Peak Hub","Consumer Goods","Micro ($0-$1MM)","Micro (1-9)","Unaware","2026-06-19",5,1,"bc4a19a6e2fe1378806bbdd361ef72e182f27df06575882a0cc3de298ae9418e"
"nova-media.com","Nova Media","Insurance","Small ($1MM-$10MM)","Small (10-49)","Aware","2026-04-22",15,4,""
"clear-corp.com","Clear Corp","Financial Services","Large ($100MM-$200MM)","Large (1,000-4,999)","Aware","2026-03-29",19,2,"23447adad44b2bb6fa1387926e4b5f29d3144e60e908b95325b0a540ae7a4668"
"rapid-hub.com","Rapid Hub","Telecommunications","Micro ($0-$1MM)","Small (10-49)","Unaware","2026-05-04",4,1,"64062d5ebdbdbe10d741546061e4cb792c5032fe572a311e2afa147e15c0910a"
"nova-io.com","Nova Io","Software / Information Technology","XLarge ($200MM-$1B)","XLarge (5,000-10,000)","Aware","2026-06-29",19,6,""
"core-group.com","Core Group","Financial Services","Medium-Large ($50MM-$100MM)","Medium-Large (500-999)","Unaware","2026-07-21",2,1,"042b1955a7dbaf2599345277ba95ced722e20063702902dbab393a32b818df74"
"prime-digital.com","Prime Digital","Management Consulting","Medium-Large ($50MM-$100MM)","Medium-Large (500-999)","Unaware","2026-06-07",2,1,"6684f1c01d1860104b5dbb4c0d68cbc13f7130855b84715913010e0df836efac"
"acme-corp.com","Acme Corp","Software / Information Technology","Micro ($0-$1MM)","Micro (1-9)","Unaware","2026-08-30",4,1,""
"rapid-media.com","Rapid Media","Hospital & Health Care","Medium-Small ($10MM-$50MM)","Medium (200-499)","Engaged","2026-08-29",40,15,""
"global-systems.com","Global Systems","Hospital & Health Care","XXLarge ($1B+)","XXLarge (10,000+)","Engaged","2026-06-19",51,16,""
"clear-systems.com","Clear Systems","Health, Wellness and Fitness","Medium-Small ($10MM-$50MM)","Medium-Small (50-199)","Engaged","2026-07-08",42,16,""
"green-media.com","Green Media","Hospital & Health Care","Micro ($0-$1MM)","Micro (1-9)","Unaware","2026-07-18",3,1,"7e5849868c7ec9debbd97a55f02c0965a405c4228939453bc48b08b15583f297"
"rapid-media.com","Rapid Media","Automotive","Medium-Large ($50MM-$100MM)","Medium (200-499)","Unaware","2026-07-21",1,1,"14a43c393e7ca57aa1961c6e97e68f571a9b79ef8a3c78cb5c88557b1ea45dca"
"nexus-data.com","Nexus Data","Software / Information Technology","Medium-Large ($50MM-$100MM)","Medium (200-499)","Unaware","2026-05-17",3,1,"c9704a60ea4ba06c960d9b8e8a16623f7cd6dc29c157f1b42ceec71318690081"
"swift-solutions.com","Swift Solutions","Software / Information Technology","Micro ($0-$1MM)","Small (10-49)","Unaware","2026-03-30",1,1,""
"bright-labs.com","Bright Labs","Legal Services","Medium-Large ($50MM-$100MM)","Medium-Large (500-999)","Unaware","2026-09-18",3,1,"43058b2d412bebda7f40f3580765750407b82d5c4b46131756b01ea91c2612aa"
"peak-works.com","Peak Works","Construction","Medium-Large ($50MM-$100MM)","Medium-Large (500-999)","Engaged","2026-08-30",45,14,""
"stellar-io.com","Stellar Io","Hospital & Health Care","Micro ($0-$1MM)","Small (10-49)","Unaware","2026-07-12",5,1,"8aa47f982f3ece054a1bfa5b127009417f3198d967d234cd290460bed97074ae"
"smart-corp.com","Smart Corp","Hospital & Health Care","Micro ($0-$1MM)","Micro (1-9)","MQL","2026-05-12",95,17,"be865c2285991a978befe6112bba68ffba5046d52126ff30a8f1916e05149af5"
"atlas-works.com","Atlas Works","Marketing and Advertising","XLarge ($200MM-$1B)","Large (1,000-4,999)","Unaware","2026-08-15",3,1,"bbb3bb3ead5ca990be31f7e138b719dadc890114291857006bfb04b2cf8eece2"
"blue-solutions.com","Blue Solutions","E-Learning","Medium-Small ($10MM-$50MM)","Medium-Small (50-199)","Unaware","2026-07-21",2,1,"cd7e661750753e977f3aa142ba6824d6a306dcca5df13e5e91942432a70f3ac5"
"core-media.com","Core Media","Construction","Small ($1MM-$10MM)","Small (10-49)","Unaware","2026-06-02",3,1,""
"smart-hub.com","Smart Hub","Marketing and Advertising","Medium-Large ($50MM-$100MM)","Medium-Large (500-999)","Aware","2026-03-29",14,4,""
"stellar-digital.com","Stellar Digital","Software / Information Technology","Medium-Small ($10MM-$50MM)","Medium (200-499)","Unaware","2026-03-30",2,1,"da2e71cf783d103854ada6a8bac0fec2526ee750cc1dcd37c537ac4fc980806d"
"bright-corp.com","Bright Corp","Legal Services","Small ($1MM-$10MM)","Medium-Small (50-199)","Engaged","2026-07-24",74,17,""
"prime-io.com","Prime Io","Marketing and Advertising","Medium-Small ($10MM-$50MM)","Medium-Small (50-199)","Aware","2026-09-14",8,2,"25ff6ffb4851a7a3683c4e1b4372d9abd53671e20b2383818c0c10ff205f074e"
"blue-cloud.com","Blue Cloud","Food & Beverages","XLarge ($200MM-$1B)","Large (1,000-4,999)","Aware","2026-06-29",17,6,""
"vertex-systems.com","Vertex Systems","Legal Services","Medium-Small ($10MM-$50MM)","Medium-Small (50-199)","Unaware","2026-09-05",1,1,""
"cyber-hub.com","Cyber Hub","Legal Services","XLarge ($200MM-$1B)","Large (1,000-4,999)","MQL","2026-04-28",46,14,"cf5d036eee667245bcf27cfe2fb0c42d3e12180f0dcb985e7cb5a1ea8ef9dbef"
"iron-io.com","Iron Io","Logistics and Supply Chain","Medium-Large ($50MM-$100MM)","Medium-Large (500-999)","Unaware","2026-09-07",5,1,""
"smart-net.com","Smart Net","Legal Services","Small ($1MM-$10MM)","Small (10-49)","Unaware","2026-08-22",1,1,"e63795bf41a80a71ba591a4089de8581ee49269cf319d473ce40a1757d867892"
"bright-tech.com","Bright Tech","Retail","Medium-Small ($10MM-$50MM)","Medium (200-499)","MQL","2026-09-22",71,22,""
"nova-io.com","Nova Io","Food & Beverages","Medium-Small ($10MM-$50MM)","Medium-Small (50-199)","Engaged","2026-08-31",89,16,""
"blue-corp.com","Blue Corp","Hospital & Health Care","Micro ($0-$1MM)","Small (10-49)","Unaware","2026-08-14",4,1,"53dbb7ff210ec88c3d530aae221e5364d182497985b8817e18394a15a20c4865"
"peak-cloud.com","Peak Cloud","Telecommunications","XLarge ($200MM-$1B)","XLarge (5,000-10,000)","Engaged","2026-08-13",34,8,"fa878fc2623ea623176a28074e7c1881bd1279b8dae6d61a730f2bbdb248098f"
"core-cloud.com","Core Cloud","Marketing and Advertising","Micro ($0-$1MM)","Micro (1-9)","Aware","2026-09-08",16,5,""
"peak-data.com","Peak Data","Food & Beverages","Micro ($0-$1MM)","Micro (1-9)","Unaware","2026-08-03",3,1,"dfcfd25ceed230c3c63fd715462967c6f0d99234da87cebe41b578fa09a0d897"
"core-works.com","Core Works","Management Consulting","Medium-Small ($10MM-$50MM)","Medium (200-499)","Engaged","2026-04-13",78,9,"c96f3dceac06d9848ba0c761474d7f4e5bfe265f65907052fba11715bd386e81"
"atlas-group.com","Atlas Group","Insurance","Large ($100MM-$200MM)","Medium-Large (500-999)","MQL","2026-05-13",63,28,""
"prime-inc.com","Prime Inc","Consumer Goods","Micro ($0-$1MM)","Micro (1-9)","Engaged","2026-05-21",53,8,"e4a1647d10c0a0fe6c99af2bcbfbc5d9e8310dc152d3411ae6fcc91df6e31029"
"acme-net.com","Acme Net","E-Learning","Small ($1MM-$10MM)","Small (10-49)","Aware","2026-08-25",17,6,""
"prime-media.com","Prime Media","Consumer Goods","Micro ($0-$1MM)","Small (10-49)","Unaware","2026-04-23",3,1,"574f05a95e3bd14569501f0fb2ab57c43b986352e8dc25c3989244fa539f5219"
"nexus-labs.com","Nexus Labs","Legal Services","Large ($100MM-$200MM)","Large (1,000-4,999)","Aware","2026-05-25",8,5,""
"iron-net.com","Iron Net","Software / Information Technology","Micro ($0-$1MM)","Micro (1-9)","Aware","2026-04-18",8,3,"2e57828efc918ebec28c95d1135c2bb3299f4b7098bc96919c5f5259ae11e28a"
"clear-inc.com","Clear Inc","Food & Beverages","Medium-Large ($50MM-$100MM)","Medium (200-499)","MQL","2026-09-01",74,28,""
"core-hub.com","Core Hub","Entertainment","Medium-Small ($10MM-$50MM)","Medium (200-499)","Opportunity","2026-06-15",328,16,"9801a8ad0c5c7510b36a8a3e3874ad514cc17cca1b22c15a9cfad7aa9226b85c"
"blue-solutions.com","Blue Solutions","Management Consulting","Micro ($0-$1MM)","Micro (1-9)","Unaware","2026-07-26",5,1,"b86a1a1c5c4f72e30c3c72a5d3f7644ba6458d17292eb6a7daa1339c77079be4"
"clear-hub.com","Clear Hub","Construction","Medium-Small ($10MM-$50MM)","Medium (200-499)","Engaged","2026-06-03",70,8,"b48fc2c3d90171d5e0a8157866d8d8118be9555b478ed4039c69c051e0a90601"
"iron-io.com","Iron Io","E-Learning","Medium-Large ($50MM-$100MM)","Medium-Large (500-999)","Opportunity","2026-06-10",475,15,"c5cafebb5c50567f2aac1936322f93f612ccf1909a58a53ee2f999ed73f0f137"
"core-works.com","Core Works","Food & Beverages","Medium-Large ($50MM-$100MM)","Medium-Large (500-999)","Unaware","2026-08-28",3,1,"864c9267947dbc9efe65cccb74f7957a79e1fb0029e5d99cd84a8f9bb8ffdd07"
"iron-inc.com","Iron Inc","Automotive","Medium-Large ($50MM-$100MM)","Medium (200-499)","Unaware","2026-04-26",3,1,""
"swift-media.com","Swift Media","Manufacturing","Large ($100MM-$200MM)","Medium-Large (500-999)","Engaged","2026-08-13",20,7,"40f60720b965d8efa1b6e6b9d3c7c6ae237668f7b0f66330786ceb1237cecb32"
"nova-data.com","Nova Data","Software / Information Technology","Micro ($0-$1MM)","Micro (1-9)","Unaware","2026-04-11",1,1,""
"blue-inc.com","Blue Inc","Software / Information Technology","XLarge ($200MM-$1B)","XLarge (5,000-10,000)","Opportunity","2026-07-21",287,43,""
"iron-inc.com","Iron Inc","Retail","Large ($100MM-$200MM)","Medium-Large (500-999)","MQL","2026-08-15",116,25,""
"peak-labs.com","Peak Labs","Software / Information Technology","Large ($100MM-$200MM)","Large (1,000-4,999)","Unaware","2026-07-03",2,1,""
"bright-media.com","Bright Media","Insurance","Small ($1MM-$10MM)","Small (10-49)","Aware","2026-04-27",19,2,"088fabef9df2cf4d212800a81c2d869e3427418920c5d6df12f22f3969b5bdf6"
"atlas-tech.com","Atlas Tech","Retail","Medium-Large ($50MM-$100MM)","Medium (200-499)","MQL","2026-08-30",52,24,""
"green-inc.com","Green Inc","Software / Information Technology","Large ($100MM-$200MM)","Large (1,000-4,999)","Unaware","2026-07-25",4,1,"d379cdb5297e30f8049342d73e644e39f440b4843b40cc454634d578d5943c8d"
"global-media.com","Global Media","Construction","Medium-Large ($50MM-$100MM)","Medium-Large (500-999)","Unaware","2026-08-20",3,1,"7f6b36259ce6962680727739219dd3c20ed05175400dd42cd36274d857350677"
"nova-io.com","Nova Io","Marketing and Advertising","Micro ($0-$1MM)","Small (10-49)","Unaware","2026-07-04",2,1,""
"bright-data.com","Bright Data","Marketing and Advertising","Medium-Small ($10MM-$50MM)","Medium (200-499)","Unaware","2026-08-16",3,1,""
"nova-works.com","Nova Works","Food & Beverages","Micro ($0-$1MM)","Micro (1-9)","Engaged","2026-03-31",55,10,"e9651058faa7400a98d243885ae765f4088a0eead0e3db2070bc443425b17a9e"
"smart-data.com","Smart Data","Construction","Micro ($0-$1MM)","Micro (1-9)","MQL","2026-04-16",128,29,""
"clear-hub.com","Clear Hub","Health, Wellness and Fitness","Small ($1MM-$10MM)","Medium-Small (50-199)","MQL","2026-04-22",65,8,"716d1902548976513ff1af1380b38fd93ebe40e19177eef528c66c93ba867d2c"
"vertex-systems.com","Vertex Systems","Software / Information Technology","Medium-Large ($50MM-$100MM)","Medium (200-499)","Unaware","2026-06-04",3,1,""
"global-systems.com","Global Systems","Telecommunications","Medium-Large ($50MM-$100MM)","Medium (200-499)","Aware","2026-04-12",4,1,"98651be1a8bdff7f49afc0c38f42ef9f6537b9a2ca70501a537282bf614ba36d"
"smart-io.com","Smart Io","Software / Information Technology","Micro ($0-$1MM)","Micro (1-9)","Aware","2026-09-02",6,5,""
"core-digital.com","Core Digital","Education Management","Small ($1MM-$10MM)","Medium-Small (50-199)","Engaged","2026-06-13",54,8,"02fb1bfaacd9d70204e2cd5fd134882683f08a087c40bb7362ca9da26fb4d09d"
"global-tech.com","Global Tech","Retail","Medium-Large ($50MM-$100MM)","Medium-Large (500-999)","Unaware","2026-06-19",1,1,""
"cyber-systems.com","Cyber Systems","Health, Wellness and Fitness","Medium-Small ($10MM-$50MM)","Medium-Small (50-199)","Unaware","2026-06-01",4,1,""
"cyber-inc.com","Cyber Inc","Marketing and Advertising","Micro ($0-$1MM)","Micro (1-9)","Unaware","2026-07-29",3,1,"5d0d2ae3ba4628d4938865e46547898bf4b6be7e37c92fa41f8639f11eb51a70"
"peak-net.com","Peak Net","Financial Services","XLarge ($200MM-$1B)","Large (1,000-4,999)","Aware","2026-06-03",5,4,"57171b5597be1b8fe908fcbbb8512ccdde0d1e8ba421d76e49543cb0c32b2779"
"stellar-net.com","Stellar Net","Health, Wellness and Fitness","Micro ($0-$1MM)","Micro (1-9)","Aware","2026-06-15",17,1,"84071847074f8f82223096c6124d1c804400857f8a21030e48565dee235aaedd"
"green-works.com","Green Works","Food & Beverages","Micro ($0-$1MM)","Micro (1-9)","Aware","2026-05-20",3,2,"5b8dc85fb36c078bac2ed9c56be82ed3abb30f12490b9392faaf9e539a81eb96"
"iron-systems.com","Iron Systems","Retail","Large ($100MM-$200MM)","Large (1,000-4,999)","Unaware","2026-07-07",1,1,""
"vertex-group.com","Vertex Group","Financial Services","Medium-Large ($50MM-$100MM)","Medium-Large (500-999)","Aware","2026-04-29",21,4,"5ae26a4c089b6190441edd2e276b7218ea38a6098f1327cd86a956c718341754"
"global-media.com","Global Media","Real Estate","Small ($1MM-$10MM)","Small (10-49)","Unaware","2026-04-26",2,1,"f6f89e0658eb61c9d122ba35345a1452fd4777cd5460e63e56a9cfee2827adc9"
"iron-labs.com","Iron Labs","Education Management","Micro ($0-$1MM)","Small (10-49)","Unaware","2026-07-06",3,1,""
"core-group.com","Core Group","Retail","Small ($1MM-$10MM)","Small (10-49)","Opportunity","2026-07-13",126,45,""
"peak-cloud.com","Peak Cloud","Retail","Large ($100MM-$200MM)","Medium-Large (500-999)","Unaware","2026-07-17",4,1,""
"iron-hub.com","Iron Hub","Telecommunications","Micro ($0-$1MM)","Micro (1-9)","Unaware","2026-05-19",5,1,"0ecf9910b0ae065a911ff3e846a469b4302444ea97b5fd4dc2c85445dee0e4b1"
"prime-inc.com","Prime Inc","Entertainment","Large ($100MM-$200MM)","Large (1,000-4,999)","Unaware","2026-07-18",5,1,"38ef82cfe486f3ea3537aef513dbd32793bb390860aff5d8a350b47cd683ad4d"
"global-digital.com","Global Digital","Health, Wellness and Fitness","Small ($1MM-$10MM)","Small (10-49)","Aware","2026-08-08",17,6,""
"bright-labs.com","Bright Labs","Construction","Medium-Small ($10MM-$50MM)","Medium-Small (50-199)","Aware","2026-08-30",10,2,"083fab9cbd8fe2f480c5b72821963447b4ea491ee45df6d1127b4ece020524d9"
"global-systems.com","Global Systems","Software / Information Technology","Micro ($0-$1MM)","Micro (1-9)","Unaware","2026-05-09",4,1,"d3f2ef9290c1fcdc5ef62f402079083eb7270cb81381b7b4a2b586ef1be285d3"
"green-works.com","Green Works","Software / Information Technology","Medium-Large ($50MM-$100MM)","Medium-Large (500-999)","MQL","2026-08-16",163,10,"3f08e39b77415c5ad5435db5b6ae4e74a84977a436e05506556bb9731e65a27f"
"prime-group.com","Prime Group","Education Management","XLarge ($200MM-$1B)","Large (1,000-4,999)","Unaware","2026-07-31",5,1,""
"nexus-data.com","Nexus Data","Marketing and Advertising","Large ($100MM-$200MM)","Large (1,000-4,999)","Aware","2026-09-20",11,3,"2dd3d99a1cb61698c0bf05a5b8733eb2f27b5344952659b4b2ad223d0644412d"
"nova-systems.com","Nova Systems","Consumer Goods","Medium-Small ($10MM-$50MM)","Medium (200-499)","Opportunity","2026-06-28",495,43,""
"bright-hub.com","Bright Hub","Telecommunications","Small ($1MM-$10MM)","Medium-Small (50-199)","Unaware","2026-07-05",2,1,"139c7f2f960d97d3a2086d3e672600f8b46da313115d45f9358877b36f71ec19"
"cyber-systems.com","Cyber Systems","Education Management","Small ($1MM-$10MM)","Small (10-49)","Engaged","2026-06-22",28,16,""
"acme-io.com","Acme Io","Construction","Micro ($0-$1MM)","Micro (1-9)","Opportunity","2026-08-24",139,27,"3329f0eb7b2a443e6bd118210f507a0d21e4ff68f9e226afa72a0df5df094caf"
"swift-systems.com","Swift Systems","Real Estate","Small ($1MM-$10MM)","Small (10-49)","MQL","2026-07-03",57,8,"6d227b52f97c3cb8a24bb9ffefd8873ad83211902b1b545039cf26c84887a122"
"vertex-digital.com","Vertex Digital","Automotive","Medium-Small ($10MM-$50MM)","Medium (200-499)","MQL","2026-05-17",37,6,"92136071a2a1ea18e0789f6ef9eafe4acb798c50ba0bfbf856264251d9f7dee9"
"smart-io.com","Smart Io","Hospital & Health Care","Small ($1MM-$10MM)","Small (10-49)","Unaware","2026-07-13",3,1,""
"cyber-cloud.com","Cyber Cloud","Software / Information Technology","Micro ($0-$1MM)","Small (10-49)","Unaware","2026-09-09",3,1,""
"prime-corp.com","Prime Corp","Retail","Small ($1MM-$10MM)","Medium-Small (50-199)","Unaware","2026-03-28",3,1,""
"green-io.com","Green Io","Financial Services","Micro ($0-$1MM)","Small (10-49)","Aware","2026-04-17",14,6,""
"green-io.com","Green Io","Manufacturing","Medium-Small ($10MM-$50MM)","Medium-Small (50-199)","Unaware","2026-04-29",1,1,"1211df53ce533081cfcd946e4792de2ccc6c5e8ccb13957a1fe762c43feb255a"
"peak-hub.com","Peak Hub","E-Learning","Medium-Large ($50MM-$100MM)","Medium-Large (500-999)","Unaware","2026-05-09",4,1,""
"clear-digital.com","Clear Digital","Construction","Small ($1MM-$10MM)","Medium-Small (50-199)","MQL","2026-07-03",155,23,""
"clear-inc.com","Clear Inc","Entertainment","XLarge ($200MM-$1B)","XLarge (5,000-10,000)","Engaged","2026-07-18",72,5,"cf5cdd14f1dc6893da186c4aff900377eb4cd47504475ae414783b54b769a8c2"
"atlas-net.com","Atlas Net","Logistics and Supply Chain","XLarge ($200MM-$1B)","Large (1,000-4,999)","Unaware","2026-08-03",5,1,"91a3d96762d12db2d926dd7fb6017e1e85e7c35a335004538ae880b29ec7cca3"
"bright-data.com","Bright Data","E-Learning","Medium-Large ($50MM-$100MM)","Medium-Large (500-999)","Opportunity","2026-05-24",372,47,""
"bright-labs.com","Bright Labs","Marketing and Advertising","XXLarge ($1B+)","XXLarge (10,000+)","Aware","2026-05-30",6,6,""
"nova-solutions.com","Nova Solutions","Software / Information Technology","Small ($1MM-$10MM)","Small (10-49)","Unaware","2026-07-19",5,1,""
"cyber-cloud.com","Cyber Cloud","Manufacturing","Medium-Small ($10MM-$50MM)","Medium (200-499)","Unaware","2026-08-20",5,1,""
"peak-corp.com","Peak Corp","Software / Information Technology","Micro ($0-$1MM)","Micro (1-9)","Engaged","2026-08-24",29,16,""
"acme-works.com","Acme Works","Real Estate","Large ($100MM-$200MM)","Large (1,000-4,999)","Unaware","2026-04-30",1,1,""
"nexus-data.com","Nexus Data","Automotive","Medium-Small ($10MM-$50MM)","Medium-Small (50-199)","MQL","2026-04-21",48,20,"4f4c19769371470896d8e9e6e0b4f750d82d5d6db548dc73e5a108b9b64e5aa1"
"global-io.com","Global Io","Real Estate","Micro ($0-$1MM)","Micro (1-9)","Unaware","2026-05-26",2,1,"ffb9b8690fd763d3053dbb8765611bd1b10a987c2f0a42ab0acf1af2dff3a666"
"iron-media.com","Iron Media","Food & Beverages","Medium-Small ($10MM-$50MM)","Medium (200-499)","Aware","2026-08-18",17,5,""
"apex-cloud.com","Apex Cloud","Legal Services","Medium-Large ($50MM-$100MM)","Medium (200-499)","Unaware","2026-06-15",1,1,""
"swift-data.com","Swift Data","Automotive","Large ($100MM-$200MM)","Large (1,000-4,999)","Engaged","2026-06-14",33,10,"8e91677968d4500662d8c9b36a37ad06de5f41225393792cce6c0382815f6bba"
"nova-cloud.com","Nova Cloud","Construction","Large ($100MM-$200MM)","Large (1,000-4,999)","MQL","2026-05-19",36,9,"ee6bf5e6fc1712492dbda2a1fc886222063ff5b7d8bc1030f086e40223198435"
"rapid-io.com","Rapid Io","Health, Wellness and Fitness","Medium-Large ($50MM-$100MM)","Medium-Large (500-999)","MQL","2026-05-25",203,15,"830b28fc85accbcaeda87eeaf2d8c8b5f3a678bd5cb55efd9aa4333a17af2c9a"
"clear-group.com","Clear Group","Legal Services","Micro ($0-$1MM)","Micro (1-9)","Aware","2026-04-25",20,4,"7382007b02213633a03a2132b815f07bc3245dbf6c6c6cfcd64ccd796f4a3d34"
"cyber-net.com","Cyber Net","Software / Information Technology","Medium-Large ($50MM-$100MM)","Medium-Large (500-999)","Engaged","2026-06-17",70,6,"9d1c7fc943aa9617cbe78c816dbe9f91ed184751776af08b8d099010a4583352"
"core-data.com","Core Data","Health, Wellness and Fitness","Medium-Small ($10MM-$50MM)","Medium-Small (50-199)","Engaged","2026-08-29",75,6,"eb76a017062877ceba151f6a22cab3da1ac3aee4f63e064c8652c9a1304c1782"
"peak-group.com","Peak Group","Consumer Goods","Medium-Small ($10MM-$50MM)","Medium-Small (50-199)","Unaware","2026-07-31",2,1,"720f1eac72f87cb56c5a41e10d612f64b448e8515f115682f61d08ce8dfc2b71"
"apex-data.com","Apex Data","Software / Information Technology","Medium-Small ($10MM-$50MM)","Medium-Small (50-199)","Unaware","2026-04-25",5,1,""
"nexus-labs.com","Nexus Labs","Hospital & Health Care","Small ($1MM-$10MM)","Medium-Small (50-199)","Aware","2026-04-19",19,6,""
"swift-net.com","Swift Net","Software / Information Technology","Micro ($0-$1MM)","Small (10-49)","Aware","2026-07-05",9,5,""
"apex-net.com","Apex Net","Marketing and Advertising","Micro ($0-$1MM)","Micro (1-9)","Unaware","2026-05-26",4,1,""
"rapid-corp.com","Rapid Corp","Hospital & Health Care","Small ($1MM-$10MM)","Medium-Small (50-199)","Unaware","2026-05-01",4,1,"627e0ac0490e823aa9db6a11b6f0f52ae755ded5e9f1ed553e905a32e886c5ab"
"nova-hub.com","Nova Hub","Financial Services","Small ($1MM-$10MM)","Medium-Small (50-199)","Unaware","2026-06-04",3,1,""
"acme-labs.com","Acme Labs","Health, Wellness and Fitness","Small ($1MM-$10MM)","Small (10-49)","Engaged","2026-07-15",108,9,"3f08a61a93658a805b985564ecab594dc3f370b3b4054789a9c35a2c36f077b2"
"stellar-inc.com","Stellar Inc","Education Management","Medium-Small ($10MM-$50MM)","Medium (200-499)","Engaged","2026-08-30",40,11,"49782a5f3c7aea228eb7b0aa56ca8cd3a1d082c8c01088d3c364e4f6f50a72b1"
"core-corp.com","Core Corp","Marketing and Advertising","Small ($1MM-$10MM)","Medium-Small (50-199)","Engaged","2026-09-15",11,5,"9ece1404e9087c7ef75deeaa7f020a92172b28c64243d922490741e73325a583"
"stellar-works.com","Stellar Works","Financial Services","Medium-Small ($10MM-$50MM)","Medium-Small (50-199)","MQL","2026-07-05",129,24,""
"acme-systems.com","Acme Systems","Financial Services","Small ($1MM-$10MM)","Medium-Small (50-199)","Engaged","2026-06-11",98,18,""
"acme-data.com","Acme Data","Manufacturing","Medium-Large ($50MM-$100MM)","Medium-Large (500-999)","Unaware","2026-06-09",5,1,"40862a89c636be52b8b6c4434b49547c039755a4fa3aafde8bbbce8ffe3d1f79"
"green-group.com","Green Group","Health, Wellness and Fitness","Small ($1MM-$10MM)","Small (10-49)","Opportunity","2026-05-13",321,34,""
"acme-io.com","Acme Io","Automotive","Medium-Small ($10MM-$50MM)","Medium-Small (50-199)","Opportunity","2026-05-01",380,30,"bbf0fe692c5ec8ca315e712c8e521199120de5e8c7f127d75c9047e1a0db500d"
"iron-net.com","Iron Net","Consumer Goods","XLarge ($200MM-$1B)","Large (1,000-4,999)","Unaware","2026-09-12",4,1,"a8e2e38aac7e4ee5f585feb2792dec695f1d1c63066d7e4416dec629f6e5d652"
"blue-tech.com","Blue Tech","Real Estate","Micro ($0-$1MM)","Micro (1-9)","Engaged","2026-06-06",95,17,""
"bright-digital.com","Bright Digital","Hospital & Health Care","Small ($1MM-$10MM)","Medium-Small (50-199)","Unaware","2026-09-10",3,1,"81c08405d9143c301d646ac4d9330bf7ded81bd577e23b04f065a6cedb7232ad"
"swift-hub.com","Swift Hub","Manufacturing","XXLarge ($1B+)","XXLarge (10,000+)","Aware","2026-04-03",14,4,""
"blue-media.com","Blue Media","Retail","Medium-Large ($50MM-$100MM)","Medium (200-499)","Unaware","2026-09-21",5,1,"dfc0b9e3e77671ac726e8a7af0e18c4127ab7c44ea98aee4fc63d47a36dbe193"
"vertex-net.com","Vertex Net","Manufacturing","Large ($100MM-$200MM)","Medium-Large (500-999)","Unaware","2026-08-17",5,1,"1404fcd6054d5965a34715ea22eac9d514096958a023295fc1057cfba7ff62ff"
"cyber-labs.com","Cyber Labs","E-Learning","Small ($1MM-$10MM)","Small (10-49)","Unaware","2026-07-09",2,1,"860427fa9395f06c0be9b8d81d51d81c18868e9a8c3a4fb253fe836185980d69"
"vertex-corp.com","Vertex Corp","Consumer Goods","Micro ($0-$1MM)","Small (10-49)","Unaware","2026-05-18",1,1,""
"nova-net.com","Nova Net","Manufacturing","Medium-Large ($50MM-$100MM)","Medium-Large (500-999)","Aware","2026-09-11",4,2,"9ced7232a2c58e681918c1ec5b65502554109b34909604947d198b5665f9aab5"
"atlas-inc.com","Atlas Inc","Financial Services","Micro ($0-$1MM)","Micro (1-9)","Aware","2026-06-07",20,2,"5782a517f677160325803b58e319bca8ac1d82494d23ac24531933c586bd9b46"
"prime-labs.com","Prime Labs","Management Consulting","Large ($100MM-$200MM)","Medium-Large (500-999)","Engaged","2026-06-24",49,15,""
"blue-media.com","Blue Media","Software / Information Technology","Small ($1MM-$10MM)","Medium-Small (50-199)","Opportunity","2026-05-11",469,18,"96984b305691beb4bb443fc6f97c05d71591a57b46a77a8fa7fe4b21a2c5f36b"
"apex-labs.com","Apex Labs","Entertainment","Medium-Small ($10MM-$50MM)","Medium (200-499)","Aware","2026-09-18",7,1,"48d328be72aafb2a9aa134a9e05b26c033a38dc12793f247f59db5b07570b557"
"vertex-solutions.com","Vertex Solutions","Marketing and Advertising","Micro ($0-$1MM)","Micro (1-9)","Engaged","2026-06-26",25,12,"c6a70ab311057732dfc53f0a5d3b0d7315ea9cd2340772dd214462cc945eab96"
"prime-hub.com","Prime Hub","Software / Information Technology","Small ($1MM-$10MM)","Small (10-49)","Unaware","2026-07-13",3,1,""
"iron-io.com","Iron Io","Marketing and Advertising","Medium-Small ($10MM-$50MM)","Medium (200-499)","Unaware","2026-08-15",4,1,"adebfa41eb0747050de2f2e9cb7d482ed870e451d1e020de8343c800130f7af9"
"prime-digital.com","Prime Digital","Telecommunications","Large ($100MM-$200MM)","Large (1,000-4,999)","Unaware","2026-08-21",3,1,""
"iron-digital.com","Iron Digital","Software / Information Technology","Medium-Large ($50MM-$100MM)","Medium (200-499)","Unaware","2026-06-18",4,1,"13f3f9e5c34a72548b35b86ce96f3ef233f7f215405980b2ae783a70a3c207f8"
"apex-hub.com","Apex Hub","Marketing and Advertising","Large ($100MM-$200MM)","Medium-Large (500-999)","Unaware","2026-04-25",5,1,"c60187f39d97b89ffe898368767be069521778062794171797306fd2a30db3e2"
"bright-media.com","Bright Media","Marketing and Advertising","Medium-Large ($50MM-$100MM)","Medium (200-499)","Unaware","2026-06-15",4,1,""
"apex-net.com","Apex Net","Legal Services","Small ($1MM-$10MM)","Medium-Small (50-199)","Aware","2026-05-31",15,3,"64d75580784e65540a3a6dd6dbac0bb3e98434f7373d54d95202428a77e176f8"
"nexus-net.com","Nexus Net","Construction","Medium-Small ($10MM-$50MM)","Medium (200-499)","Engaged","2026-07-16",62,12,"3c7e228e0fe1a6204c86f5d9c1d3517ae8e08bce006e4590e79aa0fd65d0ec2b"
"bright-digital.com","Bright Digital","Retail","Large ($100MM-$200MM)","Large (1,000-4,999)","Unaware","2026-09-02",2,1,""
"peak-data.com","Peak Data","Telecommunications","Small ($1MM-$10MM)","Medium-Small (50-199)","Aware","2026-06-18",16,1,"bdef21c65a99fb2c164a32ea79ae354dd132395fc8acec640a4b9b3826f0a585"
"core-works.com","Core Works","Legal Services","Small ($1MM-$10MM)","Medium-Small (50-199)","Aware","2026-08-06",13,4,""
"acme-net.com","Acme Net","Insurance","Micro ($0-$1MM)","Micro (1-9)","Engaged","2026-04-11",63,5,"e2520e650baffc67781f2279d205e6fa64cd267c1b0852c7619f5cfd7d7208e8"
"rapid-hub.com","Rapid Hub","Financial Services","Medium-Small ($10MM-$50MM)","Medium (200-499)","MQL","2026-06-06",119,9,"5b05c31bedeabd193eade243163bf47d3feed239f7e098e37e19b2f8e9cb6d67"
"nexus-media.com","Nexus Media","Retail","Small ($1MM-$10MM)","Small (10-49)","Engaged","2026-07-24",23,3,"853f260b0a5f9f4e7ec1876051ee054a58e72c61ba69788ecb14ae477c1c9c24"
"iron-systems.com","Iron Systems","Financial Services","Medium-Small ($10MM-$50MM)","Medium (200-499)","Engaged","2026-05-05",42,15,""
"peak-labs.com","Peak Labs","Financial Services","Micro ($0-$1MM)","Small (10-49)","Aware","2026-08-03",9,6,""
"nova-tech.com","Nova Tech","Marketing and Advertising","Micro ($0-$1MM)","Micro (1-9)","Aware","2026-03-31",13,3,"b24416e15afd9dcf59cd42c8f7b561a755326be6f0cbe5cce30adc7cb5162720"
"apex-net.com","Apex Net","Telecommunications","Medium-Small ($10MM-$50MM)","Medium (200-499)","Unaware","2026-09-02",2,1,""
"apex-labs.com","Apex Labs","Real Estate","XLarge ($200MM-$1B)","XLarge (5,000-10,000)","MQL","2026-07-21",195,28,""
"prime-corp.com","Prime Corp","Health, Wellness and Fitness","Micro ($0-$1MM)","Micro (1-9)","MQL","2026-09-14",118,28,""
"iron-digital.com","Iron Digital","Insurance","Micro ($0-$1MM)","Micro (1-9)","Engaged","2026-08-21",84,4,"2cbf8cab54da5cafe065a523131845124a514d8f71a2799621c0c3ac0ec9401e"
"rapid-systems.com","Rapid Systems","Marketing and Advertising","Micro ($0-$1MM)","Micro (1-9)","Aware","2026-09-14",17,5,""
"cyber-data.com","Cyber Data","Education Management","XXLarge ($1B+)","XXLarge (10,000+)","Aware","2026-06-13",12,3,"c3496f92c3ab34b75e1a9c1ba296f4aceec3855cd178fd8555507ac2cbbe8906"
"bright-hub.com","Bright Hub","Construction","Micro ($0-$1MM)","Small (10-49)","Aware","2026-06-18",20,1,"d58c924fa4f67384065766c08b94d282ce30eee97716404e602fe12ece0060e5"
"iron-media.com","Iron Media","Retail","Medium-Large ($50MM-$100MM)","Medium-Large (500-999)","Aware","2026-08-04",10,5,""
"swift-corp.com","Swift Corp","Retail","Medium-Large ($50MM-$100MM)","Medium (200-499)","Unaware","2026-08-23",4,1,""
"clear-works.com","Clear Works","Insurance","Medium-Small ($10MM-$50MM)","Medium-Small (50-199)","MQL","2026-08-11",133,20,"077f3a69adf996c757112646f67838e096dbed6a9525077572db792e78af38c3"
"swift-tech.com","Swift Tech","Logistics and Supply Chain","Micro ($0-$1MM)","Micro (1-9)","MQL","2026-04-28",88,20,"b0695a4bea4d08bb014049428898b368c0af1cc252d1927d17398c640d5de410"
"swift-corp.com","Swift Corp","Education Management","Micro ($0-$1MM)","Small (10-49)","Unaware","2026-05-29",5,1,"de01238fac4d8e000493f145de106a83b067be2184d1d894115e0b8307d75eff"
"nexus-group.com","Nexus Group","Retail","XXLarge ($1B+)","XXLarge (10,000+)","Unaware","2026-06-07",5,1,""
"acme-digital.com","Acme Digital","Management Consulting","Medium-Large ($50MM-$100MM)","Medium (200-499)","Aware","2026-08-20",21,4,""
"iron-inc.com","Iron Inc","Health, Wellness and Fitness","Medium-Large ($50MM-$100MM)","Medium-Large (500-999)","Unaware","2026-09-14",2,1,"bf1e2a73f3b0749adf9286c610001de24c173fe4a1f0c10bd3f438e46d08135d"
"global-media.com","Global Media","Management Consulting","Micro ($0-$1MM)","Micro (1-9)","Unaware","2026-05-10",3,1,"6b9c322972e77e235f00f7e03cdd9f495622fffb4af53a8f014af67f45f85b35"
"peak-data.com","Peak Data","Software / Information Technology","Micro ($0-$1MM)","Micro (1-9)","Aware","2026-05-02",20,2,"5bf020d172ad34209f876808c6bfd14fed29c6294cd339e629d65b9d49961d04"
"bright-cloud.com","Bright Cloud","Education Management","Large ($100MM-$200MM)","Large (1,000-4,999)","Unaware","2026-07-01",3,1,"c1df4d8561585bf15148042724209c14fc613d4b758c615085eed7d2b419e30d"
"core-hub.com","Core Hub","Health, Wellness and Fitness","Medium-Large ($50MM-$100MM)","Medium (200-499)","Engaged","2026-07-19",63,15,""
"iron-hub.com","Iron Hub","Health, Wellness and Fitness","Large ($100MM-$200MM)","Medium-Large (500-999)","Aware","2026-07-02",22,3,"af7eb854f29e8e024864a34f5c46de4c1508a5c1d9ab2f49364cf8b222c58014"
"global-group.com","Global Group","Software / Information Technology","Medium-Small ($10MM-$50MM)","Medium-Small (50-199)","Aware","2026-06-26",19,1,"5798c5c8c39d993ee786922cd6ae801798dda82f181914b9ce39d12dbd7c6a0f"
"acme-data.com","Acme Data","Telecommunications","Small ($1MM-$10MM)","Medium-Small (50-199)","Unaware","2026-05-25",5,1,"96e37fc56ec89aff256b74f06c8aff3a2ec65958eb3d6e340080fd42cfd576b9"
"rapid-hub.com","Rapid Hub","Retail","Micro ($0-$1MM)","Micro (1-9)","Unaware","2026-07-29",3,1,"a13fb60473c8a31c9c12d454aaa1a19571a1c9aa695dec23b9d1fe613570685b"
"nexus-media.com","Nexus Media","Consumer Goods","Medium-Small ($10MM-$50MM)","Medium-Small (50-199)","Engaged","2026-09-14",31,7,"a0bdf226d27154192234ae203bee61828c516c20d178ac08a4a3f6eb79f2b8b5"
"core-cloud.com","Core Cloud","Real Estate","Small ($1MM-$10MM)","Medium-Small (50-199)","Unaware","2026-05-31",5,1,"884dff5529b7e37f062253147e2b020d52d1e5e07b4e787acc5f9f34cd2387f8"
"smart-digital.com","Smart Digital","Real Estate","Medium-Small ($10MM-$50MM)","Medium (200-499)","Aware","2026-04-11",12,5,""
"iron-digital.com","Iron Digital","Health, Wellness and Fitness","Medium-Small ($10MM-$50MM)","Medium (200-499)","Engaged","2026-06-04",74,7,"11303546d983f85f9caa3debcd227ab0033b3129bb8b3121f566c07bf065340d"
"nova-tech.com","Nova Tech","Software / Information Technology","Micro ($0-$1MM)","Micro (1-9)","Aware","2026-09-22",3,3,"153be026517bd77b0358c4f1c02eab21554757f0617dad97b632e84af6a5afa7"
"iron-tech.com","Iron Tech","Marketing and Advertising","Micro ($0-$1MM)","Micro (1-9)","MQL","2026-04-07",171,14,"5ee845b5c82cce882f2e8038beec764f8402d9cb187bc01c023fbd8cdcd1c7c4"
"smart-net.com","Smart Net","Health, Wellness and Fitness","Micro ($0-$1MM)","Micro (1-9)","Engaged","2026-06-28",45,11,"f7c0ec420634b783cc3256ca81594b02a03d7cd182d25218d4afce2ce59174b5"
"smart-group.com","Smart Group","Telecommunications","Large ($100MM-$200MM)","Medium-Large (500-999)","Aware","2026-08-18",14,4,""
"apex-hub.com","Apex Hub","Marketing and Advertising","Small ($1MM-$10MM)","Small (10-49)","MQL","2026-06-13",97,16,"d78fc5ce418fa5d82a6bb3b5bed8d53ffe51d4d7c4907ab7203161741cfd1563"
"nexus-tech.com","Nexus Tech","Manufacturing","Micro ($0-$1MM)","Micro (1-9)","Engaged","2026-08-23",55,14,""
"rapid-io.com","Rapid Io","Education Management","Small ($1MM-$10MM)","Small (10-49)","Unaware","2026-06-07",4,1,"611646021598e0cd6ecd0880494c6233ef70d46aba643b2d799f2d31dbea31c0"
"core-corp.com","Core Corp","Consumer Goods","Large ($100MM-$200MM)","Large (1,000-4,999)","Aware","2026-05-01",7,4,""
"atlas-systems.com","Atlas Systems","E-Learning","XXLarge ($1B+)","XXLarge (10,000+)","Unaware","2026-09-14",5,1,"9b86b596b94c1e35717211a6a34d0ac6b98213cb4c34ad77fc2f336eb6947749"
"rapid-works.com","Rapid Works","Hospital & Health Care","Medium-Small ($10MM-$50MM)","Medium (200-499)","MQL","2026-08-15",137,29,""
"apex-net.com","Apex Net","Software / Information Technology","Micro ($0-$1MM)","Micro (1-9)","Aware","2026-08-27",11,1,"86742e0f613159a8f5a07f646bc1d26ac1c71397dbb530c86c580bed9a45f96a"
"apex-group.com","Apex Group","Legal Services","Large ($100MM-$200MM)","Large (1,000-4,999)","Aware","2026-08-12",19,3,"dfd2a86b78e7bd0200d11fb2064ab789b5593fcafffee5691286a35d27f17e6a"
"core-net.com","Core Net","Telecommunications","Medium-Large ($50MM-$100MM)","Medium (200-499)","Unaware","2026-07-04",1,1,"1081bd299a0aba39223d987bf8db6a359e63e06a536ada61d9391f5440c86a81"
"blue-group.com","Blue Group","Marketing and Advertising","Micro ($0-$1MM)","Micro (1-9)","Engaged","2026-08-12",83,13,""
"apex-hub.com","Apex Hub","Health, Wellness and Fitness","Micro ($0-$1MM)","Micro (1-9)","Unaware","2026-05-09",2,1,"0750642597c5ddb4f3b616a7b8a643f5eba520d0b07c0d9dd3e5c839d1c5b712"
"cyber-systems.com","Cyber Systems","Software / Information Technology","Small ($1MM-$10MM)","Medium-Small (50-199)","Aware","2026-08-05",15,5,""
"cyber-labs.com","Cyber Labs","Telecommunications","Small ($1MM-$10MM)","Small (10-49)","Unaware","2026-05-31",4,1,"1db2c05e54139e878031eb0939a7817749d06956bb55d5dd11f5c8f11586501b"
"acme-hub.com","Acme Hub","Manufacturing","Micro ($0-$1MM)","Micro (1-9)","MQL","2026-07-11",53,27,""
"core-media.com","Core Media","Retail","Micro ($0-$1MM)","Small (10-49)","MQL","2026-08-21",111,24,""
"global-inc.com","Global Inc","Insurance","Micro ($0-$1MM)","Small (10-49)","Unaware","2026-06-21",1,1,"afc23fb7b5a0e32ead8180a0330b43040e590fa24d2fb4cd7c648b526aafe370"
"bright-works.com","Bright Works","Financial Services","Medium-Large ($50MM-$100MM)","Medium-Large (500-999)","Unaware","2026-08-01",1,1,""
"smart-tech.com","Smart Tech","Health, Wellness and Fitness","Small ($1MM-$10MM)","Small (10-49)","Aware","2026-07-04",4,5,""
"swift-cloud.com","Swift Cloud","Construction","Micro ($0-$1MM)","Micro (1-9)","Aware","2026-05-09",14,3,"ce036110722a434d97425e3ccf87bb3a834b192b8d4a259236bb12813fe2af0d"
"apex-tech.com","Apex Tech","Financial Services","Micro ($0-$1MM)","Small (10-49)","Engaged","2026-05-31",35,10,"dd9f26707f53ce8f0567fce1dc63d4c3896853d4c591ce85b895bea1a013684e"
"clear-hub.com","Clear Hub","Financial Services","Medium-Small ($10MM-$50MM)","Medium-Small (50-199)","Unaware","2026-06-26",2,1,""
"cyber-group.com","Cyber Group","Software / Information Technology","Small ($1MM-$10MM)","Small (10-49)","Opportunity","2026-06-08",74,33,"d82ab39511bd96843d9f43cce6e4dfbf96998d9e9ede1bf0405052096a7bd91e"
"peak-works.com","Peak Works","Insurance","Small ($1MM-$10MM)","Medium-Small (50-199)","Aware","2026-05-27",15,3,"29a1de8ad5055f8f742d1bccf0ad4ff0711ffed69a605dfc27f5f352dd24db50"
"acme-works.com","Acme Works","Automotive","Micro ($0-$1MM)","Micro (1-9)","Unaware","2026-08-27",3,1,""
"nova-cloud.com","Nova Cloud","Hospital & Health Care","Small ($1MM-$10MM)","Small (10-49)","Unaware","2026-04-29",4,1,"535f66efdabb925f624658d2f2f50c54d712f813f5ed1fecdebdbba327cbaa1e"
"nexus-media.com","Nexus Media","Food & Beverages","Micro ($0-$1MM)","Micro (1-9)","Engaged","2026-09-06",69,11,"848a4bd802fc2e4e956786274080a06a936a4f4ee33a78591a7a00c7a51ea0f0"
"bright-media.com","Bright Media","Education Management","Medium-Large ($50MM-$100MM)","Medium-Large (500-999)","Aware","2026-07-13",8,1,"44e25f5e39310c26afc3574abe72a781f673eddea45c941c39f3d982e37ef4e9"
"nova-corp.com","Nova Corp","Software / Information Technology","Small ($1MM-$10MM)","Small (10-49)","Engaged","2026-04-04",11,10,"f3656bd11cfd0b9614bbb7e790d91b4a7f25d988d3fb36848996fec7da03fceb"
"acme-net.com","Acme Net","Marketing and Advertising","Medium-Large ($50MM-$100MM)","Medium-Large (500-999)","MQL","2026-06-29",93,23,""
"vertex-cloud.com","Vertex Cloud","Manufacturing","Medium-Large ($50MM-$100MM)","Medium (200-499)","Aware","2026-04-28",9,2,"aa279afa02cb46d6c16cba7e6c39048b9937b720fb98e818dae7138fa46af417"
"rapid-tech.com","Rapid Tech","Food & Beverages","Small ($1MM-$10MM)","Small (10-49)","Unaware","2026-06-23",4,1,""
"clear-works.com","Clear Works","Health, Wellness and Fitness","Micro ($0-$1MM)","Micro (1-9)","Engaged","2026-05-16",59,18,""
"rapid-systems.com","Rapid Systems","Legal Services","Medium-Small ($10MM-$50MM)","Medium (200-499)","Aware","2026-04-13",4,4,"f20a19c830bc75e0177f361cfccbb58c5d244328db797a060c8d5ffb9ce9d560"
"bright-tech.com","Bright Tech","Automotive","XXLarge ($1B+)","XXLarge (10,000+)","Unaware","2026-06-22",1,1,"9f92c91c03b19bcb048e6f07a8969fa244f9d365a0f2a5a0975ef045c36b8990"
"clear-digital.com","Clear Digital","Insurance","Medium-Small ($10MM-$50MM)","Medium (200-499)","Unaware","2026-07-12",5,1,"c4e97bc50fd10de5b29cfef8b66bd0eafe42874e499f5d675c32f96c43f6113c"
"core-io.com","Core Io","Software / Information Technology","Medium-Large ($50MM-$100MM)","Medium-Large (500-999)","Engaged","2026-09-16",40,7,"8fcf469c335b4cb93f0deba070c269f1d92be7563237300579046187a891d258"
"acme-io.com","Acme Io","Software / Information Technology","Micro ($0-$1MM)","Micro (1-9)","Engaged","2026-08-16",65,9,"1e9bcf3a559ccb23e2bddd8e0f91ce2b3f3cae983e548a75109bde442fd638f0"
"blue-tech.com","Blue Tech","Real Estate","Medium-Small ($10MM-$50MM)","Medium (200-499)","Unaware","2026-08-01",4,1,""
"peak-cloud.com","Peak Cloud","Retail","Medium-Small ($10MM-$50MM)","Medium-Small (50-199)","Unaware","2026-05-26",5,1,"84c8aa98fd157cccd1b3a5953666295562f9d4e067288c67a2966b67bb3a7b0f"
"global-media.com","Global Media","Marketing and Advertising","Medium-Small ($10MM-$50MM)","Medium-Small (50-199)","Unaware","2026-09-17",5,1,"bc8ef8f65422edffdad17b331a5433d7fdb4e8dd4ff71c94dceaf42648b54517"
"swift-solutions.com","Swift Solutions","Financial Services","Medium-Small ($10MM-$50MM)","Medium (200-499)","Unaware","2026-04-17",4,1,"0a721deed0cb04dde47b6c191ec535dc19d7cbbfa967109c181a7074584f400b"
"vertex-works.com","Vertex Works","E-Learning","Medium-Small ($10MM-$50MM)","Medium-Small (50-199)","Aware","2026-08-14",14,1,"45b6dac12eaa380a33a8e8c4146098111f47819c09a8064f2f330991bb5adef0"
"swift-tech.com","Swift Tech","Education Management","Medium-Small ($10MM-$50MM)","Medium-Small (50-199)","Opportunity","2026-05-03",349,17,"27805df404709ec81b82a0b69cd5465e72932edf97f1b55ed8e811f93a0cdbd9"
"stellar-digital.com","Stellar Digital","Financial Services","Large ($100MM-$200MM)","Large (1,000-4,999)","Unaware","2026-05-13",5,1,"a9c3fc0e23e282fbf66abc4b32ee9078db6f155c98dfc3101c0fc6aca02edf66"
"acme-hub.com","Acme Hub","Entertainment","Small ($1MM-$10MM)","Medium-Small (50-199)","Unaware","2026-05-10",2,1,"b2e3de82ed9fc1b053136c18e033322f8299b4e5d53bf4e2773fd691d4723c4e"
"global-data.com","Global Data","Software / Information Technology","Small ($1MM-$10MM)","Small (10-49)","Unaware","2026-09-16",5,1,""
"bright-inc.com","Bright Inc","Retail","XLarge ($200MM-$1B)","Large (1,000-4,999)","Engaged","2026-04-06",54,13,""
"stellar-data.com","Stellar Data","Logistics and Supply Chain","Small ($1MM-$10MM)","Medium-Small (50-199)","Aware","2026-04-11",10,3,"fd56641f5e5d980b8c8fa5764f2be511ce49457c087d15b4bbbfa740904dca14"
"prime-io.com","Prime Io","Software / Information Technology","Small ($1MM-$10MM)","Small (10-49)","Unaware","2026-07-14",4,1,"918f986f30258a9bf6bb0bea27d423fa61732002a16893dd12a4fe3d5c57dd71"
"iron-data.com","Iron Data","Software / Information Technology","Small ($1MM-$10MM)","Medium-Small (50-199)","Aware","2026-07-09",7,4,"a1c2885c0f71b8a1e515b8acd87c52c91f377b89b3ac0ea3d3d730b2823631e3"
"smart-inc.com","Smart Inc","Retail","Medium-Small ($10MM-$50MM)","Medium (200-499)","Engaged","2026-07-03",66,11,"589a7fa3a9817ed4ff836afc53d2dd1d521918a06092ec1222f88e9f32aa7723"
"core-systems.com","Core Systems","Software / Information Technology","Small ($1MM-$10MM)","Small (10-49)","Opportunity","2026-04-05",397,49,""
"iron-solutions.com","Iron Solutions","Software / Information Technology","Micro ($0-$1MM)","Small (10-49)","Opportunity","2026-09-21",113,39,""
"stellar-works.com","Stellar Works","Real Estate","XLarge ($200MM-$1B)","Large (1,000-4,999)","Aware","2026-04-17",16,2,"8a6b1eec09c47e068def4d613bc0ff5dbed6d1ba0aa88de5d628bde53637b3b4"
"rapid-media.com","Rapid Media","Software / Information Technology","Small ($1MM-$10MM)","Small (10-49)","Engaged","2026-08-10",36,6,"4a6f9ed26e5c78ac45ccace56149809dbaf5f23c9a5ec5064c98b3db22e18781"
"core-cloud.com","Core Cloud","Education Management","XXLarge ($1B+)","XXLarge (10,000+)","Unaware","2026-05-03",5,1,"901925ebd6f2a43d917fbdba5ae37d97f1105f4e7007dee24d5b7ae014d42b95"
"apex-solutions.com","Apex Solutions","E-Learning","Medium-Small ($10MM-$50MM)","Medium-Small (50-199)","Unaware","2026-09-12",5,1,"3a80f60b85c31dfb6d444e872cad6d2a4d41a861804b1816454cda39ea664914"
"bright-group.com","Bright Group","Software / Information Technology","Large ($100MM-$200MM)","Medium-Large (500-999)","Unaware","2026-04-16",4,1,"6720fb2e7045d6d7cc371fa10938d2e70e6928eb970e538bca32d0ddf4f0e11c"
"nova-labs.com","Nova Labs","Software / Information Technology","Medium-Large ($50MM-$100MM)","Medium-Large (500-999)","Engaged","2026-08-08",12,3,"526b22fad4367a65b63e53a32abad82460ec5489ca4e2d8644f45be5d5a74d64"
"clear-labs.com","Clear Labs","Food & Beverages","Small ($1MM-$10MM)","Medium-Small (50-199)","Engaged","2026-06-08",39,11,"0b3516da675dc537e8abd20d03528347ec9104fd3e1fbef1771c47b247df3bdb"
"nova-data.com","Nova Data","Education Management","Medium-Small ($10MM-$50MM)","Medium-Small (50-199)","Unaware","2026-04-02",3,1,""
"bright-cloud.com","Bright Cloud","Hospital & Health Care","Micro ($0-$1MM)","Micro (1-9)","Aware","2026-04-02",17,4,""
"nova-tech.com","Nova Tech","Financial Services","Small ($1MM-$10MM)","Medium-Small (50-199)","Aware","2026-07-18",14,5,""
"peak-group.com","Peak Group","Hospital & Health Care","Medium-Large ($50MM-$100MM)","Medium-Large (500-999)","Unaware","2026-06-19",4,1,""
"global-digital.com","Global Digital","Software / Information Technology","Medium-Small ($10MM-$50MM)","Medium (200-499)","Aware","2026-05-23",12,2,"bd48d4437aeee5ba81a9d0f14ecf430451718fd8660bf35b112a82cad6dbdbb1"
"swift-solutions.com","Swift Solutions","Food & Beverages","Medium-Large ($50MM-$100MM)","Medium-Large (500-999)","Aware","2026-05-25",13,6,""
"acme-systems.com","Acme Systems","Legal Services","Medium-Small ($10MM-$50MM)","Medium (200-499)","Unaware","2026-06-21",4,1,"7f890567aa479882b90fc24f67f54f16018a738c6e894e02959f3d75fe932c36"
"nova-data.com","Nova Data","Management Consulting","XLarge ($200MM-$1B)","Large (1,000-4,999)","Aware","2026-07-16",15,3,"b992f518e7beb1b5e08b852b12e0deca1c65f22a35c735ec96e26a45fea436d5"
"iron-digital.com","Iron Digital","Logistics and Supply Chain","XXLarge ($1B+)","XXLarge (10,000+)","MQL","2026-07-25",111,9,"696832ad6b2212448f39f8a45d5f6daa1069d780513e554cb63c8263439cb790"
"nexus-labs.com","Nexus Labs","Software / Information Technology","Large ($100MM-$200MM)","Large (1,000-4,999)","Unaware","2026-05-16",2,1,""
"clear-tech.com","Clear Tech","Retail","Large ($100MM-$200MM)","Medium-Large (500-999)","Aware","2026-06-02",17,3,"b7fc6d1f311ef419b09b5e959f4bda948e80569ed29e412a52be0134df22f14e"
"nova-digital.com","Nova Digital","Software / Information Technology","XLarge ($200MM-$1B)","XLarge (5,000-10,000)","Engaged","2026-05-31",12,12,"8fce12e770638ac7f899ff791f60d8a31145c5ab5f9aa0af1c067152f7e594a7"
"blue-systems.com","Blue Systems","Financial Services","Micro ($0-$1MM)","Micro (1-9)","Unaware","2026-06-26",2,1,"96edded16654a4d756347927f5d38436288bac8cfb5d4de0f5509771ec003e18"
"apex-corp.com","Apex Corp","Education Management","XXLarge ($1B+)","XXLarge (10,000+)","Unaware","2026-07-03",3,1,"0a4ba34c71e7097b78f3a6b915e9054c0d6798da7a68fb223af6f1789d60d3f3"
"peak-solutions.com","Peak Solutions","Food & Beverages","Small ($1MM-$10MM)","Small (10-49)","Unaware","2026-07-09",5,1,"e066b1a2aae8edeaa2c5fb5013e07f8d8e44266ed7bbf1f01fefbb09eaec95f6"
"iron-cloud.com","Iron Cloud","Marketing and Advertising","Large ($100MM-$200MM)","Large (1,000-4,999)","Unaware","2026-04-11",5,1,""
"acme-systems.com","Acme Systems","Real Estate","Small ($1MM-$10MM)","Medium-Small (50-199)","Aware","2026-05-05",10,6,""
"atlas-io.com","Atlas Io","Financial Services","Medium-Small ($10MM-$50MM)","Medium (200-499)","Aware","2026-07-07",15,2,"2c20a41a92f8eb648893ab088ade5b2e377a598d756b96ca9a83f4078b85be39"
"global-systems.com","Global Systems","Marketing and Advertising","Medium-Large ($50MM-$100MM)","Medium (200-499)","Unaware","2026-05-20",2,1,"a3188672840ec083080d940d51467d58d70b414ed6eaba206af7d3505a3cf381"
"nexus-systems.com","Nexus Systems","Legal Services","Micro ($0-$1MM)","Small (10-49)","Unaware","2026-06-21",1,1,""
"green-io.com","Green Io","Legal Services","Micro ($0-$1MM)","Small (10-49)","Aware","2026-08-19",15,5,""
"nova-digital.com","Nova Digital","Marketing and Advertising","XXLarge ($1B+)","XXLarge (10,000+)","Aware","2026-07-21",15,3,"cc56d5a221c6e832e6ebdd66c8e473ca7c435ba22f32cef421a388cbbfcf8f6d"
"atlas-group.com","Atlas Group","Marketing and Advertising","Medium-Small ($10MM-$50MM)","Medium (200-499)","Unaware","2026-05-20",3,1,""
"acme-media.com","Acme Media","Software / Information Technology","Small ($1MM-$10MM)","Medium-Small (50-199)","Unaware","2026-04-10",5,1,"865ccda02e83180b5825f23ae8c49111f3fa383c9328c6edbe840408283ccf4d"
"blue-digital.com","Blue Digital","E-Learning","Micro ($0-$1MM)","Small (10-49)","MQL","2026-09-10",216,22,""
"green-solutions.com","Green Solutions","Retail","Micro ($0-$1MM)","Micro (1-9)","Engaged","2026-05-20",93,5,"8561f0b48810392cf290ef96480ebe377854cb97a464e1dcfb256ffbc019182b"
"core-cloud.com","Core Cloud","Software / Information Technology","Small ($1MM-$10MM)","Medium-Small (50-199)","Aware","2026-08-12",16,6,""
"stellar-corp.com","Stellar Corp","Food & Beverages","Small ($1MM-$10MM)","Medium-Small (50-199)","Engaged","2026-04-07",65,4,"e58585d14c7b9dbb1b019a1737112dbbadeed53d3a0498f6d878e698bcb57c0b"
"rapid-hub.com","Rapid Hub","Financial Services","Medium-Small ($10MM-$50MM)","Medium-Small (50-199)","Engaged","2026-08-29",30,9,"50ba4c5774757d1bf19cf5d63a851678d930a663262611e671a0b1d5a73224df"
"acme-tech.com","Acme Tech","Marketing and Advertising","Micro ($0-$1MM)","Small (10-49)","Aware","2026-03-30",5,4,"56f87d4763a0172f260f991e9a417e93aa9b9630a68e09627f6e62d0c789a0a6"
"prime-works.com","Prime Works","Financial Services","XLarge ($200MM-$1B)","XLarge (5,000-10,000)","Unaware","2026-07-11",4,1,""
"peak-digital.com","Peak Digital","Financial Services","Micro ($0-$1MM)","Micro (1-9)","Aware","2026-08-29",7,4,""
"prime-labs.com","Prime Labs","Marketing and Advertising","XLarge ($200MM-$1B)","Large (1,000-4,999)","Unaware","2026-06-19",4,1,"aedc6fc41f7111f518ee451694cd19f752cfd38ae17209c1822e33cda7ef3ddc"
"core-media.com","Core Media","Hospital & Health Care","Medium-Small ($10MM-$50MM)","Medium (200-499)","Unaware","2026-05-08",2,1,""
"cyber-net.com","Cyber Net","Insurance","Micro ($0-$1MM)","Micro (1-9)","Aware","2026-04-09",17,4,"d13a17375c855476b3925f78903cddd83b8d32cf4ed3715fc3911466163c3989"
"green-inc.com","Green Inc","Software / Information Technology","Large ($100MM-$200MM)","Medium-Large (500-999)","Unaware","2026-05-22",2,1,""
"apex-labs.com","Apex Labs","Legal Services","Medium-Large ($50MM-$100MM)","Medium-Large (500-999)","Aware","2026-05-13",15,2,"4cb31354bcaaa273c1697857464c51a0ce1418edbc48ba7e84752a47e5cc3809"
"prime-inc.com","Prime Inc","Hospital & Health Care","Medium-Large ($50MM-$100MM)","Medium (200-499)","Engaged","2026-05-21",35,11,"b03bf3f8ad7f61ce510b2bcbc5096a1f1315c9bba4f6666da4f34c24ccc07695"
"smart-cloud.com","Smart Cloud","E-Learning","Small ($1MM-$10MM)","Medium-Small (50-199)","Aware","2026-06-28",10,5,""
"iron-cloud.com","Iron Cloud","Marketing and Advertising","Medium-Small ($10MM-$50MM)","Medium (200-499)","Unaware","2026-09-15",3,1,"e4168dca1d1d11194f0c8779bebdb91a549c453f41e842049300711f076a4d0c"
"nova-inc.com","Nova Inc","Financial Services","Small ($1MM-$10MM)","Small (10-49)","Unaware","2026-06-06",5,1,""
"iron-works.com","Iron Works","Marketing and Advertising","Micro ($0-$1MM)","Small (10-49)","Aware","2026-05-07",18,3,"b75e5a8af8e6e59b29b3b481d2704be8e1b1d04aeb2ced3459e559fe4867433e"
"swift-labs.com","Swift Labs","Software / Information Technology","Medium-Small ($10MM-$50MM)","Medium (200-499)","Aware","2026-07-10",10,4,"a6606191a65513bac658a0a6a1bb9a40837e5f6179ef5172a4efccc17522abd8"
"nexus-media.com","Nexus Media","Food & Beverages","Micro ($0-$1MM)","Micro (1-9)","Unaware","2026-08-27",5,1,"c6d828591cccd20ce58b8bbe9cad9cbdf53e91247fce1ba06e78dbfd5f7e5aaf"
"cyber-works.com","Cyber Works","Construction","Large ($100MM-$200MM)","Medium-Large (500-999)","Aware","2026-08-03",14,3,"347b0d6cd7c821bb5bbe302d90d01c7425af920ff0bf6600cb58ebedad9bc8d5"
"apex-media.com","Apex Media","Financial Services","Micro ($0-$1MM)","Micro (1-9)","Unaware","2026-09-19",4,1,"672aca4ef55e4546b4c89b5e0137b3a899e74688a21d29ea7a766fb2f8af7c8a"
"apex-digital.com","Apex Digital","Manufacturing","XLarge ($200MM-$1B)","Large (1,000-4,999)","Engaged","2026-08-20",56,5,"906b3ab6c22a7baf62538eee15d34faf5d619b3e2f2ea22186701c08c04e11a1"
"apex-labs.com","Apex Labs","Construction","Large ($100MM-$200MM)","Large (1,000-4,999)","Unaware","2026-08-09",1,1,"7add475e91542e34a9d581b2369b99ffc3d91e0147212a6b7086b11775930e64"
"peak-digital.com","Peak Digital","Financial Services","Medium-Large ($50MM-$100MM)","Medium-Large (500-999)","Aware","2026-08-19",9,3,"5d044fffb13c0fff2701d8117ee8acb223fac37c533a573dc2fcc497ce0a4047"
"swift-cloud.com","Swift Cloud","Software / Information Technology","Medium-Large ($50MM-$100MM)","Medium-Large (500-999)","Unaware","2026-04-04",5,1,"57e5754d02659eb3e12e584084bd5c3123504d3288f7c9cc0f46ce1844e40279"
"cyber-solutions.com","Cyber Solutions","Financial Services","Large ($100MM-$200MM)","Large (1,000-4,999)","Aware","2026-05-05",4,2,"29925b7c465418c710df4121630c7ea91856ad574fb453bcd127aa8f866bd4d9"
"bright-digital.com","Bright Digital","Financial Services","Micro ($0-$1MM)","Small (10-49)","Aware","2026-06-04",22,2,"154d83c6bfc13759e1547b166599cb598ad574038515b8446eb98448f8f7b6a5"
"bright-labs.com","Bright Labs","Retail","Micro ($0-$1MM)","Micro (1-9)","MQL","2026-09-21",33,14,"cd608d6de0c9c2b4194556046040c7f8c6248b237048c534f0bfd71796e8157b"
"global-hub.com","Global Hub","Logistics and Supply Chain","Medium-Small ($10MM-$50MM)","Medium (200-499)","Aware","2026-04-01",17,3,"804c244b65863eb6e9f662bedd87054b77ea402b33ff8c8a3883c35e1dd465ce"
"prime-data.com","Prime Data","Telecommunications","Small ($1MM-$10MM)","Medium-Small (50-199)","Unaware","2026-08-11",3,1,""
"bright-net.com","Bright Net","E-Learning","Medium-Large ($50MM-$100MM)","Medium-Large (500-999)","Aware","2026-04-09",5,5,""
"stellar-labs.com","Stellar Labs","Construction","Micro ($0-$1MM)","Micro (1-9)","Unaware","2026-05-19",2,1,"bfd50f7164a84b14fe6e40a3c5c688a40a4219d3d8a347514bd40e16539cae14"
"bright-io.com","Bright Io","Consumer Goods","XXLarge ($1B+)","XXLarge (10,000+)","Engaged","2026-08-06",57,14,""
"vertex-data.com","Vertex Data","Retail","Small ($1MM-$10MM)","Medium-Small (50-199)","MQL","2026-08-09",157,9,"570fc65ee55f830fe26e809e1982c95f65a647c7d68483d9e246228a6e840b1f"
"prime-corp.com","Prime Corp","Telecommunications","Medium-Large ($50MM-$100MM)","Medium-Large (500-999)","MQL","2026-08-12",84,14,"321a69c2412cbd350c27912174db22424c7d3a3272c9db9cdf5ad1d6e2cc55ff"
"atlas-corp.com","Atlas Corp","Health, Wellness and Fitness","Small ($1MM-$10MM)","Small (10-49)","Unaware","2026-07-02",4,1,"678a2ffbf9371ae5bf071c7f4144eccb26504a4f8b12e39d19a7b3fdd40543cd"
"blue-group.com","Blue Group","Education Management","Micro ($0-$1MM)","Micro (1-9)","Aware","2026-03-31",6,3,"30e9d6a09648a693ddedd50cf853c70002f116f58f2db4be43bbadeb73775a00"
"global-inc.com","Global Inc","Telecommunications","Small ($1MM-$10MM)","Medium-Small (50-199)","Unaware","2026-05-15",4,1,"5cef3c21178fbe1da1a764303d5feb0c766e844efd57f20426a83ded59194e40"
"vertex-solutions.com","Vertex Solutions","Software / Information Technology","Medium-Large ($50MM-$100MM)","Medium-Large (500-999)","Engaged","2026-04-08",78,5,"ff1bd3694d2630350a5bd57a75d9fc71fba267fb49d70cb16eeac027cac4189f"
"stellar-net.com","Stellar Net","Automotive","XLarge ($200MM-$1B)","Large (1,000-4,999)","Unaware","2026-04-22",5,1,"ea879f1f60e4b681400075b8f4102dec38659afdd48ea1eca04d6aaa2b724a72"
"cyber-net.com","Cyber Net","Financial Services","Micro ($0-$1MM)","Small (10-49)","Unaware","2026-07-19",4,1,""
"smart-hub.com","Smart Hub","Education Management","Small ($1MM-$10MM)","Medium-Small (50-199)","Engaged","2026-06-20",32,5,"29a59efd240ef1ab54658114e4d425338f3da73dc538d77b060b655ea3a704e4"
"peak-tech.com","Peak Tech","Legal Services","XXLarge ($1B+)","XXLarge (10,000+)","Unaware","2026-06-11",4,1,""
"cyber-media.com","Cyber Media","Software / Information Technology","XLarge ($200MM-$1B)","XLarge (5,000-10,000)","Engaged","2026-05-07",52,5,"ea90e91a4d55bbd7de67107f75827a56d176c456878d62cda908883bd4e23c8d"
"core-media.com","Core Media","Automotive","Medium-Small ($10MM-$50MM)","Medium-Small (50-199)","Unaware","2026-06-09",5,1,"d00c2f45ea1c76d2c9d354870f96ab2d482544fd94d26a37f107866a1501a34d"
"cyber-net.com","Cyber Net","Manufacturing","Micro ($0-$1MM)","Micro (1-9)","Unaware","2026-04-09",1,1,"68c7f388f21b0ea82dac198fc1f4f4ab8e37450edcf378c5dd15367232181089"
"blue-digital.com","Blue Digital","Consumer Goods","Medium-Small ($10MM-$50MM)","Medium-Small (50-199)","Aware","2026-06-29",3,4,""
"apex-tech.com","Apex Tech","Marketing and Advertising","Micro ($0-$1MM)","Micro (1-9)","Aware","2026-08-09",16,5,""
"smart-works.com","Smart Works","Retail","Micro ($0-$1MM)","Micro (1-9)","Unaware","2026-08-04",2,1,"a8ea9463b62a4c8728768cb957dbcfdb5ad86e3b2a1ad8aa226965d5f8560e52"
"green-corp.com","Green Corp","Marketing and Advertising","XLarge ($200MM-$1B)","XLarge (5,000-10,000)","Unaware","2026-07-03",1,1,"9005b43ec6e3bb2e0fbaa3e491b660cae330c6a131e37511a40876e72c25106c"
"atlas-group.com","Atlas Group","Manufacturing","Medium-Large ($50MM-$100MM)","Medium (200-499)","Engaged","2026-04-02",60,18,""
"nexus-cloud.com","Nexus Cloud","Legal Services","Small ($1MM-$10MM)","Small (10-49)","Unaware","2026-09-11",5,1,""
"green-corp.com","Green Corp","Software / Information Technology","Medium-Large ($50MM-$100MM)","Medium-Large (500-999)","Unaware","2026-05-23",3,1,"87502d824244376cea217d22220eb2d9c53b59701ef430f2bf1276c741c994f5"
"global-inc.com","Global Inc","Education Management","Micro ($0-$1MM)","Small (10-49)","Aware","2026-04-23",14,2,"fac604c7e6ba6916cb3301575b41014bf90a16b0eee56e9b549a36def549ec87"
"blue-net.com","Blue Net","Financial Services","Medium-Small ($10MM-$50MM)","Medium (200-499)","Aware","2026-09-15",18,5,""
"stellar-group.com","Stellar Group","Management Consulting","Medium-Small ($10MM-$50MM)","Medium (200-499)","Aware","2026-06-27",11,5,""
"cyber-group.com","Cyber Group","Retail","XLarge ($200MM-$1B)","XLarge (5,000-10,000)","Unaware","2026-07-20",5,1,""
"atlas-labs.com","Atlas Labs","Hospital & Health Care","Medium-Small ($10MM-$50MM)","Medium (200-499)","Opportunity","2026-05-16",156,26,"72d8a1edd977f3956bd76318d846dcc98196b38f6f50ad50e918679a7ea98077"
"core-group.com","Core Group","Retail","XXLarge ($1B+)","XXLarge (10,000+)","Unaware","2026-06-07",2,1,"ec54891bd8de2f8d232f83057a7ecc77a72925874e9a137c9f97f52d92b419ff"
"clear-systems.com","Clear Systems","Retail","XXLarge ($1B+)","XXLarge (10,000+)","MQL","2026-09-13",190,20,""
"acme-cloud.com","Acme Cloud","Financial Services","Medium-Large ($50MM-$100MM)","Medium (200-499)","Unaware","2026-08-19",5,1,"f214438e599dc2f482ae84081f464645be6764c4045ecf071e48e67d152ec137"
"peak-inc.com","Peak Inc","Legal Services","Small ($1MM-$10MM)","Small (10-49)","Unaware","2026-04-29",3,1,"1df76b47309acb63b52b3c314274f54690b95f1fa7ccf734a15b8eb167d6fe00"
"blue-digital.com","Blue Digital","Telecommunications","Medium-Small ($10MM-$50MM)","Medium (200-499)","Opportunity","2026-06-14",472,14,"91db587d030ed584f1f5f4904f9246ff065d1e8faa67bf144c8256c63e26a68f"
"clear-cloud.com","Clear Cloud","Marketing and Advertising","Micro ($0-$1MM)","Micro (1-9)","Engaged","2026-09-22",69,8,"a2fd373b2f564167961044ce56e4e16571174f07bcdb3e119edcc16e7c97eeba"
"smart-net.com","Smart Net","Management Consulting","Medium-Large ($50MM-$100MM)","Medium-Large (500-999)","Aware","2026-09-19",3,5,""
"global-systems.com","Global Systems","Health, Wellness and Fitness","Large ($100MM-$200MM)","Large (1,000-4,999)","Aware","2026-08-02",7,5,""
"bright-tech.com","Bright Tech","Manufacturing","Medium-Large ($50MM-$100MM)","Medium-Large (500-999)","Aware","2026-07-08",4,3,"8e81b0d9ec35b123399ce01fca1baa88b263f3abc945cf0fae254bd2ee417fc4"
"nexus-data.com","Nexus Data","Real Estate","Small ($1MM-$10MM)","Small (10-49)","Aware","2026-04-01",15,4,"f5f819fe4c723373ccd8ae053e92a07af898de54c4a36856d104b7e9a1930720"
"core-corp.com","Core Corp","Management Consulting","Medium-Small ($10MM-$50MM)","Medium (200-499)","Unaware","2026-04-30",4,1,""
"swift-media.com","Swift Media","Logistics and Supply Chain","Micro ($0-$1MM)","Micro (1-9)","Engaged","2026-06-16",102,8,"68e13f7fd5ceb256c04dd6cbc59d3c4a437b8f688a0c15ea7d465cbd09ec11a7"
"vertex-works.com","Vertex Works","Hospital & Health Care","Micro ($0-$1MM)","Small (10-49)","Engaged","2026-08-18",78,8,"f712555fcf2a0f2fb0ab8adb7e120ac1703bc3bb7758f25773b61dc6a061ad0c"
"smart-digital.com","Smart Digital","Management Consulting","Micro ($0-$1MM)","Micro (1-9)","Aware","2026-07-17",17,2,"87e29911a953fca7acc37acb556bb3e29d2779bf54cef11919b835b3a18ca3d9"
"smart-systems.com","Smart Systems","Financial Services","Medium-Small ($10MM-$50MM)","Medium-Small (50-199)","Engaged","2026-07-22",41,12,""
"nova-hub.com","Nova Hub","Legal Services","Medium-Small ($10MM-$50MM)","Medium (200-499)","Unaware","2026-04-11",3,1,"c5eec26ecfb527afa301aa51e3b121c8d315169111f1a2b7c199adc0e21e7e13"
"rapid-io.com","Rapid Io","Financial Services","Small ($1MM-$10MM)","Medium-Small (50-199)","Aware","2026-05-10",5,3,"87b2ac269f90ef823b349b40feddab5de3c4640ec76e2d4eea8a770d52dbc7da"
"stellar-digital.com","Stellar Digital","E-Learning","Medium-Large ($50MM-$100MM)","Medium (200-499)","Aware","2026-09-16",19,5,""
"swift-net.com","Swift Net","Software / Information Technology","Medium-Large ($50MM-$100MM)","Medium (200-499)","Aware","2026-08-03",6,2,"bc8e5681426c204ac92da525cdaae5b267449ae85d77421c16caf74ff7deaf41"
"core-net.com","Core Net","Consumer Goods","Micro ($0-$1MM)","Small (10-49)","Unaware","2026-07-08",2,1,"0047c7a10e689783786fe0b044c44f83cfac1ff244f350b1ede4d7448008d270"
"blue-data.com","Blue Data","Hospital & Health Care","Medium-Large ($50MM-$100MM)","Medium-Large (500-999)","Unaware","2026-08-05",4,1,"f1422c0535b8bb386323a5d8f20997ebd38098964e65b26f99abe3e46a2b8577"
"iron-solutions.com","Iron Solutions","Logistics and Supply Chain","Medium-Small ($10MM-$50MM)","Medium-Small (50-199)","Aware","2026-06-23",6,3,"68b6af33254499274a5c875f713b320cc706460e78b92fbb52605988efb9a70c"
"prime-works.com","Prime Works","Logistics and Supply Chain","Medium-Small ($10MM-$50MM)","Medium (200-499)","Unaware","2026-09-19",2,1,"787588960327c619931999870ea6dc807af28398e284bdb9eb19ad302c6fc61a"
"atlas-hub.com","Atlas Hub","Automotive","Small ($1MM-$10MM)","Medium-Small (50-199)","Unaware","2026-07-18",2,1,"cbcd8f8f93e2e8eae066076fac92466e83d42be7c8b798e6e42d8774e32e84b9"
"smart-cloud.com","Smart Cloud","Insurance","XLarge ($200MM-$1B)","XLarge (5,000-10,000)","Engaged","2026-08-14",17,8,"1e1e94e49d10e99657c2c185ceaa3afd79046863295a706589141e63e4d37ae4"
"rapid-cloud.com","Rapid Cloud","E-Learning","Medium-Small ($10MM-$50MM)","Medium-Small (50-199)","Unaware","2026-05-08",2,1,"3e93b29acbe868c89fec0c7529b8d16fe2cd6542d518fc9c207491cc99e09353"
"peak-media.com","Peak Media","Financial Services","Micro ($0-$1MM)","Small (10-49)","Engaged","2026-07-04",31,8,"9c4689bac302857561076c897723db2f473c74882ebb5958d1c6b53eba424edf"
"bright-net.com","Bright Net","Marketing and Advertising","Medium-Large ($50MM-$100MM)","Medium-Large (500-999)","MQL","2026-07-04",185,15,"d6afb52e1956040318de4dd7b787a307afb9c421b4384c19aec4b8092e41946e"
"apex-group.com","Apex Group","Management Consulting","Medium-Large ($50MM-$100MM)","Medium (200-499)","Engaged","2026-09-21",92,15,""
"rapid-io.com","Rapid Io","Consumer Goods","XLarge ($200MM-$1B)","Large (1,000-4,999)","Unaware","2026-08-08",1,1,"131a48fa20cd7e192878f5fd5014ad6ff4077d76e39d9171a9df792d5c45db7f"
"atlas-corp.com","Atlas Corp","Construction","Small ($1MM-$10MM)","Medium-Small (50-199)","Engaged","2026-07-13",85,12,"0a94c241b4cfd8e3fec5cc8461178a7bb25d0c01f3200ed8af65bd3864f3a328"
"acme-systems.com","Acme Systems","Entertainment","Medium-Large ($50MM-$100MM)","Medium (200-499)","Unaware","2026-08-10",5,1,"8335ed0cd24d535b91814cfd88b5cffd6f52bddace2f05e496c46d95f839d85c"
"global-solutions.com","Global Solutions","Software / Information Technology","Small ($1MM-$10MM)","Small (10-49)","Unaware","2026-08-05",3,1,""
"apex-data.com","Apex Data","Education Management","Micro ($0-$1MM)","Micro (1-9)","MQL","2026-04-27",167,22,""
"nexus-inc.com","Nexus Inc","Telecommunications","Medium-Small ($10MM-$50MM)","Medium-Small (50-199)","Unaware","2026-05-21",1,1,"bf15dbf9a3e1a5d7d1dcd17a1b12aa0e8862f843c832e77bf1f70bf02e694bfb"
"stellar-cloud.com","Stellar Cloud","Retail","Small ($1MM-$10MM)","Small (10-49)","Engaged","2026-09-08",12,10,"4af997acf1730b5a27614ce2f1ea29ca1f210bd5b094af05d708c9a9ee056fb2"
"swift-hub.com","Swift Hub","Food & Beverages","Medium-Small ($10MM-$50MM)","Medium-Small (50-199)","Aware","2026-05-15",9,6,""
"smart-corp.com","Smart Corp","Entertainment","Small ($1MM-$10MM)","Small (10-49)","Unaware","2026-07-26",4,1,""
"prime-tech.com","Prime Tech","Legal Services","Medium-Small ($10MM-$50MM)","Medium-Small (50-199)","Unaware","2026-07-03",5,1,"1954a0fc6a89acd00c0fb3ce551c326383d0b0cb79c4117ff1409dd28ae880e6"
"blue-cloud.com","Blue Cloud","Food & Beverages","Medium-Large ($50MM-$100MM)","Medium-Large (500-999)","Unaware","2026-04-26",1,1,""
"clear-digital.com","Clear Digital","Manufacturing","Medium-Small ($10MM-$50MM)","Medium (200-499)","Unaware","2026-05-14",1,1,""
"iron-cloud.com","Iron Cloud","Telecommunications","Micro ($0-$1MM)","Small (10-49)","Aware","2026-09-11",3,5,""
"smart-cloud.com","Smart Cloud","Automotive","Large ($100MM-$200MM)","Large (1,000-4,999)","Aware","2026-08-01",12,6,""
"global-corp.com","Global Corp","Food & Beverages","Large ($100MM-$200MM)","Medium-Large (500-999)","Aware","2026-05-02",14,2,"3c590c44c90d53382d25b2cad7d487b022b35122a7be0456e4955d4ea5d77c48"
"atlas-hub.com","Atlas Hub","Real Estate","Medium-Large ($50MM-$100MM)","Medium-Large (500-999)","MQL","2026-03-29",187,27,""
"global-solutions.com","Global Solutions","Financial Services","Micro ($0-$1MM)","Small (10-49)","Engaged","2026-06-23",39,5,"db02030cdbbd612ee347eef323aa8635f256ca5f8d69f96659b514bf9cf4a932"
"global-tech.com","Global Tech","Hospital & Health Care","Medium-Large ($50MM-$100MM)","Medium (200-499)","Aware","2026-05-17",7,6,""
"cyber-inc.com","Cyber Inc","Manufacturing","Small ($1MM-$10MM)","Small (10-49)","Unaware","2026-05-12",4,1,""
"nova-io.com","Nova Io","Insurance","Medium-Large ($50MM-$100MM)","Medium-Large (500-999)","Unaware","2026-04-16",5,1,"0162d7611c2396ae49646255df5b1a073762b3a958b63d70dfaaf8b7e519339c"
"clear-inc.com","Clear Inc","Marketing and Advertising","Micro ($0-$1MM)","Micro (1-9)","Unaware","2026-06-21",5,1,""
"blue-corp.com","Blue Corp","Education Management","Micro ($0-$1MM)","Small (10-49)","MQL","2026-08-15",203,21,""
"clear-systems.com","Clear Systems","Software / Information Technology","Medium-Small ($10MM-$50MM)","Medium (200-499)","Unaware","2026-05-29",2,1,""
"acme-digital.com","Acme Digital","Telecommunications","Micro ($0-$1MM)","Micro (1-9)","MQL","2026-05-13",34,29,""
"bright-systems.com","Bright Systems","Legal Services","Small ($1MM-$10MM)","Small (10-49)","Aware","2026-04-20",21,4,"060cd705f2f8997c717cbfd2593bf30c2bab613c780979a3813dbc4fc28415ec"
"rapid-io.com","Rapid Io","Software / Information Technology","Micro ($0-$1MM)","Small (10-49)","Unaware","2026-06-21",5,1,""
"cyber-hub.com","Cyber Hub","Construction","Micro ($0-$1MM)","Micro (1-9)","Unaware","2026-04-04",5,1,""
"prime-data.com","Prime Data","Software / Information Technology","Medium-Small ($10MM-$50MM)","Medium-Small (50-199)","Engaged","2026-07-28",39,15,""
"prime-works.com","Prime Works","E-Learning","Micro ($0-$1MM)","Small (10-49)","Unaware","2026-06-09",1,1,"69ba8e69da537b7871c3ccca17131a7da19d8473250337ec738dbba5598d2e43"
"apex-cloud.com","Apex Cloud","Marketing and Advertising","Micro ($0-$1MM)","Micro (1-9)","Unaware","2026-07-20",3,1,"179edfa084ccaf116020eb3ab53e278af9bef0b2f793b734069d77a09c6997f1"
"nova-inc.com","Nova Inc","Retail","XLarge ($200MM-$1B)","XLarge (5,000-10,000)","Unaware","2026-09-11",1,1,"aba5c62e4ad2227c6cade9e1830a2dc5b57773693e625804ecef179d58e2354a"
"acme-cloud.com","Acme Cloud","Software / Information Technology","Micro ($0-$1MM)","Micro (1-9)","Unaware","2026-09-19",5,1,"b53c9d592edaffe2acec5da4e2538c0a4918747a71bfb67c41c194835d1c3f3a"
"vertex-inc.com","Vertex Inc","Financial Services","Medium-Large ($50MM-$100MM)","Medium (200-499)","Aware","2026-08-11",5,4,""
"atlas-io.com","Atlas Io","Construction","Medium-Large ($50MM-$100MM)","Medium-Large (500-999)","Aware","2026-09-09",5,6,""
"rapid-digital.com","Rapid Digital","Marketing and Advertising","Small ($1MM-$10MM)","Small (10-49)","Unaware","2026-05-08",1,1,""
"swift-digital.com","Swift Digital","Hospital & Health Care","Micro ($0-$1MM)","Micro (1-9)","Engaged","2026-06-17",19,11,"5fb11f1cca7835b905eeb088e95a7a39039e7e8d9925e95d7e0e100aaca5ceac"
"prime-net.com","Prime Net","Telecommunications","Large ($100MM-$200MM)","Large (1,000-4,999)","Aware","2026-08-18",12,2,"ff5e66b0d0bdaed8e86cd93056b330b81205897913233f00d9d01858c8616171"
"core-cloud.com","Core Cloud","Manufacturing","Medium-Small ($10MM-$50MM)","Medium (200-499)","Aware","2026-07-31",11,1,"04c68651ff288a1b6b359b59a28290c62717ae2aece465f35a84b400cdbc414f"
"vertex-cloud.com","Vertex Cloud","Marketing and Advertising","Medium-Large ($50MM-$100MM)","Medium-Large (500-999)","Unaware","2026-06-26",2,1,"650ab4d0d588ce409559e6185def91c6d74d87681f89d7a860c4e2158a7b9ccf"
"global-cloud.com","Global Cloud","Consumer Goods","Small ($1MM-$10MM)","Medium-Small (50-199)","Unaware","2026-07-03",5,1,""
"bright-hub.com","Bright Hub","Food & Beverages","Micro ($0-$1MM)","Micro (1-9)","Engaged","2026-04-06",103,17,""
"atlas-tech.com","Atlas Tech","Management Consulting","Micro ($0-$1MM)","Small (10-49)","Unaware","2026-04-03",1,1,"522387fccabe1da617ae758e9aaafdbfdf295f3c7b84fe5d3dbb8d8667e5ef4b"
"blue-works.com","Blue Works","Automotive","Medium-Small ($10MM-$50MM)","Medium-Small (50-199)","Unaware","2026-07-05",2,1,"36bba270772f4ae071955562f1673171994192c2895f9154fdeaeafaa7e54532"
"smart-net.com","Smart Net","Software / Information Technology","Micro ($0-$1MM)","Small (10-49)","Unaware","2026-09-02",5,1,""
"apex-hub.com","Apex Hub","Legal Services","Medium-Large ($50MM-$100MM)","Medium (200-499)","Aware","2026-05-09",3,3,"3303f0877bfbf7b9e068bfacee425068e1a6170dcd354502a463146c93b0eedc"
"blue-tech.com","Blue Tech","Health, Wellness and Fitness","Small ($1MM-$10MM)","Small (10-49)","Unaware","2026-04-20",3,1,"a1903fa16d9427224f693adfa37d83072994630f69bac19af54c73e93478749b"
"iron-cloud.com","Iron Cloud","Manufacturing","Micro ($0-$1MM)","Small (10-49)","Unaware","2026-05-24",3,1,"23b1f2ca079b389b81b5f85009f3634c33c49b7bf28a2ef1975747b0bf534f00"
"green-io.com","Green Io","Manufacturing","Medium-Large ($50MM-$100MM)","Medium-Large (500-999)","Unaware","2026-05-17",3,1,"0adedf1d1d318ec6a3bd8b36769e64c21156fcfca6a34ee1d2134464a51fbe92"
"nova-systems.com","Nova Systems","Health, Wellness and Fitness","Small ($1MM-$10MM)","Medium-Small (50-199)","Opportunity","2026-06-11",108,15,"4b21e798e6601d8de390099537595cab57a13e910792f218a40c44308360250f"
"core-cloud.com","Core Cloud","Financial Services","Medium-Small ($10MM-$50MM)","Medium-Small (50-199)","Engaged","2026-07-20",103,6,"453475703ad04410f707ae15415db278d1e553a4de8eedddf3f23ef47773ef57"
"nova-cloud.com","Nova Cloud","Education Management","Large ($100MM-$200MM)","Large (1,000-4,999)","Unaware","2026-03-28",2,1,"6910cab751a11eb8bf939275c97306236112172363943aba938cf7d2fdea8a08"
"clear-data.com","Clear Data","Entertainment","XLarge ($200MM-$1B)","Large (1,000-4,999)","Aware","2026-05-04",9,5,""
"atlas-net.com","Atlas Net","Manufacturing","Medium-Small ($10MM-$50MM)","Medium-Small (50-199)","MQL","2026-08-13",184,11,"7fd029fa447f10b1eff675227140568211eebe87ec7a8880de1ad1cab35ff855"
"prime-io.com","Prime Io","Hospital & Health Care","Micro ($0-$1MM)","Micro (1-9)","Aware","2026-04-11",19,1,"622748a65eadb17b51d92b3454ef0a762e4cf19143427ab45d0c99c25e9dc052"
"atlas-systems.com","Atlas Systems","Food & Beverages","Large ($100MM-$200MM)","Large (1,000-4,999)","Opportunity","2026-07-27",82,39,""
"bright-labs.com","Bright Labs","Education Management","Medium-Small ($10MM-$50MM)","Medium-Small (50-199)","Engaged","2026-08-21",24,15,""
"core-solutions.com","Core Solutions","Entertainment","Micro ($0-$1MM)","Micro (1-9)","Engaged","2026-04-21",109,11,"b09872dc1a198f34409ca19581edcda5975b99eb21e842978fbb831bd743f181"
"prime-hub.com","Prime Hub","Software / Information Technology","Small ($1MM-$10MM)","Small (10-49)","Unaware","2026-06-26",2,1,""
"apex-inc.com","Apex Inc","Software / Information Technology","Medium-Large ($50MM-$100MM)","Medium (200-499)","MQL","2026-04-29",203,27,""
"swift-net.com","Swift Net","Telecommunications","Medium-Small ($10MM-$50MM)","Medium (200-499)","Unaware","2026-07-06",4,1,"3124ebd8b30cc0ba5cd32868c826fca6a6a67c98e075ffb8edc00864aab7fe9c"
"rapid-data.com","Rapid Data","Retail","Small ($1MM-$10MM)","Small (10-49)","Opportunity","2026-04-08",101,21,"e233671d7e2fd75f21fc84e67932552a107c5faa283aeee72738d5c7537d17e3"
"apex-hub.com","Apex Hub","Entertainment","Medium-Large ($50MM-$100MM)","Medium (200-499)","MQL","2026-06-25",131,15,"ce301d1e77a16bf8fb37da778a6bc7baa7a8da69b77a79b486dacf551329ae34"
"smart-data.com","Smart Data","Marketing and Advertising","Large ($100MM-$200MM)","Large (1,000-4,999)","Engaged","2026-08-20",10,15,""
"peak-hub.com","Peak Hub","Marketing and Advertising","XLarge ($200MM-$1B)","Large (1,000-4,999)","Unaware","2026-04-29",2,1,"b14b805c154bf46528ec264a6368c29994aed13cf98d13f81f9a73a2be36dc63"
"smart-digital.com","Smart Digital","Telecommunications","Large ($100MM-$200MM)","Large (1,000-4,999)","MQL","2026-03-29",54,11,"9a0ac0b66de3ba16b34f58511044d00eb49e1d376670a1bb014f2e056df664d7"
"prime-corp.com","Prime Corp","Health, Wellness and Fitness","Large ($100MM-$200MM)","Large (1,000-4,999)","Engaged","2026-05-19",97,9,"4e6c00488498978d2076e9ea73ced338ec42ab392344ed67cd1fa82ab0aa116c"
"core-inc.com","Core Inc","Hospital & Health Care","Micro ($0-$1MM)","Micro (1-9)","Unaware","2026-08-26",1,1,"eb721a8fe5d19999c834973320eceeeb399662560d2d54eb4190e25f987cc723"
"nova-io.com","Nova Io","Marketing and Advertising","Micro ($0-$1MM)","Small (10-49)","Aware","2026-08-26",22,5,""
"peak-inc.com","Peak Inc","Legal Services","Micro ($0-$1MM)","Small (10-49)","Engaged","2026-08-21",58,13,""
"green-systems.com","Green Systems","Telecommunications","Medium-Large ($50MM-$100MM)","Medium (200-499)","Unaware","2026-05-03",5,1,"f65eb0d51bb8b1855f1d20b5112bac442bf487cd305fb60f6235a7e72f901d63"
"iron-inc.com","Iron Inc","Insurance","XXLarge ($1B+)","XXLarge (10,000+)","Opportunity","2026-08-01",268,13,"c5483f34817dc5de46c7ab08f337fe274ec43c20879672eb20fb1549b6195bf9"
"rapid-net.com","Rapid Net","Telecommunications","Micro ($0-$1MM)","Micro (1-9)","Opportunity","2026-07-03",158,43,""
"rapid-systems.com","Rapid Systems","Consumer Goods","Micro ($0-$1MM)","Micro (1-9)","Engaged","2026-08-05",98,5,"0b040844625ae65119319a44171704387125c0745818f307dba8f2a7d0f7d3d8"
"prime-data.com","Prime Data","Food & Beverages","Medium-Small ($10MM-$50MM)","Medium (200-499)","Engaged","2026-06-07",99,5,"3c69a9cd6069a7cf17b27261cce87adf161a6cbd97d02a8bfac4b725d401992b"
"peak-data.com","Peak Data","Food & Beverages","Medium-Small ($10MM-$50MM)","Medium-Small (50-199)","Engaged","2026-05-17",64,9,"76cfd3df3ded83de68d1363f08e85e28f28f700972f1c87de058475db09f7c96"
"clear-works.com","Clear Works","Entertainment","Medium-Large ($50MM-$100MM)","Medium (200-499)","Engaged","2026-05-02",61,6,"79b65d55c3147ebab7f86969dd6f26ff5a1010c1560cfc99f482c0bbf07d77b2"
"stellar-media.com","Stellar Media","Automotive","Medium-Large ($50MM-$100MM)","Medium-Large (500-999)","Unaware","2026-07-25",1,1,""
"stellar-hub.com","Stellar Hub","E-Learning","Small ($1MM-$10MM)","Small (10-49)","Unaware","2026-04-07",3,1,"1bf851c9e4e5ec33ac5d3e37d08682e4e9e185f7a8d93eb51d04fb339b5e5bb1"
"cyber-labs.com","Cyber Labs","Legal Services","Micro ($0-$1MM)","Micro (1-9)","Opportunity","2026-04-22",474,46,""
"iron-corp.com","Iron Corp","Health, Wellness and Fitness","Medium-Large ($50MM-$100MM)","Medium-Large (500-999)","Aware","2026-08-09",17,4,""
"rapid-solutions.com","Rapid Solutions","Financial Services","Micro ($0-$1MM)","Micro (1-9)","Engaged","2026-05-13",38,7,"cc96bea6843b3aee46292081122407bee321842f9fa85e8ce40c5e008b4a3b36"
"blue-net.com","Blue Net","Hospital & Health Care","XXLarge ($1B+)","XXLarge (10,000+)","Aware","2026-03-28",15,2,"69806591b6f28400d25c8cac1b04db92f4268ead5885990bab25eaaebd2188eb"
"green-group.com","Green Group","Software / Information Technology","Large ($100MM-$200MM)","Large (1,000-4,999)","Unaware","2026-04-10",3,1,""
"peak-digital.com","Peak Digital","Automotive","Large ($100MM-$200MM)","Large (1,000-4,999)","Unaware","2026-06-02",2,1,"d2e3312ebb40798e1210d63154a7d8924f6832d33751875904de28d9045b8026"
"nova-digital.com","Nova Digital","Health, Wellness and Fitness","Medium-Small ($10MM-$50MM)","Medium (200-499)","Unaware","2026-06-02",5,1,""
"bright-inc.com","Bright Inc","Retail","Medium-Small ($10MM-$50MM)","Medium (200-499)","Engaged","2026-07-04",109,5,"e7b341edd0e0f8d432b6c82028366d0102817a12d9b50b7dffc7d64851b00a20"
"prime-inc.com","Prime Inc","E-Learning","Medium-Small ($10MM-$50MM)","Medium-Small (50-199)","Aware","2026-05-20",5,4,""
"clear-net.com","Clear Net","Management Consulting","Medium-Large ($50MM-$100MM)","Medium-Large (500-999)","Unaware","2026-07-27",5,1,"69ed613365b347e785eceb44bc9eddf9990172d01af87a566f3b11d5f06ee33e"
"prime-systems.com","Prime Systems","Legal Services","Large ($100MM-$200MM)","Large (1,000-4,999)","Engaged","2026-04-04",57,3,"3737f165d4ba9f5338aa5d7e9b985251da1d8f73cc8ffcae7e98055d74c2eba0"
"stellar-net.com","Stellar Net","Software / Information Technology","Medium-Small ($10MM-$50MM)","Medium-Small (50-199)","Unaware","2026-07-23",5,1,"3a9daf6eda8b9df57210efdfbaa48514b91c9fad45140c1908a9f3c0cef5bc63"
"atlas-labs.com","Atlas Labs","E-Learning","Small ($1MM-$10MM)","Medium-Small (50-199)","Opportunity","2026-07-03",158,22,"e2e76fdfb7cbeae5204a59a11cb45cd0cb85b06421402f6946c239ff25545fbf"
"stellar-media.com","Stellar Media","Insurance","Small ($1MM-$10MM)","Small (10-49)","Unaware","2026-04-18",1,1,""
"stellar-corp.com","Stellar Corp","Retail","Medium-Large ($50MM-$100MM)","Medium-Large (500-999)","MQL","2026-04-15",31,16,"b746d4d203226bc903c0fb1ada05f0d8029ee0867fd9877349c026386772b929"
"global-digital.com","Global Digital","Marketing and Advertising","Micro ($0-$1MM)","Micro (1-9)","Engaged","2026-04-22",25,11,"bde59d1c822b41ae2582f2c284daf7a85f82f6ba1e297b7d4502ccbe8eaef035"
"nexus-media.com","Nexus Media","Hospital & Health Care","Large ($100MM-$200MM)","Large (1,000-4,999)","MQL","2026-05-23",133,12,"288a3931be1abb71ac366a4e7d2f2d79d6457ebb76236ba560707a830b6ce00d"
"swift-systems.com","Swift Systems","Software / Information Technology","XXLarge ($1B+)","XXLarge (10,000+)","Unaware","2026-05-16",4,1,"03b90cc79716564ec2c5819b4fb90a5567d82a95f5d6c26541c17ea39e178c32"
"atlas-corp.com","Atlas Corp","Software / Information Technology","Medium-Small ($10MM-$50MM)","Medium (200-499)","Aware","2026-08-24",22,3,"d02f3f9c13d4bd6a4731fcc399c0217cfc22821066f88069f36b982e861ed76f"
"rapid-systems.com","Rapid Systems","Hospital & Health Care","Micro ($0-$1MM)","Small (10-49)","Engaged","2026-04-08",49,14,""
"atlas-io.com","Atlas Io","Real Estate","XLarge ($200MM-$1B)","Large (1,000-4,999)","Unaware","2026-06-07",2,1,"683707eb7b972075558d007329d591e3fa603646ab7bbc5736b3d2f08e7d21b5"
"green-digital.com","Green Digital","Health, Wellness and Fitness","Medium-Small ($10MM-$50MM)","Medium-Small (50-199)","Aware","2026-06-02",19,4,""
"vertex-io.com","Vertex Io","Consumer Goods","Micro ($0-$1MM)","Small (10-49)","Opportunity","2026-04-05",367,23,"3fbdf64f0590a53cbaf67fa7b02c67575239d58601e5accf0d75a9bd6aa031ba"
"rapid-tech.com","Rapid Tech","Software / Information Technology","Micro ($0-$1MM)","Micro (1-9)","Opportunity","2026-04-23",395,20,"66572c20e2456ab8e32f33706af7f9cc0397a2c9d8cb4dac7917ba7ce4f01732"
"iron-data.com","Iron Data","Retail","Micro ($0-$1MM)","Micro (1-9)","MQL","2026-04-24",71,7,"5880af3a96df077b1e5c1718f75842df42ae08a9988925d9d2add47e3471c00a"
"green-works.com","Green Works","Hospital & Health Care","Small ($1MM-$10MM)","Medium-Small (50-199)","Engaged","2026-08-17",41,4,"9afd9ca447d71163187fdb4665e62d104b25ec113132baa4709f6150ef1e22ed"
"blue-inc.com","Blue Inc","Consumer Goods","Medium-Small ($10MM-$50MM)","Medium (200-499)","Unaware","2026-09-10",2,1,"d8190161921624f48f35e0d72f5a2dfc487632af615fe6752b5753f9ce55b758"
"blue-group.com","Blue Group","Marketing and Advertising","Small ($1MM-$10MM)","Medium-Small (50-199)","Unaware","2026-05-15",2,1,""
"peak-io.com","Peak Io","Management Consulting","Medium-Small ($10MM-$50MM)","Medium (200-499)","Unaware","2026-08-16",4,1,"89df9718063886dc4c080138727d72914b14f1762286fecc2d4cd2e693e61fc1"
"nova-cloud.com","Nova Cloud","Marketing and Advertising","Large ($100MM-$200MM)","Medium-Large (500-999)","Unaware","2026-07-15",3,1,"76e521c8aa4e4c77ab6e8b62dfb54613c12c41e11d44df3d8a4ec5b81ec9f6b1"
"peak-tech.com","Peak Tech","Hospital & Health Care","Large ($100MM-$200MM)","Large (1,000-4,999)","Unaware","2026-05-30",2,1,""
"nova-systems.com","Nova Systems","Entertainment","Micro ($0-$1MM)","Micro (1-9)","Aware","2026-04-06",7,6,""
"swift-hub.com","Swift Hub","Health, Wellness and Fitness","Small ($1MM-$10MM)","Medium-Small (50-199)","Unaware","2026-05-14",3,1,""
"apex-io.com","Apex Io","Entertainment","Medium-Small ($10MM-$50MM)","Medium (200-499)","Aware","2026-07-20",15,4,"a6c3d986a73698c84db89bd89e9fbca94c1c4b63dada72f4ef9dfe8c67aa148b"
"rapid-digital.com","Rapid Digital","Software / Information Technology","Small ($1MM-$10MM)","Medium-Small (50-199)","Unaware","2026-08-14",2,1,"56d53d68aa85628670ab839ee2c6a65a8a135f6b67e13b010b37dca0c2293ddf"
"prime-data.com","Prime Data","Retail","Medium-Small ($10MM-$50MM)","Medium-Small (50-199)","Unaware","2026-07-13",2,1,""
"core-inc.com","Core Inc","Food & Beverages","Small ($1MM-$10MM)","Medium-Small (50-199)","Unaware","2026-07-02",3,1,"c6dbba8c46c57281c56ee5568ca8ebccf3888404df98f7ef7a7068ec3788d2ce"
"swift-group.com","Swift Group","Telecommunications","Medium-Small ($10MM-$50MM)","Medium (200-499)","Unaware","2026-09-18",4,1,""
"blue-hub.com","Blue Hub","Software / Information Technology","Small ($1MM-$10MM)","Small (10-49)","Unaware","2026-04-03",5,1,"c43685f2301fe33b8478a3ac115839e0cac4403349e0cce614cda0fa8ca78201"
"cyber-systems.com","Cyber Systems","Manufacturing","Micro ($0-$1MM)","Small (10-49)","Aware","2026-04-10",11,5,""
"stellar-labs.com","Stellar Labs","Marketing and Advertising","Medium-Small ($10MM-$50MM)","Medium (200-499)","Aware","2026-06-25",21,1,"2b08f863d3452c529e2472818067c021a35883d88f9ceaf1ad9fe99505e1295b"
"acme-digital.com","Acme Digital","Food & Beverages","Medium-Large ($50MM-$100MM)","Medium (200-499)","Aware","2026-09-15",11,4,""
"green-labs.com","Green Labs","Manufacturing","Micro ($0-$1MM)","Small (10-49)","Engaged","2026-08-22",76,6,"b6b26357d7a2e7ea000c9af64e7a9921b5a42f3e5e516fc7fba7e07537769a6b"
"smart-inc.com","Smart Inc","Manufacturing","XXLarge ($1B+)","XXLarge (10,000+)","Unaware","2026-04-03",5,1,"278bb63dc9ab9ecac4eecc6c133c176d88d8eab3a8898b808e814898d7c7f1e2"
"iron-inc.com","Iron Inc","Manufacturing","XXLarge ($1B+)","XXLarge (10,000+)","Engaged","2026-07-29",109,8,"4b6981f63641dd96e72eb0fcb1030fe5a9111cdc63a252756fe0e9ee8f92bf0d"
"blue-tech.com","Blue Tech","Software / Information Technology","Medium-Large ($50MM-$100MM)","Medium (200-499)","Aware","2026-07-29",12,5,""
"green-digital.com","Green Digital","Financial Services","Small ($1MM-$10MM)","Medium-Small (50-199)","Unaware","2026-05-13",1,1,""
"swift-group.com","Swift Group","Logistics and Supply Chain","Small ($1MM-$10MM)","Medium-Small (50-199)","Unaware","2026-07-22",5,1,"a8a39cfc30698f88657310e25a8e416aad962a43542e950afd455d65b12fd397"
"prime-systems.com","Prime Systems","Logistics and Supply Chain","Large ($100MM-$200MM)","Large (1,000-4,999)","MQL","2026-05-13",81,5,"83f17ff9a53553303632737a683c99ea491c77e1ceb0a090c5193df35bdf863d"
"core-media.com","Core Media","Entertainment","Micro ($0-$1MM)","Micro (1-9)","Engaged","2026-08-08",88,15,""
"apex-tech.com","Apex Tech","Automotive","Medium-Small ($10MM-$50MM)","Medium (200-499)","Aware","2026-04-17",3,5,""
"prime-hub.com","Prime Hub","Education Management","Small ($1MM-$10MM)","Medium-Small (50-199)","Unaware","2026-06-09",3,1,""
"blue-labs.com","Blue Labs","Consumer Goods","Micro ($0-$1MM)","Small (10-49)","Aware","2026-06-02",18,4,"74e135171fdfd5359702b93879a843cb080d6297dc7377bad33747973eeb14ac"
"clear-data.com","Clear Data","Logistics and Supply Chain","Small ($1MM-$10MM)","Small (10-49)","Aware","2026-05-13",6,6,""
"blue-corp.com","Blue Corp","Education Management","Medium-Small ($10MM-$50MM)","Medium (200-499)","Opportunity","2026-08-08",70,20,"d4bd80cc68417d7eef218bb83acdc97bf88f89c953327be50c403845068e05b3"
"rapid-group.com","Rapid Group","Health, Wellness and Fitness","Medium-Small ($10MM-$50MM)","Medium (200-499)","Engaged","2026-08-27",42,18,""
"nova-net.com","Nova Net","E-Learning","Medium-Small ($10MM-$50MM)","Medium-Small (50-199)","Unaware","2026-05-03",1,1,"19649d50ec1266566fdd1d37666cc8da252646a48abaf7162c9c0c89a176620c"
"green-tech.com","Green Tech","Hospital & Health Care","Micro ($0-$1MM)","Micro (1-9)","Unaware","2026-07-20",4,1,"c85ddd9e64623614b6349c3280bc9f23c5e2795e5ea9b8544054c2c2d4714160"
"blue-hub.com","Blue Hub","Software / Information Technology","Small ($1MM-$10MM)","Small (10-49)","Engaged","2026-08-01",91,15,""
"nova-inc.com","Nova Inc","Hospital & Health Care","Small ($1MM-$10MM)","Medium-Small (50-199)","Engaged","2026-06-16",15,5,"11ddeedf7e57251bd357135a794a4e95614821ea7c8be03b5629e82089cac24c"
"acme-media.com","Acme Media","Education Management","Large ($100MM-$200MM)","Medium-Large (500-999)","Unaware","2026-05-28",2,1,"e28794050d90d14843e5c0b4ca27abaa37a8018ad64b37c4473cee38b65ad5ba"
"core-systems.com","Core Systems","Real Estate","Micro ($0-$1MM)","Micro (1-9)","Unaware","2026-05-11",1,1,"f5d5d260c74f366e54e51d7f9c7cb1269fa1db56e2b2ed2e33d1a28a06210592"
"nexus-works.com","Nexus Works","Construction","Small ($1MM-$10MM)","Small (10-49)","Aware","2026-05-15",19,1,"cb38dbec44b78d9d4213c7adc8e272ebd2d3c542bf4f02fe04eae464b717b639"
"peak-works.com","Peak Works","Legal Services","XXLarge ($1B+)","XXLarge (10,000+)","Unaware","2026-04-05",2,1,"1cce68e57a5042e0394f7d732ea370fff8f74ea24147b7a3175b4e4fde04abf4"
"acme-io.com","Acme Io","Software / Information Technology","Medium-Large ($50MM-$100MM)","Medium (200-499)","Aware","2026-06-29",20,3,"2b89b2762d16d54104fd4d81d53870a6a0985f98870a0c79d45ce3976c3bad78"
"atlas-io.com","Atlas Io","Retail","Micro ($0-$1MM)","Small (10-49)","Aware","2026-05-02",19,2,"06d2a73c9bd5ce91c0631020d075a76087754d0945c42e17f8a90e1e8f4318d0"
"iron-media.com","Iron Media","Food & Beverages","Medium-Small ($10MM-$50MM)","Medium (200-499)","MQL","2026-07-14",132,27,""
"bright-hub.com","Bright Hub","Insurance","Large ($100MM-$200MM)","Large (1,000-4,999)","Unaware","2026-07-26",5,1,"27b0a05468fe3ff406998facf877328ec9c61bc4a1b1beb45bcfa13424792f7b"
"stellar-inc.com","Stellar Inc","Automotive","Medium-Large ($50MM-$100MM)","Medium (200-499)","Unaware","2026-05-08",4,1,"0b2783e37c0a7212dceb0116f6341592b59914cdd862b99c9afc2343005c8aff"
"clear-net.com","Clear Net","Telecommunications","Medium-Small ($10MM-$50MM)","Medium (200-499)","Aware","2026-07-02",19,5,""
"smart-inc.com","Smart Inc","Software / Information Technology","Medium-Large ($50MM-$100MM)","Medium-Large (500-999)","Unaware","2026-09-17",1,1,"f94aa519e89125ad62a7e6187dec3bec6cc4b6302271acf238312fc578ce8e73"
"bright-solutions.com","Bright Solutions","Manufacturing","Medium-Large ($50MM-$100MM)","Medium-Large (500-999)","Unaware","2026-04-30",2,1,"4e1b4ed7f996091f918faddab3059637336f4f124791c9cfd7dc5f89995d4f9d"
"clear-corp.com","Clear Corp","Marketing and Advertising","XLarge ($200MM-$1B)","Large (1,000-4,999)","Unaware","2026-05-06",1,1,""
"peak-solutions.com","Peak Solutions","Health, Wellness and Fitness","Small ($1MM-$10MM)","Medium-Small (50-199)","Unaware","2026-08-04",2,1,"461033bc38b9669c2a20b2dd5b877097e47c14e8034adb07621334c1475140b2"
"stellar-works.com","Stellar Works","Telecommunications","Medium-Small ($10MM-$50MM)","Medium (200-499)","Unaware","2026-08-20",2,1,""
"nova-corp.com","Nova Corp","Education Management","Micro ($0-$1MM)","Small (10-49)","Aware","2026-04-01",21,2,"9101f28db8462273b79e6ecfb4a9af1033c0e5349fe9894e0518ed56e44cc050"
"green-hub.com","Green Hub","Legal Services","XXLarge ($1B+)","XXLarge (10,000+)","Unaware","2026-09-20",1,1,""
"rapid-hub.com","Rapid Hub","Retail","Small ($1MM-$10MM)","Medium-Small (50-199)","Unaware","2026-08-02",3,1,""
"peak-io.com","Peak Io","Insurance","Small ($1MM-$10MM)","Small (10-49)","Engaged","2026-09-15",10,11,"e0f336f0b57afb7536121bd413e4da0b4258f0b62339c4be8a1a8b79801044f2"
"swift-cloud.com","Swift Cloud","Software / Information Technology","Small ($1MM-$10MM)","Medium-Small (50-199)","Unaware","2026-07-08",1,1,"af36e64c1810b712bf9fdcbd65248639aa3f136b01782f19a7adfc09d0284b2d"
"global-media.com","Global Media","Insurance","Micro ($0-$1MM)","Small (10-49)","Engaged","2026-05-18",45,4,"39ffa11895df2d3cfbbb42d7d54c2a795565a3e43bde8b88d95f9093da5ed904"
"rapid-hub.com","Rapid Hub","Education Management","Micro ($0-$1MM)","Micro (1-9)","MQL","2026-08-30",122,13,"5a4ef31c68bbada28837aec96ce603344b2c8aa9284f094f450c96b80dd538b6"
"rapid-digital.com","Rapid Digital","Telecommunications","Micro ($0-$1MM)","Micro (1-9)","Engaged","2026-05-09",84,16,""
"iron-data.com","Iron Data","Software / Information Technology","XXLarge ($1B+)","XXLarge (10,000+)","Aware","2026-07-13",14,6,""
"global-systems.com","Global Systems","Health, Wellness and Fitness","Small ($1MM-$10MM)","Medium-Small (50-199)","Engaged","2026-04-13",68,14,""
"vertex-tech.com","Vertex Tech","Software / Information Technology","Medium-Small ($10MM-$50MM)","Medium (200-499)","Unaware","2026-04-19",1,1,"9ca189c1112ed24465f69481ca5b910db12ba479211b5111d21c02047d087733"
"nova-works.com","Nova Works","Automotive","XLarge ($200MM-$1B)","XLarge (5,000-10,000)","Unaware","2026-09-12",5,1,"d4507aa71eb1cce58d720ce8ff7a8345493cd25d11e1e26cf4c527f7c31ead5e"
"green-data.com","Green Data","Management Consulting","Small ($1MM-$10MM)","Medium-Small (50-199)","Engaged","2026-06-04",99,11,"b21030087c5c8adc7b280265d6c2caa81b8ec12605a52f4c88c94c8733751b7d"
"blue-systems.com","Blue Systems","Retail","Small ($1MM-$10MM)","Small (10-49)","Unaware","2026-03-29",3,1,"5bd2aa7e2a8e46b13c012f186a910bd33db2f58eabd3fa958e632cdd033cbe42"
"vertex-tech.com","Vertex Tech","Software / Information Technology","Micro ($0-$1MM)","Micro (1-9)","MQL","2026-06-29",159,21,""
"core-cloud.com","Core Cloud","Financial Services","Small ($1MM-$10MM)","Medium-Small (50-199)","Unaware","2026-07-11",3,1,""
"bright-io.com","Bright Io","Hospital & Health Care","Micro ($0-$1MM)","Small (10-49)","Engaged","2026-07-07",37,10,"483e79300689de9809901f7e152677e8d255758401c6a54d6cab7bbe71437a80"
"peak-solutions.com","Peak Solutions","Hospital & Health Care","Small ($1MM-$10MM)","Small (10-49)","Aware","2026-04-25",16,2,"cb70149ab16dcf01ae51acf3bbcb2f275d0117b40b668aee7d04560b4212db69"
"atlas-corp.com","Atlas Corp","Marketing and Advertising","Medium-Large ($50MM-$100MM)","Medium-Large (500-999)","Unaware","2026-03-31",2,1,"8b627eebe10a47596b2bfe7d9ca09fff3477da3dc12e5758acfe14c175595f4e"
"bright-group.com","Bright Group","Construction","Medium-Small ($10MM-$50MM)","Medium (200-499)","MQL","2026-04-07",109,29,""
"atlas-works.com","Atlas Works","Marketing and Advertising","Medium-Large ($50MM-$100MM)","Medium (200-499)","MQL","2026-04-02",126,21,""
"rapid-data.com","Rapid Data","Software / Information Technology","Micro ($0-$1MM)","Small (10-49)","Unaware","2026-06-12",2,1,"0812f4942494d2d196a66dceb36606938df6bae2f138612dcd87ea60e7d5f3a6"
"nexus-systems.com","Nexus Systems","Marketing and Advertising","Small ($1MM-$10MM)","Small (10-49)","Aware","2026-05-06",19,4,"630148424093b603a4a1d1bbe9049caff6eba9dd2e728a46cce2958180ec29b3"
"vertex-inc.com","Vertex Inc","Logistics and Supply Chain","Micro ($0-$1MM)","Micro (1-9)","Aware","2026-09-11",21,4,""
"acme-cloud.com","Acme Cloud","Insurance","Micro ($0-$1MM)","Micro (1-9)","Aware","2026-05-09",8,1,"21ef39b6286e981e0f4b1575d2bc13eb6304e207b3dda5105ffbb5f8ceb14bdc"
"apex-labs.com","Apex Labs","Health, Wellness and Fitness","Medium-Small ($10MM-$50MM)","Medium (200-499)","Unaware","2026-09-05",1,1,"44b681a72e74ecaa5d3946fb29fd0a57e72c8bd03b68d43ae84e2f50235def94"
"green-systems.com","Green Systems","Retail","Medium-Small ($10MM-$50MM)","Medium (200-499)","Aware","2026-08-15",15,5,""
"rapid-labs.com","Rapid Labs","Consumer Goods","Medium-Small ($10MM-$50MM)","Medium (200-499)","Unaware","2026-09-19",2,1,"5033265a00fb5b9c9775a07efb367d042a0425669004fd3b5740a43c30cde777"
"swift-digital.com","Swift Digital","Entertainment","Large ($100MM-$200MM)","Large (1,000-4,999)","Aware","2026-04-21",3,1,"6c26805e57c8044f6690598c6ed17e4d3ce8b0f73040ae9ce1469cc89e1a0642"
"global-io.com","Global Io","Financial Services","Medium-Large ($50MM-$100MM)","Medium-Large (500-999)","Engaged","2026-07-27",13,15,""
"blue-digital.com","Blue Digital","Telecommunications","Medium-Small ($10MM-$50MM)","Medium-Small (50-199)","Unaware","2026-05-11",3,1,""
"core-systems.com","Core Systems","Management Consulting","Medium-Small ($10MM-$50MM)","Medium (200-499)","Aware","2026-08-17",8,4,"2e1ef2d86979f03457002be8aa9e2a5ba82e1e1edc5081a45ff8703e96984075"
"stellar-io.com","Stellar Io","Financial Services","Medium-Small ($10MM-$50MM)","Medium-Small (50-199)","Engaged","2026-05-02",16,6,"56eea42c73905dbd1862fc86bf84f440630e6949da136268d408d1a5c4dcd54f"
"stellar-tech.com","Stellar Tech","Retail","Micro ($0-$1MM)","Micro (1-9)","Engaged","2026-09-16",90,14,""
"rapid-works.com","Rapid Works","Software / Information Technology","Small ($1MM-$10MM)","Small (10-49)","Engaged","2026-08-28",83,6,"c1771e10a70eaeb65579288b9d9731595fb55b5926b5e77bb4a81d9e69089429"
"rapid-data.com","Rapid Data","Telecommunications","Medium-Small ($10MM-$50MM)","Medium (200-499)","Unaware","2026-04-25",4,1,"4cfd01395bbf65200d5684f358b8ef72a1e3c97572d45602cceea7d367c93ba1"
"apex-data.com","Apex Data","Software / Information Technology","Large ($100MM-$200MM)","Large (1,000-4,999)","Unaware","2026-06-05",2,1,""
"smart-systems.com","Smart Systems","Food & Beverages","Medium-Small ($10MM-$50MM)","Medium-Small (50-199)","MQL","2026-04-20",47,7,"f3753b3aa9553751c2b38207498e1cfab60c189efb21e2f69360dee5cd5a2fe6"
"blue-tech.com","Blue Tech","Telecommunications","XLarge ($200MM-$1B)","Large (1,000-4,999)","Unaware","2026-08-11",4,1,"809be2d0d866ed29c9cdad07709e8742bac377b5a8ce64623a430eaabf80220b"
"nova-group.com","Nova Group","Entertainment","Medium-Small ($10MM-$50MM)","Medium (200-499)","MQL","2026-09-01",83,22,""
"nexus-data.com","Nexus Data","Retail","Small ($1MM-$10MM)","Small (10-49)","Engaged","2026-06-17",109,10,"72cf423c3b481e684ae22ea837bf9af80c04b336f35d51a148495792ab7202a3"
"peak-media.com","Peak Media","Marketing and Advertising","Large ($100MM-$200MM)","Large (1,000-4,999)","MQL","2026-04-10",75,13,"680553beb91bd49c3c97f670a60ede01c37dbbadaf550ea529f1df3b6faa4571"
"atlas-works.com","Atlas Works","Entertainment","Micro ($0-$1MM)","Micro (1-9)","Aware","2026-08-16",14,5,""
"global-labs.com","Global Labs","Software / Information Technology","Micro ($0-$1MM)","Small (10-49)","Aware","2026-08-04",20,2,"1b232534f73d02bc40e2abab9c0b3331f4ab9a1521a601721659e1368b6f982e"
"blue-cloud.com","Blue Cloud","Retail","Micro ($0-$1MM)","Micro (1-9)","Engaged","2026-09-12",106,6,"1077f05e1cdd5a510298891e58aa2021f277e087bc97043f3e4b85871aa996a0"
"apex-digital.com","Apex Digital","Entertainment","XLarge ($200MM-$1B)","XLarge (5,000-10,000)","Engaged","2026-08-19",105,15,""
"rapid-systems.com","Rapid Systems","Software / Information Technology","Large ($100MM-$200MM)","Large (1,000-4,999)","Unaware","2026-08-14",5,1,"b6174f4f665941948b0825986876f742c707725caa58e2548bc8ad75b816f433"
"swift-io.com","Swift Io","Consumer Goods","Small ($1MM-$10MM)","Medium-Small (50-199)","MQL","2026-07-10",59,25,""
"clear-works.com","Clear Works","Manufacturing","Small ($1MM-$10MM)","Medium-Small (50-199)","Aware","2026-04-07",14,4,""
"rapid-cloud.com","Rapid Cloud","Food & Beverages","Medium-Large ($50MM-$100MM)","Medium (200-499)","Aware","2026-08-03",14,5,""
"smart-inc.com","Smart Inc","Financial Services","Micro ($0-$1MM)","Micro (1-9)","Aware","2026-08-31",19,4,"bb4862a920f9430fc2a9950481ecdb9f484b705afee64418dcabdc5fad6da765"
"iron-hub.com","Iron Hub","Hospital & Health Care","Medium-Small ($10MM-$50MM)","Medium (200-499)","Aware","2026-09-06",17,5,""
"core-labs.com","Core Labs","Manufacturing","Micro ($0-$1MM)","Small (10-49)","Engaged","2026-06-20",65,4,"7c399678b6dacf0053c85f5c0326d5a066c9d5e977ba25a81767162aeab23e7c"
"prime-group.com","Prime Group","Retail","Small ($1MM-$10MM)","Medium-Small (50-199)","Unaware","2026-08-21",4,1,""
"peak-media.com","Peak Media","Health, Wellness and Fitness","Medium-Large ($50MM-$100MM)","Medium-Large (500-999)","Unaware","2026-05-03",2,1,"39b061752050e950fcb71e6c0e45fe98d5d7b817c9675b863bda7801778c6778"
"clear-group.com","Clear Group","Marketing and Advertising","Micro ($0-$1MM)","Micro (1-9)","Engaged","2026-07-26",76,18,""
"rapid-io.com","Rapid Io","Entertainment","Medium-Large ($50MM-$100MM)","Medium-Large (500-999)","Unaware","2026-07-06",2,1,"bc65f169e32de7a862af4e5c40d289de75d92d2751956c496b50ad0db57ac339"
"cyber-inc.com","Cyber Inc","Software / Information Technology","Micro ($0-$1MM)","Small (10-49)","Unaware","2026-08-29",4,1,""
"green-data.com","Green Data","Insurance","Medium-Large ($50MM-$100MM)","Medium (200-499)","Aware","2026-08-12",7,4,""
"blue-corp.com","Blue Corp","Financial Services","Medium-Small ($10MM-$50MM)","Medium-Small (50-199)","Unaware","2026-08-03",1,1,"cc252adb38edec07b2bbe385a8da6a80b75c9cf47046aa5cf368dfc21051287d"
"rapid-corp.com","Rapid Corp","Marketing and Advertising","Small ($1MM-$10MM)","Medium-Small (50-199)","Aware","2026-07-31",11,2,"b028d0b04bc5255677330ce7abbe477d1dbeebefbc173bdfea9fbf9f1b394192"
"nexus-cloud.com","Nexus Cloud","Software / Information Technology","Small ($1MM-$10MM)","Medium-Small (50-199)","Unaware","2026-08-17",2,1,"774948f5481074b018b1393c5df50888fa003d77da76826ac6287374a184a088"
"core-io.com","Core Io","Real Estate","Micro ($0-$1MM)","Small (10-49)","Engaged","2026-09-03",14,14,""
"cyber-net.com","Cyber Net","Software / Information Technology","Medium-Large ($50MM-$100MM)","Medium (200-499)","MQL","2026-07-15",172,17,"26122e84c1f66abcd356289df959b93144958a00062658d58c1df4bd7db8d3ec"
"nexus-group.com","Nexus Group","Retail","Small ($1MM-$10MM)","Small (10-49)","Unaware","2026-08-30",1,1,"a003ff98714d01ab54bfad5b2ea88774ca8506969a5eefc40fc63e4873e84062"
"atlas-systems.com","Atlas Systems","E-Learning","Medium-Small ($10MM-$50MM)","Medium (200-499)","MQL","2026-07-11",187,12,"03a4f2ee2630b00a054089f515e6d1032b68782b2cecda22db63b95296af9ab9"
"vertex-digital.com","Vertex Digital","Food & Beverages","Medium-Small ($10MM-$50MM)","Medium-Small (50-199)","Unaware","2026-03-29",1,1,"f9f4829f8ab968e01b9464f5420a96abd2d90d2d28532a46654cecf9c88b8879"
"stellar-digital.com","Stellar Digital","Food & Beverages","Micro ($0-$1MM)","Micro (1-9)","Unaware","2026-04-09",3,1,"ec02e9cd87ca8685600d7aa622b5b8ed951b8f5bee39024a5731ea6659daaf40"
"global-io.com","Global Io","Software / Information Technology","Medium-Small ($10MM-$50MM)","Medium-Small (50-199)","Engaged","2026-08-13",44,6,"ddcc48c3ae1c29fc42781e60f523b120c98003bcd65cf74faea8da1158c2b160"
"stellar-tech.com","Stellar Tech","Logistics and Supply Chain","Small ($1MM-$10MM)","Small (10-49)","Unaware","2026-06-12",1,1,""
"bright-hub.com","Bright Hub","Marketing and Advertising","Medium-Small ($10MM-$50MM)","Medium-Small (50-199)","Engaged","2026-07-20",50,7,"d407727a9ffaec818adb40fd395f15481c3ae0867c82a56cbf4bf49feabe4cf0"
"vertex-tech.com","Vertex Tech","Food & Beverages","Small ($1MM-$10MM)","Small (10-49)","Unaware","2026-06-29",3,1,"0dd6561ac0b4555d21bf05e81fe6fb6e862b13decc3b9cbe242b5ebe0c070516"
"stellar-digital.com","Stellar Digital","Automotive","Medium-Small ($10MM-$50MM)","Medium (200-499)","Unaware","2026-04-26",4,1,""
"nexus-inc.com","Nexus Inc","Food & Beverages","Small ($1MM-$10MM)","Medium-Small (50-199)","Engaged","2026-07-06",29,17,""
"blue-media.com","Blue Media","Construction","Medium-Large ($50MM-$100MM)","Medium (200-499)","Aware","2026-09-05",10,6,""
"bright-labs.com","Bright Labs","Management Consulting","Small ($1MM-$10MM)","Medium-Small (50-199)","Unaware","2026-07-27",1,1,"cb913d2b6eba8c09666eea5b011d65f73b98a42e83b50245bccfc96334f0f242"
"stellar-cloud.com","Stellar Cloud","Insurance","Medium-Small ($10MM-$50MM)","Medium (200-499)","Unaware","2026-09-21",3,1,""
"stellar-net.com","Stellar Net","Software / Information Technology","Micro ($0-$1MM)","Small (10-49)","Engaged","2026-06-26",25,8,"962370b6a3602933c8c9bee4e7afe0030ae2cd20836d667a7ad6b4b9e31b10d3"
"core-corp.com","Core Corp","Management Consulting","Large ($100MM-$200MM)","Medium-Large (500-999)","Unaware","2026-09-08",1,1,"13d8cbcd701f249f4d598f151ccfa7f22a42d91af1a581f92161dd112334075f"
"global-hub.com","Global Hub","Automotive","Medium-Large ($50MM-$100MM)","Medium-Large (500-999)","Unaware","2026-04-27",2,1,"1cef8cdbc35d4dc20bffed4fdf655c9309c5308b978be1293b46f97b3e2d7cb2"
"acme-corp.com","Acme Corp","Logistics and Supply Chain","Small ($1MM-$10MM)","Medium-Small (50-199)","Engaged","2026-08-30",40,8,"c442267933af6e47f01f0e4bfb01471fa3f2fa90fda53b7b002b54babbe7b3c3"
"global-media.com","Global Media","Software / Information Technology","Small ($1MM-$10MM)","Small (10-49)","Unaware","2026-08-26",1,1,"551b92bb49512a649b36662712d70dbc5becf66d9a804afd0a861528a1480124"
"core-systems.com","Core Systems","Consumer Goods","XXLarge ($1B+)","XXLarge (10,000+)","Unaware","2026-06-13",1,1,"25efed3b19ba1baaf0ed48352e6c9cda7fdee849e48e6767a8751c6941f34854"
"nexus-cloud.com","Nexus Cloud","Financial Services","Medium-Large ($50MM-$100MM)","Medium (200-499)","Aware","2026-04-23",15,6,""
"nova-labs.com","Nova Labs","Software / Information Technology","Micro ($0-$1MM)","Small (10-49)","Opportunity","2026-04-13",115,10,"04edc4f4b815807a77ad5ab60b742fdb0b468cf24f46bbce40bf28936d483cf3"
"prime-cloud.com","Prime Cloud","Food & Beverages","Medium-Small ($10MM-$50MM)","Medium (200-499)","Unaware","2026-06-02",4,1,"a1f1bed545fc3dbac37b58d5f62755e146e06439fbd34a94bdaf297353f634a8"
"green-systems.com","Green Systems","E-Learning","Medium-Large ($50MM-$100MM)","Medium-Large (500-999)","Engaged","2026-08-22",46,5,"547673d2b115f2ebaa7b0c33feb709bcb2f175d3baf6b6f0e9c20364987a3e73"
"apex-hub.com","Apex Hub","Management Consulting","Small ($1MM-$10MM)","Medium-Small (50-199)","Aware","2026-07-17",11,2,"14e15105e68e0fe43f05482362c778b1b82bef67b3d497301e81a2a68c51dd0a"
"smart-systems.com","Smart Systems","Real Estate","Small ($1MM-$10MM)","Medium-Small (50-199)","MQL","2026-06-23",173,7,"8eb0ff27c3c839118de83935b1de43ed3fe358c667c1b7dd04d9013ed13a3208"
"nova-io.com","Nova Io","Legal Services","Micro ($0-$1MM)","Micro (1-9)","Aware","2026-04-11",10,2,"d38b204d246c349ec36b2854fa41dba1e6652da36082ab41da597fefc0ffc149"
"nova-systems.com","Nova Systems","Education Management","Small ($1MM-$10MM)","Medium-Small (50-199)","Engaged","2026-07-20",59,12,""
"stellar-digital.com","Stellar Digital","Legal Services","Large ($100MM-$200MM)","Large (1,000-4,999)","MQL","2026-05-14",106,7,"83c04a591f7243a8b7690336a058b987aab52d2851867360c54bdae5a36a08e4"
"prime-systems.com","Prime Systems","Construction","Medium-Small ($10MM-$50MM)","Medium (200-499)","Unaware","2026-09-20",1,1,""
"atlas-solutions.com","Atlas Solutions","Consumer Goods","Medium-Large ($50MM-$100MM)","Medium-Large (500-999)","Unaware","2026-07-24",3,1,""
"clear-works.com","Clear Works","Education Management","Large ($100MM-$200MM)","Large (1,000-4,999)","Engaged","2026-04-28",23,14,""
"blue-systems.com","Blue Systems","Legal Services","Small ($1MM-$10MM)","Small (10-49)","Engaged","2026-06-10",79,10,"0d689f2f3899d523762b4f48a2eb993f2674b439a1df364bf1eb461d1cb33fc6"
"apex-solutions.com","Apex Solutions","Marketing and Advertising","Medium-Large ($50MM-$100MM)","Medium-Large (500-999)","Unaware","2026-08-21",5,1,""
"rapid-data.com","Rapid Data","Telecommunications","Micro ($0-$1MM)","Micro (1-9)","MQL","2026-06-23",209,30,""
"prime-io.com","Prime Io","Hospital & Health Care","Small ($1MM-$10MM)","Medium-Small (50-199)","Engaged","2026-06-13",65,13,""
"stellar-tech.com","Stellar Tech","Software / Information Technology","Micro ($0-$1MM)","Micro (1-9)","Aware","2026-08-27",19,3,"ffab05151c42e5d7ad7c34f631b79a73f94567cb8d70a7dfc8d6e8e3a0742fc5"
"clear-group.com","Clear Group","Software / Information Technology","Large ($100MM-$200MM)","Large (1,000-4,999)","Unaware","2026-04-22",1,1,""
"cyber-cloud.com","Cyber Cloud","Software / Information Technology","Medium-Small ($10MM-$50MM)","Medium-Small (50-199)","MQL","2026-06-06",163,17,"77f5de972c314e394d42574152ccf929ba314184047c51a850089c99dba258fb"
"prime-corp.com","Prime Corp","Software / Information Technology","Medium-Small ($10MM-$50MM)","Medium (200-499)","Unaware","2026-05-28",2,1,""
"acme-cloud.com","Acme Cloud","Marketing and Advertising","Large ($100MM-$200MM)","Large (1,000-4,999)","MQL","2026-04-23",129,15,"bb36ed58d485b56f0dc10859af2521450215c8af0e5866863281c2ebcf593dea"
"global-digital.com","Global Digital","Insurance","Medium-Small ($10MM-$50MM)","Medium (200-499)","Aware","2026-09-12",10,2,"8eed2330ccc349b19a05bb42e7fc749e2e3080d424e6441b47d6798b183ffaa7"
"cyber-data.com","Cyber Data","Education Management","Medium-Small ($10MM-$50MM)","Medium-Small (50-199)","Aware","2026-04-12",20,2,"675b9aa791203e9293a07e41484a751fc0be841f29d71d1cae9841dd7ece4a3d"
"nova-media.com","Nova Media","Logistics and Supply Chain","Small ($1MM-$10MM)","Small (10-49)","MQL","2026-08-02",213,8,"6155de4d3c9779222b08105d6e8d1a558ed7d6edda092b86be143262eb9cbe39"
"stellar-corp.com","Stellar Corp","Health, Wellness and Fitness","Micro ($0-$1MM)","Micro (1-9)","Engaged","2026-08-11",40,13,""
"prime-inc.com","Prime Inc","Marketing and Advertising","Medium-Large ($50MM-$100MM)","Medium-Large (500-999)","Unaware","2026-09-02",5,1,""
"swift-corp.com","Swift Corp","Financial Services","Micro ($0-$1MM)","Micro (1-9)","Unaware","2026-05-10",3,1,""
"swift-cloud.com","Swift Cloud","Automotive","Small ($1MM-$10MM)","Medium-Small (50-199)","Unaware","2026-08-17",2,1,"842e79c81a6b1ed4c27157c595fab7abe3b2e2a98a55563b326f3d6e6ec8bd73"
"swift-media.com","Swift Media","Financial Services","Large ($100MM-$200MM)","Medium-Large (500-999)","Unaware","2026-08-17",2,1,""
"global-media.com","Global Media","Manufacturing","Micro ($0-$1MM)","Micro (1-9)","Aware","2026-06-14",3,3,"0fc8b92b24424ed6bdc1055ce6531e294c1a2d95f95c13907106065f40b96389"
"clear-inc.com","Clear Inc","Entertainment","Small ($1MM-$10MM)","Medium-Small (50-199)","Engaged","2026-07-15",89,9,"9d9cc6a8db8f91c1217b7af496fa2ca88c7f2ce47550bc026e9b59b19f170d42"
"bright-digital.com","Bright Digital","Retail","Large ($100MM-$200MM)","Medium-Large (500-999)","MQL","2026-09-08",224,20,"e747ec7fa1126136e540a6ee6fd339ab47184162aaf5d02f78848d537ab3b21a"
"bright-corp.com","Bright Corp","Education Management","Small ($1MM-$10MM)","Small (10-49)","Unaware","2026-06-16",1,1,""
"nexus-digital.com","Nexus Digital","E-Learning","Medium-Large ($50MM-$100MM)","Medium (200-499)","Unaware","2026-08-31",4,1,""
"atlas-labs.com","Atlas Labs","Health, Wellness and Fitness","Micro ($0-$1MM)","Micro (1-9)","Engaged","2026-07-24",94,3,"e7985c2cd546c534614b9f26b620e9d416f8182f6c5e698dbb5f3da601b18efc"
"blue-media.com","Blue Media","Logistics and Supply Chain","XLarge ($200MM-$1B)","Large (1,000-4,999)","MQL","2026-04-02",146,15,"ca206b6eb50c3c82de17785346f998defe77ccd65c9236b15dff8f7b828c940c"
"nova-net.com","Nova Net","Construction","Medium-Small ($10MM-$50MM)","Medium-Small (50-199)","Unaware","2026-08-14",1,1,""
"global-corp.com","Global Corp","Hospital & Health Care","Medium-Large ($50MM-$100MM)","Medium-Large (500-999)","Engaged","2026-06-05",25,10,"d09444d7a3004af97ffd063d1187759dcf188b1814dfe14f8667a573a6bdedfb"
"apex-tech.com","Apex Tech","Consumer Goods","Medium-Small ($10MM-$50MM)","Medium (200-499)","Unaware","2026-04-11",3,1,"45ae0ba2deb48d2f5c194ed713cd57983094e2a52f7a8ccb8fbee75b6b36b2e8"
"rapid-corp.com","Rapid Corp","Entertainment","Small ($1MM-$10MM)","Small (10-49)","Unaware","2026-04-09",3,1,""
"vertex-works.com","Vertex Works","Telecommunications","Small ($1MM-$10MM)","Small (10-49)","Opportunity","2026-04-15",80,47,""
"iron-solutions.com","Iron Solutions","Automotive","Medium-Small ($10MM-$50MM)","Medium-Small (50-199)","Engaged","2026-05-28",20,8,"b2ee209cd61627cf448fa2da623fccf9aa5e483345a0d98298000a09bb1370f9"
"nova-solutions.com","Nova Solutions","Software / Information Technology","Medium-Small ($10MM-$50MM)","Medium-Small (50-199)","Unaware","2026-09-13",4,1,"d15f328c87c0bc91fe05698b572faa10dbf4d7072a6844b5fb01383b5624fc47"
"atlas-net.com","Atlas Net","Financial Services","Micro ($0-$1MM)","Micro (1-9)","Engaged","2026-08-17",43,18,""
"green-systems.com","Green Systems","Education Management","Medium-Large ($50MM-$100MM)","Medium (200-499)","Aware","2026-05-01",21,4,""
"atlas-tech.com","Atlas Tech","Entertainment","Medium-Large ($50MM-$100MM)","Medium (200-499)","Unaware","2026-08-02",5,1,"843d68bfbecac5a431616c27bc57b677f49831b0fd475cb86523ad0cf1a70cc3"
"prime-corp.com","Prime Corp","Legal Services","XLarge ($200MM-$1B)","Large (1,000-4,999)","Aware","2026-08-23",9,4,"0ae6a32350346766738a9b2fdc16e89232b00d0b942f26f00c82199b3478685f"
"stellar-inc.com","Stellar Inc","Manufacturing","Micro ($0-$1MM)","Micro (1-9)","Unaware","2026-09-12",1,1,""
"prime-cloud.com","Prime Cloud","Marketing and Advertising","Small ($1MM-$10MM)","Small (10-49)","Aware","2026-08-07",18,3,"0d35275e0db3bf384a4e73ef05292a7ce3ac9f83e0720f841310dbbc0b9e9d99"
"global-systems.com","Global Systems","Logistics and Supply Chain","Medium-Small ($10MM-$50MM)","Medium (200-499)","Engaged","2026-05-07",15,11,"fbca9e3a7d66421d1767e8e930381533bde1dc516bd918a6ed08aff38b625582"
"vertex-group.com","Vertex Group","Food & Beverages","Micro ($0-$1MM)","Micro (1-9)","Opportunity","2026-04-11",279,36,""
"rapid-cloud.com","Rapid Cloud","Manufacturing","Medium-Small ($10MM-$50MM)","Medium (200-499)","Engaged","2026-07-27",18,18,""
"apex-data.com","Apex Data","Food & Beverages","Large ($100MM-$200MM)","Medium-Large (500-999)","Engaged","2026-07-26",71,12,"d1648f9fca69b00f21ac080a92cae83133bf9dc294fea4e66818fa1baefc7d16"
"peak-labs.com","Peak Labs","Telecommunications","XLarge ($200MM-$1B)","XLarge (5,000-10,000)","Opportunity","2026-05-22",291,22,"60b71b002e71559a88c9b6b8cf46e51067936b08e386a123d8f63ccc7b906778"
"vertex-works.com","Vertex Works","Software / Information Technology","Micro ($0-$1MM)","Small (10-49)","Unaware","2026-06-23",1,1,""
"green-data.com","Green Data","Software / Information Technology","Small ($1MM-$10MM)","Medium-Small (50-199)","Unaware","2026-06-11",1,1,"9976093ffbc76cfd4db8c57b361cbf698f05f5f3fc75363c0f34410049bd3152"
"swift-cloud.com","Swift Cloud","Marketing and Advertising","Large ($100MM-$200MM)","Large (1,000-4,999)","Engaged","2026-07-23",17,6,"7741fe961f18202bcb4cf997b6fca8777c1c6128029c7733c20d18b7443405c1"
"swift-solutions.com","Swift Solutions","Software / Information Technology","Large ($100MM-$200MM)","Large (1,000-4,999)","Unaware","2026-09-13",2,1,""
"atlas-digital.com","Atlas Digital","Retail","Medium-Small ($10MM-$50MM)","Medium (200-499)","MQL","2026-05-19",107,25,""
"bright-group.com","Bright Group","Automotive","XLarge ($200MM-$1B)","XLarge (5,000-10,000)","Unaware","2026-04-12",5,1,"2ccd1fbe86658f9787d93ba6d1cbceadc5f41ebef1f20e56012e84c98fd4189e"
"nexus-corp.com","Nexus Corp","Food & Beverages","Medium-Large ($50MM-$100MM)","Medium-Large (500-999)","MQL","2026-05-09",193,13,"776f014e62fdf8c265628c91f307c09b84304277ed18fb08b5979a4b2464b50a"
"clear-net.com","Clear Net","Education Management","Large ($100MM-$200MM)","Large (1,000-4,999)","Unaware","2026-06-17",1,1,""
"acme-net.com","Acme Net","Management Consulting","Small ($1MM-$10MM)","Small (10-49)","MQL","2026-04-16",226,5,"3d99179d6e6ffe29fac424954b026917e770d91d0d0707f2fe3ae51bf2a47e3b"
"global-systems.com","Global Systems","Health, Wellness and Fitness","XLarge ($200MM-$1B)","XLarge (5,000-10,000)","Aware","2026-07-31",20,5,""
"green-corp.com","Green Corp","Software / Information Technology","Medium-Small ($10MM-$50MM)","Medium-Small (50-199)","Aware","2026-09-18",14,1,"a43c26b2d2d90229c56b1a53668de5f2be76929e174d24ba089e04d4042f4c95"
"acme-inc.com","Acme Inc","Marketing and Advertising","Medium-Large ($50MM-$100MM)","Medium-Large (500-999)","Aware","2026-07-01",15,3,"cfddb0ad32dfc46ebc0d1d8cb4f4a635297b471495451e39580cce13e66734dc"
"blue-media.com","Blue Media","Manufacturing","Medium-Large ($50MM-$100MM)","Medium-Large (500-999)","MQL","2026-06-14",64,12,"d5da268ca290c5540350b6ff3a457ef17b123021d7c004ea48db82114a568c42"
"bright-media.com","Bright Media","Software / Information Technology","Large ($100MM-$200MM)","Medium-Large (500-999)","Engaged","2026-09-15",98,13,""
"bright-io.com","Bright Io","Software / Information Technology","Micro ($0-$1MM)","Micro (1-9)","Aware","2026-03-29",20,1,"f27fc779c5256538f30909b403d566a054ade7c3e3bd3c8831a6190de8ed8f80"
"nexus-tech.com","Nexus Tech","Hospital & Health Care","Medium-Large ($50MM-$100MM)","Medium-Large (500-999)","Unaware","2026-07-12",2,1,""
"bright-labs.com","Bright Labs","Entertainment","XLarge ($200MM-$1B)","Large (1,000-4,999)","MQL","2026-05-04",88,9,"fcdafab46700198291f4d13714ec957e9b541b0d433e546a8ce5407cb9b3e6c1"
"vertex-inc.com","Vertex Inc","Insurance","Micro ($0-$1MM)","Small (10-49)","Aware","2026-07-24",9,4,""
"cyber-group.com","Cyber Group","Legal Services","Micro ($0-$1MM)","Micro (1-9)","Aware","2026-08-25",13,2,"a0d90773f78d451183ebe2c48052c46dd4bc454ee1450b17bcfdb868b1081922"
"atlas-tech.com","Atlas Tech","Retail","Medium-Small ($10MM-$50MM)","Medium (200-499)","Unaware","2026-08-02",1,1,"62c2dbe6ff2e926c145917dfb75b723c9a1b2532fdbd43279f4ab7bb8e4714c7"
"peak-systems.com","Peak Systems","Financial Services","XLarge ($200MM-$1B)","Large (1,000-4,999)","Aware","2026-06-29",14,2,"d68ff4e11f439d86f75e80de474b0f740ad7f2c85af69267d07ff6985181cde3"
"acme-solutions.com","Acme Solutions","Marketing and Advertising","Medium-Small ($10MM-$50MM)","Medium (200-499)","Unaware","2026-04-28",5,1,""
"blue-media.com","Blue Media","Health, Wellness and Fitness","Micro ($0-$1MM)","Micro (1-9)","Unaware","2026-05-06",3,1,""
"iron-solutions.com","Iron Solutions","Software / Information Technology","Small ($1MM-$10MM)","Medium-Small (50-199)","Unaware","2026-07-07",2,1,"63d2ceefc9af530f594171e5b7d72267ab5076d4cf9a306e81bd71849a95ca60"
"peak-tech.com","Peak Tech","Hospital & Health Care","XXLarge ($1B+)","XXLarge (10,000+)","Engaged","2026-05-27",62,7,"cda7ee061aecce839e5de4152a59051150bbe1ed806a76aeed737e1c46c407f7"
"bright-io.com","Bright Io","Food & Beverages","Small ($1MM-$10MM)","Small (10-49)","Aware","2026-07-07",14,2,"40a384c8272dd668045ed6d546eac36c47a8ff992eab03f0f4d07ea04653d3dd"
"prime-digital.com","Prime Digital","Entertainment","Micro ($0-$1MM)","Micro (1-9)","Engaged","2026-07-11",18,6,"6319c8d658f29257a52bdb24beefc311c0c71f3158be8818fe59dd70cd48c0de"
"cyber-works.com","Cyber Works","E-Learning","Medium-Small ($10MM-$50MM)","Medium (200-499)","Aware","2026-08-10",19,3,"c6e41f28c1d275d49d9506b4e6e49dca05f77b3389cd542a3a96b08c74527ca6"
"acme-inc.com","Acme Inc","Software / Information Technology","Large ($100MM-$200MM)","Large (1,000-4,999)","Unaware","2026-06-16",4,1,"9514cf3e4ba80a3b63f197b494560221f98e4ba66074740c19b0732270a9e429"
"acme-tech.com","Acme Tech","Financial Services","Medium-Large ($50MM-$100MM)","Medium-Large (500-999)","Unaware","2026-07-18",3,1,"dca27906be0490d56949723768e8943256546b36097ca938652016035e1bbd82"
"green-digital.com","Green Digital","Legal Services","Micro ($0-$1MM)","Small (10-49)","MQL","2026-04-06",178,21,""
"nexus-tech.com","Nexus Tech","Retail","XLarge ($200MM-$1B)","XLarge (5,000-10,000)","Unaware","2026-05-03",4,1,""
"prime-io.com","Prime Io","Manufacturing","Small ($1MM-$10MM)","Medium-Small (50-199)","Engaged","2026-07-29",107,8,"a52a576b5efc9231fe7345a5bee9ffa6094e8b610f3e3f34704bf962b1b57e15"
"swift-hub.com","Swift Hub","Retail","Medium-Large ($50MM-$100MM)","Medium (200-499)","MQL","2026-07-25",180,29,""
"stellar-digital.com","Stellar Digital","Software / Information Technology","XXLarge ($1B+)","XXLarge (10,000+)","Unaware","2026-09-11",3,1,"b755a90b9575ce4d4a60398a33616f097d15fcef63562442d3c6f9db9c3406f2"
"stellar-systems.com","Stellar Systems","E-Learning","Medium-Small ($10MM-$50MM)","Medium-Small (50-199)","Aware","2026-04-14",10,4,"6f4990236b01851207fdc6cf802dd1e9e210bf0baa3356bf391f8e30377b34db"
"peak-io.com","Peak Io","Retail","Large ($100MM-$200MM)","Large (1,000-4,999)","MQL","2026-04-17",201,10,"f2e08ce4505509144671c21504756bd967d220f387c70688e7231741a2ce9601"
"peak-hub.com","Peak Hub","Software / Information Technology","Micro ($0-$1MM)","Micro (1-9)","Unaware","2026-06-03",2,1,""
"bright-cloud.com","Bright Cloud","Management Consulting","Micro ($0-$1MM)","Micro (1-9)","Unaware","2026-08-24",5,1,"0806636a7c1b13b7062874df5c169bb9c15cccf91530e5bd3f4189f8bba6e82b"
"stellar-digital.com","Stellar Digital","Legal Services","Small ($1MM-$10MM)","Small (10-49)","Engaged","2026-09-12",89,14,""
"prime-group.com","Prime Group","Software / Information Technology","XXLarge ($1B+)","XXLarge (10,000+)","Engaged","2026-06-18",10,16,""
"core-solutions.com","Core Solutions","Marketing and Advertising","Large ($100MM-$200MM)","Medium-Large (500-999)","Aware","2026-08-27",19,4,"be16532a15ac5f4073ca821649a683a1a682a69af02868a490ac5fdb90b37116"
"cyber-systems.com","Cyber Systems","Automotive","Large ($100MM-$200MM)","Medium-Large (500-999)","Aware","2026-08-19",12,3,"de8d68f1626e82dd921ea9d2443a19a99f3483bd7ce17721e0e9c6dc4dbc36da"
"acme-net.com","Acme Net","Software / Information Technology","Micro ($0-$1MM)","Micro (1-9)","Unaware","2026-08-08",4,1,""
"green-labs.com","Green Labs","Automotive","Medium-Small ($10MM-$50MM)","Medium (200-499)","Engaged","2026-06-08",84,11,"bfcfb465927837bec2123a150f177684ab09c4065acd1bd0aadda80d0d860ec9"
"clear-labs.com","Clear Labs","E-Learning","XLarge ($200MM-$1B)","Large (1,000-4,999)","Engaged","2026-06-10",90,8,"eba24cc964318259c1bb96112911bab6960a9d58d711422d95d95ac127fc554d"
"atlas-solutions.com","Atlas Solutions","Real Estate","Large ($100MM-$200MM)","Medium-Large (500-999)","Aware","2026-04-13",19,5,""
"iron-solutions.com","Iron Solutions","Construction","Medium-Large ($50MM-$100MM)","Medium-Large (500-999)","Unaware","2026-06-23",2,1,"5c660bc9a22f80310033c6abc2bbff4debd8989ff961c2f232c088bcf3fb6eeb"
"atlas-cloud.com","Atlas Cloud","Software / Information Technology","XXLarge ($1B+)","XXLarge (10,000+)","MQL","2026-06-29",137,20,"535ba94fe5734f771885e9be2226765ff5b71b2979a816f438c485fba7dbf8f9"
"peak-solutions.com","Peak Solutions","Management Consulting","Micro ($0-$1MM)","Micro (1-9)","MQL","2026-07-26",104,14,"50a74be7484a5d6960e2d5db54076a6344bb11866b72e7d7dc389cd93cd88182"
"rapid-net.com","Rapid Net","Software / Information Technology","Medium-Large ($50MM-$100MM)","Medium (200-499)","Aware","2026-04-04",19,3,"eec185497ed06cff25efb6be302e677611ffd0696730c2d45a046b83ccd13417"
"atlas-cloud.com","Atlas Cloud","Management Consulting","Micro ($0-$1MM)","Micro (1-9)","Aware","2026-04-04",14,5,""
"cyber-cloud.com","Cyber Cloud","Food & Beverages","Small ($1MM-$10MM)","Small (10-49)","Engaged","2026-06-19",100,14,""
"prime-digital.com","Prime Digital","Retail","Small ($1MM-$10MM)","Small (10-49)","Aware","2026-04-07",9,5,""
"iron-media.com","Iron Media","Management Consulting","Micro ($0-$1MM)","Micro (1-9)","Unaware","2026-09-06",2,1,""
"nexus-works.com","Nexus Works","Retail","Medium-Large ($50MM-$100MM)","Medium (200-499)","MQL","2026-08-08",119,18,"c9370130a0a054b983443cdc510274c5916f4b2837193e43cc362cb269ae5828"
"bright-digital.com","Bright Digital","Legal Services","Micro ($0-$1MM)","Small (10-49)","Unaware","2026-04-05",3,1,""
"core-corp.com","Core Corp","Legal Services","Medium-Small ($10MM-$50MM)","Medium (200-499)","Unaware","2026-08-31",5,1,"60d70fd4efc451ab968e5c259f7aa666fd130ed88b456ca5fa9db0f4ef991365"
"rapid-net.com","Rapid Net","Financial Services","Small ($1MM-$10MM)","Small (10-49)","Engaged","2026-05-22",23,13,""
"blue-digital.com","Blue Digital","Financial Services","Large ($100MM-$200MM)","Large (1,000-4,999)","Aware","2026-03-31",18,4,"776e723ae7457121c1f586986c96a055e8cebfc37579c540e6b9f3ca484fe663"
"bright-media.com","Bright Media","Retail","Small ($1MM-$10MM)","Medium-Small (50-199)","Aware","2026-07-15",22,5,""
"apex-systems.com","Apex Systems","Marketing and Advertising","Medium-Small ($10MM-$50MM)","Medium-Small (50-199)","MQL","2026-07-06",72,11,"546d3567d770d78f97f039f1472ea75e9f0b153f69342ae001511b6f4b904a5a"
"nova-inc.com","Nova Inc","Marketing and Advertising","Medium-Small ($10MM-$50MM)","Medium (200-499)","Engaged","2026-08-24",46,6,"503972bfe6af80c8741f3c99efedb72d056240b51b5d2e5d4868306c508d62b2"
"vertex-works.com","Vertex Works","Consumer Goods","Large ($100MM-$200MM)","Large (1,000-4,999)","Unaware","2026-09-11",4,1,""
"swift-solutions.com","Swift Solutions","Software / Information Technology","Micro ($0-$1MM)","Micro (1-9)","Aware","2026-04-17",22,5,""
"acme-net.com","Acme Net","Health, Wellness and Fitness","Medium-Small ($10MM-$50MM)","Medium (200-499)","Unaware","2026-09-16",2,1,""
"peak-digital.com","Peak Digital","Marketing and Advertising","Medium-Small ($10MM-$50MM)","Medium (200-499)","Aware","2026-05-31",10,6,""
"iron-labs.com","Iron Labs","Health, Wellness and Fitness","Small ($1MM-$10MM)","Medium-Small (50-199)","MQL","2026-07-23",109,8,"4303797f2bc9ed38af328b786a75a7c02a4a0a73952cdc6c075ae404cb7272ed"
"atlas-corp.com","Atlas Corp","Marketing and Advertising","Micro ($0-$1MM)","Micro (1-9)","Unaware","2026-05-26",3,1,""
"cyber-labs.com","Cyber Labs","Software / Information Technology","XLarge ($200MM-$1B)","XLarge (5,000-10,000)","Unaware","2026-05-31",2,1,"74a6737b85d53bf8664b6015b29a39fb953e1f0a7f9862b22aaa03f85e3faba5"
"bright-inc.com","Bright Inc","Insurance","Small ($1MM-$10MM)","Small (10-49)","Engaged","2026-05-18",109,14,""
"green-hub.com","Green Hub","Hospital & Health Care","Micro ($0-$1MM)","Micro (1-9)","Unaware","2026-08-19",3,1,""
"smart-data.com","Smart Data","Telecommunications","Medium-Large ($50MM-$100MM)","Medium-Large (500-999)","MQL","2026-06-04",93,11,"413a208ad684177d36fe7cfd08b885f54b5ee7cd2bc60febd31cb9b034c736b5"
"apex-corp.com","Apex Corp","Health, Wellness and Fitness","Small ($1MM-$10MM)","Small (10-49)","Opportunity","2026-05-24",363,40,""
"green-group.com","Green Group","Logistics and Supply Chain","Medium-Small ($10MM-$50MM)","Medium (200-499)","Unaware","2026-04-13",5,1,""
"atlas-media.com","Atlas Media","Marketing and Advertising","Small ($1MM-$10MM)","Small (10-49)","Aware","2026-05-25",17,3,"97e78b888ec69005f4845afdba6dc788ef642a64f5495ee811a61563f4356613"
"vertex-io.com","Vertex Io","Consumer Goods","Micro ($0-$1MM)","Micro (1-9)","Unaware","2026-09-12",4,1,""
"nova-labs.com","Nova Labs","Marketing and Advertising","Micro ($0-$1MM)","Small (10-49)","Aware","2026-07-18",18,4,""
"iron-labs.com","Iron Labs","Telecommunications","Medium-Large ($50MM-$100MM)","Medium (200-499)","Engaged","2026-08-31",83,5,"4da4cf7e0591d6dfe9f4a23109dd0ab659f02fca7945a930576f14f4cba0c865"
"rapid-works.com","Rapid Works","Marketing and Advertising","Micro ($0-$1MM)","Small (10-49)","Engaged","2026-06-03",31,13,""
"vertex-media.com","Vertex Media","Marketing and Advertising","Large ($100MM-$200MM)","Large (1,000-4,999)","Unaware","2026-05-27",2,1,"7be9cdf3e26499614545c2550b32acdf75114be889714a1003687426ee1b25b2"
"apex-io.com","Apex Io","Construction","Medium-Small ($10MM-$50MM)","Medium (200-499)","Unaware","2026-04-23",2,1,"6462ced1d24ea74e6b733f82f2b0355b8ed5e5127ed6dec76dae1ec2bcbe3a79"
"cyber-corp.com","Cyber Corp","Retail","Medium-Small ($10MM-$50MM)","Medium (200-499)","Engaged","2026-06-26",37,5,"b2e39d8e3d053f508a09dcddcd396a3f81e8f895bc9612af737f530af0635c6f"
"peak-data.com","Peak Data","Software / Information Technology","Large ($100MM-$200MM)","Medium-Large (500-999)","Engaged","2026-09-11",13,5,"8ebff9106f3eccf2479806c2d6499d01d625e2fc0d4003f770d931779e70b257"
"clear-inc.com","Clear Inc","Food & Beverages","Large ($100MM-$200MM)","Large (1,000-4,999)","MQL","2026-06-19",212,22,""
"cyber-solutions.com","Cyber Solutions","Consumer Goods","Micro ($0-$1MM)","Micro (1-9)","Opportunity","2026-09-13",400,22,"4819010400110eb6100e7cb1a4dea25148d0e5cf0845c577e4250692304cd64a"
"swift-cloud.com","Swift Cloud","Logistics and Supply Chain","Small ($1MM-$10MM)","Small (10-49)","Unaware","2026-08-23",4,1,"747be31ab2403f44a1a0b3daea7c78e253af3533bf9eb7002a9567853a686c7f"
"iron-solutions.com","Iron Solutions","Software / Information Technology","Micro ($0-$1MM)","Micro (1-9)","Aware","2026-06-06",21,6,""
"smart-cloud.com","Smart Cloud","Real Estate","Micro ($0-$1MM)","Small (10-49)","Unaware","2026-08-04",1,1,"df999f1abdeb08950a0ecdaa17b47246bc99989ff9e5444f2c32ae445183e316"
"green-solutions.com","Green Solutions","Telecommunications","Micro ($0-$1MM)","Micro (1-9)","Unaware","2026-06-22",3,1,"da1d615a5b48e522f4209fb051bef7aba8deb6f4fdeab7d85bef63245acda247"
"cyber-media.com","Cyber Media","Manufacturing","Medium-Large ($50MM-$100MM)","Medium-Large (500-999)","Unaware","2026-08-13",2,1,"eaf567ef975a79fb696cc70f9662e3575a6ba9a6d5fbed8dc9051bd7b7d6cd41"
"atlas-media.com","Atlas Media","Marketing and Advertising","Small ($1MM-$10MM)","Medium-Small (50-199)","Unaware","2026-05-25",2,1,""
"bright-media.com","Bright Media","Legal Services","Medium-Large ($50MM-$100MM)","Medium (200-499)","Engaged","2026-04-22",69,16,""
"bright-group.com","Bright Group","Legal Services","Medium-Small ($10MM-$50MM)","Medium-Small (50-199)","Aware","2026-05-26",6,4,"6a7288a067b456db7c686738e04a1b750ccb95dd30c02e4bdf6efc4b33b91f28"
"nexus-group.com","Nexus Group","Retail","Micro ($0-$1MM)","Small (10-49)","Engaged","2026-08-11",47,12,""
"iron-cloud.com","Iron Cloud","Real Estate","Micro ($0-$1MM)","Micro (1-9)","Aware","2026-07-16",13,3,"104ac821696532c97c79268150b5c481f5faa5806d522357ef08d9d52dac1c9b"
"atlas-net.com","Atlas Net","Financial Services","Small ($1MM-$10MM)","Medium-Small (50-199)","Engaged","2026-04-09",70,6,"c2d9a0a4f7e587a681ea6917b27a3267a8691c41346ab941cbb34c1a80dba673"
"apex-net.com","Apex Net","Retail","Small ($1MM-$10MM)","Medium-Small (50-199)","Unaware","2026-09-18",1,1,""
"clear-media.com","Clear Media","Entertainment","Medium-Small ($10MM-$50MM)","Medium-Small (50-199)","Engaged","2026-05-06",38,7,"7404cfc1607e8154335b6fd60af2be8b4b04538458a3edc75ab8a6dbbe30348f"
"vertex-works.com","Vertex Works","Manufacturing","Small ($1MM-$10MM)","Small (10-49)","Opportunity","2026-06-14",361,37,""
"atlas-data.com","Atlas Data","Retail","Medium-Large ($50MM-$100MM)","Medium (200-499)","Engaged","2026-09-13",107,4,"310f4e5d9a2823a075f70a062eea375383885f09f3972b5804b67743321f4257"
"stellar-inc.com","Stellar Inc","Telecommunications","Small ($1MM-$10MM)","Medium-Small (50-199)","Aware","2026-04-13",18,2,"ffea1481671f1112fa644a46fa6fe85978e0d5fa0852fd3b5db4495a886e0bfb"
"stellar-io.com","Stellar Io","Software / Information Technology","Medium-Small ($10MM-$50MM)","Medium (200-499)","Unaware","2026-07-23",3,1,""
"acme-group.com","Acme Group","Health, Wellness and Fitness","Medium-Small ($10MM-$50MM)","Medium-Small (50-199)","Engaged","2026-09-04",81,4,"eec12c1fb405c278e15dfb849bcf20d0d44162ab0a24e26f98ef2704b3b9a2cb"
"acme-hub.com","Acme Hub","Marketing and Advertising","Medium-Small ($10MM-$50MM)","Medium (200-499)","Aware","2026-04-24",12,5,""
"blue-io.com","Blue Io","Health, Wellness and Fitness","Medium-Large ($50MM-$100MM)","Medium (200-499)","Unaware","2026-07-16",5,1,"e936268e6da73cb6a00103038641b7a402302b1b6c17168925b47b6c7bbd3aa5"
"green-cloud.com","Green Cloud","Food & Beverages","Medium-Small ($10MM-$50MM)","Medium-Small (50-199)","Unaware","2026-09-21",1,1,"3947da6de54c85b45d426de2ab02bec4a18971110825574d56e9eb9d6bb4bff4"
"smart-hub.com","Smart Hub","Insurance","Small ($1MM-$10MM)","Small (10-49)","Unaware","2026-08-13",4,1,""
"smart-works.com","Smart Works","Construction","Micro ($0-$1MM)","Small (10-49)","MQL","2026-09-17",76,24,""
"apex-media.com","Apex Media","Construction","Large ($100MM-$200MM)","Medium-Large (500-999)","Unaware","2026-04-08",2,1,"d355158307118ae23b096a98a276194f6aaf6cdc1218428cf4fda51a3d8bf6bd"
"smart-data.com","Smart Data","Software / Information Technology","Medium-Large ($50MM-$100MM)","Medium-Large (500-999)","Unaware","2026-08-07",3,1,"eadf01d8b765cdc705d6a0f637cc55f0ad8c1f3b583ba6878a85f65cb98b85f5"
"acme-hub.com","Acme Hub","Logistics and Supply Chain","Micro ($0-$1MM)","Small (10-49)","Aware","2026-09-18",3,5,""
"nova-systems.com","Nova Systems","Retail","Medium-Small ($10MM-$50MM)","Medium (200-499)","Opportunity","2026-08-26",430,46,""
"swift-works.com","Swift Works","Marketing and Advertising","Small ($1MM-$10MM)","Medium-Small (50-199)","Engaged","2026-09-06",46,14,""
"iron-solutions.com","Iron Solutions","Marketing and Advertising","Small ($1MM-$10MM)","Small (10-49)","Engaged","2026-09-06",71,11,"e0a5e9036822c6be5d2c70d990abbf12f75b2792a3b42e77723a574b8ec29f3f"
"bright-works.com","Bright Works","Retail","Medium-Small ($10MM-$50MM)","Medium-Small (50-199)","Aware","2026-03-31",17,4,""
"iron-tech.com","Iron Tech","Software / Information Technology","Small ($1MM-$10MM)","Medium-Small (50-199)","Unaware","2026-07-31",4,1,""
"iron-solutions.com","Iron Solutions","Consumer Goods","Micro ($0-$1MM)","Micro (1-9)","Unaware","2026-04-29",3,1,"7fe944878154884176b11917a553d07acf28e48120b62e28e3136cb066434545"
"rapid-corp.com","Rapid Corp","Education Management","Medium-Small ($10MM-$50MM)","Medium (200-499)","Aware","2026-03-30",11,4,""
"rapid-labs.com","Rapid Labs","Marketing and Advertising","Medium-Small ($10MM-$50MM)","Medium (200-499)","Unaware","2026-05-11",4,1,"d9dea20d0deea7d0ec9db1edf75ed6850d349da4a74e88150c04e178ac334c81"
"iron-digital.com","Iron Digital","Management Consulting","Small ($1MM-$10MM)","Medium-Small (50-199)","Engaged","2026-09-07",89,9,"9d65ac090bd57f5a91f78c8e1e5974ea04023fce57133f4b5698ed9ed8220924"
"smart-cloud.com","Smart Cloud","Marketing and Advertising","XLarge ($200MM-$1B)","Large (1,000-4,999)","Unaware","2026-07-26",4,1,"ab082a1e15a783298af5ad98928ce1b52385be6085bf9a194b3edb0897b3b632"
"iron-media.com","Iron Media","Legal Services","Small ($1MM-$10MM)","Small (10-49)","Engaged","2026-04-05",51,16,""
"cyber-solutions.com","Cyber Solutions","Health, Wellness and Fitness","Medium-Large ($50MM-$100MM)","Medium-Large (500-999)","Unaware","2026-08-10",4,1,""
"vertex-systems.com","Vertex Systems","Automotive","Medium-Large ($50MM-$100MM)","Medium (200-499)","Aware","2026-05-31",4,1,"681a0ab82d5f5d11a40f4823ab1d104f2667eeb703e4dafaba4d00a3de3b4f3c"
"core-tech.com","Core Tech","Automotive","Medium-Small ($10MM-$50MM)","Medium (200-499)","Aware","2026-09-19",17,4,""
"rapid-media.com","Rapid Media","Legal Services","Small ($1MM-$10MM)","Medium-Small (50-199)","Unaware","2026-08-17",1,1,"8130c03fbb7ac37b09a198429a1f187b2fb32c43e195ef5082279a663d3f88f2"
"apex-solutions.com","Apex Solutions","Marketing and Advertising","Small ($1MM-$10MM)","Medium-Small (50-199)","Opportunity","2026-05-26",271,47,""
"smart-hub.com","Smart Hub","Education Management","XLarge ($200MM-$1B)","XLarge (5,000-10,000)","Unaware","2026-03-28",1,1,""
"green-solutions.com","Green Solutions","Financial Services","Small ($1MM-$10MM)","Medium-Small (50-199)","Engaged","2026-04-10",45,5,"1ebf9048589d31ddcd40625239dca274c18c1d3df4ab079aa5a0e78c5c4df9d1"
"clear-io.com","Clear Io","Hospital & Health Care","Micro ($0-$1MM)","Micro (1-9)","Aware","2026-05-21",16,4,"7c2c550ae27230e47966563a8a71c9bb1783d26b3e37606fd1a0d8867f90c213"
"stellar-tech.com","Stellar Tech","Manufacturing","Small ($1MM-$10MM)","Small (10-49)","Aware","2026-05-20",19,6,""
"peak-labs.com","Peak Labs","Education Management","Medium-Large ($50MM-$100MM)","Medium (200-499)","Unaware","2026-04-23",5,1,"26ca0dddd0355293c77bfa90755321908c95eecd2cbf3cad6e68cbc54ae0c978"
"smart-cloud.com","Smart Cloud","Health, Wellness and Fitness","Medium-Large ($50MM-$100MM)","Medium-Large (500-999)","Engaged","2026-05-28",49,15,""
"nova-group.com","Nova Group","Health, Wellness and Fitness","Medium-Small ($10MM-$50MM)","Medium (200-499)","Unaware","2026-06-21",4,1,"973c26fef6e0bbc45553cbcb1bd6c055674af4ac0393503921ee49cda824de94"
"green-group.com","Green Group","Health, Wellness and Fitness","Medium-Small ($10MM-$50MM)","Medium (200-499)","Unaware","2026-05-23",1,1,"9ad62fe78dc20648b1b8ac8b0cee4f5b804134d329d15a36d182811b1263079f"
"rapid-solutions.com","Rapid Solutions","Logistics and Supply Chain","XLarge ($200MM-$1B)","XLarge (5,000-10,000)","Unaware","2026-08-18",3,1,""
"atlas-io.com","Atlas Io","Software / Information Technology","Medium-Large ($50MM-$100MM)","Medium (200-499)","Aware","2026-04-15",12,5,""
"prime-corp.com","Prime Corp","Manufacturing","Medium-Large ($50MM-$100MM)","Medium (200-499)","Aware","2026-06-23",7,5,""
"green-net.com","Green Net","Hospital & Health Care","Medium-Small ($10MM-$50MM)","Medium-Small (50-199)","Aware","2026-06-06",14,5,""
"nexus-systems.com","Nexus Systems","Management Consulting","Medium-Large ($50MM-$100MM)","Medium (200-499)","Opportunity","2026-06-13",150,15,"29547faa1e942c7a836855b6a7ee4a18e6f1bd82e2b5acb5be56d088a7106f05"
"acme-digital.com","Acme Digital","Retail","XLarge ($200MM-$1B)","XLarge (5,000-10,000)","Unaware","2026-04-25",5,1,""
"clear-tech.com","Clear Tech","Manufacturing","Large ($100MM-$200MM)","Large (1,000-4,999)","Unaware","2026-06-07",5,1,""
"green-labs.com","Green Labs","Legal Services","Micro ($0-$1MM)","Small (10-49)","Unaware","2026-04-15",2,1,"e7e082adc7cf3d26b74fbae46878c60c197460e7c8efe67f513b2dd00442021e"
"smart-hub.com","Smart Hub","Telecommunications","Large ($100MM-$200MM)","Large (1,000-4,999)","Engaged","2026-05-14",87,9,"90d0546b785d8c5a2fcc20e453ad799e744c23681b9079a96533c16434fa324f"
"swift-labs.com","Swift Labs","Health, Wellness and Fitness","Micro ($0-$1MM)","Small (10-49)","Unaware","2026-05-11",5,1,""
"acme-digital.com","Acme Digital","Software / Information Technology","Micro ($0-$1MM)","Micro (1-9)","Engaged","2026-07-12",24,3,"faed3963cd10b6b1b3843492ad4173d7ad4a45f5a15cb36b0e57d49f66bd3db3"
"blue-tech.com","Blue Tech","Software / Information Technology","Medium-Small ($10MM-$50MM)","Medium-Small (50-199)","MQL","2026-04-27",221,14,"2894504fb41d0bc3f3c47341b0d0b5d9342bfeb0cf5bf1ccf84092cc118246ce"
"blue-tech.com","Blue Tech","Consumer Goods","Medium-Large ($50MM-$100MM)","Medium (200-499)","Unaware","2026-06-06",3,1,"f7ac722e01a1ccdf42c43689479201075ae014b23615a8ac166dab15764a8562"
"stellar-net.com","Stellar Net","Consumer Goods","Micro ($0-$1MM)","Micro (1-9)","Unaware","2026-04-06",2,1,"6661489d6a951abb8a73e515304c1b7b7a11554ef3bbb5e1bc34f76c06d70965"
"bright-inc.com","Bright Inc","Financial Services","Medium-Small ($10MM-$50MM)","Medium-Small (50-199)","Engaged","2026-06-21",45,7,"fd32ec0c01459af89939ee580a1c2fd6e9f90f9a9a23e60bb6da85e445835cd6"
"nexus-labs.com","Nexus Labs","Entertainment","Micro ($0-$1MM)","Micro (1-9)","Engaged","2026-08-01",94,5,"8dbf6d0c621eeb23a619bd281aa59c10415e070d5c8eb35dd8b75870cebead42"
"nexus-inc.com","Nexus Inc","Entertainment","Large ($100MM-$200MM)","Medium-Large (500-999)","Unaware","2026-05-08",3,1,"280524f28d8e83b9d503b565ca383e7b94bf93264141f0c5f3685727725507dd"
"apex-labs.com","Apex Labs","Marketing and Advertising","Medium-Large ($50MM-$100MM)","Medium-Large (500-999)","Engaged","2026-06-15",46,16,""
"cyber-media.com","Cyber Media","Management Consulting","Micro ($0-$1MM)","Small (10-49)","Engaged","2026-07-02",29,16,""
"peak-inc.com","Peak Inc","Consumer Goods","Micro ($0-$1MM)","Micro (1-9)","Aware","2026-04-15",4,6,""
"atlas-labs.com","Atlas Labs","Software / Information Technology","Medium-Small ($10MM-$50MM)","Medium-Small (50-199)","Engaged","2026-08-21",40,12,"cd18a1b493faa6f12baf33a419bd5bbeeffb493cd8781373eeabe478e6684b21"
"rapid-inc.com","Rapid Inc","Software / Information Technology","Micro ($0-$1MM)","Micro (1-9)","Engaged","2026-05-07",55,9,"5343eac8b671d5187dcc503fcecd894782f02a05ad793bfa49a2634eba4a6432"
"swift-systems.com","Swift Systems","Insurance","Small ($1MM-$10MM)","Medium-Small (50-199)","Aware","2026-07-27",20,2,"096a662cf7ad7082b96ca13aa7a82ad21884cd08f92a6dd8131f7c73d89000fd"
"prime-cloud.com","Prime Cloud","Food & Beverages","Medium-Large ($50MM-$100MM)","Medium (200-499)","Aware","2026-04-05",20,4,"d7a46308176a6c529ba061ced1d0819631fd147ce8132f17e501014d02db130b"
"prime-inc.com","Prime Inc","Entertainment","Medium-Small ($10MM-$50MM)","Medium-Small (50-199)","Engaged","2026-07-25",33,15,""
"stellar-media.com","Stellar Media","Retail","Medium-Large ($50MM-$100MM)","Medium-Large (500-999)","Unaware","2026-05-02",2,1,"af616c011eadb3ac90999c5b2fe80d79064fc8a55b2dc7764287e3fdee0e73bf"
"stellar-net.com","Stellar Net","Education Management","XLarge ($200MM-$1B)","Large (1,000-4,999)","Aware","2026-04-13",10,2,"d4ba39ab17eb91a359d1040417855b62fb51cd3bd064c21e9d17ee1ef56d61a0"
"rapid-data.com","Rapid Data","Food & Beverages","Small ($1MM-$10MM)","Medium-Small (50-199)","MQL","2026-08-13",197,22,""
"apex-io.com","Apex Io","E-Learning","Medium-Large ($50MM-$100MM)","Medium (200-499)","Engaged","2026-09-05",16,6,"3edf2151744e896b3c10d478bcaa65b0178fb77a4feaed3dc048531f7eca04c4"
"swift-corp.com","Swift Corp","Software / Information Technology","Micro ($0-$1MM)","Micro (1-9)","Unaware","2026-06-03",1,1,"415cc5971197791e1c1c6473b6da9241c56b4703966104df21d4dbcbae2ae633"
"nova-group.com","Nova Group","Software / Information Technology","Medium-Small ($10MM-$50MM)","Medium-Small (50-199)","Aware","2026-06-26",22,5,""
"nexus-data.com","Nexus Data","Telecommunications","Medium-Large ($50MM-$100MM)","Medium-Large (500-999)","Unaware","2026-04-07",5,1,"91dbf8e7aaaa7e63e6aba1d09571c37f6181356a056282110a342a113cc79f4f"
"cyber-data.com","Cyber Data","Health, Wellness and Fitness","Large ($100MM-$200MM)","Medium-Large (500-999)","Unaware","2026-09-15",1,1,""
"green-net.com","Green Net","Software / Information Technology","Micro ($0-$1MM)","Micro (1-9)","Unaware","2026-07-09",2,1,"590194f4fe405bbae6a2440b82347b6e36cdbbe81ebf91fa3a231edd19c3609c"
"iron-works.com","Iron Works","Real Estate","Small ($1MM-$10MM)","Medium-Small (50-199)","Aware","2026-06-20",7,6,""
"swift-tech.com","Swift Tech","Construction","Small ($1MM-$10MM)","Medium-Small (50-199)","Aware","2026-07-01",21,3,"a3bd06238c26e974b3457d094c2036b784854975b80554d872b93dd83e4e0ffe"
"cyber-data.com","Cyber Data","Manufacturing","Small ($1MM-$10MM)","Small (10-49)","MQL","2026-06-20",40,25,""
"blue-digital.com","Blue Digital","Retail","Medium-Small ($10MM-$50MM)","Medium (200-499)","Unaware","2026-09-17",5,1,"be9be38f42b089f342fe6593203a820e6e1efd55bac9a17af7e958cc8a372e24"
"acme-works.com","Acme Works","Retail","Micro ($0-$1MM)","Micro (1-9)","MQL","2026-08-25",117,8,"4702ccff8b21abfae260794cc13caeae3bda3c650eb84923f071824aa65f2f89"
"smart-digital.com","Smart Digital","Marketing and Advertising","Medium-Large ($50MM-$100MM)","Medium-Large (500-999)","MQL","2026-06-02",41,28,""
"core-digital.com","Core Digital","Legal Services","Large ($100MM-$200MM)","Large (1,000-4,999)","Unaware","2026-07-25",1,1,"e2d9225171823d7678af75048e388852fdeea18faf067c31e207a2e4cb65e843"
"bright-net.com","Bright Net","Software / Information Technology","Small ($1MM-$10MM)","Medium-Small (50-199)","Aware","2026-04-04",16,2,"b134799b77f03f662bef0f781e8bcfe304ed8fa025ac9a4b533f31dad8656122"
"core-works.com","Core Works","Health, Wellness and Fitness","Micro ($0-$1MM)","Micro (1-9)","Unaware","2026-06-23",5,1,""
"core-inc.com","Core Inc","Retail","Micro ($0-$1MM)","Micro (1-9)","Aware","2026-08-07",21,2,"cdf5384da6becf4f55b91882bf2a98429c32f885031282ebeca413825fae7929"
"rapid-digital.com","Rapid Digital","Marketing and Advertising","Small ($1MM-$10MM)","Medium-Small (50-199)","Unaware","2026-09-03",1,1,""
"peak-solutions.com","Peak Solutions","Manufacturing","Large ($100MM-$200MM)","Medium-Large (500-999)","Unaware","2026-07-12",1,1,"dcdd5cfa8a432dc5cf2889cbaab72fb72b306e5bcd8e4f469a935c6d26b6f4da"
"prime-group.com","Prime Group","Automotive","XLarge ($200MM-$1B)","Large (1,000-4,999)","Unaware","2026-05-21",1,1,"da46f59a74c81c6c5e49041425a21ae7e65c805bf580449e65dcfef21bd853d2"
"core-digital.com","Core Digital","Food & Beverages","XLarge ($200MM-$1B)","XLarge (5,000-10,000)","Unaware","2026-04-27",4,1,"894bec2ccfff192ab3d366a6af267a104c93ab47582b811946a82ca84f9e09bd"
"green-corp.com","Green Corp","Insurance","Medium-Large ($50MM-$100MM)","Medium-Large (500-999)","Unaware","2026-05-26",3,1,"522725ad8398d5616203ac4a73a37d1a1d6312cbe3b7b9829a0c438f75f75080"
"blue-inc.com","Blue Inc","Automotive","Small ($1MM-$10MM)","Medium-Small (50-199)","Unaware","2026-05-10",3,1,"b1dbd441a237ac9d6cb5b0fa72c6a22b42a1e286dd7dea2d5f952bf65e035ef1"
"nexus-digital.com","Nexus Digital","Logistics and Supply Chain","Small ($1MM-$10MM)","Small (10-49)","Unaware","2026-06-02",1,1,""
"rapid-inc.com","Rapid Inc","Logistics and Supply Chain","Small ($1MM-$10MM)","Medium-Small (50-199)","Aware","2026-04-29",12,3,"a358d03bd6aaedc6e1cd80b5d4768d6ff1af337ef134e37509786ba9f2ce4972"
"rapid-cloud.com","Rapid Cloud","Logistics and Supply Chain","Medium-Small ($10MM-$50MM)","Medium (200-499)","Unaware","2026-06-16",4,1,"bc845961d4adfde1df24e3dfda1267ee8b71033f96deb0abdfb579d633173475"
"blue-labs.com","Blue Labs","Retail","XXLarge ($1B+)","XXLarge (10,000+)","Aware","2026-05-04",12,4,""
"blue-cloud.com","Blue Cloud","Logistics and Supply Chain","Large ($100MM-$200MM)","Large (1,000-4,999)","MQL","2026-08-19",122,5,"f905cb8080a61059f9a3e7853b9037e3abd00e3267a625d265af479b4d84fe60"
"clear-hub.com","Clear Hub","Telecommunications","Medium-Large ($50MM-$100MM)","Medium (200-499)","MQL","2026-05-03",118,19,"a6216296bab8ded0ec926c376f18e26093bcd833ebc97dcc5d98f0052abdbd83"
"acme-solutions.com","Acme Solutions","Real Estate","Micro ($0-$1MM)","Micro (1-9)","Unaware","2026-05-19",5,1,"ee60fc8df60892b6f34a1a3bbf50c4bc9fb4f8811e2b85d11fe6de9ca8cfeb00"
"smart-labs.com","Smart Labs","Real Estate","Micro ($0-$1MM)","Micro (1-9)","Unaware","2026-04-10",2,1,"191afaf14a2d60168a07f7f56fe281aa46fccf72a0fe2572e956e704667a7ea5"
"bright-hub.com","Bright Hub","Logistics and Supply Chain","Micro ($0-$1MM)","Micro (1-9)","Unaware","2026-09-17",1,1,""
"vertex-inc.com","Vertex Inc","Real Estate","Medium-Small ($10MM-$50MM)","Medium (200-499)","Aware","2026-06-29",15,1,"c7ffde5361685dbf7ed5cdd2e02fa37ee6bc120eb75d3d417188e41d4acdc9ca"
"nova-labs.com","Nova Labs","Logistics and Supply Chain","Large ($100MM-$200MM)","Medium-Large (500-999)","Unaware","2026-03-31",2,1,""
"bright-labs.com","Bright Labs","Insurance","Micro ($0-$1MM)","Small (10-49)","Unaware","2026-04-10",3,1,""
"rapid-works.com","Rapid Works","Construction","Small ($1MM-$10MM)","Small (10-49)","Engaged","2026-09-10",72,10,"2ace0bd44768d0ff6527a89a2e69672fd9b19af40f95389da0574c0a0454426c"
"smart-works.com","Smart Works","Marketing and Advertising","Medium-Small ($10MM-$50MM)","Medium (200-499)","Unaware","2026-03-28",5,1,""
"clear-io.com","Clear Io","Marketing and Advertising","Small ($1MM-$10MM)","Medium-Small (50-199)","Aware","2026-08-18",15,1,"1e5e5708388342380f2fa969296be3052b5af38f701111e0c2efb53fa80c8c9c"
"nova-inc.com","Nova Inc","Hospital & Health Care","XXLarge ($1B+)","XXLarge (10,000+)","Unaware","2026-08-18",4,1,"93175394e05e2b3b23584cdd546571c92aab843054d99866079324196ed0c930"
"core-systems.com","Core Systems","Automotive","Micro ($0-$1MM)","Micro (1-9)","Unaware","2026-05-08",2,1,""
"stellar-labs.com","Stellar Labs","Telecommunications","XLarge ($200MM-$1B)","Large (1,000-4,999)","Engaged","2026-07-25",42,17,""
"global-media.com","Global Media","Retail","Micro ($0-$1MM)","Micro (1-9)","Unaware","2026-07-08",1,1,"0d6ec265fdcafd86519e39cf082ada91fbacbae55cf7adcafae5f1673316e081"
"stellar-media.com","Stellar Media","Education Management","Large ($100MM-$200MM)","Large (1,000-4,999)","MQL","2026-06-06",190,26,""
"prime-hub.com","Prime Hub","Retail","Medium-Small ($10MM-$50MM)","Medium-Small (50-199)","Engaged","2026-04-11",74,14,""
"smart-io.com","Smart Io","Financial Services","Medium-Large ($50MM-$100MM)","Medium-Large (500-999)","Unaware","2026-08-06",5,1,""
"vertex-group.com","Vertex Group","Manufacturing","Micro ($0-$1MM)","Micro (1-9)","Aware","2026-08-07",17,3,"2e16450dc35c005e6b6fa53d5143f17372acc96d084dc0bd41318547bd9b278e"
"smart-corp.com","Smart Corp","Financial Services","Micro ($0-$1MM)","Micro (1-9)","Aware","2026-05-28",10,3,"2b04d3443cae6d0833475b95a7c9c734feef5e97bfd434beccbf7255937a8fab"
"nexus-hub.com","Nexus Hub","Software / Information Technology","Medium-Small ($10MM-$50MM)","Medium (200-499)","Engaged","2026-05-11",89,9,"a3430f93f27b2b3dfd606b74331bb5193a1a01dc4ef5b3d3a795037b9dee53fb"
"atlas-media.com","Atlas Media","E-Learning","Micro ($0-$1MM)","Micro (1-9)","Unaware","2026-06-30",2,1,"abb49d885888e70cd52a24f0b73d759eb8e3441b193d96bea828a99d8c49de4c"
"green-media.com","Green Media","Legal Services","XLarge ($200MM-$1B)","XLarge (5,000-10,000)","Unaware","2026-04-11",2,1,""
"prime-labs.com","Prime Labs","Software / Information Technology","Micro ($0-$1MM)","Small (10-49)","Aware","2026-04-21",6,5,""
"cyber-works.com","Cyber Works","Marketing and Advertising","Medium-Small ($10MM-$50MM)","Medium-Small (50-199)","Unaware","2026-05-11",5,1,""
"nexus-net.com","Nexus Net","Food & Beverages","Small ($1MM-$10MM)","Medium-Small (50-199)","Unaware","2026-03-29",1,1,""
"atlas-digital.com","Atlas Digital","Hospital & Health Care","Small ($1MM-$10MM)","Small (10-49)","Unaware","2026-06-18",1,1,"51cae772f541097c64b5aa554993044539d64aefe76a0c087b03560328e2ebd2"
"stellar-works.com","Stellar Works","Consumer Goods","Small ($1MM-$10MM)","Medium-Small (50-199)","Unaware","2026-07-21",3,1,""
"stellar-labs.com","Stellar Labs","Manufacturing","Micro ($0-$1MM)","Small (10-49)","Unaware","2026-07-19",1,1,"4b18dd1bc3b3f373c8770b0c46cf6aee7c2c22dd1b859c9fdb79517ef453220c"
"acme-works.com","Acme Works","Software / Information Technology","Small ($1MM-$10MM)","Medium-Small (50-199)","Engaged","2026-06-19",29,4,"237cc38ce8e816e7346af46eac3bd431f46d2c6f73e94c57a1967958f6005491"
"smart-media.com","Smart Media","Insurance","Micro ($0-$1MM)","Micro (1-9)","Unaware","2026-08-08",4,1,"17073b947ad88248ed27dc984a70ee0ca061f3885a32bad3db48459caa2439a7"
"core-inc.com","Core Inc","Software / Information Technology","Micro ($0-$1MM)","Micro (1-9)","Engaged","2026-04-09",74,12,""
"apex-media.com","Apex Media","Insurance","Medium-Small ($10MM-$50MM)","Medium (200-499)","Opportunity","2026-08-25",404,34,"4bad4e31d3b42f477b71fe144231a4ce44619b0106a44b698c72d3c10231023b"
"cyber-tech.com","Cyber Tech","E-Learning","XXLarge ($1B+)","XXLarge (10,000+)","MQL","2026-08-21",102,24,""
"green-solutions.com","Green Solutions","E-Learning","Micro ($0-$1MM)","Micro (1-9)","Aware","2026-08-17",13,2,"7ee7553c2c122d44488aaa2f3c6c950bf834dce18c32752fcdc7a67a60adab69"
"rapid-group.com","Rapid Group","Manufacturing","Medium-Small ($10MM-$50MM)","Medium (200-499)","Aware","2026-09-02",3,2,"6817af467ae78b001709b595f1cc5512777f5252b5f16ff9e38e098c46f2da02"
"green-digital.com","Green Digital","Software / Information Technology","Medium-Large ($50MM-$100MM)","Medium-Large (500-999)","Aware","2026-05-30",19,4,""
"clear-media.com","Clear Media","Construction","Medium-Small ($10MM-$50MM)","Medium (200-499)","Aware","2026-04-06",5,5,""
"vertex-digital.com","Vertex Digital","Food & Beverages","Medium-Large ($50MM-$100MM)","Medium (200-499)","Unaware","2026-08-26",4,1,"370732660a04a77e0f5f6cbfc3d3c7608d90e5f5c225cfd377d311086c30b7f9"
"bright-hub.com","Bright Hub","Hospital & Health Care","Medium-Small ($10MM-$50MM)","Medium-Small (50-199)","MQL","2026-06-03",99,11,"3622a851deb8ed15e11eff62ce8a914962175e834ae71ae6a7626123c5b772ff"
"acme-systems.com","Acme Systems","Hospital & Health Care","Medium-Small ($10MM-$50MM)","Medium-Small (50-199)","Unaware","2026-04-15",3,1,"47736d16fba11008413a5286aa203225ada9d76ae46d5a7acd1bdac1321f2033"
"stellar-hub.com","Stellar Hub","Hospital & Health Care","Medium-Small ($10MM-$50MM)","Medium-Small (50-199)","Engaged","2026-08-24",21,11,"30d7c9b6d7f799817f53bf47fb4446642b95ccaadb0d8919258a23cdbbfd3cd9"
"apex-works.com","Apex Works","Manufacturing","Medium-Large ($50MM-$100MM)","Medium-Large (500-999)","Unaware","2026-06-12",4,1,"d3b7195689cf0d224bf578993f919a6384e1618a61240bfc2f19df00a7f4ec40"
"blue-systems.com","Blue Systems","Health, Wellness and Fitness","Micro ($0-$1MM)","Micro (1-9)","Engaged","2026-08-26",38,15,""
"peak-hub.com","Peak Hub","E-Learning","Small ($1MM-$10MM)","Medium-Small (50-199)","Engaged","2026-08-06",26,17,""
"blue-hub.com","Blue Hub","Marketing and Advertising","Small ($1MM-$10MM)","Medium-Small (50-199)","Unaware","2026-04-13",5,1,"a9ffa9017e8c9ee452d1f554d9bf062cdd465dd90af20d5eb5e631fb1876d21d"
"swift-hub.com","Swift Hub","Marketing and Advertising","Micro ($0-$1MM)","Micro (1-9)","Engaged","2026-05-06",33,9,"38a949d36dd5e4eb31073aeeb4c72bcc84a4f6d7324a321b4f861c69a8641a5b"
"nexus-digital.com","Nexus Digital","Insurance","Medium-Small ($10MM-$50MM)","Medium (200-499)","MQL","2026-05-06",84,17,"6a17ca97df78685c57326ee101509ac178917dabbcfda2a8ad06b26456ed853a"
"stellar-solutions.com","Stellar Solutions","Food & Beverages","Micro ($0-$1MM)","Small (10-49)","Unaware","2026-04-06",2,1,"5bb6942e325184bedc460ca5b2942e71542974f46245e19ac876a485a2d47add"
"stellar-digital.com","Stellar Digital","Software / Information Technology","Medium-Small ($10MM-$50MM)","Medium (200-499)","Aware","2026-08-23",7,2,"7abf006eefb724817e51b19f47783493967e1803db2e9b9f66e6fcae00d74c47"
"cyber-media.com","Cyber Media","Consumer Goods","Medium-Small ($10MM-$50MM)","Medium (200-499)","MQL","2026-07-27",46,7,"f34aff072f27b1bfaec9ba42fd627dccde5b30343abd93958cc25f3691b70ad3"
"nexus-inc.com","Nexus Inc","Financial Services","Micro ($0-$1MM)","Micro (1-9)","Aware","2026-08-28",17,4,"a5dfe21d96be5095981e814165e4cb2273787bd493432faaffff10dd894c12b8"
"atlas-data.com","Atlas Data","Financial Services","Micro ($0-$1MM)","Small (10-49)","Aware","2026-05-30",10,3,"2565cfa90f175c3dd23093f01dd20ea846d86f23e8036acd080c4a1db6628dc5"
"nova-systems.com","Nova Systems","Consumer Goods","Micro ($0-$1MM)","Micro (1-9)","Aware","2026-07-22",3,4,""
"core-labs.com","Core Labs","Software / Information Technology","Small ($1MM-$10MM)","Small (10-49)","Unaware","2026-09-10",2,1,"5e32725d99e14f0226d279dfc7de8c8f15a62205526ede8fdef0b73b3623fa73"
"rapid-io.com","Rapid Io","Retail","Micro ($0-$1MM)","Micro (1-9)","MQL","2026-04-25",211,10,"e3716a0ec4dfc0c201ceed30fe1f8fb4ee3d951cb36f5dabac1ed7c4877451f7"
"prime-media.com","Prime Media","Management Consulting","Medium-Small ($10MM-$50MM)","Medium-Small (50-199)","Aware","2026-08-02",12,6,""
"nova-labs.com","Nova Labs","Health, Wellness and Fitness","Large ($100MM-$200MM)","Large (1,000-4,999)","Unaware","2026-06-08",4,1,""
"nova-group.com","Nova Group","Marketing and Advertising","XLarge ($200MM-$1B)","Large (1,000-4,999)","Unaware","2026-08-14",3,1,"7be4f5b1ad372e8259c4fb69e88c86be2f04af37b4a1355ac6ffbee4038c0e73"
"vertex-digital.com","Vertex Digital","Education Management","Medium-Small ($10MM-$50MM)","Medium (200-499)","Aware","2026-06-22",13,3,"16c38d367b6edcbc2872a50e67a278459264da272c53d7e7d5fc5be6e42dce2a"
"vertex-works.com","Vertex Works","Legal Services","Large ($100MM-$200MM)","Large (1,000-4,999)","Unaware","2026-07-13",5,1,"0761a9688ff9c92aead5d6bd831508982daea52368deb3652537908045ec52ff"
"stellar-systems.com","Stellar Systems","Manufacturing","Medium-Small ($10MM-$50MM)","Medium (200-499)","Unaware","2026-04-26",4,1,""
"cyber-media.com","Cyber Media","Manufacturing","Micro ($0-$1MM)","Micro (1-9)","Aware","2026-04-12",20,4,""
"green-io.com","Green Io","Automotive","XXLarge ($1B+)","XXLarge (10,000+)","Engaged","2026-04-23",20,11,"0bf9a36bed61af68075cf17bc7f07d71eb42d492c91abd8b1cdcc31ac106cb89"
"clear-group.com","Clear Group","Financial Services","Micro ($0-$1MM)","Micro (1-9)","Unaware","2026-07-29",5,1,"5fba9883f1e9d789a42d113037d535e48a2fa37f54c71912b4c36fef98e7df60"
"vertex-corp.com","Vertex Corp","Automotive","Large ($100MM-$200MM)","Large (1,000-4,999)","Engaged","2026-08-09",97,6,"2645ad7d772c07be5430317b9e57c526e5c004c3f38d60c07b4dbef04aac0a74"
"smart-group.com","Smart Group","Hospital & Health Care","Micro ($0-$1MM)","Micro (1-9)","Aware","2026-09-03",6,5,""
"acme-labs.com","Acme Labs","Software / Information Technology","Micro ($0-$1MM)","Small (10-49)","Engaged","2026-07-22",40,14,""
"bright-digital.com","Bright Digital","Health, Wellness and Fitness","Micro ($0-$1MM)","Small (10-49)","Unaware","2026-07-09",3,1,""
"atlas-data.com","Atlas Data","Logistics and Supply Chain","Micro ($0-$1MM)","Small (10-49)","Engaged","2026-08-29",68,5,"f8979434b50eaedd7cb27501ec7e4069440a566f630b7519f4fed6f5c0949d8f"
"rapid-tech.com","Rapid Tech","Financial Services","Micro ($0-$1MM)","Micro (1-9)","Unaware","2026-08-07",1,1,"d8a7abfa91d7a864eb16ea994352af02047d882af6d41e92d3204e45fed1a311"
"bright-data.com","Bright Data","Software / Information Technology","Medium-Large ($50MM-$100MM)","Medium (200-499)","Unaware","2026-08-18",5,1,""
"rapid-net.com","Rapid Net","Retail","Small ($1MM-$10MM)","Medium-Small (50-199)","Aware","2026-07-25",15,6,""
"nova-solutions.com","Nova Solutions","Software / Information Technology","Micro ($0-$1MM)","Small (10-49)","Unaware","2026-08-30",2,1,""
"iron-digital.com","Iron Digital","Retail","Small ($1MM-$10MM)","Medium-Small (50-199)","Unaware","2026-09-09",2,1,"d464aba798a54f5152b9f2e763dac4bc1e97ce7b4c0a0cf5d0bd5476f840bb50"
"peak-data.com","Peak Data","Logistics and Supply Chain","Micro ($0-$1MM)","Small (10-49)","Unaware","2026-04-29",1,1,"b119ca1b260251a96e465dacc418553a7e5463d92a6857e0b331781698cbe5b0"
"nexus-solutions.com","Nexus Solutions","Financial Services","Medium-Large ($50MM-$100MM)","Medium (200-499)","Unaware","2026-09-04",4,1,"a55ac287827e1e12933f8aeba7bc9862ae99efa65dd87014324b468bdda3dcf2"
"prime-group.com","Prime Group","Logistics and Supply Chain","Medium-Large ($50MM-$100MM)","Medium (200-499)","Engaged","2026-07-22",24,8,"69beecd7ac4cb256ed1398ca90d7c89b67aa3ecaf36f062f99677f8ebcdb5507"
"blue-inc.com","Blue Inc","Logistics and Supply Chain","Medium-Small ($10MM-$50MM)","Medium (200-499)","Unaware","2026-07-01",5,1,"16731cf398d75219c2d78fe0cbe9b1746b3441326ccef4d5741e929b51b12aa9"
"rapid-data.com","Rapid Data","Legal Services","Medium-Large ($50MM-$100MM)","Medium-Large (500-999)","Unaware","2026-07-31",4,1,"fa31d1fcca90874244a4b69a0af1c04192a2bb70ca885ad97be15640d8ba4b08"
"rapid-solutions.com","Rapid Solutions","Software / Information Technology","Micro ($0-$1MM)","Small (10-49)","Engaged","2026-04-23",82,16,""
"blue-hub.com","Blue Hub","Retail","Micro ($0-$1MM)","Micro (1-9)","Aware","2026-06-17",18,2,"32c869b32a3ca418d916fb1db24315c90abdeb910e046fefa9100eeb25d33e23"
"swift-hub.com","Swift Hub","Software / Information Technology","Medium-Small ($10MM-$50MM)","Medium (200-499)","Unaware","2026-06-09",4,1,"ce16742847fe657d824aae5762f1305e5678c7684cd6fa33db2e52a4c6294b88"
"clear-systems.com","Clear Systems","Food & Beverages","Micro ($0-$1MM)","Micro (1-9)","Unaware","2026-06-09",5,1,"558f28268d5a3ab64e4fc97ab304b8c98c75197b884bcb20fb36e57e7d08a264"
"smart-data.com","Smart Data","E-Learning","Small ($1MM-$10MM)","Medium-Small (50-199)","Unaware","2026-04-19",3,1,""
"atlas-cloud.com","Atlas Cloud","Education Management","Medium-Large ($50MM-$100MM)","Medium-Large (500-999)","Unaware","2026-04-20",2,1,""
"smart-corp.com","Smart Corp","Software / Information Technology","Small ($1MM-$10MM)","Small (10-49)","Aware","2026-05-13",19,3,"fbbe84fc722de998b454fed0ab7119323d895b348482513876214512bc9f711f"
"rapid-tech.com","Rapid Tech","Logistics and Supply Chain","Small ($1MM-$10MM)","Medium-Small (50-199)","Aware","2026-06-26",4,2,"90dc3161d5bd7a1034cc7b69f65a06dc03af717ed4254f3ee20881e015791f30"
"green-labs.com","Green Labs","Insurance","Micro ($0-$1MM)","Micro (1-9)","Unaware","2026-07-15",5,1,""
"green-corp.com","Green Corp","Software / Information Technology","Micro ($0-$1MM)","Micro (1-9)","Engaged","2026-09-23",75,6,"26cc2f46caf8e96ac68cea8edb797c380f75f86b4ca94614ccc81c2ff8cd60a2"
"swift-data.com","Swift Data","E-Learning","Micro ($0-$1MM)","Micro (1-9)","Engaged","2026-06-23",19,6,"eacc6b56ec2af977f624c4fbaf0562bf83e0fd684ce0f267f96dba8148a092d4"
"swift-solutions.com","Swift Solutions","Insurance","Micro ($0-$1MM)","Small (10-49)","Engaged","2026-04-11",52,17,""
"iron-group.com","Iron Group","Food & Beverages","Micro ($0-$1MM)","Micro (1-9)","Aware","2026-08-11",15,2,"646045cc023085d51f94c785385acdf344b90a93d811b581f3afd975e60125c8"
"green-systems.com","Green Systems","Retail","XLarge ($200MM-$1B)","Large (1,000-4,999)","Unaware","2026-09-12",3,1,"bbdda38c97840b8cfc887fec1a171c98cfadd2fdd31880d44ccbbd6c8983f38c"
"apex-works.com","Apex Works","Financial Services","Micro ($0-$1MM)","Micro (1-9)","Unaware","2026-08-19",3,1,"80e0e701b58cf9d438e23b9cf4a5335501ae606170bce4975de77c8602f65c39"
"acme-systems.com","Acme Systems","Software / Information Technology","XLarge ($200MM-$1B)","Large (1,000-4,999)","Unaware","2026-04-28",3,1,""
"stellar-solutions.com","Stellar Solutions","E-Learning","Small ($1MM-$10MM)","Medium-Small (50-199)","Engaged","2026-06-05",90,5,"745c7933cf4bf0de969f3b518175bdf59707df9434d965bf4cfbbf297a61037a"
"vertex-io.com","Vertex Io","Manufacturing","Micro ($0-$1MM)","Small (10-49)","Aware","2026-09-13",5,2,"11683974de67798c0e0c1c128ab0ed5b340bde9b561399250d02111d493a8f8c"
"cyber-labs.com","Cyber Labs","Retail","Small ($1MM-$10MM)","Medium-Small (50-199)","Aware","2026-06-10",16,2,"7ec1934c27b2e54b3dbec0337793bbbb47bb2a45767583995124ab20ccf77cd5"
"core-inc.com","Core Inc","Education Management","Medium-Large ($50MM-$100MM)","Medium-Large (500-999)","Aware","2026-04-22",6,6,""
"bright-hub.com","Bright Hub","Manufacturing","Medium-Small ($10MM-$50MM)","Medium-Small (50-199)","Unaware","2026-04-20",4,1,"9feb468ff5bb0ee5ebc92dd17eb7c4701b0f99606007f4a87753f58acb875093"
"smart-media.com","Smart Media","Marketing and Advertising","Micro ($0-$1MM)","Micro (1-9)","Unaware","2026-04-03",3,1,""
"clear-hub.com","Clear Hub","Food & Beverages","Medium-Small ($10MM-$50MM)","Medium (200-499)","Aware","2026-06-07",14,4,"f940182bf235f20a0de0978825de1387fc09c8261b930d220f2ca41b91a04294"
"blue-data.com","Blue Data","Manufacturing","Large ($100MM-$200MM)","Large (1,000-4,999)","Aware","2026-07-30",8,6,""
"rapid-group.com","Rapid Group","Real Estate","Medium-Small ($10MM-$50MM)","Medium (200-499)","Opportunity","2026-09-21",350,45,""
"global-group.com","Global Group","Retail","Micro ($0-$1MM)","Micro (1-9)","Unaware","2026-06-30",3,1,""
"cyber-io.com","Cyber Io","Retail","Medium-Large ($50MM-$100MM)","Medium (200-499)","MQL","2026-07-24",165,19,"ad5b085b7552b655c45b8937c1d3a82f470d444df0e61ff2f7eafac8aabe6305"
"apex-cloud.com","Apex Cloud","Construction","Small ($1MM-$10MM)","Small (10-49)","Engaged","2026-05-29",41,8,"7a0a9b36cc774a3eb21f836fc0f63dc406a4902313979fd5fdf76072c287af0c"
"prime-cloud.com","Prime Cloud","Real Estate","Micro ($0-$1MM)","Small (10-49)","Opportunity","2026-05-03",204,10,"a3a9ae1f9c88fa2892d6943a1e5f13948f8cdc8bd26510d805e54cee78e35ee8"
"stellar-cloud.com","Stellar Cloud","Logistics and Supply Chain","Medium-Small ($10MM-$50MM)","Medium-Small (50-199)","Aware","2026-06-11",10,2,"507bf52860fa39d42b01991e1c85fb98f1d00cc948b2ae08d9f99bc252d42ab0"
"cyber-cloud.com","Cyber Cloud","Marketing and Advertising","Micro ($0-$1MM)","Micro (1-9)","Engaged","2026-08-21",32,17,""
"vertex-works.com","Vertex Works","Construction","Small ($1MM-$10MM)","Medium-Small (50-199)","Unaware","2026-06-21",5,1,""
"swift-solutions.com","Swift Solutions","Consumer Goods","Medium-Large ($50MM-$100MM)","Medium (200-499)","Unaware","2026-05-09",1,1,"95d5018133f4f70a8c2e2b00a43579e1c19520edb1caa16efcbc7bed9a98a60d"
"peak-io.com","Peak Io","Software / Information Technology","Medium-Small ($10MM-$50MM)","Medium-Small (50-199)","MQL","2026-05-11",55,18,"5b0afbccd4b1b1ae1f638a1dc9f4e302d9a5bb1443d4de0392f24296bc2e981c"
"swift-solutions.com","Swift Solutions","Management Consulting","Small ($1MM-$10MM)","Medium-Small (50-199)","Unaware","2026-08-06",4,1,"67136fce985ff131d8799a1e6437e7b339f4c6a513c6a011a800ea91a6d1b369"
"stellar-hub.com","Stellar Hub","Insurance","Small ($1MM-$10MM)","Medium-Small (50-199)","Aware","2026-07-31",11,3,"51256103834c160486d3875428b5fd16c023c4b2473789a1c0ef0484fcbc381b"
"core-systems.com","Core Systems","Marketing and Advertising","Micro ($0-$1MM)","Micro (1-9)","MQL","2026-06-20",122,7,"d48a0f84b018b81d31fe9360791535225dd3091f4f2b6464f8735d4cae67145c"
"global-systems.com","Global Systems","Consumer Goods","Medium-Large ($50MM-$100MM)","Medium (200-499)","Unaware","2026-04-24",1,1,""
"blue-media.com","Blue Media","Logistics and Supply Chain","Small ($1MM-$10MM)","Small (10-49)","Aware","2026-04-26",18,5,""
"peak-corp.com","Peak Corp","Health, Wellness and Fitness","Small ($1MM-$10MM)","Medium-Small (50-199)","Aware","2026-07-14",17,6,""
"nova-labs.com","Nova Labs","Legal Services","Medium-Large ($50MM-$100MM)","Medium (200-499)","Engaged","2026-09-09",94,11,"41e303987c7b208bcb26c6dcfd4b0171a1a96337b0396fb4d23d38803a77965c"
"clear-data.com","Clear Data","Telecommunications","Micro ($0-$1MM)","Micro (1-9)","Unaware","2026-08-20",1,1,""
"iron-inc.com","Iron Inc","Legal Services","Micro ($0-$1MM)","Micro (1-9)","MQL","2026-05-17",146,18,"293fd597c785bffd064422e681637b211fa621860188a86f6072385df1e64ab3"
"apex-media.com","Apex Media","Construction","Small ($1MM-$10MM)","Medium-Small (50-199)","Engaged","2026-08-23",96,17,""
"iron-inc.com","Iron Inc","Construction","Medium-Large ($50MM-$100MM)","Medium-Large (500-999)","MQL","2026-05-11",57,10,"71d5e700209988e6ca09cf923bae1a269f1c6b6d2669da9e62e93173eec978a6"
"nexus-cloud.com","Nexus Cloud","Insurance","Medium-Large ($50MM-$100MM)","Medium (200-499)","Unaware","2026-06-11",5,1,""
"cyber-media.com","Cyber Media","Financial Services","Medium-Small ($10MM-$50MM)","Medium (200-499)","Unaware","2026-08-06",3,1,"d99b16de0d3e9a4af1b862853fd0fc8a5ad757ef842d319e12a26e43192230ad"
"bright-corp.com","Bright Corp","Financial Services","Large ($100MM-$200MM)","Medium-Large (500-999)","Unaware","2026-07-14",2,1,""
"global-works.com","Global Works","Marketing and Advertising","Micro ($0-$1MM)","Micro (1-9)","MQL","2026-09-01",148,28,""
"global-hub.com","Global Hub","Construction","Micro ($0-$1MM)","Micro (1-9)","Unaware","2026-06-22",3,1,""
"clear-data.com","Clear Data","Marketing and Advertising","Medium-Large ($50MM-$100MM)","Medium (200-499)","MQL","2026-06-04",120,19,"7e19814321da36c7a929d542cd8dce9c15ac2f4337be5568981bfe4be6353dfb"
"nexus-systems.com","Nexus Systems","Logistics and Supply Chain","Small ($1MM-$10MM)","Medium-Small (50-199)","MQL","2026-06-30",60,9,"a91c4929a7583971aaffc412d851655a918a53bdb891a0b3653d5fe119dfd815"
"nexus-net.com","Nexus Net","Marketing and Advertising","Medium-Small ($10MM-$50MM)","Medium (200-499)","Aware","2026-07-31",18,5,""
"blue-solutions.com","Blue Solutions","Retail","Small ($1MM-$10MM)","Small (10-49)","MQL","2026-06-16",55,25,""
"apex-corp.com","Apex Corp","Logistics and Supply Chain","Small ($1MM-$10MM)","Small (10-49)","Opportunity","2026-04-16",121,49,""
"iron-cloud.com","Iron Cloud","Health, Wellness and Fitness","Medium-Large ($50MM-$100MM)","Medium (200-499)","Unaware","2026-08-01",3,1,"1296553eb4cba1212b4f43bff0ad9d4bf7e613c5d8d46b8071450c331e99ce06"
"bright-solutions.com","Bright Solutions","Construction","Large ($100MM-$200MM)","Large (1,000-4,999)","Opportunity","2026-07-01",249,32,"984105c43d630c2512d6863579a05a09baaebd6f74716858e8a1ec068dcf273d"
"peak-digital.com","Peak Digital","Automotive","Medium-Large ($50MM-$100MM)","Medium (200-499)","MQL","2026-05-30",101,22,""
"smart-systems.com","Smart Systems","Software / Information Technology","Medium-Large ($50MM-$100MM)","Medium (200-499)","Engaged","2026-06-29",13,9,"2106adb741857a7f860db2a3d13ec07f5a673c3ac41f1d4ff241c8fc2481324a"
"apex-systems.com","Apex Systems","Insurance","Medium-Small ($10MM-$50MM)","Medium (200-499)","Engaged","2026-04-27",102,16,""
"acme-net.com","Acme Net","E-Learning","Medium-Small ($10MM-$50MM)","Medium (200-499)","Aware","2026-04-30",17,2,"54420591eb75bee9941d05692d5cd9effc605cba48d2f68f6353b5e045224b5b"
"acme-systems.com","Acme Systems","Food & Beverages","XLarge ($200MM-$1B)","XLarge (5,000-10,000)","Aware","2026-07-14",4,6,""
"green-solutions.com","Green Solutions","Marketing and Advertising","Medium-Small ($10MM-$50MM)","Medium (200-499)","Aware","2026-08-08",21,1,"2c5b59abddb6430623675effac74635270fbad2ffa1669ed2ef422a8040fef04"
"green-tech.com","Green Tech","Software / Information Technology","Medium-Small ($10MM-$50MM)","Medium-Small (50-199)","Opportunity","2026-07-10",446,30,"26bb29daeda1c2e6819a46d5e91d691cf3e6aa1568414a232837acde98a094df"
"nexus-inc.com","Nexus Inc","Food & Beverages","Medium-Small ($10MM-$50MM)","Medium (200-499)","Aware","2026-04-13",5,5,""
"core-data.com","Core Data","Software / Information Technology","Medium-Large ($50MM-$100MM)","Medium (200-499)","MQL","2026-07-10",75,13,"829382dc0176d921cf96402f08d7a1494b565e5a1bf058d9660bbc1010b3f243"
"stellar-works.com","Stellar Works","Software / Information Technology","Medium-Small ($10MM-$50MM)","Medium-Small (50-199)","Engaged","2026-07-19",55,8,"7f9311d89ed554d477bec1c6241157fab9a652eca390354c405c5af99bca7349"
"global-systems.com","Global Systems","Insurance","Medium-Small ($10MM-$50MM)","Medium (200-499)","Opportunity","2026-04-09",54,19,"5263359871744dd28524a7c91742d2fd0b1becef18e58a4626485df2499a5b45"
"core-group.com","Core Group","E-Learning","Medium-Large ($50MM-$100MM)","Medium-Large (500-999)","Unaware","2026-05-01",4,1,""
"clear-systems.com","Clear Systems","Logistics and Supply Chain","Small ($1MM-$10MM)","Medium-Small (50-199)","Aware","2026-04-23",12,6,""
"nova-net.com","Nova Net","E-Learning","Medium-Large ($50MM-$100MM)","Medium-Large (500-999)","MQL","2026-08-30",96,29,""
"stellar-cloud.com","Stellar Cloud","Software / Information Technology","Micro ($0-$1MM)","Micro (1-9)","Engaged","2026-04-09",78,8,"2dc12a0d8f39878653b51e925125d3024c0e8484f4a769213ac701a1527634d3"
"bright-corp.com","Bright Corp","Insurance","Small ($1MM-$10MM)","Medium-Small (50-199)","Unaware","2026-05-15",3,1,"1db5f838a9b5a6b547e15f14dd9cdfded4243c60ad7f5b7f591eebcf2f05c36a"
"atlas-data.com","Atlas Data","Entertainment","Small ($1MM-$10MM)","Small (10-49)","Unaware","2026-05-15",1,1,""
"green-tech.com","Green Tech","Health, Wellness and Fitness","Micro ($0-$1MM)","Micro (1-9)","Engaged","2026-05-14",85,12,"715f22f6390e5b91a7be9eb1e2b274525e65509d021bb806e79be2f86287e121"
"bright-corp.com","Bright Corp","Software / Information Technology","Small ($1MM-$10MM)","Small (10-49)","Unaware","2026-08-24",5,1,"da3d99ba3bb3746e3701e76c389b5ae062019fb124b7fde0a3866d6d73baf5d4"
"smart-inc.com","Smart Inc","Software / Information Technology","Large ($100MM-$200MM)","Large (1,000-4,999)","Aware","2026-05-14",12,4,"d3865705ae6fe6b87543573ad7df821a09f797343a931def5dac5df6c9d436ea"
"cyber-data.com","Cyber Data","Financial Services","Large ($100MM-$200MM)","Large (1,000-4,999)","Unaware","2026-09-22",2,1,"7eee6fa87d9e5e72420faf5e640817c79410562404121eed37c7eec370a39c7b"
"peak-data.com","Peak Data","Software / Information Technology","Medium-Large ($50MM-$100MM)","Medium (200-499)","Unaware","2026-07-23",4,1,"a0e47d4c82c82fa08d9c12f823002ae4d7e5533cc541952290d688fd6667738d"
"global-tech.com","Global Tech","Telecommunications","Micro ($0-$1MM)","Small (10-49)","Aware","2026-09-14",17,1,"da07c07f5b717f651ae7284504769eadccca35c474942cb5560fb3aa23a1ed12"
"blue-solutions.com","Blue Solutions","Legal Services","Micro ($0-$1MM)","Micro (1-9)","Aware","2026-05-13",17,3,"5ea39088065651f9844b87d8a1f5cda9138daf6086c824f3ca357d89734f4b2d"
"rapid-works.com","Rapid Works","Logistics and Supply Chain","XLarge ($200MM-$1B)","XLarge (5,000-10,000)","Unaware","2026-05-08",2,1,"c15b3afc9063798124da50d2fac7ec37cb0ae1be2825978bbd269d6ee569f970"
"vertex-hub.com","Vertex Hub","Health, Wellness and Fitness","Medium-Small ($10MM-$50MM)","Medium (200-499)","Engaged","2026-09-18",70,16,""
"rapid-io.com","Rapid Io","E-Learning","Micro ($0-$1MM)","Micro (1-9)","Unaware","2026-05-06",3,1,""
"apex-systems.com","Apex Systems","E-Learning","Small ($1MM-$10MM)","Medium-Small (50-199)","Unaware","2026-07-27",1,1,"7e5f59f4b1bd694457749f80d3fc074c69c5af62c91287a1c85ad3fc9ffae696"
"cyber-net.com","Cyber Net","Insurance","Small ($1MM-$10MM)","Medium-Small (50-199)","Engaged","2026-08-23",38,5,"7ca28e0fde79b114ea446f3b73b1610aff56f948b5a43e0284d3e64b5ed003e6"
"acme-hub.com","Acme Hub","Retail","Medium-Small ($10MM-$50MM)","Medium-Small (50-199)","Engaged","2026-09-01",78,9,"cc90620363669825df8f8e368b53532815e2d53886ea97beb3b17ebae954490d"
"bright-group.com","Bright Group","Education Management","Micro ($0-$1MM)","Micro (1-9)","Engaged","2026-09-01",81,10,"e09e42856fe71af35b0fc947f3f95cd4949d943bdc43d6307b4ca0a3bab74a47"
"core-hub.com","Core Hub","Management Consulting","Medium-Small ($10MM-$50MM)","Medium-Small (50-199)","Unaware","2026-08-25",4,1,"cbe18a936ec0023911cd3fbbdb8fa6541963f69848e9df47dae6deca7ba77b6c"
"acme-corp.com","Acme Corp","Software / Information Technology","Medium-Small ($10MM-$50MM)","Medium-Small (50-199)","Unaware","2026-05-17",2,1,""
"iron-systems.com","Iron Systems","Education Management","Medium-Large ($50MM-$100MM)","Medium (200-499)","Unaware","2026-09-21",4,1,"805b7490e532a64c3ad0b9f0a87f969b8fb31e18a5af7f4bfa8ef0f734c021ba"
"apex-data.com","Apex Data","Management Consulting","Medium-Large ($50MM-$100MM)","Medium-Large (500-999)","Aware","2026-05-16",12,4,""
"peak-labs.com","Peak Labs","Legal Services","Medium-Large ($50MM-$100MM)","Medium (200-499)","Unaware","2026-06-02",2,1,""
"core-tech.com","Core Tech","E-Learning","XLarge ($200MM-$1B)","Large (1,000-4,999)","Unaware","2026-08-22",5,1,""
"green-inc.com","Green Inc","E-Learning","Large ($100MM-$200MM)","Large (1,000-4,999)","Aware","2026-04-16",3,6,""
"green-data.com","Green Data","Food & Beverages","Medium-Large ($50MM-$100MM)","Medium-Large (500-999)","Opportunity","2026-08-13",75,27,"d5de6dc2a146f0d8cf0b1abcd30f3b90350b71c24ca042d7ca95bdc5ffba40e2"
"smart-inc.com","Smart Inc","Health, Wellness and Fitness","Medium-Small ($10MM-$50MM)","Medium (200-499)","Engaged","2026-07-20",32,5,"4ba72d6ed93a08fcdcf20313a18593611e241886ddcdd055598f977b643e7bda"
"nexus-systems.com","Nexus Systems","Manufacturing","XLarge ($200MM-$1B)","XLarge (5,000-10,000)","Engaged","2026-09-04",77,11,"b26f93970d1822c511f57adf59ff77e91e4e5d3e2ae9b505f0f896508fdfd1d4"
"global-digital.com","Global Digital","Management Consulting","Small ($1MM-$10MM)","Medium-Small (50-199)","Unaware","2026-07-11",5,1,"98933d446aa65a0e42647304f9bb10789007674cde90a10a23d45629fa851a54"
"nexus-solutions.com","Nexus Solutions","Marketing and Advertising","Medium-Small ($10MM-$50MM)","Medium (200-499)","Unaware","2026-05-28",3,1,"27a839ca8d42c0227dddf0c7afc34ae034c673de29fe978aadff51332d17db89"
"global-works.com","Global Works","Logistics and Supply Chain","Micro ($0-$1MM)","Micro (1-9)","Engaged","2026-08-15",79,9,"87f3b126dc92c8f59e53a15d68325683541e52af080ecbfdfb1cb3135d4ccb9c"
"rapid-digital.com","Rapid Digital","Software / Information Technology","Large ($100MM-$200MM)","Large (1,000-4,999)","Engaged","2026-08-12",49,18,""
"peak-group.com","Peak Group","Legal Services","Micro ($0-$1MM)","Micro (1-9)","Unaware","2026-03-31",2,1,""
"smart-data.com","Smart Data","Financial Services","Micro ($0-$1MM)","Micro (1-9)","Aware","2026-07-22",13,3,"6496bc01e02f3e19ebd970cdecf928c2964304c46329283ce8a25edfe5d793c3"
"nova-works.com","Nova Works","Management Consulting","Medium-Large ($50MM-$100MM)","Medium (200-499)","Engaged","2026-04-15",99,11,"b12311be99ca005e8de4be5de51b21506142ee6994e1293adcd8057d57811563"
"bright-solutions.com","Bright Solutions","Education Management","Medium-Small ($10MM-$50MM)","Medium (200-499)","Aware","2026-04-04",8,5,""
"iron-media.com","Iron Media","Software / Information Technology","Micro ($0-$1MM)","Micro (1-9)","MQL","2026-08-19",30,19,"98f3316d2722ce8f8b9cfecf3f0fd685b25e578284fa3a10437182f1d0f9665d"
"apex-solutions.com","Apex Solutions","Financial Services","Small ($1MM-$10MM)","Medium-Small (50-199)","Aware","2026-08-04",8,5,""
"nexus-inc.com","Nexus Inc","Marketing and Advertising","Medium-Small ($10MM-$50MM)","Medium (200-499)","Aware","2026-04-14",21,3,"b5c0f89603bd94eacbc284872282f3ccce201b0b138f61d7ee7ddf4cd3bcfbef"
"cyber-systems.com","Cyber Systems","Telecommunications","XXLarge ($1B+)","XXLarge (10,000+)","Opportunity","2026-08-16",140,48,""
"bright-tech.com","Bright Tech","Health, Wellness and Fitness","XLarge ($200MM-$1B)","XLarge (5,000-10,000)","Aware","2026-03-31",9,6,""
"iron-data.com","Iron Data","Food & Beverages","Small ($1MM-$10MM)","Small (10-49)","Aware","2026-09-15",9,3,"ae3d4a72132e17a32b3ee7470780d3561f660b0d1ff5359acfa4dfa3fe633334"
"prime-digital.com","Prime Digital","Logistics and Supply Chain","Micro ($0-$1MM)","Small (10-49)","Engaged","2026-06-23",12,3,"72f2c12caf087c890e89e28d00879aeffb9fbc9756f52cf1051328031955692a"
"peak-works.com","Peak Works","Retail","Medium-Small ($10MM-$50MM)","Medium (200-499)","Unaware","2026-04-17",3,1,""
"peak-systems.com","Peak Systems","E-Learning","Small ($1MM-$10MM)","Small (10-49)","Aware","2026-07-24",13,4,""
"acme-digital.com","Acme Digital","Financial Services","Small ($1MM-$10MM)","Small (10-49)","Engaged","2026-07-23",30,18,""
"bright-inc.com","Bright Inc","Telecommunications","Micro ($0-$1MM)","Small (10-49)","Unaware","2026-05-24",1,1,"ec818868fc96d3035cde66ef6dbddb942e727b19a1ce3eb7e2b1de4c2203a7c8"
"apex-solutions.com","Apex Solutions","Consumer Goods","XLarge ($200MM-$1B)","XLarge (5,000-10,000)","Unaware","2026-08-31",4,1,""
"bright-digital.com","Bright Digital","Financial Services","Medium-Large ($50MM-$100MM)","Medium-Large (500-999)","Engaged","2026-04-04",97,14,""
"peak-solutions.com","Peak Solutions","Telecommunications","Small ($1MM-$10MM)","Small (10-49)","Aware","2026-04-04",12,5,""
"vertex-solutions.com","Vertex Solutions","Automotive","Micro ($0-$1MM)","Small (10-49)","MQL","2026-09-06",161,24,""
"clear-solutions.com","Clear Solutions","Financial Services","XLarge ($200MM-$1B)","XLarge (5,000-10,000)","Engaged","2026-08-11",96,15,""
"swift-inc.com","Swift Inc","Hospital & Health Care","Micro ($0-$1MM)","Micro (1-9)","Aware","2026-05-10",3,2,"cb2bebdb08ce716a8b46fd9a57c2f11107d34f3226515bafa3445fc2e0e46852"
"rapid-io.com","Rapid Io","Software / Information Technology","Small ($1MM-$10MM)","Small (10-49)","Unaware","2026-08-31",5,1,"b16b136c2c6a389a382690dc4f949943bf8398aa74344285c582a2f63d12e70a"
"rapid-inc.com","Rapid Inc","Software / Information Technology","Medium-Large ($50MM-$100MM)","Medium (200-499)","MQL","2026-05-28",63,11,"7d8213584bf0c69592d643f6d6728fbd9894739678c45064737a1415f84c0d2e"
"atlas-io.com","Atlas Io","Marketing and Advertising","XLarge ($200MM-$1B)","XLarge (5,000-10,000)","Aware","2026-08-11",16,4,"1a56b5503369754297527920a5afe92843fdae25c2b5043e4bc06b9c676c2a77"
"smart-inc.com","Smart Inc","Marketing and Advertising","Micro ($0-$1MM)","Micro (1-9)","Aware","2026-04-06",15,3,"088c935374af4f8c67ba7f70d987de9350c4e88d2af25abd49076a073f6e35fc"
"vertex-media.com","Vertex Media","Education Management","Micro ($0-$1MM)","Small (10-49)","Aware","2026-05-18",14,5,""
"atlas-media.com","Atlas Media","Retail","Micro ($0-$1MM)","Micro (1-9)","Unaware","2026-04-28",2,1,"0939352bbdd6d51d97957e2d7995081a174b8740e6efe49dd057fe9fd0662cf4"
"core-group.com","Core Group","Software / Information Technology","Micro ($0-$1MM)","Micro (1-9)","Unaware","2026-08-21",5,1,""
"prime-works.com","Prime Works","Legal Services","Medium-Small ($10MM-$50MM)","Medium (200-499)","Aware","2026-08-04",5,3,"f8a4770cc81592ec91585eaa4b2dc99d7980dc0cc08f79a04fd33242b67078e1"
"iron-corp.com","Iron Corp","Entertainment","Medium-Large ($50MM-$100MM)","Medium (200-499)","MQL","2026-09-08",210,20,""
"apex-group.com","Apex Group","Financial Services","Micro ($0-$1MM)","Small (10-49)","Aware","2026-06-23",20,2,"e3dbdb930da9407e8ef9b3cca0fdc0cfcb172d3d981830fe796d50dbd663c896"
"vertex-digital.com","Vertex Digital","Retail","Micro ($0-$1MM)","Micro (1-9)","MQL","2026-05-08",79,13,"7e5510a708fa87e77973d3952c1cf95cbff0aecf12426c933e26c85f5526d47f"
"vertex-data.com","Vertex Data","Marketing and Advertising","Medium-Small ($10MM-$50MM)","Medium (200-499)","Aware","2026-07-04",5,1,"b8fe5a0c08c319be4fd55a3073c643bbbed11f78f8b4ed0cec3d16e000704095"
"apex-io.com","Apex Io","Health, Wellness and Fitness","Small ($1MM-$10MM)","Small (10-49)","Unaware","2026-04-05",5,1,"6c5c9938cda20c13237fcb0f1e6b33eb7ea347f28e67f4ed6dbe833907ad7bc1"
"nexus-digital.com","Nexus Digital","Entertainment","Small ($1MM-$10MM)","Medium-Small (50-199)","Aware","2026-05-23",12,4,"34e1df485ad6073cd6241c7344021844a5948883618732dd347c12018c4f5a03"
"green-labs.com","Green Labs","Consumer Goods","Micro ($0-$1MM)","Small (10-49)","Engaged","2026-05-02",100,12,""
"smart-tech.com","Smart Tech","Financial Services","Medium-Small ($10MM-$50MM)","Medium-Small (50-199)","Unaware","2026-06-10",1,1,""
"cyber-tech.com","Cyber Tech","Telecommunications","Large ($100MM-$200MM)","Medium-Large (500-999)","Aware","2026-04-22",12,4,""
"stellar-hub.com","Stellar Hub","Financial Services","Medium-Small ($10MM-$50MM)","Medium (200-499)","Unaware","2026-07-16",3,1,"deca88e066af9ad2dbeb795bea88ce7c6205ecd42196871678d1b32129fa5654"
"atlas-data.com","Atlas Data","Marketing and Advertising","Medium-Small ($10MM-$50MM)","Medium-Small (50-199)","Unaware","2026-06-09",1,1,""
"clear-works.com","Clear Works","Logistics and Supply Chain","Medium-Small ($10MM-$50MM)","Medium (200-499)","Aware","2026-08-02",12,1,"10ac97afc39ca82b99c1569277d036ecd95e3b359f3686eeeb4d81968554ce6b"
"peak-tech.com","Peak Tech","Entertainment","Micro ($0-$1MM)","Small (10-49)","Unaware","2026-04-22",3,1,""
"core-io.com","Core Io","Software / Information Technology","Large ($100MM-$200MM)","Medium-Large (500-999)","Unaware","2026-08-09",1,1,"ce84e56b44266c458cd0774d6497ff2a4e7f0dcb3c069e0e0e09e7f9591fee97"
"cyber-digital.com","Cyber Digital","Food & Beverages","Medium-Small ($10MM-$50MM)","Medium (200-499)","Unaware","2026-05-30",1,1,"a51bfb45b607128a539c4c023e66a129bc68e43b5892a74d7e7087d7c0c2f4a5"
"global-inc.com","Global Inc","Consumer Goods","Small ($1MM-$10MM)","Medium-Small (50-199)","Aware","2026-06-01",10,4,"ef6d26f4911a01bc00e1d7b3db0b52b0888d0f6db5c1a5c4636c03a0964d840d"
"apex-group.com","Apex Group","Financial Services","Small ($1MM-$10MM)","Small (10-49)","Aware","2026-04-25",8,1,"702a9824de0a10d6ef6ee54746994c669e2ca9b9cb4e31d32ee6cc01b81c40e1"
"clear-tech.com","Clear Tech","Marketing and Advertising","Medium-Small ($10MM-$50MM)","Medium-Small (50-199)","Unaware","2026-04-08",3,1,""
"acme-tech.com","Acme Tech","Health, Wellness and Fitness","Medium-Large ($50MM-$100MM)","Medium-Large (500-999)","Aware","2026-06-08",3,3,"7ffa620d61e0aa59568e4062fc036b397f84e0c5e1efe973e1455819d8588f6f"
"bright-data.com","Bright Data","Software / Information Technology","XLarge ($200MM-$1B)","Large (1,000-4,999)","Unaware","2026-06-11",1,1,"a15da69d314397db9b04c77ea096d095e092ceda1b0ee1efcc931a3c0ed7d036"
"smart-corp.com","Smart Corp","Health, Wellness and Fitness","Medium-Small ($10MM-$50MM)","Medium (200-499)","Engaged","2026-06-01",50,6,"0149f28d909e247b47c74b823f4b5cc29f942882d672e573d0a79f3360f62f6a"
"nexus-solutions.com","Nexus Solutions","Hospital & Health Care","Medium-Large ($50MM-$100MM)","Medium (200-499)","Unaware","2026-05-24",4,1,"35f1a1da0d90885dfde23263e2a012e8940d3d9b199d5c181e1bd2f22e3c9df1"
"stellar-group.com","Stellar Group","Retail","Small ($1MM-$10MM)","Medium-Small (50-199)","Opportunity","2026-03-31",182,18,"0529bfac59bd9d5b0e502894e803cdd10ba62843934cdd51df5da2c2a971241f"
"rapid-group.com","Rapid Group","Marketing and Advertising","Medium-Small ($10MM-$50MM)","Medium (200-499)","Engaged","2026-05-19",10,12,"5f45de888361ace54f02e986f85b61435389a224c060748653dff0e437cd4ea1"
"blue-data.com","Blue Data","Retail","Small ($1MM-$10MM)","Small (10-49)","Aware","2026-09-17",8,3,"1150f27a62c0baa2b92813cbd26042f68f37ea794d62ff74a8afe3b742ad2142"
"apex-cloud.com","Apex Cloud","Software / Information Technology","Medium-Large ($50MM-$100MM)","Medium (200-499)","Aware","2026-09-23",22,3,"3699f80b708ab8935491bcb9d81118c9fe497643b197cb005036b7a154a46fac"
"atlas-cloud.com","Atlas Cloud","Education Management","Medium-Small ($10MM-$50MM)","Medium (200-499)","Engaged","2026-05-19",22,15,""
"acme-solutions.com","Acme Solutions","Hospital & Health Care","XXLarge ($1B+)","XXLarge (10,000+)","Aware","2026-08-20",21,1,"b8020559d835fe42beceb79b697ad9e9e529b57948b0ed36cc0f6290029699bb"
"clear-works.com","Clear Works","Consumer Goods","Micro ($0-$1MM)","Micro (1-9)","Engaged","2026-05-11",106,12,""
"vertex-hub.com","Vertex Hub","Software / Information Technology","Large ($100MM-$200MM)","Large (1,000-4,999)","Unaware","2026-04-29",3,1,""
"nova-group.com","Nova Group","Marketing and Advertising","Medium-Small ($10MM-$50MM)","Medium (200-499)","Unaware","2026-04-29",4,1,""
"core-labs.com","Core Labs","Marketing and Advertising","Medium-Small ($10MM-$50MM)","Medium-Small (50-199)","MQL","2026-08-10",164,19,"1f22216c9c76a265629df4e4f728ab28051fafcc8832fdb10bbfb44204e4a157"
"stellar-net.com","Stellar Net","Marketing and Advertising","Micro ($0-$1MM)","Micro (1-9)","Aware","2026-09-08",20,2,"ada09fa6cd8c7df28e32de96a868fa12ce87ae9d0378b0518f557a8d2fe399f6"
"global-labs.com","Global Labs","Hospital & Health Care","Small ($1MM-$10MM)","Medium-Small (50-199)","Aware","2026-06-01",3,1,"bb096b410ec21091be4a42f89a6ac6cb17f52ebfc2240e0600c1aa00c2a7e7d3"
"apex-media.com","Apex Media","Logistics and Supply Chain","Small ($1MM-$10MM)","Small (10-49)","Unaware","2026-04-10",1,1,"c43290b40e709758556a2ba5b1a1f79dd1e8c3b1e4dec991b85a0ef4bb4d55a6"
"vertex-media.com","Vertex Media","Legal Services","Micro ($0-$1MM)","Micro (1-9)","MQL","2026-05-10",52,6,"be530e52f5f6ec0fc5ed8cbe5985d6f871394040828f6a54f3a6f755fefca5b7"
"peak-data.com","Peak Data","Hospital & Health Care","Small ($1MM-$10MM)","Small (10-49)","Engaged","2026-04-12",32,9,"0ccc87dc7d093f3457cc1594d649ea0b89f7601ee51945c8560b77f90302592e"
"bright-tech.com","Bright Tech","Marketing and Advertising","Micro ($0-$1MM)","Micro (1-9)","MQL","2026-04-17",37,14,"2c5429062f020236f49f290ae767f9dc046fec70c4f86d6660fb54c06c3c7e80"
"vertex-tech.com","Vertex Tech","Manufacturing","Medium-Large ($50MM-$100MM)","Medium-Large (500-999)","Engaged","2026-07-29",88,12,""
"green-solutions.com","Green Solutions","Management Consulting","XXLarge ($1B+)","XXLarge (10,000+)","Engaged","2026-08-09",11,14,""
"apex-works.com","Apex Works","Software / Information Technology","XXLarge ($1B+)","XXLarge (10,000+)","Unaware","2026-09-14",2,1,""
"blue-tech.com","Blue Tech","Insurance","XXLarge ($1B+)","XXLarge (10,000+)","Unaware","2026-07-21",2,1,"2e50e1967d3526804ccbf081be1b63ffeb57178d589055cfee9b3d18e09130f5"
"nova-systems.com","Nova Systems","Software / Information Technology","Large ($100MM-$200MM)","Large (1,000-4,999)","Engaged","2026-04-17",52,16,""
"clear-digital.com","Clear Digital","Financial Services","Micro ($0-$1MM)","Micro (1-9)","Aware","2026-08-10",13,2,"b09aae5db8ca426827267204e8b20c604546d8f1f76136d3dada6481172cb2d0"
"swift-works.com","Swift Works","Telecommunications","Medium-Small ($10MM-$50MM)","Medium (200-499)","Unaware","2026-09-08",3,1,""
"peak-systems.com","Peak Systems","Food & Beverages","Medium-Small ($10MM-$50MM)","Medium (200-499)","Unaware","2026-06-16",2,1,"65e57961295301c1e409834f359f444063858a3c83fc757fb0087f0ec90ae0e0"
"rapid-works.com","Rapid Works","Education Management","Large ($100MM-$200MM)","Large (1,000-4,999)","Engaged","2026-09-21",42,6,"e565538b2a58a182d2bcc05f6d18db4aea2267c30a045728d92e2a3c8b042c37"
"global-systems.com","Global Systems","Hospital & Health Care","Micro ($0-$1MM)","Micro (1-9)","Engaged","2026-07-06",100,17,""
"peak-labs.com","Peak Labs","Retail","Micro ($0-$1MM)","Micro (1-9)","Aware","2026-09-14",4,5,""
"rapid-corp.com","Rapid Corp","Marketing and Advertising","Micro ($0-$1MM)","Micro (1-9)","Unaware","2026-08-20",2,1,""
"atlas-inc.com","Atlas Inc","Software / Information Technology","Medium-Large ($50MM-$100MM)","Medium (200-499)","Unaware","2026-09-10",1,1,"3a7b2eb403505e41f4ad1b8a0f40a99674a012333e891ec99a9c0cf9b5f4f392"
"smart-io.com","Smart Io","Marketing and Advertising","Medium-Large ($50MM-$100MM)","Medium-Large (500-999)","Engaged","2026-05-26",91,12,""
"green-solutions.com","Green Solutions","Entertainment","Micro ($0-$1MM)","Small (10-49)","MQL","2026-06-23",86,29,""
"acme-digital.com","Acme Digital","Manufacturing","Large ($100MM-$200MM)","Large (1,000-4,999)","Engaged","2026-06-12",67,6,"71223f2b52ab9b2aeb340a128c697e298ee3440bd6c3dee7c76edfd71f4a4e53"
"bright-cloud.com","Bright Cloud","Marketing and Advertising","Micro ($0-$1MM)","Micro (1-9)","Aware","2026-06-27",17,2,"41dea950ac7457952a142416104cd412475025b770e3f4ba1f79e7b5f88dd365"
"stellar-tech.com","Stellar Tech","Retail","Medium-Large ($50MM-$100MM)","Medium (200-499)","MQL","2026-07-29",126,11,"a8d599d0732997dbaed753fa5196a919075b81e351a015132c4c58d07919558c"
"rapid-works.com","Rapid Works","Retail","Micro ($0-$1MM)","Micro (1-9)","Aware","2026-08-17",5,1,"e4f0a16aed92dc68ebe1cc97c3d5c197d3b8d1a48011b563b197fafb1a322358"
"apex-corp.com","Apex Corp","Construction","XLarge ($200MM-$1B)","XLarge (5,000-10,000)","MQL","2026-07-30",119,24,""
"peak-io.com","Peak Io","Marketing and Advertising","Medium-Large ($50MM-$100MM)","Medium-Large (500-999)","Engaged","2026-07-14",58,7,"efdaa27920a6f01c35462daeeb530cb09b88ae86e153801c790bcce1e7bcef94"
"nova-group.com","Nova Group","Construction","Small ($1MM-$10MM)","Medium-Small (50-199)","Unaware","2026-08-19",5,1,"66770874ecc5bbe625d5fd672f44c3b7b3995d724c0c63fea8ff9664498b13bc"
"green-hub.com","Green Hub","Financial Services","Small ($1MM-$10MM)","Medium-Small (50-199)","Aware","2026-05-16",10,3,"c476fa00360ec2060bcb122488d675d3e91ed27f986f06d25d3b74c6089e02fe"
"iron-inc.com","Iron Inc","Financial Services","Small ($1MM-$10MM)","Small (10-49)","Unaware","2026-04-04",2,1,""
"blue-tech.com","Blue Tech","Software / Information Technology","Large ($100MM-$200MM)","Medium-Large (500-999)","MQL","2026-07-19",34,15,"915e5e0f3a610ba3bee32c9d5b85ac6d9c9d90912e61da0e89c19e7f47d2909c"
"swift-systems.com","Swift Systems","Automotive","Medium-Small ($10MM-$50MM)","Medium (200-499)","Engaged","2026-04-28",75,7,"51fcf2e311e10593fb09e88c27dc7c176596e5313c49833d12eda5be3c92853a"
"clear-labs.com","Clear Labs","E-Learning","Medium-Small ($10MM-$50MM)","Medium-Small (50-199)","Unaware","2026-08-23",5,1,""
"bright-corp.com","Bright Corp","Construction","Small ($1MM-$10MM)","Medium-Small (50-199)","Unaware","2026-04-04",2,1,"1d7abbd192c0c751308e3f345750a92299fc3955ddea5546f48589997194b618"
"bright-media.com","Bright Media","Manufacturing","Medium-Small ($10MM-$50MM)","Medium (200-499)","Engaged","2026-05-05",103,17,""
"iron-cloud.com","Iron Cloud","Hospital & Health Care","Medium-Large ($50MM-$100MM)","Medium (200-499)","MQL","2026-08-25",226,23,""
"rapid-labs.com","Rapid Labs","Legal Services","Medium-Small ($10MM-$50MM)","Medium-Small (50-199)","Engaged","2026-07-21",68,11,"7c056de87c04c7b81dbbe842b228f6f0ab19a5f02ec05283879b4099941f627c"
"apex-labs.com","Apex Labs","Software / Information Technology","Small ($1MM-$10MM)","Medium-Small (50-199)","Unaware","2026-04-25",4,1,"b27bc6cb3ab1e66fd06b7f48e0a5fc320b1ff6a97334cc49be23b39264de77da"
"apex-net.com","Apex Net","Marketing and Advertising","Micro ($0-$1MM)","Micro (1-9)","MQL","2026-05-28",60,13,"a339a94e697d524fcc10aed5c682725fe7c15852ad0bd1dd9e7fd77c3cc3313f"
"green-works.com","Green Works","Retail","Micro ($0-$1MM)","Micro (1-9)","Aware","2026-07-08",6,6,""
"bright-labs.com","Bright Labs","Hospital & Health Care","Small ($1MM-$10MM)","Medium-Small (50-199)","MQL","2026-04-26",62,17,"10ec584ab4da2a31a276f913b7b24bb43c0ec17b9873513386105ca05430f4f4"
"cyber-net.com","Cyber Net","Insurance","Micro ($0-$1MM)","Micro (1-9)","Unaware","2026-09-19",3,1,""
"global-solutions.com","Global Solutions","Software / Information Technology","Micro ($0-$1MM)","Micro (1-9)","Aware","2026-07-28",5,3,"69117328b7cfabb6d7077990ce293718b7251772686c2edf7128fe0756f21a72"
"global-digital.com","Global Digital","Manufacturing","XXLarge ($1B+)","XXLarge (10,000+)","Aware","2026-04-14",5,5,""
"acme-tech.com","Acme Tech","Software / Information Technology","Medium-Small ($10MM-$50MM)","Medium-Small (50-199)","Engaged","2026-09-10",61,13,""
"nova-inc.com","Nova Inc","Software / Information Technology","Small ($1MM-$10MM)","Small (10-49)","Unaware","2026-08-05",4,1,""
"blue-hub.com","Blue Hub","Financial Services","Medium-Large ($50MM-$100MM)","Medium (200-499)","Opportunity","2026-08-14",261,36,""
"iron-tech.com","Iron Tech","Marketing and Advertising","Medium-Small ($10MM-$50MM)","Medium (200-499)","Aware","2026-06-20",14,3,"b389f8a39d48b3f008c818606f4d8fada505ac9d72a93522c0074d137ed44304"
"green-systems.com","Green Systems","Logistics and Supply Chain","Medium-Small ($10MM-$50MM)","Medium (200-499)","Unaware","2026-07-15",1,1,""
"clear-solutions.com","Clear Solutions","Automotive","Medium-Small ($10MM-$50MM)","Medium-Small (50-199)","Unaware","2026-06-04",4,1,""
"core-cloud.com","Core Cloud","Legal Services","Medium-Small ($10MM-$50MM)","Medium-Small (50-199)","Aware","2026-04-19",6,3,"92ecfe8247263b02722b1c026a95f68e93492842170023e37b623ba5290cba02"
"bright-works.com","Bright Works","Food & Beverages","XLarge ($200MM-$1B)","XLarge (5,000-10,000)","Aware","2026-07-06",8,4,"9773308aaa4818c64f29cc10cda419a81f84c63f77784af6e312a93826431490"
"bright-data.com","Bright Data","Education Management","Micro ($0-$1MM)","Micro (1-9)","Unaware","2026-05-13",2,1,"1e3ed5e6c8e1efd664bedc5e4e2a300c007672268178726e415e64d25555ff98"
"bright-cloud.com","Bright Cloud","Retail","Large ($100MM-$200MM)","Medium-Large (500-999)","Engaged","2026-08-12",90,10,"ea0c42561a9181d012ca30f42792c1ead3d2fa3f914f1d06e7097b58f03a780c"
"nova-net.com","Nova Net","Software / Information Technology","Small ($1MM-$10MM)","Small (10-49)","Aware","2026-05-21",9,1,"89d2405248a4dddc462511d4ea0de8b97f7d460722d33cd6c182b917d5e903d6"
"blue-systems.com","Blue Systems","Software / Information Technology","Medium-Small ($10MM-$50MM)","Medium-Small (50-199)","Unaware","2026-08-15",1,1,"d5801aff59eaafd26d26f2df2674e06f7f3e5535a8d4d16d3486ee8055957866"
"vertex-inc.com","Vertex Inc","Health, Wellness and Fitness","XLarge ($200MM-$1B)","XLarge (5,000-10,000)","Engaged","2026-09-01",15,4,"ceca4fc88ecf3f0f2685f180dfff478dec33b03b2bcf3da8697e3e9d12f5d543"
"iron-inc.com","Iron Inc","Construction","Micro ($0-$1MM)","Micro (1-9)","Unaware","2026-08-14",4,1,""
"acme-net.com","Acme Net","Insurance","Medium-Large ($50MM-$100MM)","Medium-Large (500-999)","Unaware","2026-04-06",2,1,"c4e242851d37d38f5ee29ebec2824f5bc0745a3538bb563059666a91fa2e3fec"
"smart-group.com","Smart Group","Manufacturing","Large ($100MM-$200MM)","Large (1,000-4,999)","Unaware","2026-08-27",5,1,""
"apex-data.com","Apex Data","Management Consulting","Micro ($0-$1MM)","Micro (1-9)","Opportunity","2026-06-22",123,22,"493adb2ac7ed2ecc78ad537b7c0f41c3ca28d3427ce693c101d16c70c43055d2"
"rapid-inc.com","Rapid Inc","Hospital & Health Care","Micro ($0-$1MM)","Micro (1-9)","Aware","2026-04-06",7,2,"d40eeed27dd5f73e8bec905b6a1336a0ff845e0c3dd054f504200b70f0be969d"
"peak-digital.com","Peak Digital","Manufacturing","XLarge ($200MM-$1B)","XLarge (5,000-10,000)","Aware","2026-06-19",3,1,"54ea50b1ab8e59e7a611dabffdbce8e83b635bcb401f0ec2dc2147d7a6733783"
"blue-media.com","Blue Media","Retail","Micro ($0-$1MM)","Micro (1-9)","MQL","2026-07-16",175,23,""
"core-cloud.com","Core Cloud","Consumer Goods","Medium-Small ($10MM-$50MM)","Medium-Small (50-199)","Engaged","2026-05-03",89,13,""
"stellar-cloud.com","Stellar Cloud","Legal Services","Medium-Large ($50MM-$100MM)","Medium-Large (500-999)","Engaged","2026-06-19",37,14,""
"core-io.com","Core Io","Retail","Micro ($0-$1MM)","Micro (1-9)","Unaware","2026-04-23",2,1,""
"cyber-cloud.com","Cyber Cloud","Retail","Medium-Small ($10MM-$50MM)","Medium (200-499)","Unaware","2026-05-16",2,1,"e9500cbaa986e99cd77f3e78643896a2c34fc278af51be81dec1ddc48caab46e"
"bright-corp.com","Bright Corp","E-Learning","Medium-Small ($10MM-$50MM)","Medium (200-499)","Aware","2026-07-18",14,5,""
"core-cloud.com","Core Cloud","Consumer Goods","Medium-Small ($10MM-$50MM)","Medium (200-499)","Engaged","2026-05-18",47,16,""
"cyber-solutions.com","Cyber Solutions","Construction","Medium-Small ($10MM-$50MM)","Medium-Small (50-199)","Engaged","2026-07-17",74,9,"85f7f1b9c1581278e6784effcad7854cdb9323ad33db247b9556d014b97b174a"
"vertex-io.com","Vertex Io","Software / Information Technology","Medium-Large ($50MM-$100MM)","Medium-Large (500-999)","Aware","2026-04-19",21,5,""
"cyber-corp.com","Cyber Corp","Automotive","Micro ($0-$1MM)","Micro (1-9)","Aware","2026-03-30",8,3,"d60d97477c1040ef7587125acf2897c1ca86e39fd2837dade4585733c7550390"
"green-systems.com","Green Systems","Management Consulting","Medium-Large ($50MM-$100MM)","Medium-Large (500-999)","Unaware","2026-09-15",2,1,""
"peak-inc.com","Peak Inc","Marketing and Advertising","Micro ($0-$1MM)","Small (10-49)","Engaged","2026-04-28",104,10,"36eebdbc34354e4e4d4ef568945b85320e06eba41076e52ea2f8e574f5033247"
"core-group.com","Core Group","Health, Wellness and Fitness","Medium-Small ($10MM-$50MM)","Medium (200-499)","Unaware","2026-04-14",5,1,"787760dd295dd622cfb61f6775bb25ecca9d741d463cfa224e52cfa1e924e11a"
"bright-works.com","Bright Works","Logistics and Supply Chain","Medium-Small ($10MM-$50MM)","Medium-Small (50-199)","Aware","2026-04-18",14,1,"8522b5bd00aaaf157ed872d8072e37bce58607f80fa7620fe9795cc840080d68"
"vertex-systems.com","Vertex Systems","E-Learning","XXLarge ($1B+)","XXLarge (10,000+)","Aware","2026-06-14",9,5,""
"bright-works.com","Bright Works","Education Management","Medium-Small ($10MM-$50MM)","Medium (200-499)","Engaged","2026-08-22",78,8,"0f7273961c073642b59e075abe7455304b4df17dfa1d3b5c9fc991cc4c1ea3ba"
"nexus-cloud.com","Nexus Cloud","Telecommunications","Medium-Large ($50MM-$100MM)","Medium (200-499)","Unaware","2026-09-11",5,1,"7fbc2e2428985a54f8461a0d7d006b8a5be8c4c438789260af7d3b4b1aea9947"
"rapid-group.com","Rapid Group","Logistics and Supply Chain","Large ($100MM-$200MM)","Large (1,000-4,999)","Engaged","2026-06-25",75,7,"f2c59d87e0b923adc2ae43ecec2f3e1683aa0a269adef9de5cb1916fc4086882"
"swift-systems.com","Swift Systems","E-Learning","Large ($100MM-$200MM)","Large (1,000-4,999)","Engaged","2026-09-08",56,12,"264f3bb9834db888ace71304ee72e1268baaf0b190c6fe409a9516db26e46df2"
"nova-corp.com","Nova Corp","Financial Services","Micro ($0-$1MM)","Small (10-49)","Aware","2026-09-15",15,1,"c0a37ff4096b2befa9c2a34ca94f385ea8880b6cb2f10d9fa1af2cdc781bd99f"
"nova-systems.com","Nova Systems","Food & Beverages","Small ($1MM-$10MM)","Small (10-49)","Unaware","2026-06-06",1,1,"22ebd59c9dff671025592d38263a2a645c5349772c545686e1cf9dddbbe13861"
"nova-solutions.com","Nova Solutions","Software / Information Technology","Large ($100MM-$200MM)","Large (1,000-4,999)","Unaware","2026-08-09",4,1,"1bd3e2fc16cc14bbe4b9fae7342967d1ea41800975c6da69803d9e80f5ac7519"
"apex-systems.com","Apex Systems","Financial Services","Small ($1MM-$10MM)","Small (10-49)","Engaged","2026-04-30",31,12,""
"global-io.com","Global Io","Entertainment","Small ($1MM-$10MM)","Medium-Small (50-199)","Opportunity","2026-05-02",157,33,"75e7fadeb8ea6c68a297556b484773ef9fde7a73469e073f34bd45de43566f6e"
"peak-labs.com","Peak Labs","Hospital & Health Care","Medium-Large ($50MM-$100MM)","Medium-Large (500-999)","Aware","2026-04-23",14,4,"f5d58574c8777d5b294b74681de5b076bbf3785cf32c25290c4908bca8a1eb6a"
"stellar-cloud.com","Stellar Cloud","Marketing and Advertising","Medium-Small ($10MM-$50MM)","Medium-Small (50-199)","Aware","2026-07-21",15,3,"b4658386ee61a2bf494ef60bf321f5b5ff925baeeb27b06447f6584297d60f0b"
"peak-group.com","Peak Group","Logistics and Supply Chain","Medium-Large ($50MM-$100MM)","Medium-Large (500-999)","Aware","2026-08-03",16,1,"ad32398bc053189c339fdf67ba2dec9189d6fd982020a9decc085aa8c09315ed"
"peak-media.com","Peak Media","Automotive","Large ($100MM-$200MM)","Large (1,000-4,999)","Unaware","2026-09-16",3,1,"70cee2345c78ed417e8489286bf70393cc5ddc713adeb9366cd836110a0ab45a"
"cyber-digital.com","Cyber Digital","Education Management","Medium-Large ($50MM-$100MM)","Medium (200-499)","Unaware","2026-07-10",2,1,"488f345d98800c4186f2ee424063997921d79ac69292fcd067b583d1f298416f"
"peak-cloud.com","Peak Cloud","Hospital & Health Care","Medium-Small ($10MM-$50MM)","Medium (200-499)","Engaged","2026-05-18",62,17,""
"swift-cloud.com","Swift Cloud","Software / Information Technology","Medium-Small ($10MM-$50MM)","Medium (200-499)","Engaged","2026-05-16",85,7,"8df2a6d344f25efe3af6543e602f17ec91f95828f1cd0010d60e138a6bfab2f8"
"smart-hub.com","Smart Hub","Financial Services","Medium-Small ($10MM-$50MM)","Medium-Small (50-199)","Unaware","2026-06-17",5,1,"f2e40d59f2eea8e950f2bc661fa979541065408ce688fb9e10a1e5dc17b2cea2"
"rapid-solutions.com","Rapid Solutions","Retail","Micro ($0-$1MM)","Small (10-49)","Unaware","2026-05-12",5,1,""
"blue-digital.com","Blue Digital","Legal Services","Micro ($0-$1MM)","Micro (1-9)","Opportunity","2026-06-19",475,11,"e2a76d24c36d8dbe9681448b01bcd48ca3587b8ce1374cd81685a64731d4eb02"
"smart-group.com","Smart Group","E-Learning","Large ($100MM-$200MM)","Medium-Large (500-999)","Unaware","2026-07-15",3,1,"4e517720b52632d087e308cb1dc66a4a45f1b119a478a518fa063324c91da13b"
"smart-systems.com","Smart Systems","Logistics and Supply Chain","Micro ($0-$1MM)","Micro (1-9)","Aware","2026-08-21",7,4,""
"cyber-systems.com","Cyber Systems","Marketing and Advertising","XXLarge ($1B+)","XXLarge (10,000+)","Aware","2026-06-21",14,4,"882aa724f5e45a9a15f5e82e762a680f10fe065caed32420a037eea128aca3ad"
"core-net.com","Core Net","Manufacturing","Medium-Small ($10MM-$50MM)","Medium (200-499)","Unaware","2026-04-13",3,1,"e93471cb727ca51692f817bacf595da5dd556e3597c9bce9534fc19e85aee3f3"
"nova-digital.com","Nova Digital","Consumer Goods","Small ($1MM-$10MM)","Medium-Small (50-199)","MQL","2026-09-14",80,29,""
"nexus-digital.com","Nexus Digital","Financial Services","Small ($1MM-$10MM)","Medium-Small (50-199)","Unaware","2026-04-21",5,1,""
"acme-cloud.com","Acme Cloud","Software / Information Technology","Medium-Small ($10MM-$50MM)","Medium-Small (50-199)","Unaware","2026-05-13",5,1,""
"acme-systems.com","Acme Systems","Entertainment","XXLarge ($1B+)","XXLarge (10,000+)","Unaware","2026-06-23",5,1,""
"prime-systems.com","Prime Systems","Financial Services","Medium-Small ($10MM-$50MM)","Medium-Small (50-199)","Unaware","2026-06-28",4,1,"c763ebf0a8c3a27bea116c5f3c8397b01b987914a6df8a674edcfa0bb69885c0"
"rapid-solutions.com","Rapid Solutions","Logistics and Supply Chain","Micro ($0-$1MM)","Micro (1-9)","MQL","2026-06-26",169,21,""
"iron-media.com","Iron Media","Consumer Goods","Micro ($0-$1MM)","Micro (1-9)","Engaged","2026-06-07",102,4,"a176997b18a898d5cb6fa2e2b2290a17933ff2abfc32d5eecd1a060dcb615700"
"iron-cloud.com","Iron Cloud","Software / Information Technology","Large ($100MM-$200MM)","Large (1,000-4,999)","Aware","2026-07-16",20,4,""
"green-digital.com","Green Digital","Software / Information Technology","XLarge ($200MM-$1B)","Large (1,000-4,999)","Unaware","2026-06-29",5,1,"e0ed30d3db7347ae0a150c574c1ba162e0c54951cbd8560d8e937ae7eafdbcf8"
"smart-group.com","Smart Group","Insurance","Small ($1MM-$10MM)","Small (10-49)","Unaware","2026-08-02",1,1,"b28ee32c8936386b348632c3e9240594f1a6d5b3a65c4b1b21052f398df93b1e"
"cyber-cloud.com","Cyber Cloud","Marketing and Advertising","Micro ($0-$1MM)","Micro (1-9)","Engaged","2026-06-03",21,5,"d74b3beef969f638d67de700481c0a5fa7a2c8ad3b2dcfb8a8e76b8e9cba5173"
"apex-group.com","Apex Group","Hospital & Health Care","Medium-Large ($50MM-$100MM)","Medium-Large (500-999)","Unaware","2026-08-02",1,1,"0864ddf6e8ca4dfcb8b2b3a4380d8c50edf88c6f87874018be3e176357cdd317"
"acme-media.com","Acme Media","Financial Services","Micro ($0-$1MM)","Micro (1-9)","Unaware","2026-05-23",3,1,""
"peak-cloud.com","Peak Cloud","Consumer Goods","Micro ($0-$1MM)","Micro (1-9)","MQL","2026-07-15",204,30,""
"rapid-inc.com","Rapid Inc","Retail","Medium-Large ($50MM-$100MM)","Medium-Large (500-999)","Unaware","2026-05-28",1,1,"0018459996611771774c5e55258a6e4e7eef2827d738e7c110dd8d10f0136b1d"
"nova-works.com","Nova Works","Education Management","Small ($1MM-$10MM)","Small (10-49)","Unaware","2026-07-05",4,1,""
"acme-media.com","Acme Media","Manufacturing","Medium-Small ($10MM-$50MM)","Medium-Small (50-199)","Unaware","2026-04-04",3,1,""
"nexus-digital.com","Nexus Digital","Marketing and Advertising","Medium-Large ($50MM-$100MM)","Medium (200-499)","Engaged","2026-05-29",44,5,"4e5b598535b83d949d056e47e30bef3d6c9b078c2672b2fe6eea3990b7122ff4"
"clear-group.com","Clear Group","Health, Wellness and Fitness","Micro ($0-$1MM)","Micro (1-9)","Unaware","2026-05-11",3,1,""
"smart-inc.com","Smart Inc","Financial Services","Medium-Small ($10MM-$50MM)","Medium (200-499)","Aware","2026-04-05",4,2,"2f38db2ebfeed1b584bf877015549ea698d5eaac1213c06b83b2cd7dbfad6458"
"nova-tech.com","Nova Tech","E-Learning","Medium-Small ($10MM-$50MM)","Medium-Small (50-199)","Engaged","2026-04-10",90,16,""
"vertex-hub.com","Vertex Hub","Software / Information Technology","Large ($100MM-$200MM)","Medium-Large (500-999)","Unaware","2026-09-11",2,1,"ab1590d287e97ed602d6aa619a73a6d471d7262b17f15695f0ac3fac970dbd82"
"iron-media.com","Iron Media","Entertainment","XLarge ($200MM-$1B)","XLarge (5,000-10,000)","Unaware","2026-06-28",4,1,""
"global-inc.com","Global Inc","Marketing and Advertising","Medium-Small ($10MM-$50MM)","Medium-Small (50-199)","Unaware","2026-08-08",5,1,"d07aef8aaa62adeda52e26f52219e39afce4b2e95ee57c0ac579b348cc0ef7c9"
"smart-inc.com","Smart Inc","Consumer Goods","Medium-Large ($50MM-$100MM)","Medium-Large (500-999)","Unaware","2026-05-28",4,1,""
"prime-tech.com","Prime Tech","Health, Wellness and Fitness","Medium-Large ($50MM-$100MM)","Medium (200-499)","Opportunity","2026-04-23",402,28,"9c582aa9b674df2c02833db5d207b9740302623f557325d0cdabb52e70e7a5ba"
"iron-systems.com","Iron Systems","Telecommunications","Large ($100MM-$200MM)","Medium-Large (500-999)","Unaware","2026-07-16",2,1,"e049b47061b5b720bbb3f79d4342022f1dcf033c5dd582832a7bdae931cade87"
"bright-group.com","Bright Group","Real Estate","Micro ($0-$1MM)","Small (10-49)","MQL","2026-07-03",151,9,"5ebc552c207ecf4b161ea79b142f1b75cdfd8d1f904872d4756f142e1e968827"
"clear-tech.com","Clear Tech","Real Estate","XXLarge ($1B+)","XXLarge (10,000+)","Aware","2026-04-29",5,3,"1c185924675a3fed3bd47499a838ef157f210b4e81c215af82d06aa69f76dd0c"
"peak-inc.com","Peak Inc","Telecommunications","Medium-Large ($50MM-$100MM)","Medium (200-499)","Unaware","2026-06-16",1,1,"38ae3d50fe3edc02c62aa2a5e6529f4378bf4ca3f44f58b69c9ea0d3603dbbfe"
"stellar-digital.com","Stellar Digital","Entertainment","Medium-Small ($10MM-$50MM)","Medium (200-499)","Engaged","2026-07-05",47,6,"cb76244f77f4091a7354971733e89dda84acc5eb7dbb1c026a252f88f0f7d828"
"bright-net.com","Bright Net","Software / Information Technology","Medium-Small ($10MM-$50MM)","Medium-Small (50-199)","Aware","2026-07-06",17,2,"2d3f98b88afaf8d48df62980f48262fb219151b68584a2028a73f1c6eda90dfd"
"rapid-corp.com","Rapid Corp","Legal Services","Large ($100MM-$200MM)","Medium-Large (500-999)","Aware","2026-05-16",19,2,"3c4bd090de0dc5627c6b32390e4a21d80b5d7d9b7cbd88fa2755dd0412d30ce3"
"prime-solutions.com","Prime Solutions","Marketing and Advertising","Large ($100MM-$200MM)","Medium-Large (500-999)","Engaged","2026-09-03",75,17,""
"clear-corp.com","Clear Corp","Consumer Goods","Micro ($0-$1MM)","Micro (1-9)","Opportunity","2026-07-11",498,43,""
"apex-corp.com","Apex Corp","Consumer Goods","Small ($1MM-$10MM)","Small (10-49)","Unaware","2026-08-29",3,1,""
"stellar-works.com","Stellar Works","Consumer Goods","Medium-Small ($10MM-$50MM)","Medium (200-499)","Unaware","2026-05-14",1,1,""
"peak-hub.com","Peak Hub","Logistics and Supply Chain","Medium-Small ($10MM-$50MM)","Medium-Small (50-199)","Engaged","2026-08-01",88,4,"c23bdd776f5d201a6fead4b9821d2e8512087e01503372cec1cfa948613a0f39"
"acme-net.com","Acme Net","Manufacturing","Large ($100MM-$200MM)","Medium-Large (500-999)","Engaged","2026-05-30",103,6,"5011c86a2dff605c6020ecdb4855a132ce052a2a73d64565e792d69ef6165b75"
"acme-group.com","Acme Group","Automotive","Medium-Small ($10MM-$50MM)","Medium (200-499)","Unaware","2026-06-16",4,1,"534b71c6530d967c7db6444f098b911b8344ce92163498fa3b86c2ffb489fe33"
"blue-group.com","Blue Group","Retail","XXLarge ($1B+)","XXLarge (10,000+)","Engaged","2026-04-08",63,15,""
"cyber-inc.com","Cyber Inc","Automotive","Micro ($0-$1MM)","Micro (1-9)","Engaged","2026-08-14",18,11,"7cff46fb286536eb85f182ce8e58d0f183b9c837d60f76604f4387f3c1a3f4dd"
"clear-inc.com","Clear Inc","Health, Wellness and Fitness","Micro ($0-$1MM)","Micro (1-9)","Aware","2026-06-09",19,2,"ccfd630001c4a3dc6ca6a367a18f90083c87d19ddb8de2c917c39796edc852f7"
"cyber-hub.com","Cyber Hub","Automotive","Large ($100MM-$200MM)","Large (1,000-4,999)","Unaware","2026-06-24",1,1,"505eabf63232812138229321700bece1529b188373de3e4cbc801a4842c2e746"
"swift-solutions.com","Swift Solutions","Manufacturing","Micro ($0-$1MM)","Small (10-49)","Aware","2026-08-15",5,6,""
"blue-hub.com","Blue Hub","Marketing and Advertising","Small ($1MM-$10MM)","Small (10-49)","Unaware","2026-05-15",5,1,"a530a9cfcbf615945246c81239f6858d6df68d6127d0c988f35ccde2397ca923"
"atlas-cloud.com","Atlas Cloud","Retail","Large ($100MM-$200MM)","Medium-Large (500-999)","Unaware","2026-08-27",2,1,""
"iron-solutions.com","Iron Solutions","Entertainment","XLarge ($200MM-$1B)","Large (1,000-4,999)","Aware","2026-08-08",22,3,"952eceac303ade5ffacb560d8d9a3e732add104e63aa05b327f9cec1d41662ac"
"rapid-io.com","Rapid Io","Software / Information Technology","Large ($100MM-$200MM)","Large (1,000-4,999)","Aware","2026-04-19",17,3,"07b602b1087e0e9d4ce247a6f206df550aea02c7e47f43c43455a3e959b942d1"
"clear-solutions.com","Clear Solutions","Software / Information Technology","Large ($100MM-$200MM)","Large (1,000-4,999)","MQL","2026-04-11",92,14,"edfdd7ba0b8bd35c9edd0e012bf1c403d2c6f25e21f5110a2138561e2f1c3441"
"stellar-digital.com","Stellar Digital","Software / Information Technology","Large ($100MM-$200MM)","Large (1,000-4,999)","Engaged","2026-08-09",27,13,""
"vertex-corp.com","Vertex Corp","Marketing and Advertising","Micro ($0-$1MM)","Micro (1-9)","Engaged","2026-09-10",98,3,"79db675b4b2dfa0f03e8596771e27040b47102c05bc66a5e8e9b992ddb75dd9c"
"apex-hub.com","Apex Hub","Hospital & Health Care","Medium-Small ($10MM-$50MM)","Medium-Small (50-199)","Aware","2026-06-06",8,2,"68349ad0bbd0a864098cf85fc569a6d89e4be20b3b374c64d7cec7ad441479b9"
"clear-hub.com","Clear Hub","Manufacturing","Small ($1MM-$10MM)","Small (10-49)","Engaged","2026-06-05",31,13,""
"clear-corp.com","Clear Corp","Entertainment","Small ($1MM-$10MM)","Small (10-49)","Unaware","2026-09-08",5,1,"23185901f8226eda228d069c5f7f7052d0649d32a8889d15beff3419ebcf405e"
"nova-inc.com","Nova Inc","Financial Services","Micro ($0-$1MM)","Small (10-49)","Unaware","2026-04-20",3,1,""
"rapid-corp.com","Rapid Corp","Marketing and Advertising","XLarge ($200MM-$1B)","XLarge (5,000-10,000)","Engaged","2026-08-17",95,17,""
"cyber-labs.com","Cyber Labs","Manufacturing","Micro ($0-$1MM)","Micro (1-9)","Opportunity","2026-05-04",280,46,""
"atlas-works.com","Atlas Works","Education Management","Micro ($0-$1MM)","Small (10-49)","Unaware","2026-07-02",2,1,"3830c900e13e8c5c2de0c99aee127b7feef034a5b9d4e81b1ad9146ae1be10fb"
"stellar-tech.com","Stellar Tech","Logistics and Supply Chain","Medium-Small ($10MM-$50MM)","Medium (200-499)","Opportunity","2026-09-16",283,36,""
"stellar-cloud.com","Stellar Cloud","Marketing and Advertising","Small ($1MM-$10MM)","Medium-Small (50-199)","Aware","2026-04-10",14,3,"ff0b73812cc703b52788e32fa6659d45d80ca552424713d9ae3dd72c9a5a7c25"
"nova-solutions.com","Nova Solutions","Health, Wellness and Fitness","Medium-Large ($50MM-$100MM)","Medium-Large (500-999)","Unaware","2026-05-13",1,1,"25936d739f0d28714ffa2743987fe76fa74b54de9005debe714c2668508f8f13"
"clear-data.com","Clear Data","Marketing and Advertising","Small ($1MM-$10MM)","Medium-Small (50-199)","Engaged","2026-06-11",98,3,"042cb7edaa7330302035d974dd92c0b8b7c7824bcded70b07978540977124bf4"
"rapid-systems.com","Rapid Systems","Software / Information Technology","XLarge ($200MM-$1B)","XLarge (5,000-10,000)","Aware","2026-07-11",10,3,"6d05b177e4746a4b17e385ee9e0ee598f72fa17794608fd17cebaf02007314e0"
"green-cloud.com","Green Cloud","Marketing and Advertising","XLarge ($200MM-$1B)","Large (1,000-4,999)","Engaged","2026-08-27",73,13,""
"rapid-data.com","Rapid Data","Consumer Goods","Large ($100MM-$200MM)","Medium-Large (500-999)","Unaware","2026-06-26",4,1,"56c922b9ef6526f64be96eddcafe5b145d1f5a56ad4df04ca5ca9527cd5f3458"
"atlas-digital.com","Atlas Digital","Logistics and Supply Chain","Small ($1MM-$10MM)","Small (10-49)","Opportunity","2026-04-18",104,33,"65143769a445c2e4423efb2c0cd5b6ecd6bfc075389bbcb278d115dfc5b461a4"
"prime-data.com","Prime Data","Software / Information Technology","Small ($1MM-$10MM)","Small (10-49)","Unaware","2026-07-22",1,1,""
"global-cloud.com","Global Cloud","E-Learning","Micro ($0-$1MM)","Micro (1-9)","Unaware","2026-04-28",1,1,""
"smart-data.com","Smart Data","Software / Information Technology","Medium-Large ($50MM-$100MM)","Medium (200-499)","Opportunity","2026-06-19",79,46,""
"clear-digital.com","Clear Digital","Software / Information Technology","Large ($100MM-$200MM)","Medium-Large (500-999)","Unaware","2026-04-10",3,1,""
"swift-hub.com","Swift Hub","Software / Information Technology","Medium-Small ($10MM-$50MM)","Medium (200-499)","Unaware","2026-07-24",4,1,""
"rapid-solutions.com","Rapid Solutions","Insurance","XLarge ($200MM-$1B)","Large (1,000-4,999)","MQL","2026-08-04",108,23,""
"atlas-labs.com","Atlas Labs","Retail","Small ($1MM-$10MM)","Small (10-49)","Aware","2026-09-05",19,5,""
"nexus-digital.com","Nexus Digital","Logistics and Supply Chain","Medium-Large ($50MM-$100MM)","Medium-Large (500-999)","Engaged","2026-07-29",104,13,""
"clear-inc.com","Clear Inc","Education Management","Micro ($0-$1MM)","Micro (1-9)","Unaware","2026-04-06",4,1,""
"clear-group.com","Clear Group","Management Consulting","Small ($1MM-$10MM)","Medium-Small (50-199)","Aware","2026-04-05",3,4,""
"green-hub.com","Green Hub","Legal Services","Micro ($0-$1MM)","Micro (1-9)","Unaware","2026-08-24",5,1,""
"vertex-cloud.com","Vertex Cloud","Retail","Small ($1MM-$10MM)","Small (10-49)","Unaware","2026-07-24",3,1,"b626425f06e0117ee005b56b6ad9830cbcaad60c8ceff672fd82a3edd68a8a9c"
"cyber-labs.com","Cyber Labs","Automotive","Micro ($0-$1MM)","Micro (1-9)","Aware","2026-05-30",9,5,""
"global-works.com","Global Works","Insurance","Medium-Small ($10MM-$50MM)","Medium (200-499)","Engaged","2026-04-30",75,4,"052067438760086f338dde4cac57f4be3a5e9b431a966bad6a764c0ce765d2a7"
"smart-net.com","Smart Net","Marketing and Advertising","Medium-Small ($10MM-$50MM)","Medium (200-499)","Engaged","2026-03-28",26,15,""
"blue-media.com","Blue Media","Marketing and Advertising","Medium-Small ($10MM-$50MM)","Medium (200-499)","Unaware","2026-08-03",2,1,"808c6efdbba4247d5f0e37b95fd9f05fb6aa533826b004032fc4901bcad7604f"
"global-hub.com","Global Hub","Manufacturing","Small ($1MM-$10MM)","Medium-Small (50-199)","Unaware","2026-08-01",5,1,"e938caeabd21c8bf476bf28a5b46e08768c2566e267999bfe4a3c84fa41e5207"
"core-cloud.com","Core Cloud","Real Estate","Large ($100MM-$200MM)","Large (1,000-4,999)","Unaware","2026-06-15",3,1,"88463c7ffb78b118148632541e21a3fcd0c467f792e514333c562c338c76f37a"
"rapid-media.com","Rapid Media","E-Learning","Large ($100MM-$200MM)","Large (1,000-4,999)","Unaware","2026-06-04",5,1,"c0565306f3993896497c4a8bdd549c776ca77049ca777076ec1bd943afd929b8"
"rapid-solutions.com","Rapid Solutions","Health, Wellness and Fitness","Small ($1MM-$10MM)","Small (10-49)","Unaware","2026-05-17",1,1,"4b98b1b6935f7e6121d2fd1429396578cd36404027325fe89a5ad4b2bfe18c3e"
"stellar-tech.com","Stellar Tech","Manufacturing","Medium-Large ($50MM-$100MM)","Medium-Large (500-999)","Aware","2026-06-13",16,4,""
"acme-hub.com","Acme Hub","Software / Information Technology","Small ($1MM-$10MM)","Medium-Small (50-199)","Engaged","2026-08-04",107,3,"8255d39b5436ba17e736bcebfaa55e1b1c0b2b253c87d3b87dced1dd3e98fded"
"green-net.com","Green Net","Marketing and Advertising","Medium-Large ($50MM-$100MM)","Medium-Large (500-999)","Aware","2026-07-06",3,2,"0c8e08965991a0c561fa46f136de75c22321806b4a8f1b1784e283609c98e7fd"
"acme-cloud.com","Acme Cloud","Logistics and Supply Chain","Small ($1MM-$10MM)","Small (10-49)","Engaged","2026-06-21",76,8,"d0ab2b6e3405a19b356bdeac3213c186bca90874f0cab226020c846027d5f066"
"stellar-systems.com","Stellar Systems","Management Consulting","Large ($100MM-$200MM)","Medium-Large (500-999)","MQL","2026-05-04",41,8,"0dc8a83022509e59d23d47727d7e0179bbaf82968186840522c7bcd0a1da67af"
"vertex-hub.com","Vertex Hub","Hospital & Health Care","Micro ($0-$1MM)","Small (10-49)","Unaware","2026-03-29",1,1,""
"iron-cloud.com","Iron Cloud","Software / Information Technology","Medium-Small ($10MM-$50MM)","Medium (200-499)","Aware","2026-05-08",3,6,""
"rapid-systems.com","Rapid Systems","Telecommunications","Small ($1MM-$10MM)","Small (10-49)","Aware","2026-07-04",12,1,"b71d6ca9dd21d0119d7f83332ed0e51994b174da77e8658fbf308a153887bd83"
"core-group.com","Core Group","Education Management","Medium-Large ($50MM-$100MM)","Medium-Large (500-999)","Unaware","2026-08-30",2,1,"7339b14ca400f642c7ec1493aa4ec1a9e8725885f4ff05d3109bbe005a404f0a"
"bright-tech.com","Bright Tech","Software / Information Technology","Small ($1MM-$10MM)","Medium-Small (50-199)","Unaware","2026-09-18",2,1,"c5e6cfcdb169245eae0497b4090b72b73b64249241ff8b37246fb3764e478588"
"clear-digital.com","Clear Digital","Software / Information Technology","XLarge ($200MM-$1B)","XLarge (5,000-10,000)","Unaware","2026-09-21",3,1,""
"apex-systems.com","Apex Systems","Software / Information Technology","Large ($100MM-$200MM)","Large (1,000-4,999)","Unaware","2026-05-17",1,1,""
"global-group.com","Global Group","E-Learning","Small ($1MM-$10MM)","Small (10-49)","Unaware","2026-09-02",3,1,"308389308d3e590ef924a8d9a14818088790a6735da4b47e4762581148560d34"
"stellar-works.com","Stellar Works","Legal Services","Small ($1MM-$10MM)","Small (10-49)","Engaged","2026-07-13",106,18,""
"green-media.com","Green Media","Telecommunications","Medium-Small ($10MM-$50MM)","Medium (200-499)","Unaware","2026-07-23",4,1,""
"core-solutions.com","Core Solutions","Software / Information Technology","Small ($1MM-$10MM)","Small (10-49)","Opportunity","2026-07-14",383,20,"be192aad44a4678d9b9cd7bb4d91e9d2d6f540508d5d9d749ce9bc24e80ea371"
"iron-labs.com","Iron Labs","Marketing and Advertising","Small ($1MM-$10MM)","Small (10-49)","MQL","2026-05-08",42,8,"ad1befc35fc95777800362bf786010461bc12a99e53107da8ae99df5aadde4a1"
"blue-tech.com","Blue Tech","Retail","Small ($1MM-$10MM)","Medium-Small (50-199)","Engaged","2026-03-30",68,14,""
"blue-solutions.com","Blue Solutions","Hospital & Health Care","XXLarge ($1B+)","XXLarge (10,000+)","Unaware","2026-08-08",4,1,"f866f72fc566b9f12a44cad2e03c3526371a65b63e1a9de95380504331e6aabc"
"cyber-hub.com","Cyber Hub","Manufacturing","Medium-Large ($50MM-$100MM)","Medium (200-499)","Unaware","2026-07-02",2,1,""
"green-corp.com","Green Corp","Marketing and Advertising","Small ($1MM-$10MM)","Medium-Small (50-199)","MQL","2026-06-06",133,6,"75f6aafada83997f034cb5cd5608760da90b272bd872e99f08d08f9848fe1a86"
"global-digital.com","Global Digital","E-Learning","Micro ($0-$1MM)","Micro (1-9)","Aware","2026-04-03",6,5,""
"iron-hub.com","Iron Hub","Retail","Small ($1MM-$10MM)","Small (10-49)","Aware","2026-05-12",15,2,"69b71a0d1f3fc733fe78057f03be91b60abb95b95765c5137f1f0f197a33c532"
"stellar-works.com","Stellar Works","Insurance","Micro ($0-$1MM)","Micro (1-9)","Unaware","2026-07-14",5,1,"f0d7b1720e628803a350a5ada4fff1c3325387bb1a4a07c2fc77b7dd5eb9d83f"
"nexus-inc.com","Nexus Inc","Consumer Goods","Large ($100MM-$200MM)","Medium-Large (500-999)","Engaged","2026-09-07",56,5,"9f4a2e83ebd37be9f59ef2645d0a58bc862a57f57764423eade10a16ccae6f18"
"bright-io.com","Bright Io","Financial Services","Large ($100MM-$200MM)","Medium-Large (500-999)","Aware","2026-08-28",13,5,""
"bright-cloud.com","Bright Cloud","E-Learning","XLarge ($200MM-$1B)","XLarge (5,000-10,000)","Engaged","2026-04-10",73,10,"46bf37df3b7fb309f5b13aebe8f79415dcf7f747dd64dad0853e5acaf3004260"
"global-systems.com","Global Systems","Construction","Large ($100MM-$200MM)","Large (1,000-4,999)","Unaware","2026-06-07",4,1,""
"cyber-labs.com","Cyber Labs","Financial Services","Micro ($0-$1MM)","Small (10-49)","Unaware","2026-05-05",3,1,""
"apex-hub.com","Apex Hub","Automotive","Small ($1MM-$10MM)","Small (10-49)","Unaware","2026-07-31",1,1,""
"nova-io.com","Nova Io","Management Consulting","Micro ($0-$1MM)","Micro (1-9)","Unaware","2026-08-06",4,1,""
"cyber-group.com","Cyber Group","Retail","Micro ($0-$1MM)","Small (10-49)","Engaged","2026-09-14",80,11,"e9cf66a855dc0cee61c96677fb2e2fe5986ccb97386d786849f8f0ae9f1368fe"
"apex-corp.com","Apex Corp","Automotive","Medium-Small ($10MM-$50MM)","Medium-Small (50-199)","Engaged","2026-09-20",98,11,"898cda96405ecac000a6df7f7f3e150a840514cbcb2f4333c1d4fe91935afd96"
"apex-media.com","Apex Media","Logistics and Supply Chain","XLarge ($200MM-$1B)","XLarge (5,000-10,000)","Engaged","2026-06-16",96,13,""
"nexus-labs.com","Nexus Labs","Food & Beverages","Small ($1MM-$10MM)","Medium-Small (50-199)","Unaware","2026-07-10",4,1,"1a3825231f27f3c22bac256fd764afc9450c04379e489709b1503a5d1a885a08"
"nova-labs.com","Nova Labs","Logistics and Supply Chain","XXLarge ($1B+)","XXLarge (10,000+)","Unaware","2026-07-17",3,1,""
"green-cloud.com","Green Cloud","Marketing and Advertising","Large ($100MM-$200MM)","Medium-Large (500-999)","Aware","2026-07-26",21,1,"2b8d4642a8361efe918e2bd5dcf1dc303c787f91c5fbc25c18ab48a2d0b31f2b"
"core-cloud.com","Core Cloud","Financial Services","Medium-Small ($10MM-$50MM)","Medium (200-499)","Opportunity","2026-08-16",283,38,""
"stellar-net.com","Stellar Net","E-Learning","Micro ($0-$1MM)","Micro (1-9)","Unaware","2026-07-04",4,1,"bdabdfbfef1e096a437f768f43c6c5b941310e1a5b207444c5292d986849dd74"
"nova-works.com","Nova Works","Manufacturing","Small ($1MM-$10MM)","Small (10-49)","Aware","2026-05-16",16,3,"b8f9f8dfae59ccd06eaf506dd5c7c6794aa04ed15027ddbc79651722db8645fc"
"vertex-labs.com","Vertex Labs","E-Learning","Micro ($0-$1MM)","Small (10-49)","Engaged","2026-08-13",96,6,"f357b3feeff17ff427e180e9a5297e9a0b876d70d0d2b7ed49b8284dba92c5cc"
"apex-hub.com","Apex Hub","Food & Beverages","Small ($1MM-$10MM)","Medium-Small (50-199)","MQL","2026-08-27",50,6,"e244ad9b28a7a2f5f801d3cf00e93da3d4f1b977d9215181f3afd1340faa48f3"
"swift-cloud.com","Swift Cloud","E-Learning","Medium-Large ($50MM-$100MM)","Medium (200-499)","Engaged","2026-04-25",74,4,"a7cd3f93ef1d570f34e100db30a9a718189063eacce5b39d4329185fec79b047"
"swift-systems.com","Swift Systems","Software / Information Technology","Small ($1MM-$10MM)","Medium-Small (50-199)","Unaware","2026-09-06",2,1,"fe9ebce303138d8f0cdf3809172dcf6d3a9b60f7bc226714adbf758ed8d5b3be"
"nova-inc.com","Nova Inc","Marketing and Advertising","Medium-Large ($50MM-$100MM)","Medium-Large (500-999)","Unaware","2026-08-25",2,1,""
"iron-cloud.com","Iron Cloud","Entertainment","Micro ($0-$1MM)","Micro (1-9)","Unaware","2026-06-03",5,1,""
"swift-data.com","Swift Data","E-Learning","Micro ($0-$1MM)","Micro (1-9)","Aware","2026-08-21",13,4,""
"atlas-net.com","Atlas Net","Health, Wellness and Fitness","Medium-Small ($10MM-$50MM)","Medium (200-499)","Engaged","2026-06-23",100,3,"a53cf3cc8cd39ef716fd9bc920a86888f6fd5335d884acaad836653f642fd705"
"nexus-cloud.com","Nexus Cloud","Software / Information Technology","Micro ($0-$1MM)","Micro (1-9)","Engaged","2026-07-29",12,11,"4304a043552a14496cbb1390b9db812bea4241ffd654ec340bc4f579a8c99bf3"
"clear-solutions.com","Clear Solutions","Construction","Large ($100MM-$200MM)","Medium-Large (500-999)","Engaged","2026-06-09",10,10,"6fd2897bc84ad5dc9cdd2797330ceb8f43ed9cdadffc58f05028dd72a703f5f7"
"nexus-solutions.com","Nexus Solutions","Retail","Micro ($0-$1MM)","Micro (1-9)","Aware","2026-08-11",22,4,""
"green-tech.com","Green Tech","Financial Services","Medium-Small ($10MM-$50MM)","Medium (200-499)","Unaware","2026-04-11",1,1,"c1030a39173a72458ac9480b923f6466ea2e39a21a0a496acedb069e445ded24"
"atlas-hub.com","Atlas Hub","Real Estate","Small ($1MM-$10MM)","Small (10-49)","Unaware","2026-07-19",3,1,""
"vertex-corp.com","Vertex Corp","E-Learning","Medium-Large ($50MM-$100MM)","Medium-Large (500-999)","Unaware","2026-06-20",3,1,"131a413a29a15e9433c46679d2203b6b52bead76c15135271e1dd036876e2b0c"
"smart-net.com","Smart Net","E-Learning","Medium-Small ($10MM-$50MM)","Medium (200-499)","Unaware","2026-09-03",1,1,""
"swift-tech.com","Swift Tech","Entertainment","Micro ($0-$1MM)","Small (10-49)","Unaware","2026-07-17",5,1,""
"rapid-solutions.com","Rapid Solutions","Retail","Micro ($0-$1MM)","Small (10-49)","Aware","2026-08-11",12,2,"e547889f01de06ee5f76997c3fa290e17a97562b614112a0e8f74b853b87be20"
"clear-solutions.com","Clear Solutions","Legal Services","Medium-Large ($50MM-$100MM)","Medium-Large (500-999)","Unaware","2026-07-18",4,1,"b613c2eed35e7439e9911b586e4f354199bcbb950bec9c1af00843f6ed6c69df"
"clear-media.com","Clear Media","Retail","XLarge ($200MM-$1B)","Large (1,000-4,999)","Aware","2026-07-08",21,5,""
"vertex-hub.com","Vertex Hub","Software / Information Technology","Medium-Small ($10MM-$50MM)","Medium (200-499)","Opportunity","2026-08-25",308,39,""
"atlas-works.com","Atlas Works","Software / Information Technology","Micro ($0-$1MM)","Micro (1-9)","Unaware","2026-08-14",1,1,""
"green-systems.com","Green Systems","Logistics and Supply Chain","Micro ($0-$1MM)","Micro (1-9)","Aware","2026-07-31",12,5,""
"swift-media.com","Swift Media","Consumer Goods","XLarge ($200MM-$1B)","Large (1,000-4,999)","Aware","2026-07-20",4,1,"7db4bfe46795b28630a6c2d17f2af4765bf532d4142e5039c9875030d4acbfba"
"stellar-net.com","Stellar Net","Insurance","Small ($1MM-$10MM)","Medium-Small (50-199)","Aware","2026-04-09",11,1,"46f75d35f652a938b2a0cd214b88a9f03623ad7eda0b2baa5efb7937c8d401a5"
"vertex-digital.com","Vertex Digital","Telecommunications","Large ($100MM-$200MM)","Medium-Large (500-999)","Aware","2026-09-23",10,6,""
"core-corp.com","Core Corp","Manufacturing","XLarge ($200MM-$1B)","Large (1,000-4,999)","Engaged","2026-05-23",94,15,""
"prime-inc.com","Prime Inc","Marketing and Advertising","Micro ($0-$1MM)","Micro (1-9)","Unaware","2026-07-15",2,1,"d59cee9d597d5b919314f948f90228240b084df1f9fdb3856f9dded2ca84881c"
"rapid-solutions.com","Rapid Solutions","Consumer Goods","Medium-Large ($50MM-$100MM)","Medium (200-499)","Unaware","2026-07-20",4,1,"3972b6d807100cb63cc383059c2776221c6d74f36ae1bdc821cd622b877008dc"
"apex-works.com","Apex Works","Insurance","Large ($100MM-$200MM)","Medium-Large (500-999)","Unaware","2026-06-30",3,1,""
"bright-tech.com","Bright Tech","Software / Information Technology","Small ($1MM-$10MM)","Small (10-49)","Aware","2026-08-29",20,5,""
"rapid-works.com","Rapid Works","Telecommunications","Medium-Large ($50MM-$100MM)","Medium-Large (500-999)","Unaware","2026-06-28",5,1,"04163db4c657109e565a5b8198ecba54d829b49e0bc58863f8564fee2dfb24b1"
"green-solutions.com","Green Solutions","Financial Services","Micro ($0-$1MM)","Micro (1-9)","Aware","2026-05-10",22,5,""
"green-hub.com","Green Hub","Marketing and Advertising","Medium-Small ($10MM-$50MM)","Medium-Small (50-199)","Engaged","2026-06-06",73,15,""
"blue-media.com","Blue Media","Marketing and Advertising","Medium-Small ($10MM-$50MM)","Medium (200-499)","Opportunity","2026-05-23",118,40,""
"global-group.com","Global Group","Legal Services","Medium-Small ($10MM-$50MM)","Medium-Small (50-199)","Aware","2026-07-01",15,4,"c8d0fd4c469bd6d61be90d546f30de6b5968965353400e105e6a2e56d3705134"
"iron-solutions.com","Iron Solutions","Marketing and Advertising","Small ($1MM-$10MM)","Small (10-49)","Unaware","2026-04-05",2,1,""
"peak-works.com","Peak Works","Software / Information Technology","Medium-Small ($10MM-$50MM)","Medium-Small (50-199)","Aware","2026-04-24",3,3,"c95bd86d845e398b450a797a6a8957e24c328331d4b1293c3b8437947f62a28c"
"atlas-corp.com","Atlas Corp","Manufacturing","XLarge ($200MM-$1B)","XLarge (5,000-10,000)","Unaware","2026-08-01",3,1,"b8fd9971f5b6bceb02669c550781a0e39af7a2a3179bd1a11023e4a21a9c5dcb"
"acme-group.com","Acme Group","E-Learning","Medium-Small ($10MM-$50MM)","Medium (200-499)","Aware","2026-07-28",3,2,"6b450f35393becbff156c93dc4e9ffdfbfa5124b5bf8a5f0cc2b64b25f4e0269"
"stellar-works.com","Stellar Works","Software / Information Technology","Medium-Large ($50MM-$100MM)","Medium (200-499)","Unaware","2026-05-27",4,1,""
"swift-data.com","Swift Data","Consumer Goods","Small ($1MM-$10MM)","Medium-Small (50-199)","Unaware","2026-04-17",3,1,""
"iron-net.com","Iron Net","E-Learning","Medium-Small ($10MM-$50MM)","Medium (200-499)","Engaged","2026-05-04",45,15,""
"blue-solutions.com","Blue Solutions","Financial Services","Medium-Large ($50MM-$100MM)","Medium (200-499)","Unaware","2026-07-30",1,1,""
"rapid-inc.com","Rapid Inc","Food & Beverages","Small ($1MM-$10MM)","Medium-Small (50-199)","Aware","2026-05-18",14,5,""
"rapid-corp.com","Rapid Corp","Logistics and Supply Chain","Small ($1MM-$10MM)","Small (10-49)","Engaged","2026-04-16",100,18,""
"blue-solutions.com","Blue Solutions","Software / Information Technology","Medium-Large ($50MM-$100MM)","Medium-Large (500-999)","Opportunity","2026-07-26",333,19,"ac566898ac25eb91bbfe7042ee22f9370a16a6051c2b5e13b282c93dae9261c0"
"blue-io.com","Blue Io","Retail","Micro ($0-$1MM)","Micro (1-9)","Aware","2026-07-26",20,6,""
"prime-hub.com","Prime Hub","Legal Services","Small ($1MM-$10MM)","Small (10-49)","Unaware","2026-07-04",4,1,"5679ef9c5c773948b2f593ce99301af2dc858266f6fc2217d6606f1daa0da4fc"
"rapid-systems.com","Rapid Systems","Software / Information Technology","Medium-Small ($10MM-$50MM)","Medium (200-499)","Engaged","2026-05-03",104,14,""
"green-net.com","Green Net","Marketing and Advertising","Medium-Small ($10MM-$50MM)","Medium (200-499)","Opportunity","2026-07-14",71,44,""
"core-tech.com","Core Tech","Automotive","XXLarge ($1B+)","XXLarge (10,000+)","Engaged","2026-09-20",16,12,""
"cyber-digital.com","Cyber Digital","Insurance","Medium-Large ($50MM-$100MM)","Medium-Large (500-999)","Engaged","2026-04-08",59,6,"aa944b80d7aaf2f1cbd3d5f4745a5c338a78679b2efe5fef715e2934a92d1409"
"clear-cloud.com","Clear Cloud","Telecommunications","XXLarge ($1B+)","XXLarge (10,000+)","MQL","2026-04-18",180,26,""
"rapid-systems.com","Rapid Systems","Entertainment","XLarge ($200MM-$1B)","XLarge (5,000-10,000)","Aware","2026-07-20",11,1,"f2128a10a6658669e6aa84134ff67bf2a317d2e5bdac5eae856a39027896784d"
"core-corp.com","Core Corp","Software / Information Technology","Medium-Small ($10MM-$50MM)","Medium (200-499)","Aware","2026-05-16",19,4,""
"nexus-cloud.com","Nexus Cloud","Legal Services","Medium-Large ($50MM-$100MM)","Medium (200-499)","Unaware","2026-08-15",2,1,"4d38c91869cfac950fa897508b5c2bce24eb0b84df540b62de51b5a4c8b283f3"
"iron-works.com","Iron Works","Food & Beverages","Large ($100MM-$200MM)","Large (1,000-4,999)","Aware","2026-05-02",13,1,"9ec8a873f493f84b4a3d18990e72a39adfb51a387e6487e0d0614a610d0a838b"
"clear-hub.com","Clear Hub","Marketing and Advertising","Small ($1MM-$10MM)","Small (10-49)","Engaged","2026-08-24",52,15,""
"atlas-tech.com","Atlas Tech","Marketing and Advertising","XLarge ($200MM-$1B)","Large (1,000-4,999)","MQL","2026-08-17",46,5,"65516acdc738f33afe56aed722e4d79d412f8a51ad2587e3fc775d8b6997ac62"
"acme-solutions.com","Acme Solutions","E-Learning","Small ($1MM-$10MM)","Small (10-49)","Aware","2026-08-04",21,4,""
"atlas-group.com","Atlas Group","Consumer Goods","XXLarge ($1B+)","XXLarge (10,000+)","MQL","2026-08-25",145,27,""
"peak-group.com","Peak Group","Manufacturing","Medium-Large ($50MM-$100MM)","Medium (200-499)","Unaware","2026-03-29",2,1,"4234abc1fff1f273538609a23601e7c01d76dfc37e9eb708e72bad43c6bc2169"
"nova-works.com","Nova Works","Marketing and Advertising","Micro ($0-$1MM)","Micro (1-9)","Unaware","2026-09-21",4,1,""
"stellar-group.com","Stellar Group","Real Estate","Micro ($0-$1MM)","Small (10-49)","Unaware","2026-09-16",4,1,"908287f4f8469c28a9abd5420d9b002dd7d61a02fe9d98e8233f6f873f21a868"
"apex-data.com","Apex Data","Retail","Medium-Large ($50MM-$100MM)","Medium-Large (500-999)","Aware","2026-07-17",8,2,"93110fbdd7bbb53f3a58370cfd06fd4bfe61615db5a95329392673bbff1709fd"
"cyber-group.com","Cyber Group","Financial Services","Small ($1MM-$10MM)","Small (10-49)","Unaware","2026-07-25",1,1,"1f4bc99cf3b7ae7d925dc595a40380b8121395100924e3e901374622e20511d0"
"smart-net.com","Smart Net","Financial Services","Large ($100MM-$200MM)","Large (1,000-4,999)","Unaware","2026-09-16",3,1,"9d8bf6f560f42210a30cd55e6b67c2ad2bb8663cc0657399c2687df527fb8e22"
"apex-corp.com","Apex Corp","Software / Information Technology","Micro ($0-$1MM)","Micro (1-9)","Unaware","2026-08-22",4,1,""
"bright-net.com","Bright Net","Consumer Goods","Small ($1MM-$10MM)","Small (10-49)","Unaware","2026-07-02",1,1,"286606c46fefc9e0c5ba72784005b235599b6d38a022bede161075716a9b1fb4"
"swift-systems.com","Swift Systems","E-Learning","Large ($100MM-$200MM)","Large (1,000-4,999)","Aware","2026-04-09",14,3,"2643ccde2fd421e95dbeb74c22eb3381b53850e2e4e68470d6a6d22a8d362063"
"blue-corp.com","Blue Corp","Software / Information Technology","Micro ($0-$1MM)","Micro (1-9)","Engaged","2026-06-18",65,12,"f9155db27f13aadb4fb4ef1544ef35faf2c2a0757c46fb0d1be77c98af648e17"
"nexus-data.com","Nexus Data","Retail","Medium-Small ($10MM-$50MM)","Medium (200-499)","Engaged","2026-04-18",26,4,"216de989cb739903825d74009fe622faf39f263db65b855c6945c49fcc3e7b69"
"peak-net.com","Peak Net","Software / Information Technology","Medium-Small ($10MM-$50MM)","Medium (200-499)","Aware","2026-07-01",8,5,""
"core-io.com","Core Io","E-Learning","Micro ($0-$1MM)","Small (10-49)","Engaged","2026-07-22",68,6,"dce6efb8cf5585cb50af2b958ecb7313100f07a03a8d23a0c175249161142f96"
"global-hub.com","Global Hub","Marketing and Advertising","Medium-Large ($50MM-$100MM)","Medium-Large (500-999)","Engaged","2026-07-10",59,18,""
"apex-cloud.com","Apex Cloud","Health, Wellness and Fitness","Medium-Small ($10MM-$50MM)","Medium (200-499)","Aware","2026-03-29",15,4,"41c69a7c6f147d0c1a40da66571f2a67a21155f6ac9cd8c675017dbb28d7ef99"
"peak-data.com","Peak Data","Logistics and Supply Chain","Medium-Large ($50MM-$100MM)","Medium-Large (500-999)","Aware","2026-03-30",3,1,"427b306942869b81192fc494bafa3c04f227e9d494fbac52ab492912ea67273a"
"prime-inc.com","Prime Inc","Health, Wellness and Fitness","Medium-Large ($50MM-$100MM)","Medium (200-499)","MQL","2026-09-22",130,12,"60b83958d2f500b7ea26b2462b24b7fb7e4f53a59ce34f07a94972ef936c9db0"
"apex-data.com","Apex Data","Automotive","Medium-Small ($10MM-$50MM)","Medium (200-499)","Engaged","2026-09-13",60,13,""
"clear-tech.com","Clear Tech","Software / Information Technology","Small ($1MM-$10MM)","Medium-Small (50-199)","Engaged","2026-07-29",106,11,"a10ea9491cef9838b100a204948540321001a07cdb54523628790265e261bdef"
"clear-tech.com","Clear Tech","Logistics and Supply Chain","Medium-Large ($50MM-$100MM)","Medium-Large (500-999)","Aware","2026-08-05",9,6,""
"iron-systems.com","Iron Systems","Management Consulting","Medium-Small ($10MM-$50MM)","Medium (200-499)","Aware","2026-05-14",4,4,"3f807ec1802a09d06555b12c4a871ffe9bd8318f29bb9b9710ae2177cedc453d"
"nexus-digital.com","Nexus Digital","Retail","Micro ($0-$1MM)","Small (10-49)","MQL","2026-05-11",102,18,"811c8a2e323f405a47f542fff195e3fa58fe9b3525c50f1de5fa6ebbde0b6193"
"atlas-systems.com","Atlas Systems","Retail","Small ($1MM-$10MM)","Medium-Small (50-199)","Unaware","2026-06-25",5,1,"da7996792b8ab6c5cd0bd0dbd4395e354a0d9c8e2006a93fe3a0d668e620d409"
"swift-solutions.com","Swift Solutions","Marketing and Advertising","Micro ($0-$1MM)","Micro (1-9)","Aware","2026-08-02",11,2,"d1543953c1fd30d1733a7107cde40493d4c88ed9a56be922adc7570373e008c2"
"apex-io.com","Apex Io","Hospital & Health Care","Medium-Large ($50MM-$100MM)","Medium (200-499)","Aware","2026-09-08",18,5,""
"blue-systems.com","Blue Systems","E-Learning","Large ($100MM-$200MM)","Large (1,000-4,999)","Opportunity","2026-04-23",398,21,"7ca6403c809998e070c1e6ad564e7af8808fef06acfeae4499f37600b96dab21"
"nova-hub.com","Nova Hub","Management Consulting","Small ($1MM-$10MM)","Medium-Small (50-199)","Unaware","2026-07-21",3,1,""
"green-data.com","Green Data","Health, Wellness and Fitness","Small ($1MM-$10MM)","Small (10-49)","Aware","2026-06-26",3,4,""
"vertex-corp.com","Vertex Corp","E-Learning","Small ($1MM-$10MM)","Medium-Small (50-199)","Opportunity","2026-08-21",64,28,"049ad89495a6c1eedca712ee2e59c5f715fd5991128d82353cce663cc69c099e"
"rapid-media.com","Rapid Media","Software / Information Technology","Micro ($0-$1MM)","Micro (1-9)","Engaged","2026-05-03",63,10,"6e47fccea04338be6890fed0c628c6cf104cb09ba46ab82941d996f81b3ee0bb"
"nova-tech.com","Nova Tech","Marketing and Advertising","Medium-Small ($10MM-$50MM)","Medium-Small (50-199)","Unaware","2026-07-19",1,1,""
"acme-digital.com","Acme Digital","Food & Beverages","XXLarge ($1B+)","XXLarge (10,000+)","Unaware","2026-08-28",2,1,"d5ea4f7d6ed85ff8ebe6670217b313c135a9f38e0ac570bb0e9da8f5d7363278"
"bright-hub.com","Bright Hub","Marketing and Advertising","Medium-Small ($10MM-$50MM)","Medium (200-499)","Unaware","2026-07-10",3,1,""
"nova-solutions.com","Nova Solutions","Telecommunications","Large ($100MM-$200MM)","Large (1,000-4,999)","Aware","2026-08-30",6,6,""
"peak-io.com","Peak Io","E-Learning","Micro ($0-$1MM)","Micro (1-9)","MQL","2026-06-15",192,6,"106adb8491e4b181646195713705413e3a692aab063522f9e2d2723645cad705"
"stellar-media.com","Stellar Media","Retail","Small ($1MM-$10MM)","Small (10-49)","Unaware","2026-03-28",4,1,""
"blue-inc.com","Blue Inc","Automotive","Large ($100MM-$200MM)","Medium-Large (500-999)","Unaware","2026-09-10",1,1,"d5517df625e7928f88acf33aeb3039431c33566d05c13ffa681fa20cf5688e47"
"blue-solutions.com","Blue Solutions","Management Consulting","Small ($1MM-$10MM)","Medium-Small (50-199)","Aware","2026-04-14",3,3,"47f1ff736012fba54849e3598de856c66dc433672c04e61e024d9dbbd9f364e8"
"blue-labs.com","Blue Labs","Marketing and Advertising","XLarge ($200MM-$1B)","Large (1,000-4,999)","Unaware","2026-03-30",2,1,""
"rapid-inc.com","Rapid Inc","Financial Services","Micro ($0-$1MM)","Small (10-49)","Aware","2026-07-21",16,4,"d6693b638de6621aa6258d6547125b7610d8eef54a92a8c565e72680b3e8c7e6"
"swift-tech.com","Swift Tech","Software / Information Technology","Medium-Large ($50MM-$100MM)","Medium-Large (500-999)","Unaware","2026-07-04",2,1,""
"stellar-labs.com","Stellar Labs","Automotive","Small ($1MM-$10MM)","Medium-Small (50-199)","Engaged","2026-09-05",44,15,""
"green-media.com","Green Media","Marketing and Advertising","Medium-Large ($50MM-$100MM)","Medium (200-499)","Engaged","2026-07-22",43,4,"10eeba6b37ab99fcf06e7d2baba43ff3eb0067f15e296c079292ee1bb5adbd22"
"stellar-data.com","Stellar Data","Financial Services","Small ($1MM-$10MM)","Small (10-49)","Opportunity","2026-08-19",258,34,""
"prime-cloud.com","Prime Cloud","Software / Information Technology","Medium-Small ($10MM-$50MM)","Medium (200-499)","Engaged","2026-05-23",43,16,""
"cyber-io.com","Cyber Io","Marketing and Advertising","Medium-Small ($10MM-$50MM)","Medium (200-499)","Aware","2026-06-06",18,4,"544aace4c7bdb5c76107b32fd14a99d3707bf44f509a19a822c50c43cea1af4f"
"smart-tech.com","Smart Tech","E-Learning","Medium-Large ($50MM-$100MM)","Medium (200-499)","MQL","2026-05-25",190,13,"37bf0bea6cb00dab8504c3e3f178fcf7ed45f618d984a79cf6ad19e4f555c575"
"acme-digital.com","Acme Digital","Manufacturing","Medium-Large ($50MM-$100MM)","Medium (200-499)","Engaged","2026-04-01",50,7,"a1a2fb5f98d2e51487b2b0ccedb52e2d4a5b3418f001974af4f9fa1497a2dfbc"
"prime-hub.com","Prime Hub","Financial Services","Small ($1MM-$10MM)","Medium-Small (50-199)","Unaware","2026-08-20",5,1,"e5f71364a066975cd356b5a6fde60de22c0613ed3d3b1342d2e227299cf6d612"
"peak-works.com","Peak Works","Hospital & Health Care","Medium-Small ($10MM-$50MM)","Medium (200-499)","MQL","2026-07-21",130,30,""
"atlas-group.com","Atlas Group","Health, Wellness and Fitness","Small ($1MM-$10MM)","Medium-Small (50-199)","Engaged","2026-06-30",77,5,"82eee1622df11d0072d3eeb794219a03937b4950324962e42989c5d92007e608"
"iron-tech.com","Iron Tech","Software / Information Technology","Medium-Small ($10MM-$50MM)","Medium (200-499)","Aware","2026-07-02",4,4,"3f96df693aa80b5fe304605fb5c3fb32ed3f1523aba0e58e8dd6d215c7b63eef"
"green-corp.com","Green Corp","Health, Wellness and Fitness","Micro ($0-$1MM)","Micro (1-9)","Unaware","2026-09-11",1,1,""
"swift-works.com","Swift Works","Software / Information Technology","Micro ($0-$1MM)","Micro (1-9)","Engaged","2026-06-20",62,12,""
"atlas-cloud.com","Atlas Cloud","Legal Services","Small ($1MM-$10MM)","Medium-Small (50-199)","Unaware","2026-07-06",2,1,"068ab4dcc8ba3c5b6fdbecf7f2680906e5abe3e9f68aa948955dba3cb9be0e0b"
"prime-works.com","Prime Works","Software / Information Technology","Medium-Small ($10MM-$50MM)","Medium (200-499)","Unaware","2026-09-15",3,1,"9e19bb1433cc9b8c2e85213d14772b059206828c163dcd3977b5cfc2d0a56db8"
"peak-solutions.com","Peak Solutions","Logistics and Supply Chain","Medium-Large ($50MM-$100MM)","Medium-Large (500-999)","MQL","2026-04-29",124,23,""
"vertex-works.com","Vertex Works","Marketing and Advertising","XLarge ($200MM-$1B)","XLarge (5,000-10,000)","Engaged","2026-06-19",14,5,"f6ca5c46978aeda219abeda6007338ac7e026672588576169844ce8338f06adb"
"nova-inc.com","Nova Inc","Hospital & Health Care","Medium-Small ($10MM-$50MM)","Medium (200-499)","Unaware","2026-04-24",4,1,""
"vertex-hub.com","Vertex Hub","Hospital & Health Care","Small ($1MM-$10MM)","Small (10-49)","Unaware","2026-05-05",1,1,""
"green-corp.com","Green Corp","Manufacturing","Medium-Large ($50MM-$100MM)","Medium-Large (500-999)","Engaged","2026-09-02",44,7,"ec439af95c356f801ca86f7b300cc6ab69fea5764b6b1290a90dd783c954f083"
"core-inc.com","Core Inc","Marketing and Advertising","XXLarge ($1B+)","XXLarge (10,000+)","Aware","2026-07-25",16,4,"5a98b4b3d8d68c4e6b019fbfd25dabe73ef0cd9232ac3e108aecbbbe624c2bb4"
"peak-media.com","Peak Media","Health, Wellness and Fitness","Large ($100MM-$200MM)","Medium-Large (500-999)","Aware","2026-08-12",6,1,"07af3b51a99b866a3cdfa6bf197e040034696d62c71df69a18f234aeeae4c8b8"
"iron-data.com","Iron Data","Software / Information Technology","Medium-Small ($10MM-$50MM)","Medium (200-499)","Unaware","2026-06-02",1,1,"1d2318b8eb7fdb0d775b35fdfbd7c19e1da07f176fba8b42bed82a3d5afebc97"
"prime-media.com","Prime Media","Software / Information Technology","Medium-Large ($50MM-$100MM)","Medium-Large (500-999)","Aware","2026-08-23",18,5,""
"smart-digital.com","Smart Digital","Legal Services","Micro ($0-$1MM)","Micro (1-9)","Unaware","2026-04-13",1,1,""
"prime-solutions.com","Prime Solutions","Retail","Small ($1MM-$10MM)","Small (10-49)","Engaged","2026-09-20",44,11,"778f2fc2b7eba5cfd41bb153b0f5387f15ca9b6677b483401185c8ef6e326bb3"
"swift-data.com","Swift Data","Logistics and Supply Chain","Medium-Small ($10MM-$50MM)","Medium (200-499)","MQL","2026-08-03",122,12,"512f8836e91fa04dfd7de3e0cfcb82bc5898f301519aacafcb85b60ae3a8e27d"
"clear-tech.com","Clear Tech","E-Learning","Micro ($0-$1MM)","Micro (1-9)","Opportunity","2026-09-11",418,29,"fe19e57c39812794df582122cbacc5c07cd24a75d5b306423c27af39ba275431"
"acme-digital.com","Acme Digital","Health, Wellness and Fitness","Small ($1MM-$10MM)","Medium-Small (50-199)","Aware","2026-08-28",9,3,"bbd674d395c401c5e834288e443b1eed520c5d36a158ad1a04222d3a311d3c79"
"green-tech.com","Green Tech","Health, Wellness and Fitness","Small ($1MM-$10MM)","Medium-Small (50-199)","Aware","2026-08-17",21,5,""
"prime-io.com","Prime Io","Real Estate","Micro ($0-$1MM)","Micro (1-9)","Unaware","2026-09-01",2,1,"5b04b69dde224d98706ab51f02c461ecfad8d73e2179d860637bfa53e03841b4"
"swift-solutions.com","Swift Solutions","Education Management","Medium-Small ($10MM-$50MM)","Medium-Small (50-199)","Opportunity","2026-06-27",284,14,"073d409096169fdc9d25352907a6f671b094638e70d1c3db8111f536c3d9210f"
"clear-solutions.com","Clear Solutions","Automotive","XXLarge ($1B+)","XXLarge (10,000+)","Unaware","2026-06-30",2,1,"fa980aa0f878556e92a0d7750d24055c48a4a2fcb61979bbe504e9f7a19a4419"
"nexus-systems.com","Nexus Systems","Manufacturing","Micro ($0-$1MM)","Micro (1-9)","Engaged","2026-06-12",39,11,"fe364fd4f7844e8365d926961395fd5254dbee1028720f7b37cef562d5178b46"
"bright-tech.com","Bright Tech","Insurance","Large ($100MM-$200MM)","Large (1,000-4,999)","Aware","2026-03-30",15,3,"89be8da6367c9f92ada09ba1270f114a00a0081f039baf1746a5ea392cc077d6"
"nexus-tech.com","Nexus Tech","Retail","Medium-Small ($10MM-$50MM)","Medium (200-499)","Unaware","2026-08-22",5,1,"92f18dc2120a171a6b5400f3c5a25ca8950a336c2e1d776a9f8a68b6f37da43f"
"vertex-cloud.com","Vertex Cloud","Retail","Small ($1MM-$10MM)","Medium-Small (50-199)","Unaware","2026-08-17",1,1,"3ddafc2c96ef47dcf4e4bed4815655d7ccdd407e5928188a8de2d35beb6c2810"
"acme-hub.com","Acme Hub","Manufacturing","Micro ($0-$1MM)","Micro (1-9)","Aware","2026-06-02",11,4,""
"atlas-hub.com","Atlas Hub","Telecommunications","Small ($1MM-$10MM)","Small (10-49)","Unaware","2026-04-11",2,1,"e33e1d953fc1dfcc718ea53b85e1742c5b174e6715d3eae1da57fd5e825d4fb0"
"core-data.com","Core Data","Insurance","Medium-Small ($10MM-$50MM)","Medium (200-499)","Engaged","2026-06-03",82,9,"d8b6fea181431687c47736606c65cd26abba2a393553bb6de4d9cf20bcafea46"
"core-systems.com","Core Systems","Marketing and Advertising","Micro ($0-$1MM)","Micro (1-9)","Unaware","2026-04-18",4,1,"25ed4a47f920e2560da402b96e953892a70a737f17c15f2b3b98598544957217"
"nova-io.com","Nova Io","Health, Wellness and Fitness","Large ($100MM-$200MM)","Large (1,000-4,999)","Engaged","2026-09-19",52,13,""
"green-works.com","Green Works","Marketing and Advertising","Small ($1MM-$10MM)","Small (10-49)","Aware","2026-04-30",21,4,"05dd98594a94aa2e860e2deb8e9e439777277cfb246f2540417816e4af1eb910"
"stellar-cloud.com","Stellar Cloud","Legal Services","Medium-Large ($50MM-$100MM)","Medium (200-499)","Engaged","2026-04-08",41,12,"0dcc32ad460a25809be0aac943ed1cb5a739631eb8d00a14ddbc04654be2c902"
"apex-systems.com","Apex Systems","Health, Wellness and Fitness","Micro ($0-$1MM)","Small (10-49)","Aware","2026-06-17",22,3,"7b7f059c1373ed2d621f0567ef84f0c90fce06474aac8d598f1010e2e9086a0c"
"core-labs.com","Core Labs","Financial Services","Medium-Small ($10MM-$50MM)","Medium-Small (50-199)","Aware","2026-08-25",14,1,"d9522797ac7dd1a455091a2c9b9e78325828801a77c0133552c651991543e995"
"swift-net.com","Swift Net","Real Estate","Micro ($0-$1MM)","Micro (1-9)","Unaware","2026-04-27",3,1,""
"core-inc.com","Core Inc","Construction","Medium-Small ($10MM-$50MM)","Medium (200-499)","Aware","2026-09-01",7,5,""
"rapid-cloud.com","Rapid Cloud","Food & Beverages","XXLarge ($1B+)","XXLarge (10,000+)","Unaware","2026-04-22",3,1,""
"nexus-systems.com","Nexus Systems","Logistics and Supply Chain","Small ($1MM-$10MM)","Small (10-49)","MQL","2026-05-19",78,5,"3901a8e65e8745c4b4fd49575f376870d1cf9de74b0e9e1e4e710863f57801b0"
"vertex-systems.com","Vertex Systems","Logistics and Supply Chain","Micro ($0-$1MM)","Micro (1-9)","Unaware","2026-04-13",3,1,"18cfa39752c2a4036d83358de8c283069522f72b9d30aea3c276d3cd857aba91"
"clear-works.com","Clear Works","Software / Information Technology","Medium-Large ($50MM-$100MM)","Medium-Large (500-999)","Aware","2026-04-25",11,2,"352c9f1c808a50496b687d0ffc5111fba73c3ba7ed64849893af193bb1926db8"
"smart-corp.com","Smart Corp","Legal Services","Medium-Small ($10MM-$50MM)","Medium (200-499)","Unaware","2026-07-31",5,1,"f482630f988decf3f387f88c631c7db640b34153ed1545c9fa1d52b3c75344b0"
"atlas-solutions.com","Atlas Solutions","Legal Services","Large ($100MM-$200MM)","Medium-Large (500-999)","Opportunity","2026-09-06",194,49,""
"swift-corp.com","Swift Corp","Hospital & Health Care","Small ($1MM-$10MM)","Medium-Small (50-199)","MQL","2026-05-25",49,16,"633ad2d260b1a139b12f013f0400fd946ac040855adbc1670ca6a5d575988dfb"
"atlas-inc.com","Atlas Inc","Marketing and Advertising","Micro ($0-$1MM)","Micro (1-9)","Aware","2026-07-15",14,1,"fa8084c0c213fcbaab48b05176f9a95ac9cffb943d75a909e73943a73c42a6ee"
"apex-group.com","Apex Group","Logistics and Supply Chain","Micro ($0-$1MM)","Micro (1-9)","Unaware","2026-06-04",2,1,""
"green-corp.com","Green Corp","Construction","Micro ($0-$1MM)","Small (10-49)","Aware","2026-04-02",19,2,"bd6f4da1fe0630610e23e5e988e3c1ad3ef1cff302c5cccdd57047908dd50c09"
"rapid-corp.com","Rapid Corp","Entertainment","Micro ($0-$1MM)","Small (10-49)","Engaged","2026-06-22",67,7,"ff7e92b9270e9d44ad2c7535094320344c536ece28cecb6efe3e132eff4ae9ae"
"iron-media.com","Iron Media","Marketing and Advertising","XXLarge ($1B+)","XXLarge (10,000+)","MQL","2026-08-16",118,13,"467c8737c5315f8fcd175af297098c6d9dfd20758d4d777961d1c45426af868c"
"apex-digital.com","Apex Digital","Retail","XXLarge ($1B+)","XXLarge (10,000+)","Unaware","2026-04-21",5,1,""
"swift-net.com","Swift Net","Telecommunications","Medium-Small ($10MM-$50MM)","Medium (200-499)","Aware","2026-07-13",11,4,""
"clear-labs.com","Clear Labs","Financial Services","XLarge ($200MM-$1B)","Large (1,000-4,999)","Engaged","2026-03-31",10,14,""
"smart-tech.com","Smart Tech","Entertainment","Small ($1MM-$10MM)","Medium-Small (50-199)","Aware","2026-06-12",18,3,"954ba09e025837e9e37110dbd432c5cd262332ae98e100565a06745ed79bfeb5"
"peak-digital.com","Peak Digital","Software / Information Technology","Medium-Large ($50MM-$100MM)","Medium-Large (500-999)","Unaware","2026-04-14",3,1,"23c91627b93f8de77c67fed83069ff4f74819ad7cce6fa6f0f79dc3cff2b1321"
"peak-hub.com","Peak Hub","Education Management","Medium-Large ($50MM-$100MM)","Medium-Large (500-999)","Aware","2026-08-02",15,6,""
"atlas-hub.com","Atlas Hub","Software / Information Technology","Micro ($0-$1MM)","Micro (1-9)","Unaware","2026-04-13",1,1,"77d5ba5856e553084a7ef88c91a2e0399baad1eb2c5a172df996282868ec65e5"
"acme-labs.com","Acme Labs","Health, Wellness and Fitness","Small ($1MM-$10MM)","Small (10-49)","Aware","2026-08-14",11,4,"6ae4bed9323cf6e26b393e4a8d3b54a7ec7834b442cb9bec142735737f9f9c6c"
"rapid-systems.com","Rapid Systems","Health, Wellness and Fitness","Small ($1MM-$10MM)","Small (10-49)","Engaged","2026-04-29",87,9,"63237d0cf134f50f72c8747da2c2d6d9a2f2efc08bffa350194cc786a9daa38c"
"bright-solutions.com","Bright Solutions","Logistics and Supply Chain","Small ($1MM-$10MM)","Small (10-49)","Engaged","2026-06-27",43,17,""
"cyber-io.com","Cyber Io","Retail","XXLarge ($1B+)","XXLarge (10,000+)","Aware","2026-07-29",5,2,"aea1ef797cc3e7cd5241236aac9284ab981c2881ed7c699cda162387dba25ab4"
"stellar-media.com","Stellar Media","Software / Information Technology","XLarge ($200MM-$1B)","XLarge (5,000-10,000)","Opportunity","2026-09-09",236,14,"51494c10fead7ad3a0e95421c7884ce6dac84d6553f86ab91db88c2686ba39ef"
"apex-corp.com","Apex Corp","Health, Wellness and Fitness","XLarge ($200MM-$1B)","Large (1,000-4,999)","Unaware","2026-03-28",2,1,"0e10757e728dea337f2f46bc4af9426d6ade181a0facdda73e2d4fc92528a66e"
"cyber-systems.com","Cyber Systems","Software / Information Technology","Micro ($0-$1MM)","Micro (1-9)","Unaware","2026-09-07",1,1,"34026245c801ce1d5951563519dc8b79047ea525ea10a2fe9415c3d5664511b8"
"stellar-inc.com","Stellar Inc","Marketing and Advertising","Small ($1MM-$10MM)","Medium-Small (50-199)","Engaged","2026-08-31",60,15,""
"smart-net.com","Smart Net","Logistics and Supply Chain","Medium-Small ($10MM-$50MM)","Medium (200-499)","Unaware","2026-05-16",1,1,""
"nexus-hub.com","Nexus Hub","Software / Information Technology","Small ($1MM-$10MM)","Small (10-49)","Unaware","2026-05-22",3,1,""
"green-net.com","Green Net","Marketing and Advertising","Medium-Large ($50MM-$100MM)","Medium (200-499)","Aware","2026-05-10",22,1,"91f9cbd863014d0c64f241e24384043d31b1a52ac05cb0a92e4927d9db8e1ab4"
"nova-io.com","Nova Io","Consumer Goods","Large ($100MM-$200MM)","Large (1,000-4,999)","Aware","2026-08-28",20,5,""
"clear-group.com","Clear Group","Financial Services","Micro ($0-$1MM)","Micro (1-9)","Unaware","2026-08-02",2,1,"9ed60c2d047d111d2f50b7fba117e38b675e74d4494525018236b723adb31530"
"clear-inc.com","Clear Inc","Financial Services","XXLarge ($1B+)","XXLarge (10,000+)","Aware","2026-05-23",6,4,"c382ed93f7bcbf979ba5a9b9b933b8423af2ee9ede619326715994547b4258e6"
"nexus-net.com","Nexus Net","E-Learning","Small ($1MM-$10MM)","Small (10-49)","Unaware","2026-08-19",2,1,"960ef5c4988a903f26bc708b7cb2bcd40da4f817a60a49c061fedbe8a1684e57"
"clear-media.com","Clear Media","Software / Information Technology","Medium-Large ($50MM-$100MM)","Medium (200-499)","Opportunity","2026-08-15",85,27,"267c33e24b264c969693febb0e9768513a5832c29509c9827bc8b8913c9f5431"
"bright-works.com","Bright Works","Financial Services","Small ($1MM-$10MM)","Small (10-49)","Aware","2026-05-19",22,6,""
"peak-corp.com","Peak Corp","Software / Information Technology","Medium-Large ($50MM-$100MM)","Medium (200-499)","Unaware","2026-09-13",3,1,"0795a1983480bdc2c4f60d2b1ad7558fcb65e666e299380c96e90ca8303b5d86"
"green-net.com","Green Net","Software / Information Technology","Small ($1MM-$10MM)","Small (10-49)","Unaware","2026-07-13",4,1,""
"cyber-systems.com","Cyber Systems","Education Management","Medium-Small ($10MM-$50MM)","Medium (200-499)","Unaware","2026-04-21",4,1,"9e70885e0250f7daf2b505c811b2f343cb04a21f3d9b6405ac3ea5b3550033a5"
"iron-io.com","Iron Io","Education Management","Small ($1MM-$10MM)","Medium-Small (50-199)","Engaged","2026-06-11",64,6,"8fd6d5f6ca045b4a59e628e1a9476ef522bc508c99c5a8f14b330d8b633901c2"
"nexus-hub.com","Nexus Hub","Insurance","Medium-Small ($10MM-$50MM)","Medium-Small (50-199)","Unaware","2026-07-21",2,1,"c55da4f9c8e128251aa61664c0a0d316aa3474fb87aec2d5e67636424d9b18c9"
"iron-hub.com","Iron Hub","Manufacturing","Micro ($0-$1MM)","Micro (1-9)","Unaware","2026-04-02",3,1,""
"blue-media.com","Blue Media","Consumer Goods","Medium-Large ($50MM-$100MM)","Medium (200-499)","Engaged","2026-08-17",75,15,""
"smart-media.com","Smart Media","Retail","Large ($100MM-$200MM)","Medium-Large (500-999)","Aware","2026-04-12",16,3,"732adaa13f319ddff26b57b3f352d1359799941ecd305429305c88b7ef8fc6dc"
"nova-works.com","Nova Works","Legal Services","XXLarge ($1B+)","XXLarge (10,000+)","Unaware","2026-06-24",2,1,""
"blue-net.com","Blue Net","Financial Services","Large ($100MM-$200MM)","Medium-Large (500-999)","Unaware","2026-08-11",3,1,"1af9e0434314986009087ad9227c6175af1c0610a38db7ba2420e4fe1bde11b4"
"rapid-tech.com","Rapid Tech","Manufacturing","Medium-Small ($10MM-$50MM)","Medium (200-499)","Unaware","2026-08-16",1,1,"52ccfd3aa4cc35fa483cab86b5faceabd079cb5ab930e5d35dfbc01adcc49e05"
"peak-cloud.com","Peak Cloud","Entertainment","Small ($1MM-$10MM)","Small (10-49)","Engaged","2026-08-05",70,13,""
"atlas-solutions.com","Atlas Solutions","Telecommunications","Medium-Small ($10MM-$50MM)","Medium (200-499)","MQL","2026-06-14",151,29,""
"rapid-inc.com","Rapid Inc","Marketing and Advertising","Large ($100MM-$200MM)","Large (1,000-4,999)","Aware","2026-05-29",15,1,"828f93b863a1ced1b3bf7da86507c6bda74b29f366b89efe55089a9837d07de7"
"iron-solutions.com","Iron Solutions","Health, Wellness and Fitness","Small ($1MM-$10MM)","Medium-Small (50-199)","Unaware","2026-03-30",1,1,"2abdac79c90df863816cddbc1f57e410579e533ea1e7cf50e67651f75aa0f28d"
"clear-corp.com","Clear Corp","Software / Information Technology","Micro ($0-$1MM)","Micro (1-9)","Unaware","2026-05-27",1,1,""
"stellar-solutions.com","Stellar Solutions","Food & Beverages","Medium-Large ($50MM-$100MM)","Medium (200-499)","Aware","2026-07-29",17,1,"d1ba5911428ea2ea3f994fb207ba385efcf3c47234e49152d705d0e29aa5e8f6"
"rapid-inc.com","Rapid Inc","Software / Information Technology","Micro ($0-$1MM)","Micro (1-9)","Aware","2026-08-02",5,5,""
"atlas-data.com","Atlas Data","Hospital & Health Care","XLarge ($200MM-$1B)","Large (1,000-4,999)","Unaware","2026-05-01",3,1,"b7d41e5bcb8af032e57c50ac22ddfe1b5913064084f6363f1302c477018518f1"
"nexus-digital.com","Nexus Digital","Hospital & Health Care","XLarge ($200MM-$1B)","Large (1,000-4,999)","Unaware","2026-08-11",5,1,""
"acme-digital.com","Acme Digital","Marketing and Advertising","Large ($100MM-$200MM)","Medium-Large (500-999)","Unaware","2026-08-08",4,1,"05c3609ed88c049a34b769d14c85169b3c09195f097371e2c8b5e0b2835fcc12"
"blue-media.com","Blue Media","Telecommunications","Micro ($0-$1MM)","Small (10-49)","Aware","2026-09-21",11,6,""
"cyber-tech.com","Cyber Tech","Telecommunications","XLarge ($200MM-$1B)","Large (1,000-4,999)","Unaware","2026-07-27",4,1,""
"iron-labs.com","Iron Labs","Software / Information Technology","Micro ($0-$1MM)","Small (10-49)","MQL","2026-09-02",45,8,"a49f515b922bbcabd068e8a9754ddd10bb164e819a91073f5c1b5b8d80ac3248"
"vertex-digital.com","Vertex Digital","Legal Services","Medium-Small ($10MM-$50MM)","Medium (200-499)","Unaware","2026-06-08",1,1,""
"nova-cloud.com","Nova Cloud","Financial Services","Small ($1MM-$10MM)","Small (10-49)","Aware","2026-05-19",10,2,"edbfa4bcb1330e2bceafa6a789876baf643a2ee32165e268d02a7b7170e13491"
"nova-data.com","Nova Data","Entertainment","Small ($1MM-$10MM)","Small (10-49)","Aware","2026-04-18",18,5,""
"iron-group.com","Iron Group","Financial Services","Medium-Small ($10MM-$50MM)","Medium (200-499)","Aware","2026-04-28",18,5,""
"rapid-corp.com","Rapid Corp","Financial Services","Small ($1MM-$10MM)","Small (10-49)","Unaware","2026-08-31",5,1,"89d1356c2aa2d0cc62a52fa5b97f9afa6c152d80a73687d76b4f9d7c1f85e1d0"
"peak-inc.com","Peak Inc","Construction","Medium-Large ($50MM-$100MM)","Medium (200-499)","Engaged","2026-05-27",102,10,"112fbf9eac4dfd5aa6031dfa16a7ea44a255396ee657ccc7aed582de1a06a8f2"
"apex-digital.com","Apex Digital","Retail","Medium-Small ($10MM-$50MM)","Medium (200-499)","Unaware","2026-04-09",1,1,""
"atlas-data.com","Atlas Data","Telecommunications","XLarge ($200MM-$1B)","XLarge (5,000-10,000)","Unaware","2026-07-08",3,1,"b4c8d68a7c6e70c19d4171d8d8c37314632f9b284012f7d8d32948a7ad88ab58"
"core-group.com","Core Group","Retail","Large ($100MM-$200MM)","Large (1,000-4,999)","Unaware","2026-07-10",1,1,"3dda7c4f7419ddb212a1dcccd34b9a2caea57dae207623fc9d7a24c2c1a3ed8a"
"nexus-systems.com","Nexus Systems","Retail","Small ($1MM-$10MM)","Medium-Small (50-199)","Unaware","2026-07-25",1,1,"79cbd0f244746a60050eeafbb56418078a2263bf7f2a99a277285d79cc8e44a0"
"apex-group.com","Apex Group","Real Estate","Medium-Small ($10MM-$50MM)","Medium-Small (50-199)","Aware","2026-09-05",22,4,"a9bdb92d5ca296f39709044cd262b2de7039827c8002320a43bd062374163234"
"green-data.com","Green Data","Financial Services","Medium-Large ($50MM-$100MM)","Medium-Large (500-999)","Engaged","2026-05-17",92,16,""
"blue-tech.com","Blue Tech","Automotive","Small ($1MM-$10MM)","Medium-Small (50-199)","Aware","2026-08-08",13,2,"62698c616280a0f815028b63153ac484518b7a588f8797d4c51fa99f0d4eac33"
"smart-works.com","Smart Works","Telecommunications","XXLarge ($1B+)","XXLarge (10,000+)","Engaged","2026-06-26",10,5,"19da5cc10c1b5262737f6c4e07c52b0b8e57bce30440914989d66e7b064442a6"
"global-corp.com","Global Corp","Financial Services","Micro ($0-$1MM)","Micro (1-9)","MQL","2026-05-25",79,21,""
"clear-solutions.com","Clear Solutions","Legal Services","Medium-Large ($50MM-$100MM)","Medium (200-499)","Unaware","2026-08-07",3,1,"c26c3759894de2887591d50033a04b8aaecdcbe7033b05d7dd0ef3f39672681d"
"core-io.com","Core Io","Marketing and Advertising","Large ($100MM-$200MM)","Large (1,000-4,999)","Unaware","2026-05-26",5,1,"07876bd09d116abce0e0eaea39c0186faf80fe7a574f4c875f53395d9774ff14"
"blue-tech.com","Blue Tech","Software / Information Technology","Small ($1MM-$10MM)","Small (10-49)","Unaware","2026-06-29",5,1,"f3783d22c6c677862f46b9cd5a43ad3c1e8181fcd0ea6294dbb1cbfa3c05917d"
"iron-group.com","Iron Group","Software / Information Technology","Medium-Large ($50MM-$100MM)","Medium-Large (500-999)","MQL","2026-07-31",34,16,"1f31d8aae8a1620f1afae1a692c0ee07bc0461cc1079befced54d9b6bd6ffb2c"
"global-digital.com","Global Digital","Manufacturing","Medium-Small ($10MM-$50MM)","Medium-Small (50-199)","Aware","2026-09-02",9,4,"73cb4aff72e942a171c8262879f6a52770aa32227d712bfdba205a9746d391d2"
"apex-systems.com","Apex Systems","Food & Beverages","Small ($1MM-$10MM)","Small (10-49)","Aware","2026-08-15",10,5,""
"acme-net.com","Acme Net","Real Estate","Micro ($0-$1MM)","Micro (1-9)","Aware","2026-05-03",15,4,"fe7d70fe3870323faf9cfcee469f53680e04f1db08b4dcc4cc381d99e940dd7d"
"global-systems.com","Global Systems","Software / Information Technology","XLarge ($200MM-$1B)","XLarge (5,000-10,000)","Aware","2026-09-07",20,3,"8867ec7f1c89d05b5b19ad87dac098e4519765804cda3a1757f3831e6a79a463"
"nova-works.com","Nova Works","Logistics and Supply Chain","Small ($1MM-$10MM)","Medium-Small (50-199)","Engaged","2026-06-25",89,11,"d333f10c64aa22282e97bf2bb5a377a637e01ca83b4f53d6a77baa2f26624aa6"
"nexus-data.com","Nexus Data","Financial Services","Micro ($0-$1MM)","Micro (1-9)","Aware","2026-07-23",10,4,"aed216fe888748abe486014d6ef2518c87d99952c379fbee3c64f72ce51ceab0"
"swift-media.com","Swift Media","E-Learning","Micro ($0-$1MM)","Small (10-49)","Engaged","2026-08-03",40,14,""
"stellar-labs.com","Stellar Labs","Software / Information Technology","Medium-Small ($10MM-$50MM)","Medium-Small (50-199)","Unaware","2026-05-01",2,1,""
"acme-media.com","Acme Media","Logistics and Supply Chain","Medium-Large ($50MM-$100MM)","Medium-Large (500-999)","Engaged","2026-04-25",51,8,"e9152cdd7f149f35821d0bf2fca4d9fa04309afd8755e318eb56636805fee76e"
"vertex-inc.com","Vertex Inc","Hospital & Health Care","Small ($1MM-$10MM)","Medium-Small (50-199)","Engaged","2026-06-18",19,15,""
"green-solutions.com","Green Solutions","Marketing and Advertising","Large ($100MM-$200MM)","Medium-Large (500-999)","MQL","2026-07-27",42,13,"88393a36099793527cd4192177e91eb18c219d2a520db2458c8a764fede9d0f6"
"global-solutions.com","Global Solutions","Financial Services","XXLarge ($1B+)","XXLarge (10,000+)","Opportunity","2026-06-03",208,46,""
"stellar-net.com","Stellar Net","Marketing and Advertising","Large ($100MM-$200MM)","Medium-Large (500-999)","Aware","2026-08-23",21,5,""
"bright-hub.com","Bright Hub","Marketing and Advertising","Small ($1MM-$10MM)","Small (10-49)","Unaware","2026-05-27",1,1,"314fea2bffcd1e9bc8bbe3ddf45f14ea3443d6173e0e5df525c1ef87a8597f1e"
"nexus-cloud.com","Nexus Cloud","Software / Information Technology","Medium-Small ($10MM-$50MM)","Medium (200-499)","Aware","2026-08-17",13,3,"eae54ae44a26c26add66e4d4a68b60139d9e6f51bd78276378f76a3461bf912a"
"green-hub.com","Green Hub","Consumer Goods","Medium-Small ($10MM-$50MM)","Medium (200-499)","Unaware","2026-07-10",5,1,""
"core-labs.com","Core Labs","Management Consulting","Medium-Large ($50MM-$100MM)","Medium-Large (500-999)","Unaware","2026-08-06",3,1,""
"acme-systems.com","Acme Systems","Insurance","Medium-Small ($10MM-$50MM)","Medium (200-499)","MQL","2026-07-10",128,9,"423c5979016f044eff7d9c1e0ef1e9e84e29ded66a7c67c967903d5672a2d631"
"stellar-media.com","Stellar Media","Software / Information Technology","Large ($100MM-$200MM)","Large (1,000-4,999)","Aware","2026-06-09",12,2,"39c94e03e27204e5d3f8709e75a5c3f27c9ac2cef25efbebeb96e4b10297e40a"
"nova-io.com","Nova Io","Education Management","Small ($1MM-$10MM)","Small (10-49)","Unaware","2026-05-31",5,1,"36fef7d1393d3be0916ce06b4ab37e2761d6007f3f1da6e2659ea9bfdf71df8a"
"stellar-cloud.com","Stellar Cloud","Financial Services","Micro ($0-$1MM)","Micro (1-9)","Aware","2026-08-05",13,3,"15878d2a61491034f331a0a263dfcee6126525004fec0b46a6af070f2670818f"
"cyber-works.com","Cyber Works","Entertainment","XXLarge ($1B+)","XXLarge (10,000+)","Unaware","2026-06-25",3,1,""
"blue-hub.com","Blue Hub","Health, Wellness and Fitness","Medium-Large ($50MM-$100MM)","Medium-Large (500-999)","Unaware","2026-05-02",4,1,""
"stellar-hub.com","Stellar Hub","Financial Services","Micro ($0-$1MM)","Micro (1-9)","Unaware","2026-04-01",3,1,""
"nexus-corp.com","Nexus Corp","Financial Services","Micro ($0-$1MM)","Micro (1-9)","Engaged","2026-08-17",70,13,""
"core-data.com","Core Data","Consumer Goods","XLarge ($200MM-$1B)","Large (1,000-4,999)","Unaware","2026-06-10",5,1,"7fdb1e5237cfb6e38363259c631f81a83de770788cec53ff0991b8f3b6a4aa0a"
"nova-media.com","Nova Media","E-Learning","Micro ($0-$1MM)","Micro (1-9)","Aware","2026-06-21",19,4,""
"smart-media.com","Smart Media","Telecommunications","Micro ($0-$1MM)","Micro (1-9)","Opportunity","2026-05-04",113,11,"d66c5472ab54fafa3ffc1f9a8acd70b127c9c23b76608b6cdb41234fc308a4f8"
"core-net.com","Core Net","Retail","Micro ($0-$1MM)","Micro (1-9)","Aware","2026-03-29",12,2,"aef4f54d8a54c22aaa2d5d1c659b1381a901098232a0e107caa8297704bc899b"
"cyber-corp.com","Cyber Corp","Retail","Medium-Small ($10MM-$50MM)","Medium-Small (50-199)","Aware","2026-05-23",6,2,"baddbe0798b081b5a9591a07bdd0e74bef5d27edef7660f02ef6481dc2752925"
"prime-digital.com","Prime Digital","Telecommunications","Small ($1MM-$10MM)","Medium-Small (50-199)","Engaged","2026-05-17",17,14,""
"nova-data.com","Nova Data","Entertainment","Micro ($0-$1MM)","Micro (1-9)","Unaware","2026-04-03",2,1,""
"swift-works.com","Swift Works","Automotive","Small ($1MM-$10MM)","Medium-Small (50-199)","Unaware","2026-09-23",5,1,"8fe45394b85fb7e05d1632c4bb9ea351d6ddde51ab761d320b504d896dd6f157"
"smart-tech.com","Smart Tech","Marketing and Advertising","Micro ($0-$1MM)","Micro (1-9)","Unaware","2026-09-05",2,1,"19a41ac6bfaa8cd6980b9be4d87448b862052ddc756b9e183faec98903a29d2b"
"core-cloud.com","Core Cloud","Financial Services","Small ($1MM-$10MM)","Medium-Small (50-199)","Engaged","2026-09-11",78,14,""
"vertex-labs.com","Vertex Labs","Entertainment","Small ($1MM-$10MM)","Small (10-49)","Aware","2026-06-03",7,4,"c46093709cb32b1aa202dab0d6d156dff8764678c9cf8cefb5360b480b92b7e9"
"global-tech.com","Global Tech","Software / Information Technology","Micro ($0-$1MM)","Micro (1-9)","Unaware","2026-05-17",4,1,""
"stellar-group.com","Stellar Group","Manufacturing","XXLarge ($1B+)","XXLarge (10,000+)","Unaware","2026-07-03",3,1,"19830d315f1feae8fd5e2f404075293ef80e345ad341b19bf617d2174b88f9de"
"nova-cloud.com","Nova Cloud","Telecommunications","Small ($1MM-$10MM)","Small (10-49)","Engaged","2026-08-05",74,16,""
"green-digital.com","Green Digital","Software / Information Technology","Medium-Small ($10MM-$50MM)","Medium-Small (50-199)","Engaged","2026-07-19",92,14,""
"bright-solutions.com","Bright Solutions","Food & Beverages","Medium-Small ($10MM-$50MM)","Medium-Small (50-199)","Unaware","2026-07-20",3,1,""
"stellar-net.com","Stellar Net","Logistics and Supply Chain","Large ($100MM-$200MM)","Medium-Large (500-999)","Unaware","2026-05-29",3,1,"4a12dd2113a033f2be65f372af3005e3fe167ef29ff7eac0e39d98fda6953565"
"nexus-io.com","Nexus Io","Health, Wellness and Fitness","Medium-Small ($10MM-$50MM)","Medium (200-499)","Unaware","2026-05-14",5,1,"a0a6802ae9e6cf9985c93037657fc6d1dec0523a3dd3e11f4eba1f72e8aad11b"
"apex-cloud.com","Apex Cloud","Hospital & Health Care","Small ($1MM-$10MM)","Small (10-49)","Unaware","2026-07-31",5,1,""
"iron-digital.com","Iron Digital","Health, Wellness and Fitness","Micro ($0-$1MM)","Small (10-49)","Aware","2026-05-18",11,6,""
"nova-data.com","Nova Data","Insurance","Micro ($0-$1MM)","Micro (1-9)","Aware","2026-07-20",4,5,""
"nexus-inc.com","Nexus Inc","Consumer Goods","Small ($1MM-$10MM)","Medium-Small (50-199)","Aware","2026-07-23",17,3,"d4c7248849a0411cb6a808cdef6b522ead416fc267e1bde34908f7ab4585ace2"
"clear-solutions.com","Clear Solutions","Financial Services","Medium-Small ($10MM-$50MM)","Medium-Small (50-199)","Opportunity","2026-08-05",399,17,"2124ecad160095a21dd45017c5d27d106deefa3c667919628a28fa55aa0af0e6"
"vertex-systems.com","Vertex Systems","Software / Information Technology","Medium-Large ($50MM-$100MM)","Medium (200-499)","MQL","2026-05-29",76,12,"fded9635e390c369cdcb80706f3bf1da4fdf360c9cef2b026c96d62268cdcc27"
"acme-systems.com","Acme Systems","Software / Information Technology","Medium-Small ($10MM-$50MM)","Medium (200-499)","Engaged","2026-08-29",68,3,"63f38080b4587153a46c3a488225fd8e1979f11a10ebe0111f9be4fcc0c4ebef"
"bright-digital.com","Bright Digital","Retail","Medium-Small ($10MM-$50MM)","Medium-Small (50-199)","Unaware","2026-05-15",4,1,""
"nexus-hub.com","Nexus Hub","Legal Services","Large ($100MM-$200MM)","Large (1,000-4,999)","MQL","2026-09-01",194,17,"32653bca010b1f1b2732760f21f41706ac1d086e77888d308ee310dec06bd1b0"
"green-inc.com","Green Inc","Logistics and Supply Chain","Medium-Small ($10MM-$50MM)","Medium (200-499)","Unaware","2026-08-24",4,1,"778d3d312460d3d0198b01a9056c90c3b432f4fab0b2e10f6e8a18c89ba5b2ac"
"vertex-solutions.com","Vertex Solutions","Software / Information Technology","Medium-Large ($50MM-$100MM)","Medium-Large (500-999)","Opportunity","2026-04-19",102,45,""
"rapid-group.com","Rapid Group","Retail","Medium-Small ($10MM-$50MM)","Medium-Small (50-199)","Aware","2026-06-16",11,1,"dd5d2d60066c87efc1a829d52d7b78ffd28f0112542ab1aac7eeae7b100fdf6c"
"cyber-systems.com","Cyber Systems","Food & Beverages","Medium-Large ($50MM-$100MM)","Medium (200-499)","Unaware","2026-07-18",1,1,"84ed2453d910b66fd62eb208dcc65c127e05cf251e0d5a2d1e236e03969fdb09"
"vertex-works.com","Vertex Works","Logistics and Supply Chain","Micro ($0-$1MM)","Micro (1-9)","Opportunity","2026-07-02",67,46,""
"vertex-corp.com","Vertex Corp","Retail","XLarge ($200MM-$1B)","XLarge (5,000-10,000)","Unaware","2026-05-07",4,1,""
"rapid-net.com","Rapid Net","Automotive","Medium-Large ($50MM-$100MM)","Medium (200-499)","Aware","2026-04-03",19,5,""
"green-io.com","Green Io","Legal Services","Medium-Large ($50MM-$100MM)","Medium-Large (500-999)","Engaged","2026-04-03",57,8,"ebb830d6fe0421e1849fb46451998152ef5b275581f5bd313e885475318a3ea7"
"green-works.com","Green Works","Marketing and Advertising","Large ($100MM-$200MM)","Large (1,000-4,999)","Unaware","2026-08-17",5,1,"389573831ea24a2bd9d4b7665dd7e536c209d9eed893565e9d12ad0521368726"
"rapid-tech.com","Rapid Tech","Entertainment","Micro ($0-$1MM)","Small (10-49)","Unaware","2026-04-18",3,1,""
"stellar-media.com","Stellar Media","Management Consulting","Medium-Large ($50MM-$100MM)","Medium-Large (500-999)","Aware","2026-05-30",21,5,""
"green-net.com","Green Net","Health, Wellness and Fitness","XLarge ($200MM-$1B)","XLarge (5,000-10,000)","Opportunity","2026-04-23",52,21,"7fb64abcfb604d5ae7b5f873efb36b95b1889987bda7f02940eadb1982232080"
"smart-net.com","Smart Net","Automotive","Medium-Small ($10MM-$50MM)","Medium-Small (50-199)","Unaware","2026-06-27",2,1,"6da043d52b281bebc0198b3de1d0eeefd81837c8bfa98b9e6cfae05e44408eec"
"blue-solutions.com","Blue Solutions","Education Management","XLarge ($200MM-$1B)","XLarge (5,000-10,000)","Aware","2026-05-02",11,2,"93d089a423d79177a60608cf5f48ca15a286ff95e4a9fddc5288b6d55c445781"
"core-group.com","Core Group","Telecommunications","Small ($1MM-$10MM)","Medium-Small (50-199)","Aware","2026-05-17",18,2,"f72c2c7aebc134bc15d255c8a7bc457f93af1d67f7a3fedc223dacfb3def4947"
"blue-io.com","Blue Io","Education Management","Small ($1MM-$10MM)","Small (10-49)","Aware","2026-08-17",22,2,"3bf4a028c9462cc5763088b00c33fe21262304a46ffc5ddcab385ed629989eaa"
"prime-works.com","Prime Works","Legal Services","Medium-Large ($50MM-$100MM)","Medium-Large (500-999)","MQL","2026-04-13",54,8,"154ac2fe496619b70a022f274fd70ec921c144aa83398af05e6af55cab67a94b"
"cyber-media.com","Cyber Media","Financial Services","Small ($1MM-$10MM)","Medium-Small (50-199)","Engaged","2026-09-16",83,15,""
"prime-inc.com","Prime Inc","Construction","Small ($1MM-$10MM)","Medium-Small (50-199)","Aware","2026-06-07",17,3,"dfcc48952be8f4b05db5c8a4468599820619d7c85926bdbe57f39ec4fac400ab"
"stellar-media.com","Stellar Media","Automotive","Medium-Large ($50MM-$100MM)","Medium-Large (500-999)","Aware","2026-04-10",19,2,"61edf0a3516627fb4bd4cd9a655caf62efab9deefa8b321026df6cd2d259e862"
"prime-labs.com","Prime Labs","Hospital & Health Care","Medium-Large ($50MM-$100MM)","Medium (200-499)","Opportunity","2026-05-23",248,20,"f36f99fe93b3b39ed4bbf4ec7f9510c36961d4da835a71bc47438653ba90cbfd"
"iron-cloud.com","Iron Cloud","Software / Information Technology","Micro ($0-$1MM)","Small (10-49)","Aware","2026-05-11",8,3,"fe17bad03126517046b1943835d2ea80924e7259096a2beae1148bf36b3178f6"
"stellar-corp.com","Stellar Corp","Marketing and Advertising","XLarge ($200MM-$1B)","XLarge (5,000-10,000)","Aware","2026-07-12",18,3,"2b2ebfda2a5304170f5285cc1c989bf123a90467969c8f7d1261d109a6f78d43"
"green-corp.com","Green Corp","Education Management","Micro ($0-$1MM)","Micro (1-9)","Aware","2026-09-18",15,1,"1d580e535fae137de2781148a998d0f730a21e308613ea46c5fc0ad3ab68c8cc"
"rapid-cloud.com","Rapid Cloud","Retail","Medium-Small ($10MM-$50MM)","Medium (200-499)","Unaware","2026-09-19",2,1,""
"stellar-inc.com","Stellar Inc","Entertainment","Small ($1MM-$10MM)","Small (10-49)","Engaged","2026-08-29",101,7,"ccc0665400d67d1f8f795dcaa108b5039016725518da7ff782263d0e006492a5"
"prime-corp.com","Prime Corp","Food & Beverages","Medium-Small ($10MM-$50MM)","Medium (200-499)","Unaware","2026-04-15",2,1,"9e69d1d7f2463f5e00eb5f13a4f65e6d5a4cefa5427f6e8aaaccca593c12913f"
"nexus-solutions.com","Nexus Solutions","Education Management","Micro ($0-$1MM)","Micro (1-9)","Unaware","2026-04-01",2,1,""
"nexus-systems.com","Nexus Systems","Retail","Medium-Large ($50MM-$100MM)","Medium-Large (500-999)","Unaware","2026-09-13",4,1,"793b8b459618e397f13461dc29d8e21ddbe28ffeea6b2328005d76c04dacc2e4"
"rapid-digital.com","Rapid Digital","Telecommunications","Medium-Large ($50MM-$100MM)","Medium-Large (500-999)","Engaged","2026-08-30",102,7,"be3070fa431efcc1d56243190330e508143c3c8b61dee3988797addbc0c96970"
"nova-systems.com","Nova Systems","Software / Information Technology","Medium-Small ($10MM-$50MM)","Medium (200-499)","Aware","2026-09-03",3,5,""
"green-digital.com","Green Digital","Education Management","Small ($1MM-$10MM)","Medium-Small (50-199)","Engaged","2026-07-01",90,11,"3bb8ac3b204ccba0f98a009f04eb1f6fe1a11a3e11fe083c82b2e4418be7d29f"
"cyber-media.com","Cyber Media","Software / Information Technology","XXLarge ($1B+)","XXLarge (10,000+)","Unaware","2026-06-13",4,1,"7b8a1ac808cb603f76d98144b13850730f4f3f6bd118d8aac20741624aab5dfa"
"global-media.com","Global Media","Financial Services","Small ($1MM-$10MM)","Medium-Small (50-199)","Unaware","2026-05-28",1,1,""
"vertex-systems.com","Vertex Systems","Financial Services","Large ($100MM-$200MM)","Large (1,000-4,999)","Engaged","2026-08-22",66,6,"0a122e99ba326bb010821ea60bf8f388c1d7189f810aa334356f92dae6e59b03"
"clear-solutions.com","Clear Solutions","Legal Services","Small ($1MM-$10MM)","Small (10-49)","Unaware","2026-05-17",1,1,"adc7a6bf0ebc8fd6340624920ef97ca9032bdc9eee3fe3c22c05c93669c6bcf6"
"global-media.com","Global Media","Logistics and Supply Chain","Medium-Small ($10MM-$50MM)","Medium (200-499)","Aware","2026-06-05",4,5,""
"rapid-systems.com","Rapid Systems","Management Consulting","Small ($1MM-$10MM)","Small (10-49)","MQL","2026-05-15",34,28,""
"swift-solutions.com","Swift Solutions","Marketing and Advertising","Micro ($0-$1MM)","Micro (1-9)","Aware","2026-08-10",22,5,""
"acme-works.com","Acme Works","Marketing and Advertising","Micro ($0-$1MM)","Micro (1-9)","Engaged","2026-06-30",30,11,"5f4c5a006435e491c68b410421119b5529ad0a41bbc157efb2c864382b18ab6b"
"cyber-io.com","Cyber Io","Consumer Goods","Large ($100MM-$200MM)","Large (1,000-4,999)","Opportunity","2026-09-08",213,12,"e87d261440e8cf25f0f6c159680131d2c1ce16c8eba3f8528c29df70797ee0f5"
"swift-corp.com","Swift Corp","Insurance","Large ($100MM-$200MM)","Medium-Large (500-999)","MQL","2026-08-19",43,13,"b56f0f6a17a10d873baee430316825a031609607baba3bcf83f8fe9f24bcabd2"
"vertex-net.com","Vertex Net","Retail","Medium-Large ($50MM-$100MM)","Medium-Large (500-999)","Aware","2026-04-04",8,5,""
"stellar-data.com","Stellar Data","Marketing and Advertising","Micro ($0-$1MM)","Micro (1-9)","Unaware","2026-05-09",1,1,"858686ec7c8f6f8fc2ab1a322aefc63d84f3dc33359056e8696ee58acdc15db9"
"atlas-inc.com","Atlas Inc","Management Consulting","Medium-Small ($10MM-$50MM)","Medium (200-499)","Unaware","2026-08-31",1,1,""
"rapid-data.com","Rapid Data","Legal Services","Medium-Small ($10MM-$50MM)","Medium-Small (50-199)","Engaged","2026-07-13",90,16,""
"nexus-hub.com","Nexus Hub","Hospital & Health Care","Medium-Large ($50MM-$100MM)","Medium (200-499)","Unaware","2026-07-23",5,1,""
"core-labs.com","Core Labs","Real Estate","Small ($1MM-$10MM)","Small (10-49)","Aware","2026-07-13",14,1,"7da8fc8feb43c3b1581cd13e9ad3fa1d70824a2f65bb79fb3d6bc991471a5768"
"green-labs.com","Green Labs","Financial Services","Medium-Small ($10MM-$50MM)","Medium (200-499)","Opportunity","2026-03-30",217,43,""
"peak-data.com","Peak Data","Telecommunications","Large ($100MM-$200MM)","Large (1,000-4,999)","Unaware","2026-08-25",5,1,"96ef70b58edcc365853021abf05339910b5494fb5334495f733f0dfae90f5036"
"core-data.com","Core Data","Financial Services","Small ($1MM-$10MM)","Medium-Small (50-199)","Opportunity","2026-04-22",193,15,"3a72cfe13327de2387ecaef2a4574fa208c7843834a2574fac232d6bf4811e70"
"smart-media.com","Smart Media","Retail","XLarge ($200MM-$1B)","Large (1,000-4,999)","Unaware","2026-05-28",5,1,""
"bright-corp.com","Bright Corp","Education Management","Small ($1MM-$10MM)","Medium-Small (50-199)","Unaware","2026-08-14",1,1,""
"global-systems.com","Global Systems","Retail","Micro ($0-$1MM)","Micro (1-9)","Opportunity","2026-06-13",473,44,""
"core-io.com","Core Io","Financial Services","Medium-Large ($50MM-$100MM)","Medium (200-499)","Engaged","2026-06-19",107,7,"87940297b17de0e5caff31a41aa95a3b1552d9fc5407881214d182d0c8188e49"
"core-works.com","Core Works","Legal Services","Medium-Large ($50MM-$100MM)","Medium (200-499)","Unaware","2026-07-02",5,1,"9a1ef902bd14b5255a66d62c75cd5f3b32994f24f1704de4e592e5439bc6f876"
"stellar-io.com","Stellar Io","Software / Information Technology","Small ($1MM-$10MM)","Small (10-49)","MQL","2026-06-16",116,16,"9e8a7299f98001815a50a5479eaffcd7943ecd83f166ff5f48be51883e8a6de7"
"global-hub.com","Global Hub","Marketing and Advertising","Micro ($0-$1MM)","Micro (1-9)","Aware","2026-08-28",19,1,"f3116a8aa8696c5dfbe5d558f9dcfa2f43225755c4b975e1d7ce410eed9bdeb0"
"swift-data.com","Swift Data","Telecommunications","Micro ($0-$1MM)","Small (10-49)","Engaged","2026-07-14",107,5,"cc998dcdc1b02e00271044e652437e9b4737761fd811e3e8df2759184ab4798a"
"nova-tech.com","Nova Tech","Real Estate","Micro ($0-$1MM)","Micro (1-9)","Engaged","2026-09-11",78,9,"faa9833c0807b0f80eb00e437a71bed87935f2c7986f2bb84a6571e178dfef8d"
"nova-data.com","Nova Data","Management Consulting","Small ($1MM-$10MM)","Medium-Small (50-199)","Engaged","2026-06-02",102,5,"42eb4b082691c864e454bae99da961f3171703b925dfcc027f3091146bb1b591"
"apex-media.com","Apex Media","E-Learning","Large ($100MM-$200MM)","Large (1,000-4,999)","Unaware","2026-09-19",2,1,"68df0d6d02b11951250d727683821e69867c03208ec40a49588bd4ca2bb8229a"
"global-cloud.com","Global Cloud","Real Estate","Medium-Small ($10MM-$50MM)","Medium (200-499)","Engaged","2026-07-04",57,4,"eb962d757edd644d396ee7a094f361c61690216f5229efe52e1d9de4faf37f2f"
"apex-group.com","Apex Group","Retail","Micro ($0-$1MM)","Micro (1-9)","Unaware","2026-05-21",5,1,""
"cyber-systems.com","Cyber Systems","Real Estate","Medium-Large ($50MM-$100MM)","Medium-Large (500-999)","Engaged","2026-07-17",16,15,""
"rapid-cloud.com","Rapid Cloud","Software / Information Technology","Small ($1MM-$10MM)","Small (10-49)","Aware","2026-07-24",5,2,"cca1169bf81362c29734b42a44e66cf0bd98199925a4372600f859abafca29d7"
"nexus-hub.com","Nexus Hub","Automotive","Medium-Small ($10MM-$50MM)","Medium-Small (50-199)","MQL","2026-06-26",186,23,""
"iron-labs.com","Iron Labs","Software / Information Technology","Small ($1MM-$10MM)","Small (10-49)","Unaware","2026-08-26",2,1,"447a4441611614488a2b6c5fd86b370b269f0302acfb20fdb8d9f9707d2468b5"
"rapid-corp.com","Rapid Corp","Marketing and Advertising","Medium-Small ($10MM-$50MM)","Medium (200-499)","Aware","2026-08-08",3,4,""
"prime-corp.com","Prime Corp","Software / Information Technology","Medium-Small ($10MM-$50MM)","Medium (200-499)","MQL","2026-06-18",143,16,"2d05dcd3e981b69cf0dd929f41050ebce0d3743567ca7ac65ca36c9d8d004c77"
"atlas-tech.com","Atlas Tech","Logistics and Supply Chain","Micro ($0-$1MM)","Micro (1-9)","MQL","2026-07-25",62,17,"eba95297f31aa006134160b3d772263f342e47e9714dfb1c71d4b8197d0528b9"
"green-corp.com","Green Corp","Health, Wellness and Fitness","Medium-Small ($10MM-$50MM)","Medium-Small (50-199)","Aware","2026-08-15",14,3,"39366d2e60c1de388e5bcf64773cd86610b2ec8f91a23b22310325d108f38250"
"prime-net.com","Prime Net","Manufacturing","Large ($100MM-$200MM)","Large (1,000-4,999)","Aware","2026-06-23",9,4,""
"smart-works.com","Smart Works","Hospital & Health Care","Large ($100MM-$200MM)","Medium-Large (500-999)","Engaged","2026-07-05",73,12,"ca096d6ad646392590f44e07a09d5df3ff420f6a7da157eacf71a4e77fe0f589"
"vertex-tech.com","Vertex Tech","Education Management","Large ($100MM-$200MM)","Large (1,000-4,999)","Unaware","2026-06-26",2,1,"ab671ce92913792156cc4b274934712bf376d6363b4a45749eea26939e232d92"
"prime-tech.com","Prime Tech","Marketing and Advertising","Micro ($0-$1MM)","Small (10-49)","Unaware","2026-09-02",1,1,"a00223f8c2f4de0798ebff0840d62c787445feeec587008363cfe82a1f884666"
"rapid-systems.com","Rapid Systems","Retail","Medium-Small ($10MM-$50MM)","Medium-Small (50-199)","Aware","2026-07-02",4,5,""
"smart-media.com","Smart Media","Marketing and Advertising","Micro ($0-$1MM)","Micro (1-9)","Unaware","2026-05-26",5,1,"e9e0f95ec59d08abd0a8f41ec05babe3d4d2c8b10cc4b640b6c630e1f68d3a4a"
"blue-solutions.com","Blue Solutions","Software / Information Technology","XLarge ($200MM-$1B)","XLarge (5,000-10,000)","Engaged","2026-08-08",66,7,"3cce7d9a4876a5e45338cf8851f5ac0fbfde9bdef136646b2e8fe7afb3188f1c"
"rapid-io.com","Rapid Io","Telecommunications","Micro ($0-$1MM)","Micro (1-9)","Aware","2026-07-22",12,5,""
"clear-works.com","Clear Works","Real Estate","Medium-Large ($50MM-$100MM)","Medium (200-499)","MQL","2026-05-23",225,22,""
"vertex-inc.com","Vertex Inc","Logistics and Supply Chain","Large ($100MM-$200MM)","Large (1,000-4,999)","Engaged","2026-07-20",92,5,"862d733f81d7562339851f0456848bc8943c3dc29f2b7ed0911452a3818a45cb"
"green-corp.com","Green Corp","Software / Information Technology","Medium-Small ($10MM-$50MM)","Medium-Small (50-199)","Unaware","2026-05-03",4,1,""
"vertex-io.com","Vertex Io","Retail","Medium-Small ($10MM-$50MM)","Medium (200-499)","Engaged","2026-05-22",65,5,"4b221c16aa51ffdb610221a9e5a1b3ce50f570a3ff121ccd383d7833c5479640"
"vertex-net.com","Vertex Net","Consumer Goods","Medium-Small ($10MM-$50MM)","Medium-Small (50-199)","Engaged","2026-04-07",75,13,""
"green-works.com","Green Works","Education Management","Medium-Large ($50MM-$100MM)","Medium (200-499)","Engaged","2026-07-06",98,11,"cf890e9b15ff3f4b2f7d4b534fdcbe22495cec658fdafccb07833367d31540ef"
"prime-io.com","Prime Io","Entertainment","Micro ($0-$1MM)","Micro (1-9)","Aware","2026-04-06",6,5,""
"nova-digital.com","Nova Digital","Retail","Medium-Large ($50MM-$100MM)","Medium (200-499)","Unaware","2026-06-03",5,1,"dc8f1d5714b28e045960686c622d39be6ab3ee2a776a3b0f192f1aa42f4a1494"
"clear-labs.com","Clear Labs","Retail","Small ($1MM-$10MM)","Small (10-49)","Engaged","2026-04-22",31,3,"7af342d1dd4a29f64ee8745006d755530c0b479d62612fcf2eb0fcbde4ac71c2"
"nova-group.com","Nova Group","Entertainment","Medium-Small ($10MM-$50MM)","Medium (200-499)","Unaware","2026-05-20",3,1,"09cbdb87c527106a6508be603133424287ed63f73f8f0601264ac33cbfd947aa"
"atlas-digital.com","Atlas Digital","Construction","Micro ($0-$1MM)","Small (10-49)","Engaged","2026-09-23",102,16,""
"green-cloud.com","Green Cloud","Financial Services","Medium-Small ($10MM-$50MM)","Medium (200-499)","Aware","2026-05-06",8,4,"f8531049c91414c1e95c63e49a0e84a0357af939d61ee7bc9a36d1a170fd2a4c"
"apex-corp.com","Apex Corp","Consumer Goods","Medium-Large ($50MM-$100MM)","Medium-Large (500-999)","MQL","2026-04-26",226,20,"add73f0fd22f5c0942fde44cebe08898f91f6a62ea687f55df93dbd0bb18bc71"
"prime-inc.com","Prime Inc","Telecommunications","Medium-Large ($50MM-$100MM)","Medium-Large (500-999)","Unaware","2026-06-12",2,1,"2ab8359443e011202e5e2384461f3075b1995f7ea21928e561e004a98a90c497"
"core-inc.com","Core Inc","Software / Information Technology","Medium-Small ($10MM-$50MM)","Medium (200-499)","Aware","2026-08-20",5,2,"6d8a472939afdcc8b8c46422013faec68330279c317b3dd3b10a338722d15b1f"
"stellar-corp.com","Stellar Corp","Software / Information Technology","Large ($100MM-$200MM)","Large (1,000-4,999)","Engaged","2026-08-01",22,13,""
"iron-media.com","Iron Media","Construction","Medium-Small ($10MM-$50MM)","Medium-Small (50-199)","Aware","2026-05-21",14,5,""
"clear-hub.com","Clear Hub","Manufacturing","Medium-Small ($10MM-$50MM)","Medium (200-499)","Engaged","2026-08-22",50,15,""
"global-inc.com","Global Inc","Hospital & Health Care","Medium-Small ($10MM-$50MM)","Medium-Small (50-199)","Unaware","2026-08-31",4,1,"87116ac30bce54405ed54be82077e2f2842b8d535dffa115003a3f35419d305a"
"global-digital.com","Global Digital","Entertainment","Micro ($0-$1MM)","Micro (1-9)","Engaged","2026-06-07",18,7,"68c4272b45025b75bb1de15c428804a75609004c25bf2c210bd1a30692941e66"
"global-data.com","Global Data","Entertainment","Micro ($0-$1MM)","Small (10-49)","Unaware","2026-07-02",1,1,"f94ae70fc74b424913d07c448bc9a5295d3173964a69741ef339fab68ca636a9"
"swift-net.com","Swift Net","Legal Services","Micro ($0-$1MM)","Micro (1-9)","MQL","2026-07-18",54,9,"b0a9713a75c9a0770e98fe81ba96df2e3fe4b0c7ceb1d3efb522ccda84f456c3"
"prime-digital.com","Prime Digital","Hospital & Health Care","Medium-Large ($50MM-$100MM)","Medium (200-499)","Unaware","2026-06-13",1,1,"9745fedb35c1a97a9cadacff9929bf2872272fee7e3bf35ee61c1b9c5d60e99b"
"nexus-data.com","Nexus Data","Automotive","Medium-Small ($10MM-$50MM)","Medium-Small (50-199)","Aware","2026-09-21",22,3,"b0398366c6dd11c062dc33fdc438b1a81e14bd01ca4f767de14fe2a58d233f90"
"stellar-works.com","Stellar Works","Software / Information Technology","XLarge ($200MM-$1B)","XLarge (5,000-10,000)","Unaware","2026-04-07",2,1,"a0c9b46606e260b47bc7f90b64c1e0abdaf8ea80223277e28cda7011ef32f4dc"
"nexus-corp.com","Nexus Corp","Hospital & Health Care","Medium-Small ($10MM-$50MM)","Medium (200-499)","Engaged","2026-09-18",38,4,"605dafb0365327f64d1cb3ecbf534358cc637616ff1fcc689972e3316e3eeb6e"
"clear-labs.com","Clear Labs","Entertainment","Small ($1MM-$10MM)","Small (10-49)","Unaware","2026-05-28",1,1,"5ca050e9f90c3cba03788b62545bc1d66b2f1f2d570436e30134cdfa3c06e8dc"
"peak-inc.com","Peak Inc","Software / Information Technology","Small ($1MM-$10MM)","Medium-Small (50-199)","Aware","2026-04-19",16,6,""
"apex-inc.com","Apex Inc","Health, Wellness and Fitness","Medium-Large ($50MM-$100MM)","Medium-Large (500-999)","Aware","2026-09-13",20,4,"953c909b1e96cefd9aabcd298668b2ed79f44c6cc1c523b77accf95bf34bb1be"
"atlas-solutions.com","Atlas Solutions","Education Management","Micro ($0-$1MM)","Micro (1-9)","Unaware","2026-08-14",5,1,"f2dad61ee3d9cf8dbd03ee8ccaf009897a5102700fad828bb9a7423d836d17cb"
"peak-corp.com","Peak Corp","Management Consulting","Medium-Small ($10MM-$50MM)","Medium (200-499)","Unaware","2026-08-28",1,1,""
"bright-digital.com","Bright Digital","Financial Services","Medium-Small ($10MM-$50MM)","Medium (200-499)","Aware","2026-05-29",7,1,"eaa4fda399a8104368d9fdcc22c25cea6c85b19839a14c00aa56125cbaa40a16"
"nexus-net.com","Nexus Net","Manufacturing","Small ($1MM-$10MM)","Medium-Small (50-199)","Engaged","2026-06-07",39,12,""
"iron-systems.com","Iron Systems","Software / Information Technology","Small ($1MM-$10MM)","Medium-Small (50-199)","Aware","2026-07-31",22,5,""
"smart-systems.com","Smart Systems","Marketing and Advertising","Small ($1MM-$10MM)","Small (10-49)","Unaware","2026-04-08",2,1,""
"iron-systems.com","Iron Systems","Financial Services","XLarge ($200MM-$1B)","Large (1,000-4,999)","Engaged","2026-09-08",23,15,""
"core-solutions.com","Core Solutions","Construction","Medium-Large ($50MM-$100MM)","Medium-Large (500-999)","Unaware","2026-08-14",1,1,"e4c5d1ad070de71f3e090942b5ef70b0d2db42cf63ec613717d0b45f761ac33f"
"core-io.com","Core Io","Marketing and Advertising","Micro ($0-$1MM)","Micro (1-9)","Engaged","2026-04-12",33,16,""
"global-corp.com","Global Corp","Retail","Medium-Large ($50MM-$100MM)","Medium (200-499)","Engaged","2026-08-13",42,17,""
"apex-tech.com","Apex Tech","Telecommunications","Medium-Large ($50MM-$100MM)","Medium-Large (500-999)","Unaware","2026-06-13",5,1,""
"cyber-net.com","Cyber Net","Marketing and Advertising","Medium-Large ($50MM-$100MM)","Medium (200-499)","Engaged","2026-04-16",78,15,""
"green-digital.com","Green Digital","Consumer Goods","Small ($1MM-$10MM)","Small (10-49)","Aware","2026-04-17",6,2,"c219e4386aa1f6e59767ef1ef08bd884e30f4f452ed397625b2099a0aa02dfc1"
"iron-io.com","Iron Io","Software / Information Technology","Medium-Large ($50MM-$100MM)","Medium-Large (500-999)","Unaware","2026-04-25",2,1,""
"nova-corp.com","Nova Corp","E-Learning","Medium-Small ($10MM-$50MM)","Medium (200-499)","Unaware","2026-09-19",2,1,""
"rapid-io.com","Rapid Io","Real Estate","Medium-Small ($10MM-$50MM)","Medium (200-499)","Unaware","2026-07-30",1,1,""
"smart-labs.com","Smart Labs","Hospital & Health Care","XLarge ($200MM-$1B)","XLarge (5,000-10,000)","Unaware","2026-07-16",2,1,"4f3c260337e8e00031337ae7555de571baeb35e876efc7ea0438ac7ec5e5003e"
"nexus-media.com","Nexus Media","Health, Wellness and Fitness","Large ($100MM-$200MM)","Medium-Large (500-999)","Engaged","2026-08-07",27,15,""
"iron-net.com","Iron Net","Marketing and Advertising","Medium-Small ($10MM-$50MM)","Medium (200-499)","Unaware","2026-04-13",3,1,"a1d3b54940c36ffc309913967609ff97bf91428bc52a845f8b6df51161953f3b"
"iron-media.com","Iron Media","Management Consulting","Micro ($0-$1MM)","Small (10-49)","Unaware","2026-07-05",5,1,"41d737648766a142f23dd6d6aef8a77112b895a920eb6376ef6d8fd76854fa16"
"bright-data.com","Bright Data","Retail","Micro ($0-$1MM)","Micro (1-9)","Unaware","2026-04-15",5,1,"bde6856b625de6cbcc4171344b1766e5035d8936ac3b5b0b8e3e10b4e7b9a4d7"
"stellar-digital.com","Stellar Digital","Logistics and Supply Chain","Medium-Small ($10MM-$50MM)","Medium (200-499)","Unaware","2026-07-09",2,1,""
"iron-io.com","Iron Io","Management Consulting","Micro ($0-$1MM)","Small (10-49)","Unaware","2026-04-01",5,1,"efe69c49675d7970c69a5fa237c45749f93793c2c4004eef17593d9755d0e65a"
"atlas-group.com","Atlas Group","Insurance","Small ($1MM-$10MM)","Medium-Small (50-199)","Unaware","2026-05-14",4,1,""
"blue-corp.com","Blue Corp","Software / Information Technology","Small ($1MM-$10MM)","Small (10-49)","Engaged","2026-09-17",94,12,""
"core-net.com","Core Net","Retail","Medium-Small ($10MM-$50MM)","Medium-Small (50-199)","MQL","2026-05-19",74,11,"34559e88f6d041c10abbe8e6c75937a39540dc3b9114032eddba1b05f6df9a0b"
"clear-data.com","Clear Data","Retail","Small ($1MM-$10MM)","Small (10-49)","Aware","2026-09-01",19,5,""
"core-solutions.com","Core Solutions","Financial Services","Micro ($0-$1MM)","Micro (1-9)","Aware","2026-05-15",6,4,"fff0f9a6276dd2216d92a84e482175949f955befe15a82130d57f39a47167193"
"blue-tech.com","Blue Tech","Logistics and Supply Chain","Small ($1MM-$10MM)","Small (10-49)","Unaware","2026-07-16",4,1,"53037508cdc285e4459eea87ca54ab91f26e2caba78372d46d2171d52c3f5e00"
"swift-cloud.com","Swift Cloud","Legal Services","Medium-Small ($10MM-$50MM)","Medium (200-499)","Aware","2026-05-26",15,4,""
"acme-systems.com","Acme Systems","Hospital & Health Care","Micro ($0-$1MM)","Small (10-49)","Aware","2026-07-02",9,2,"bf92e22fb9e210b0889ffc299d48dfc14e66683f8eb09761efabcee6d36ee6da"
"core-group.com","Core Group","Construction","Large ($100MM-$200MM)","Medium-Large (500-999)","Unaware","2026-07-18",1,1,"7facfa1f0a56377befc8fb9d88331c5ba81e8991dced646b62c34f3d38e555cb"
"blue-data.com","Blue Data","Software / Information Technology","Medium-Large ($50MM-$100MM)","Medium (200-499)","Unaware","2026-05-12",4,1,"504da2d7a45350d89c847e806a2fe7bb3d19912e3cc1c1dde9dc88c725c5f90e"
"green-corp.com","Green Corp","Food & Beverages","Small ($1MM-$10MM)","Small (10-49)","Unaware","2026-07-25",4,1,"4a0699367e53749ad8b291a014b917535b29d6c3a01f7262b510d238979dc6ed"
"smart-cloud.com","Smart Cloud","Food & Beverages","Micro ($0-$1MM)","Micro (1-9)","Engaged","2026-08-05",66,11,"bfaab1f60438fe7eba8b0ee3caaa4f821919e597bc070088ac80b1d49e3f7306"
"stellar-media.com","Stellar Media","E-Learning","Medium-Large ($50MM-$100MM)","Medium-Large (500-999)","MQL","2026-08-11",67,10,"a80667a99ff20c2306f7a25d59dd18dc40dcdb41cd4d4aaeca7e3a3545a8ed06"
"smart-solutions.com","Smart Solutions","Software / Information Technology","Medium-Large ($50MM-$100MM)","Medium-Large (500-999)","Aware","2026-08-04",12,5,""
"core-net.com","Core Net","Food & Beverages","Large ($100MM-$200MM)","Large (1,000-4,999)","Unaware","2026-08-13",1,1,"426a2b2e72a422a68c2e5aca06eb182d43b4bc2ffe1fe83ce78e70c051cabfd3"
"green-inc.com","Green Inc","Consumer Goods","Medium-Large ($50MM-$100MM)","Medium-Large (500-999)","Unaware","2026-08-25",1,1,""
"atlas-group.com","Atlas Group","Marketing and Advertising","Medium-Small ($10MM-$50MM)","Medium (200-499)","MQL","2026-07-19",110,24,""
"peak-labs.com","Peak Labs","Health, Wellness and Fitness","Medium-Large ($50MM-$100MM)","Medium (200-499)","Unaware","2026-08-24",2,1,"0a0dbae822cf4d57bfc7d3e24e7521a5c4316af1b60bd1a6eba6da44e32b6ac6"
"atlas-hub.com","Atlas Hub","Education Management","Small ($1MM-$10MM)","Small (10-49)","Unaware","2026-09-12",5,1,"66651d2cbc59f659341b7309b3b9e610d1e257a07e0f2d127e9ead42c92450dd"
"clear-cloud.com","Clear Cloud","Hospital & Health Care","Medium-Small ($10MM-$50MM)","Medium (200-499)","Aware","2026-05-19",22,2,"888ddd8671b7c8cafc397ead4e80d9fda05cffe6e986407b33b64be604ee41f8"
"apex-corp.com","Apex Corp","Insurance","Small ($1MM-$10MM)","Medium-Small (50-199)","Aware","2026-09-18",15,2,"123d72ef0df3b30d6fcff2be1ffbc1f0c982c29889c6825244e0b195e2e5d4f9"
"swift-group.com","Swift Group","Insurance","Small ($1MM-$10MM)","Small (10-49)","Opportunity","2026-07-24",437,32,"3dceceaa3e5c9437e65519fa5eebd9c3982600881c8ef4d940e44538ce18bb23"
"nexus-hub.com","Nexus Hub","Software / Information Technology","Micro ($0-$1MM)","Micro (1-9)","Unaware","2026-04-23",1,1,"a56fdc0a6407fa33bf00f7947548c18f635d28e705f17a03f97ad33656d23a71"
"stellar-data.com","Stellar Data","Legal Services","Medium-Small ($10MM-$50MM)","Medium-Small (50-199)","Opportunity","2026-07-16",146,50,""
"apex-hub.com","Apex Hub","Food & Beverages","XLarge ($200MM-$1B)","XLarge (5,000-10,000)","Engaged","2026-05-14",98,11,"ff4f4f1a2adef18f8e52ea6e0ea954def1b3940186d7a1b90baa9afed6b245f2"
"smart-digital.com","Smart Digital","Manufacturing","Micro ($0-$1MM)","Micro (1-9)","Opportunity","2026-04-10",262,46,""
"global-hub.com","Global Hub","Manufacturing","Small ($1MM-$10MM)","Small (10-49)","Engaged","2026-07-21",94,17,""
"core-systems.com","Core Systems","Hospital & Health Care","Micro ($0-$1MM)","Micro (1-9)","Engaged","2026-09-23",89,14,""
"nova-corp.com","Nova Corp","Logistics and Supply Chain","Small ($1MM-$10MM)","Medium-Small (50-199)","Unaware","2026-05-30",2,1,""
"peak-solutions.com","Peak Solutions","Automotive","Micro ($0-$1MM)","Small (10-49)","Unaware","2026-06-12",4,1,"905aaae063462b1612097eb9651fb206fd280a25e87791e9f30a5cda48e0c993"
"atlas-group.com","Atlas Group","Software / Information Technology","Medium-Small ($10MM-$50MM)","Medium-Small (50-199)","Engaged","2026-07-13",71,9,"008782a20263e4d1cc86cfc9ef8d4d1cd9ff02a9ad767a117e559772b935b87b"
"acme-tech.com","Acme Tech","Software / Information Technology","Large ($100MM-$200MM)","Large (1,000-4,999)","MQL","2026-07-19",150,23,""
"rapid-corp.com","Rapid Corp","Marketing and Advertising","Medium-Small ($10MM-$50MM)","Medium (200-499)","Unaware","2026-09-17",4,1,"fcfa337277c8355aa5c16a2b2fad946d5eeb907498b09ff45b87045f9179f8df"
"atlas-net.com","Atlas Net","Real Estate","Medium-Large ($50MM-$100MM)","Medium-Large (500-999)","Engaged","2026-09-05",50,11,"0ea55313e58e9036eaa29d1ef649c6b68913ff4f360950a96783a1e5d3f8bd32"
"green-inc.com","Green Inc","Automotive","Medium-Large ($50MM-$100MM)","Medium (200-499)","Aware","2026-06-12",21,1,"3e6fa90e2c63aae4a65e919638f98412969829f2ea5a8cf78eea0f302490267c"
"apex-corp.com","Apex Corp","Management Consulting","Medium-Large ($50MM-$100MM)","Medium-Large (500-999)","Aware","2026-04-26",11,4,"64f9cd303e031c105217ca46b630094f52460687211f8d4ae8f9fbf06cffe90e"
"iron-media.com","Iron Media","Software / Information Technology","Medium-Small ($10MM-$50MM)","Medium (200-499)","Engaged","2026-05-10",88,12,""
"acme-data.com","Acme Data","Retail","Medium-Small ($10MM-$50MM)","Medium (200-499)","Aware","2026-08-15",6,5,""
"smart-works.com","Smart Works","Financial Services","Large ($100MM-$200MM)","Large (1,000-4,999)","Unaware","2026-07-06",2,1,""
"swift-tech.com","Swift Tech","Marketing and Advertising","Micro ($0-$1MM)","Micro (1-9)","Aware","2026-08-20",17,4,"f561ddee5f051b563d2d80969df6d2cf965c10fab49022345e5cf0d0cfb54f01"
"nova-media.com","Nova Media","Marketing and Advertising","Medium-Small ($10MM-$50MM)","Medium-Small (50-199)","Engaged","2026-06-07",20,9,"5d4e44e3dd4e974d6156c48ed30b1e370f71f986e2a5a9d8fac4e269e5b02909"
"rapid-digital.com","Rapid Digital","Retail","Medium-Large ($50MM-$100MM)","Medium-Large (500-999)","Engaged","2026-06-10",45,12,""
"blue-group.com","Blue Group","Legal Services","Small ($1MM-$10MM)","Small (10-49)","Unaware","2026-08-19",1,1,"a4656aa366d9d5416e3dd519ace3bb9768300636669ac57d57af707055a84e13"
"nexus-digital.com","Nexus Digital","Health, Wellness and Fitness","XLarge ($200MM-$1B)","Large (1,000-4,999)","Engaged","2026-06-12",94,10,"1cecf20035888bc448a16c42e66e978eb8ec546e3a1499d9cfedf74933d4943c"
"swift-io.com","Swift Io","Consumer Goods","Small ($1MM-$10MM)","Small (10-49)","Aware","2026-08-16",10,5,""
"nexus-labs.com","Nexus Labs","Entertainment","Micro ($0-$1MM)","Small (10-49)","Unaware","2026-04-09",4,1,""
"iron-corp.com","Iron Corp","Entertainment","Micro ($0-$1MM)","Micro (1-9)","Unaware","2026-08-11",2,1,"f959b8e47558aba38c11b39213f1c7abd7e0aa99d6b835559e9508448519f62a"
"rapid-cloud.com","Rapid Cloud","Software / Information Technology","Large ($100MM-$200MM)","Medium-Large (500-999)","Aware","2026-08-08",17,5,""
"core-io.com","Core Io","Software / Information Technology","Small ($1MM-$10MM)","Small (10-49)","Unaware","2026-09-22",2,1,"c353b3b27225b2eeef4ac2e57588d7b339694ea5709f7d34ad8f049582b6e842"
"apex-hub.com","Apex Hub","Food & Beverages","Small ($1MM-$10MM)","Medium-Small (50-199)","Aware","2026-04-21",7,1,"3b5d067c9da56fa8a5611ee86ad4706ceaede632e7b94d853b61dd8b42ca62ca"
"vertex-digital.com","Vertex Digital","Software / Information Technology","XLarge ($200MM-$1B)","XLarge (5,000-10,000)","Unaware","2026-07-08",2,1,"99b834487a06147aa15c70689cf74bd0ceb189b09fb3ea79894ab95d1629904d"
"swift-works.com","Swift Works","Manufacturing","Micro ($0-$1MM)","Micro (1-9)","Opportunity","2026-09-04",355,21,"f404589282716d53a87216fe9959b3241d25333e0df0dc26e85302ac66a6def9"
"atlas-corp.com","Atlas Corp","Retail","Small ($1MM-$10MM)","Medium-Small (50-199)","MQL","2026-09-04",83,8,"b4209b992986ba24537a32af051130a40eca71f8a280aca1540f634345c69315"
"rapid-group.com","Rapid Group","Logistics and Supply Chain","Micro ($0-$1MM)","Micro (1-9)","Aware","2026-08-31",18,4,"015c132524072bc72c50cb7398da535063ebedd6c50bcba28f028926784ae38c"
"blue-systems.com","Blue Systems","Retail","Medium-Large ($50MM-$100MM)","Medium (200-499)","Unaware","2026-04-07",2,1,""
"smart-io.com","Smart Io","Marketing and Advertising","Micro ($0-$1MM)","Micro (1-9)","Unaware","2026-05-28",4,1,""
"prime-solutions.com","Prime Solutions","Entertainment","Small ($1MM-$10MM)","Small (10-49)","Unaware","2026-06-03",2,1,""
"green-corp.com","Green Corp","Marketing and Advertising","XLarge ($200MM-$1B)","XLarge (5,000-10,000)","Engaged","2026-05-04",96,4,"7005d96cfc3f20ac8b94bfe2a68f6804405dc16ba262b35c38fcea5ccab3ba46"
"prime-corp.com","Prime Corp","Software / Information Technology","Large ($100MM-$200MM)","Medium-Large (500-999)","Engaged","2026-06-13",98,4,"db758a857bda912f4b9ca1123ec8ef0c71d759066b191091ff9584de1fc0d662"
"green-io.com","Green Io","Software / Information Technology","Small ($1MM-$10MM)","Small (10-49)","Unaware","2026-06-19",2,1,""
"vertex-tech.com","Vertex Tech","Legal Services","Small ($1MM-$10MM)","Small (10-49)","Unaware","2026-06-27",5,1,"49eeca1cc1c167e352e0bb86cd17e6de8697223f477771e74dea88e877487a9d"
"clear-digital.com","Clear Digital","Entertainment","Medium-Large ($50MM-$100MM)","Medium-Large (500-999)","Unaware","2026-05-28",5,1,""
"nexus-systems.com","Nexus Systems","Software / Information Technology","Small ($1MM-$10MM)","Medium-Small (50-199)","Aware","2026-07-28",17,2,"5c69bf5b3b2bff82e09848da433a5d2c05df8014c6fa1f15797555dc189a47a1"
"acme-tech.com","Acme Tech","Management Consulting","Medium-Large ($50MM-$100MM)","Medium (200-499)","Aware","2026-04-28",10,4,""
"core-inc.com","Core Inc","Education Management","Small ($1MM-$10MM)","Small (10-49)","Unaware","2026-05-20",4,1,""
"smart-data.com","Smart Data","Marketing and Advertising","Small ($1MM-$10MM)","Small (10-49)","Engaged","2026-05-03",70,14,""
"swift-inc.com","Swift Inc","Real Estate","Medium-Small ($10MM-$50MM)","Medium-Small (50-199)","Aware","2026-05-28",19,3,"11efa7b53c596c00a18102ea4077e7f37f50973ff65ce0fe7c607c8bf6957a7d"
"cyber-solutions.com","Cyber Solutions","Logistics and Supply Chain","Small ($1MM-$10MM)","Small (10-49)","Aware","2026-08-05",17,5,""
"acme-inc.com","Acme Inc","Marketing and Advertising","Medium-Small ($10MM-$50MM)","Medium (200-499)","Unaware","2026-07-21",3,1,"9d42cf841e09bb17942623f3cc8ec37ce2946eb4b2c00ab56e7acc40561d8679"
"swift-tech.com","Swift Tech","Retail","Small ($1MM-$10MM)","Small (10-49)","Aware","2026-09-04",9,6,""
"swift-data.com","Swift Data","Legal Services","Large ($100MM-$200MM)","Medium-Large (500-999)","Aware","2026-08-02",20,3,"fb3b9e86c9601f1a93ac5be4a770a3f2fcc215a6bf5cfaed10cfcabab5e6e22b"
"smart-io.com","Smart Io","Software / Information Technology","Medium-Large ($50MM-$100MM)","Medium-Large (500-999)","Aware","2026-05-04",14,5,""
"atlas-labs.com","Atlas Labs","Education Management","Small ($1MM-$10MM)","Small (10-49)","Unaware","2026-07-23",1,1,""
"iron-inc.com","Iron Inc","Software / Information Technology","Small ($1MM-$10MM)","Small (10-49)","Unaware","2026-05-23",2,1,"1cb8befbd8a1b153bf1bb5b3585c9673568e8969ae7885cd10c8c97e1002a41a"
"rapid-group.com","Rapid Group","Entertainment","Small ($1MM-$10MM)","Small (10-49)","Engaged","2026-04-02",89,9,"0365068f21cab7bf98efb161013396cb74fef817f1c156eec09515aa9badc4bc"
"smart-group.com","Smart Group","Manufacturing","Medium-Small ($10MM-$50MM)","Medium (200-499)","MQL","2026-05-20",130,16,"2ff3ee08b13db69393da02c4a6f92b1f77c6119877ab2beafd7afb893f9c6af7"
"apex-works.com","Apex Works","Health, Wellness and Fitness","XLarge ($200MM-$1B)","Large (1,000-4,999)","Unaware","2026-08-04",2,1,""
"nova-tech.com","Nova Tech","Manufacturing","Small ($1MM-$10MM)","Medium-Small (50-199)","Engaged","2026-07-08",77,15,""
"vertex-works.com","Vertex Works","Health, Wellness and Fitness","Small ($1MM-$10MM)","Small (10-49)","Aware","2026-08-30",12,3,"6b0b8a47ecd8f736689459037e78e162dccf38837843515028338455701cedfe"
"peak-solutions.com","Peak Solutions","Marketing and Advertising","XLarge ($200MM-$1B)","Large (1,000-4,999)","Aware","2026-08-14",17,2,"57d8cdf3421754d1ee5cbdea0049a3f667d3dd83d985218750bbfd97c060cf27"
"nova-inc.com","Nova Inc","Software / Information Technology","Micro ($0-$1MM)","Micro (1-9)","Unaware","2026-09-18",4,1,"1fe4d7126f5cba94f40cec57a1487d4f06fecd44c85c30600e7989a2ca29e900"
"acme-hub.com","Acme Hub","Telecommunications","Small ($1MM-$10MM)","Small (10-49)","Engaged","2026-08-16",109,15,""
"nova-net.com","Nova Net","Hospital & Health Care","Micro ($0-$1MM)","Small (10-49)","MQL","2026-06-14",144,14,"a3b715643f11d1fe1b2d3c7370d4b2ecf01e74af8c886a4dcb0a1301beebbb3a"
"cyber-corp.com","Cyber Corp","Retail","Small ($1MM-$10MM)","Small (10-49)","Unaware","2026-07-02",1,1,""
"apex-cloud.com","Apex Cloud","Entertainment","Micro ($0-$1MM)","Small (10-49)","Engaged","2026-07-06",80,11,"4a2c65ad5627d33059b49690b035f80ab41033893789b02a0c704fd1553a2a42"
"apex-inc.com","Apex Inc","Financial Services","Medium-Small ($10MM-$50MM)","Medium (200-499)","Unaware","2026-07-17",4,1,""
"acme-systems.com","Acme Systems","Hospital & Health Care","Micro ($0-$1MM)","Micro (1-9)","Opportunity","2026-04-14",475,31,"43aafe9936dd4d690ed0b217d05c7908b877bb72161c7aca18811a01cbf6a12a"
"clear-inc.com","Clear Inc","Consumer Goods","Small ($1MM-$10MM)","Small (10-49)","Unaware","2026-04-24",2,1,""
"apex-hub.com","Apex Hub","Manufacturing","Small ($1MM-$10MM)","Small (10-49)","Engaged","2026-05-17",87,8,"8a613a47c6fae12fa8a63aba0fb0a1e8f0847805a87112df8564d55da43b92bc"
"peak-works.com","Peak Works","E-Learning","Small ($1MM-$10MM)","Small (10-49)","Engaged","2026-07-02",84,10,"d73f5da0b5aac41d5f49907fae60daa702007d5405aff446c54d9229f7523616"
"nova-digital.com","Nova Digital","Retail","Large ($100MM-$200MM)","Large (1,000-4,999)","Unaware","2026-09-06",5,1,"92593c7b1744d06bfb1601ee5c424d772d7f4d324df03b84f7e6323af33ffb04"
"green-hub.com","Green Hub","Construction","Micro ($0-$1MM)","Small (10-49)","Unaware","2026-05-12",5,1,"91ae158f058b2948d66705e98d52ff9a8d3e663807f5efccad879a8a8568b20e"
"nova-cloud.com","Nova Cloud","Telecommunications","Micro ($0-$1MM)","Micro (1-9)","Opportunity","2026-07-30",429,47,""
"green-group.com","Green Group","Financial Services","Medium-Large ($50MM-$100MM)","Medium (200-499)","Unaware","2026-09-19",5,1,""
"cyber-corp.com","Cyber Corp","Retail","Small ($1MM-$10MM)","Small (10-49)","Aware","2026-04-09",6,5,""
"smart-net.com","Smart Net","Consumer Goods","Micro ($0-$1MM)","Small (10-49)","Unaware","2026-05-22",5,1,"abe1dffd2691a1933db985b342a42f1c79c735451981db94952efe69aac29ba6"
"cyber-works.com","Cyber Works","Financial Services","Medium-Small ($10MM-$50MM)","Medium (200-499)","Engaged","2026-07-25",79,12,""
"rapid-group.com","Rapid Group","Education Management","Micro ($0-$1MM)","Small (10-49)","Engaged","2026-04-20",61,17,""
"nova-systems.com","Nova Systems","Health, Wellness and Fitness","Medium-Large ($50MM-$100MM)","Medium (200-499)","Unaware","2026-09-04",1,1,""
"smart-media.com","Smart Media","Consumer Goods","Large ($100MM-$200MM)","Medium-Large (500-999)","MQL","2026-07-15",52,13,"9cee6023a61db45dbe7af4f839322acbbca1070757dc067c46e01e3100b7d1da"
"iron-works.com","Iron Works","Retail","Micro ($0-$1MM)","Small (10-49)","Unaware","2026-06-02",2,1,""
"swift-solutions.com","Swift Solutions","Financial Services","Small ($1MM-$10MM)","Small (10-49)","Engaged","2026-06-24",31,5,"d95167682f1c3d1449b8ed587bb27b0ed099215ba2635bb865ad1ed43aa94d9a"
"apex-inc.com","Apex Inc","Education Management","Large ($100MM-$200MM)","Large (1,000-4,999)","Unaware","2026-05-16",4,1,"87f546c8d03a81ddf81ebf9eb4dfd0af2bef01926db1e28dcd921955895b071c"
"core-solutions.com","Core Solutions","Software / Information Technology","Small ($1MM-$10MM)","Medium-Small (50-199)","Engaged","2026-08-05",10,7,"143ffa342284ffa40de23602bb6fe0a72702d7abacc6fa9787418bfbfb626879"
"global-digital.com","Global Digital","E-Learning","Large ($100MM-$200MM)","Large (1,000-4,999)","Unaware","2026-04-06",4,1,"7d0a9caf470d3f70a38a4ef89b7d2027992d00f2f6700d6905e64d199ec788ad"
"vertex-cloud.com","Vertex Cloud","Logistics and Supply Chain","Micro ($0-$1MM)","Micro (1-9)","Opportunity","2026-08-18",94,45,""
"core-hub.com","Core Hub","Automotive","Small ($1MM-$10MM)","Medium-Small (50-199)","Aware","2026-09-12",11,2,"03c74d0b3c0ba6b732ff220c0019d559ce18eb128481af3a8af097d66866566f"
"bright-solutions.com","Bright Solutions","Legal Services","Medium-Small ($10MM-$50MM)","Medium-Small (50-199)","Unaware","2026-08-23",2,1,"898518ba495b34dec1a6fd7abdbb5b7bc26da1c67df61dc78af2278a3a2bb048"
"peak-digital.com","Peak Digital","Entertainment","Micro ($0-$1MM)","Micro (1-9)","Aware","2026-08-17",5,5,""
"nova-systems.com","Nova Systems","Consumer Goods","Small ($1MM-$10MM)","Medium-Small (50-199)","Unaware","2026-05-24",3,1,"8c5e8e52e470a2e220b8c83e403e812103a3198f7237245474fd164869c01b98"
"acme-net.com","Acme Net","Automotive","Medium-Small ($10MM-$50MM)","Medium (200-499)","Unaware","2026-05-07",1,1,"1743cf93a097ff28e3e5d06c9ebb2685d5d44f1ad1a32345858f53f97d1813f3"
"green-digital.com","Green Digital","Marketing and Advertising","Small ($1MM-$10MM)","Small (10-49)","Engaged","2026-06-12",30,7,"861e5b6c4a26993666a15a646ee486fa6978c6cefe5dc4b56e92663d8e2ed2f3"
"prime-solutions.com","Prime Solutions","Financial Services","Micro ($0-$1MM)","Micro (1-9)","MQL","2026-06-16",214,29,""
"smart-tech.com","Smart Tech","Manufacturing","Medium-Small ($10MM-$50MM)","Medium (200-499)","Aware","2026-08-19",16,2,"e3448385a1d7f271eda04339d4c6bc031534cb75186726b23cb0e10ed8fac3cd"
"global-digital.com","Global Digital","Hospital & Health Care","Medium-Small ($10MM-$50MM)","Medium (200-499)","Aware","2026-07-24",21,5,""
"atlas-group.com","Atlas Group","Retail","Micro ($0-$1MM)","Micro (1-9)","Aware","2026-05-28",13,4,""
"bright-solutions.com","Bright Solutions","Retail","Medium-Small ($10MM-$50MM)","Medium (200-499)","Unaware","2026-04-19",4,1,"b0bd77e5b56cd03e8862d2c07eeed065335e7e8d34f100f5a98cd19b794125ad"
"swift-hub.com","Swift Hub","Marketing and Advertising","Medium-Small ($10MM-$50MM)","Medium (200-499)","Engaged","2026-09-11",29,9,"5b58158e26a1832a3ea8fc45c4aceae1f7e3d64c96089ecc8fd73927b86aff13"
"swift-data.com","Swift Data","Consumer Goods","XXLarge ($1B+)","XXLarge (10,000+)","Aware","2026-04-02",5,6,""
"nova-labs.com","Nova Labs","Management Consulting","Medium-Small ($10MM-$50MM)","Medium-Small (50-199)","Aware","2026-08-18",8,2,"351a2d5ed725327f760977d4ca64b4713fd39c359e78640509962f48d6915ee2"
"core-solutions.com","Core Solutions","Software / Information Technology","Large ($100MM-$200MM)","Large (1,000-4,999)","Engaged","2026-06-13",43,12,""
"clear-tech.com","Clear Tech","Retail","Small ($1MM-$10MM)","Medium-Small (50-199)","Aware","2026-04-28",19,3,"0a428e730c0724af8915530dc72cf353b285568ed258222b59023996f7d938d3"
"blue-tech.com","Blue Tech","Education Management","Large ($100MM-$200MM)","Large (1,000-4,999)","MQL","2026-08-27",140,23,""
"iron-inc.com","Iron Inc","Logistics and Supply Chain","Medium-Small ($10MM-$50MM)","Medium-Small (50-199)","Engaged","2026-05-27",108,8,"c8115fd13c5db7225668eb52ee79ad6de355ce821a63e01e7b8ae4221991c7aa"
"clear-digital.com","Clear Digital","Retail","XLarge ($200MM-$1B)","Large (1,000-4,999)","Opportunity","2026-08-17",176,29,"dffc23e2d93ac67e989782bcf84feb284c7aa91ad8c4292c8559d107a2c1710c"
"clear-group.com","Clear Group","Management Consulting","Small ($1MM-$10MM)","Medium-Small (50-199)","Engaged","2026-05-24",31,5,"c8e23611d5f21e65c53b64037ee0c0154865d48973662b0999501f53c7ce4b4b"
"cyber-tech.com","Cyber Tech","Entertainment","Medium-Small ($10MM-$50MM)","Medium-Small (50-199)","Engaged","2026-04-19",63,15,""
"global-group.com","Global Group","Marketing and Advertising","Small ($1MM-$10MM)","Small (10-49)","Aware","2026-08-24",20,6,""
"smart-systems.com","Smart Systems","Software / Information Technology","Micro ($0-$1MM)","Micro (1-9)","Unaware","2026-09-05",1,1,"98b9a042d4f1248bacfb65428c2bc6baeac68934fd49f29c2517824b7496c25a"
"cyber-data.com","Cyber Data","E-Learning","Medium-Small ($10MM-$50MM)","Medium (200-499)","Unaware","2026-05-22",5,1,""
"apex-inc.com","Apex Inc","Marketing and Advertising","Small ($1MM-$10MM)","Medium-Small (50-199)","Unaware","2026-04-30",4,1,""
"rapid-tech.com","Rapid Tech","Retail","Micro ($0-$1MM)","Small (10-49)","Unaware","2026-07-16",1,1,""
"rapid-io.com","Rapid Io","Health, Wellness and Fitness","Medium-Small ($10MM-$50MM)","Medium (200-499)","Unaware","2026-06-26",3,1,""
"nova-net.com","Nova Net","Marketing and Advertising","Small ($1MM-$10MM)","Small (10-49)","Engaged","2026-04-10",51,4,"864f87ef0ffef22ee6f2a02ebb64de2fb5e623b493aa7bba78032cf48f9cd8a3"
"stellar-group.com","Stellar Group","Retail","Micro ($0-$1MM)","Micro (1-9)","Unaware","2026-07-19",1,1,""
"prime-works.com","Prime Works","Marketing and Advertising","Medium-Large ($50MM-$100MM)","Medium-Large (500-999)","Unaware","2026-06-18",4,1,"3dec2bbe477057e3a831da1a70603c4804da8fe8e42ef0b4cdecf5e5bcd669a8"
"green-labs.com","Green Labs","Manufacturing","Micro ($0-$1MM)","Micro (1-9)","Aware","2026-05-29",6,5,""
"prime-solutions.com","Prime Solutions","Marketing and Advertising","Large ($100MM-$200MM)","Medium-Large (500-999)","Unaware","2026-09-05",2,1,"3a8ac5a99cca762882e1052f5b66bb5de635ac544cc751cea3890f08f2e95046"
"bright-inc.com","Bright Inc","Software / Information Technology","XLarge ($200MM-$1B)","XLarge (5,000-10,000)","MQL","2026-04-29",79,13,"880a0ecf689c627d33e6b0edbdd06ea0e2e04d14465b5650ea51428cca9b2806"
"peak-systems.com","Peak Systems","Real Estate","Micro ($0-$1MM)","Micro (1-9)","Aware","2026-04-05",13,2,"0fb176a3030c3fdea23ca2f64e6db95044e2b748833e910a988d66e3413cb25e"
"swift-hub.com","Swift Hub","Consumer Goods","Medium-Small ($10MM-$50MM)","Medium (200-499)","Unaware","2026-04-22",5,1,""
"clear-media.com","Clear Media","Financial Services","Medium-Large ($50MM-$100MM)","Medium-Large (500-999)","Unaware","2026-04-13",2,1,"2945f179f4c22899f09244c4e192937a37328fdcb8b676eac25388ec6219e08d"
"stellar-data.com","Stellar Data","E-Learning","Medium-Small ($10MM-$50MM)","Medium-Small (50-199)","Aware","2026-06-09",18,5,""
"vertex-systems.com","Vertex Systems","Software / Information Technology","Medium-Small ($10MM-$50MM)","Medium (200-499)","Unaware","2026-04-15",4,1,"b7ffb8aee56d6feb829fd69d514e582fd3b1ed906bd71f8cdb9437440913866b"
"vertex-inc.com","Vertex Inc","Manufacturing","Small ($1MM-$10MM)","Small (10-49)","Aware","2026-09-23",19,6,""
"stellar-labs.com","Stellar Labs","Marketing and Advertising","Small ($1MM-$10MM)","Small (10-49)","Unaware","2026-04-19",1,1,"6cdeecc3183d5ee88806b476495f0d90a299c5572e95a99bbe4bf583d4c3cca4"
"green-media.com","Green Media","Manufacturing","Micro ($0-$1MM)","Micro (1-9)","Unaware","2026-08-06",5,1,"7c8355495d437e25ef16c1142267d9909136095500497f4c83c6e2462aac7f5f"
"stellar-net.com","Stellar Net","Health, Wellness and Fitness","Medium-Large ($50MM-$100MM)","Medium (200-499)","Unaware","2026-07-14",1,1,""
"peak-data.com","Peak Data","Software / Information Technology","Micro ($0-$1MM)","Micro (1-9)","Unaware","2026-03-28",1,1,""
"acme-corp.com","Acme Corp","Software / Information Technology","Micro ($0-$1MM)","Micro (1-9)","Aware","2026-04-10",22,2,"0e9df5cf82e42ba0aa132dd1e94a455d37186e34e7f1d4771b41d03bf94795b6"
"cyber-hub.com","Cyber Hub","Education Management","Micro ($0-$1MM)","Small (10-49)","Unaware","2026-08-09",5,1,"1923e0918d0c5e669d234798a802d5b0248f23e262575fed3c059409a78bdc90"
"atlas-inc.com","Atlas Inc","Logistics and Supply Chain","Medium-Large ($50MM-$100MM)","Medium-Large (500-999)","Unaware","2026-06-05",3,1,"6cc4dcd1d35198f2e1dbebd6c00118639d6f1306e3c65040beb57c463c474c22"
"swift-io.com","Swift Io","Retail","Small ($1MM-$10MM)","Small (10-49)","Engaged","2026-06-02",21,6,"d360821e217bf20fd72a2b640b1bad1e9a6bcac1070a2df8da4f3d0a9e290c2e"
"prime-media.com","Prime Media","Manufacturing","Micro ($0-$1MM)","Small (10-49)","Unaware","2026-08-12",5,1,"17ab42cf33285d1c2f3c1e511a94400d330ab00166eaa827ccbbb2d244c4e34d"
"apex-inc.com","Apex Inc","Retail","XXLarge ($1B+)","XXLarge (10,000+)","Engaged","2026-09-06",68,6,"98050fc7a42b50614f02450a5bb14d5b8a56ffe72f668676971808ee2f19124e"
"cyber-corp.com","Cyber Corp","Software / Information Technology","XLarge ($200MM-$1B)","Large (1,000-4,999)","Unaware","2026-05-07",5,1,""
"peak-works.com","Peak Works","Telecommunications","Micro ($0-$1MM)","Micro (1-9)","Unaware","2026-08-14",1,1,"409ea57c1ede2250a25f59e8edbcaaf5bd714384db0b4170d88c77067628e3e2"
"core-media.com","Core Media","Retail","Micro ($0-$1MM)","Micro (1-9)","Engaged","2026-09-01",81,5,"d3e73676d0850dcc0a639b5c9cc4c60a0fed772df959e660e8bbf8f47e31bb66"
"clear-hub.com","Clear Hub","Marketing and Advertising","Medium-Large ($50MM-$100MM)","Medium (200-499)","Unaware","2026-06-26",2,1,""
"atlas-hub.com","Atlas Hub","Health, Wellness and Fitness","Small ($1MM-$10MM)","Small (10-49)","MQL","2026-04-23",131,10,"e152b593556e7f9eb6d079266f4c0c3916d787bd9868e64e90211b09f39b7fbf"
"stellar-io.com","Stellar Io","Logistics and Supply Chain","XXLarge ($1B+)","XXLarge (10,000+)","Unaware","2026-08-13",1,1,"719a9585647612cd3a7ae61ed826717a203f00ba2fbe09cf3ab2ba4ce435b31e"
"blue-systems.com","Blue Systems","Manufacturing","Large ($100MM-$200MM)","Medium-Large (500-999)","Aware","2026-05-23",7,5,""
"blue-digital.com","Blue Digital","Software / Information Technology","Micro ($0-$1MM)","Micro (1-9)","Unaware","2026-06-08",2,1,""
"iron-net.com","Iron Net","Real Estate","Medium-Large ($50MM-$100MM)","Medium-Large (500-999)","MQL","2026-07-14",89,6,"1667e580e3cd19bbb647baaab87db5a9b3f98c0225c6b9ab6e1967e61284e5e6"
"core-corp.com","Core Corp","Software / Information Technology","Medium-Large ($50MM-$100MM)","Medium (200-499)","Engaged","2026-06-03",57,8,"86a883f76cc865b3cb0bbcc786b4eaea8cb6d96f994877488dd26b9a7ba5e0db"
"blue-cloud.com","Blue Cloud","Management Consulting","Medium-Small ($10MM-$50MM)","Medium (200-499)","Opportunity","2026-09-23",463,23,"7f41723a5ae313719f9deb7f8bfd42af6fa27f54f9cdd84b98647e0d814a84a6"
"apex-data.com","Apex Data","Insurance","Micro ($0-$1MM)","Micro (1-9)","Engaged","2026-08-06",30,18,""
"rapid-tech.com","Rapid Tech","Software / Information Technology","Micro ($0-$1MM)","Micro (1-9)","Unaware","2026-04-27",2,1,"e1f1183ab53fa30d55f67cbc3da4549e4fe8d37c3f19d7d68caa5c96cc5924c6"
"swift-corp.com","Swift Corp","Entertainment","Small ($1MM-$10MM)","Small (10-49)","Engaged","2026-04-13",69,6,"50b2f8725e04ad7a56a513014513aa7d8b528eac9577742f9006597202b48832"
"iron-cloud.com","Iron Cloud","Insurance","Micro ($0-$1MM)","Micro (1-9)","Opportunity","2026-04-04",136,42,""
"iron-works.com","Iron Works","Hospital & Health Care","Large ($100MM-$200MM)","Large (1,000-4,999)","Aware","2026-08-21",18,4,""
"vertex-data.com","Vertex Data","Health, Wellness and Fitness","Medium-Large ($50MM-$100MM)","Medium-Large (500-999)","Aware","2026-04-16",9,5,""
"cyber-tech.com","Cyber Tech","Management Consulting","Medium-Small ($10MM-$50MM)","Medium (200-499)","Unaware","2026-06-23",5,1,""
"atlas-digital.com","Atlas Digital","Telecommunications","Medium-Large ($50MM-$100MM)","Medium (200-499)","Aware","2026-07-09",22,6,""
"smart-inc.com","Smart Inc","Legal Services","Medium-Small ($10MM-$50MM)","Medium (200-499)","MQL","2026-06-21",123,21,""
"nova-data.com","Nova Data","Software / Information Technology","Micro ($0-$1MM)","Small (10-49)","MQL","2026-07-08",49,29,""
"global-works.com","Global Works","Logistics and Supply Chain","XXLarge ($1B+)","XXLarge (10,000+)","Engaged","2026-03-28",70,17,""
"vertex-tech.com","Vertex Tech","Software / Information Technology","Medium-Small ($10MM-$50MM)","Medium-Small (50-199)","Engaged","2026-08-27",104,3,"9129cf7147be547c173ff262fb0616c75538f8a76612bbb06a09e1f3d580ff9c"
"rapid-cloud.com","Rapid Cloud","Retail","Large ($100MM-$200MM)","Medium-Large (500-999)","Engaged","2026-05-04",56,10,"1f3e6a0af5c0d4a96d5ccb857631ca996881abbba91c902e10c9f49d3ee47ee6"
"nova-cloud.com","Nova Cloud","Entertainment","XXLarge ($1B+)","XXLarge (10,000+)","Unaware","2026-09-12",2,1,""
"apex-labs.com","Apex Labs","Marketing and Advertising","Micro ($0-$1MM)","Micro (1-9)","Engaged","2026-09-06",85,16,""
"clear-digital.com","Clear Digital","E-Learning","Medium-Small ($10MM-$50MM)","Medium-Small (50-199)","Aware","2026-08-25",13,4,""
"nexus-labs.com","Nexus Labs","Telecommunications","Large ($100MM-$200MM)","Large (1,000-4,999)","Engaged","2026-06-29",94,6,"e0f1017f05b4b1b1b23d69b0f18ac721aa43311aa3677a557ca8722c793e314a"
"bright-labs.com","Bright Labs","Retail","Micro ($0-$1MM)","Micro (1-9)","Aware","2026-07-13",17,4,"8de6b98f161c7423482424cc5fa832f47e0db49a6e9979dc6edbafc8f767c7af"
"clear-media.com","Clear Media","Software / Information Technology","Medium-Small ($10MM-$50MM)","Medium (200-499)","Aware","2026-05-13",11,1,"0cd8b3a74fcc91c3f4f2177d174d3e1c4f0c814e5013e8daa3e97c3c99d19712"
"clear-hub.com","Clear Hub","Marketing and Advertising","Micro ($0-$1MM)","Micro (1-9)","Opportunity","2026-07-18",389,18,"582a92f25dbdf4aee0f19555b5f17983694fe855ebbf8e65b3a0b373c49943c4"
"peak-media.com","Peak Media","Hospital & Health Care","Large ($100MM-$200MM)","Medium-Large (500-999)","Aware","2026-08-20",5,2,"a0fdbfe9759c63ef24d47f365e28e2756ae5477854ce7ba1a503f6a041c23e18"
"apex-corp.com","Apex Corp","Logistics and Supply Chain","Medium-Large ($50MM-$100MM)","Medium (200-499)","Aware","2026-06-19",15,3,"7d656bfdeec67664c321b5edae90e280439fe7e8dd5e277dd0401414d6c859cf"
"blue-cloud.com","Blue Cloud","E-Learning","XXLarge ($1B+)","XXLarge (10,000+)","Aware","2026-04-22",13,3,"331dd406f5919b105fc21e975b0b6938a1b749fe18c2382b370b306c7eef0a3f"
"bright-tech.com","Bright Tech","Hospital & Health Care","Micro ($0-$1MM)","Micro (1-9)","Engaged","2026-07-04",87,6,"78aed7614e70abfc2962abac04848e23445412fce8016997fd46cd2ed2c89e6f"
"global-corp.com","Global Corp","Software / Information Technology","Large ($100MM-$200MM)","Large (1,000-4,999)","Unaware","2026-06-10",4,1,"fd592fc88103065ce2bbc82c8ff26b5338f28e1e7f59f3d727c36c4ac501b1f0"
"blue-corp.com","Blue Corp","Software / Information Technology","Medium-Small ($10MM-$50MM)","Medium (200-499)","Unaware","2026-04-10",3,1,""
"swift-net.com","Swift Net","Education Management","Small ($1MM-$10MM)","Small (10-49)","Unaware","2026-06-03",1,1,""
"nexus-corp.com","Nexus Corp","Health, Wellness and Fitness","Small ($1MM-$10MM)","Small (10-49)","Aware","2026-04-03",3,4,"faa5356acf4ad3eb308c7d5521375c10726e0f553ca820ed16218894458d7b40"
"peak-labs.com","Peak Labs","Software / Information Technology","Micro ($0-$1MM)","Small (10-49)","Unaware","2026-07-09",3,1,"5957516b1b53466457b8f49f8ecbc854abc8f125033f02d599ee4d6a97be7e65"
"bright-io.com","Bright Io","Software / Information Technology","XXLarge ($1B+)","XXLarge (10,000+)","Engaged","2026-04-23",18,5,"3e21c118074e74ca52784122f2e77a20e3090fe0463286e694639cfd4ca11167"
"global-media.com","Global Media","Software / Information Technology","XXLarge ($1B+)","XXLarge (10,000+)","Unaware","2026-04-12",2,1,"0fb01605fa8743d4afc58c9397293cbb05e95adfcf5266e3c63024baa0f4bbca"
"global-labs.com","Global Labs","Education Management","Micro ($0-$1MM)","Micro (1-9)","MQL","2026-08-31",210,12,"470f03150615151f2b5972fbeca4b49414495525aaa7129d7de3020ad9624c30"
"cyber-group.com","Cyber Group","Telecommunications","Medium-Small ($10MM-$50MM)","Medium (200-499)","Aware","2026-06-15",11,5,""
"cyber-digital.com","Cyber Digital","Real Estate","Micro ($0-$1MM)","Small (10-49)","Engaged","2026-08-04",71,11,"2d574cdfc45c478fd3d91c1ca348f1554783ecc67eafd51f4e217e5467612b1d"
"smart-data.com","Smart Data","Consumer Goods","XLarge ($200MM-$1B)","XLarge (5,000-10,000)","Unaware","2026-04-06",4,1,"c854e007f5f4918280486c7d687bb640bc12bb0bda5352f17c0f0ca91e044825"
"global-works.com","Global Works","Software / Information Technology","Small ($1MM-$10MM)","Medium-Small (50-199)","Opportunity","2026-07-05",332,45,""
"stellar-solutions.com","Stellar Solutions","Consumer Goods","Micro ($0-$1MM)","Micro (1-9)","Aware","2026-09-17",14,2,"358bc2f25d2561e73153a77952337b0c1d92975ce4a33f9ab6bbe58273625157"
"bright-io.com","Bright Io","Manufacturing","XXLarge ($1B+)","XXLarge (10,000+)","Unaware","2026-03-30",5,1,""
"prime-systems.com","Prime Systems","Marketing and Advertising","Micro ($0-$1MM)","Micro (1-9)","Engaged","2026-04-06",26,11,"a7c619434c0e1ca27789e1738f798d59b6af08158322e8c92a382c8b13c01e94"
"atlas-tech.com","Atlas Tech","Financial Services","Small ($1MM-$10MM)","Small (10-49)","Engaged","2026-09-19",15,7,"bcd721f52554ed419592777501db6c3f5c328294968d455a90f7923e77aafaa1"
"nova-group.com","Nova Group","Financial Services","Micro ($0-$1MM)","Micro (1-9)","Unaware","2026-08-03",4,1,"93de0a28028ee9d9f901854a429dee930c96bbe7f60172989150a4ab6ae79b32"
"clear-digital.com","Clear Digital","Construction","Micro ($0-$1MM)","Micro (1-9)","Unaware","2026-06-10",4,1,""
"vertex-cloud.com","Vertex Cloud","Management Consulting","Micro ($0-$1MM)","Small (10-49)","Unaware","2026-06-25",3,1,""
"apex-systems.com","Apex Systems","Automotive","Medium-Large ($50MM-$100MM)","Medium-Large (500-999)","Engaged","2026-05-27",36,8,"b49f2b9ecf04d3895deccabe74ad1c4b471d1b29da39dc1c5ad44947d1e2a65b"
"green-tech.com","Green Tech","Food & Beverages","Medium-Large ($50MM-$100MM)","Medium (200-499)","Unaware","2026-06-27",4,1,""
"swift-solutions.com","Swift Solutions","Entertainment","Small ($1MM-$10MM)","Small (10-49)","Engaged","2026-07-15",75,13,""
"iron-io.com","Iron Io","Retail","Medium-Large ($50MM-$100MM)","Medium (200-499)","Opportunity","2026-07-25",306,34,"d7c5e35e793e042f24de583094879a865bcf48c416663dfe592b481f7eb7d50d"
"peak-media.com","Peak Media","Insurance","Medium-Small ($10MM-$50MM)","Medium (200-499)","Aware","2026-03-28",12,5,""
"nova-works.com","Nova Works","E-Learning","XLarge ($200MM-$1B)","XLarge (5,000-10,000)","Unaware","2026-08-27",4,1,""
"core-works.com","Core Works","Software / Information Technology","Micro ($0-$1MM)","Micro (1-9)","Unaware","2026-05-27",4,1,"f3a4a37599289c2f5946af7ae74c5168bf6b789f24b17913b62f62701848ea68"
"smart-inc.com","Smart Inc","Insurance","Micro ($0-$1MM)","Micro (1-9)","Aware","2026-07-17",20,4,"d3594cde0e337f505214e062de227450477d375172c933a76b53c92fee8094d8"
"apex-data.com","Apex Data","Food & Beverages","Small ($1MM-$10MM)","Medium-Small (50-199)","Unaware","2026-07-24",4,1,"6bec08afd7ea2e1d3605a98d4cd16f0377cfb14a36efce1ccfa7b968c88491ca"
"stellar-media.com","Stellar Media","Management Consulting","Small ($1MM-$10MM)","Small (10-49)","MQL","2026-08-11",168,5,"99f6018291982356c54b6674cb6c2afa41219aea9573778e6b2721f73911adf4"
"global-works.com","Global Works","Marketing and Advertising","Micro ($0-$1MM)","Micro (1-9)","Unaware","2026-05-01",4,1,""
"smart-io.com","Smart Io","Entertainment","Micro ($0-$1MM)","Micro (1-9)","Unaware","2026-08-29",5,1,"e16be7ce89b335fd8b0769b11732b0ccf9c9a92493e46a51253c031098f2e7c2"
"global-works.com","Global Works","Logistics and Supply Chain","Micro ($0-$1MM)","Micro (1-9)","Aware","2026-09-09",12,3,"436e27615f1fa41957664bb2c6f7ebedd16704bebdbd52ddc05dffd1603301af"
"clear-group.com","Clear Group","Automotive","Micro ($0-$1MM)","Micro (1-9)","Aware","2026-04-11",7,6,""
"swift-hub.com","Swift Hub","Insurance","Medium-Large ($50MM-$100MM)","Medium-Large (500-999)","Aware","2026-05-22",8,2,"83ad3390eebaf7b246e16a1a3c8ca831064be4d7fcd2d39335703ed31635cece"
"nexus-inc.com","Nexus Inc","E-Learning","Small ($1MM-$10MM)","Small (10-49)","Unaware","2026-05-10",2,1,"ab33121927e9994529064c47cbf5811b2c8c801c3f4f8b9448e2cd819564dc86"
"stellar-cloud.com","Stellar Cloud","Hospital & Health Care","Large ($100MM-$200MM)","Large (1,000-4,999)","Aware","2026-06-30",12,4,""
"apex-works.com","Apex Works","Real Estate","Medium-Large ($50MM-$100MM)","Medium (200-499)","Aware","2026-08-19",11,2,"96dd4d5306f58ce7198825d0de3036b93a15b6d483f29636c00a4e2e126e6a68"
"nexus-tech.com","Nexus Tech","E-Learning","Small ($1MM-$10MM)","Medium-Small (50-199)","Unaware","2026-08-07",1,1,"db854f924cc97c15576062d79d4a2cf13141d38c970ab9b8d7afd40e0b522652"
"acme-solutions.com","Acme Solutions","Financial Services","Medium-Large ($50MM-$100MM)","Medium (200-499)","Engaged","2026-05-20",18,16,""
"stellar-group.com","Stellar Group","Marketing and Advertising","Micro ($0-$1MM)","Micro (1-9)","Unaware","2026-08-28",4,1,"b8914c9a43e1a487bb09e9df61352e55474103bf687f753e9d909182cb493f8f"
"atlas-net.com","Atlas Net","Real Estate","Large ($100MM-$200MM)","Medium-Large (500-999)","Unaware","2026-05-29",3,1,"8dd344f8287d218440a59e3f3d926edaa394efe0f128b2e963d59ca36f5c9dc9"
"nexus-inc.com","Nexus Inc","Marketing and Advertising","Medium-Large ($50MM-$100MM)","Medium-Large (500-999)","Aware","2026-09-20",15,1,"cd2764544140dc2cefa9830cd11014575d4c4604c490084bae878ce6a42773a8"
"cyber-io.com","Cyber Io","Insurance","Micro ($0-$1MM)","Micro (1-9)","Aware","2026-04-05",13,5,""
"atlas-hub.com","Atlas Hub","Entertainment","Small ($1MM-$10MM)","Medium-Small (50-199)","MQL","2026-04-23",183,22,""
"clear-net.com","Clear Net","Insurance","Micro ($0-$1MM)","Small (10-49)","Aware","2026-05-29",12,3,"af8faedc8a814da0b79755c82e659b505cd2e5970b5f2eab89ce7d0f636cc19b"
"cyber-media.com","Cyber Media","Retail","Medium-Small ($10MM-$50MM)","Medium-Small (50-199)","Aware","2026-07-22",6,2,"eec1588b851e87e1dc6c10560311d8c721c1a10a111a82c05f0587b2ca018210"
"bright-digital.com","Bright Digital","E-Learning","Medium-Large ($50MM-$100MM)","Medium (200-499)","Engaged","2026-06-17",67,7,"f94a2b2bb22bed0f6ce6583c87538ae32c154058377f8f60b5ea6a8847c17857"
"atlas-cloud.com","Atlas Cloud","Consumer Goods","Medium-Small ($10MM-$50MM)","Medium (200-499)","MQL","2026-04-12",225,30,""
"stellar-io.com","Stellar Io","Marketing and Advertising","Micro ($0-$1MM)","Small (10-49)","MQL","2026-06-06",68,24,""
"atlas-solutions.com","Atlas Solutions","Financial Services","Micro ($0-$1MM)","Small (10-49)","Engaged","2026-06-14",33,9,"6df6d91fb86fb29402dc945facf569788dec3b6aeaa926f4b26fdb7eee187af6"
"swift-group.com","Swift Group","Software / Information Technology","Medium-Large ($50MM-$100MM)","Medium-Large (500-999)","Aware","2026-06-06",15,3,"bdcd3e7fd7760938dea54dcd17effc3fa323f74074a47b1d804cd27d0a9653c6"
"iron-tech.com","Iron Tech","Manufacturing","Small ($1MM-$10MM)","Medium-Small (50-199)","Unaware","2026-05-03",3,1,""
"acme-hub.com","Acme Hub","Software / Information Technology","Micro ($0-$1MM)","Micro (1-9)","Unaware","2026-09-14",2,1,"f355dedda75ce7da607341b99285bc0b8069c5bfae11706ebc482d4077884af6"
"nexus-media.com","Nexus Media","Software / Information Technology","Small ($1MM-$10MM)","Small (10-49)","Aware","2026-09-19",17,4,""
"vertex-solutions.com","Vertex Solutions","Real Estate","Micro ($0-$1MM)","Micro (1-9)","Unaware","2026-06-24",3,1,"aeacc5b6c37e81c07cd40e007e2d66274bbaed0cc0f235763ba68037b06649e2"
"prime-labs.com","Prime Labs","Retail","Micro ($0-$1MM)","Small (10-49)","Aware","2026-07-28",18,5,""
"cyber-media.com","Cyber Media","Marketing and Advertising","Micro ($0-$1MM)","Small (10-49)","Engaged","2026-07-22",29,12,"8c2bc71ad47c5a0ee65362b374d8dd5d82a166040695b254f9645ef471fed98a"
"bright-io.com","Bright Io","Hospital & Health Care","XLarge ($200MM-$1B)","XLarge (5,000-10,000)","Engaged","2026-05-24",85,14,""
"core-tech.com","Core Tech","Real Estate","Micro ($0-$1MM)","Small (10-49)","Aware","2026-07-24",18,3,"590d8e909988b3e36fe6c702d2530d7b4a766dfbee6ddecec457378be324c2a9"
"core-group.com","Core Group","Retail","Large ($100MM-$200MM)","Large (1,000-4,999)","Aware","2026-05-27",10,4,""
"nexus-inc.com","Nexus Inc","Logistics and Supply Chain","Medium-Small ($10MM-$50MM)","Medium (200-499)","Aware","2026-07-26",16,5,""
"apex-works.com","Apex Works","Logistics and Supply Chain","Small ($1MM-$10MM)","Medium-Small (50-199)","MQL","2026-08-28",194,22,""
"prime-solutions.com","Prime Solutions","Financial Services","Medium-Large ($50MM-$100MM)","Medium (200-499)","Engaged","2026-08-01",59,8,"9696c1f7e7cab8b841dcf305537f84850e313a5f9cc65541f1451018abd4a955"
"bright-systems.com","Bright Systems","Consumer Goods","Large ($100MM-$200MM)","Large (1,000-4,999)","Unaware","2026-05-07",5,1,"3337d981ad4e3c670358b52b933820861d778f67f2143855c00471609a6da42b"
"nova-corp.com","Nova Corp","Real Estate","Medium-Small ($10MM-$50MM)","Medium (200-499)","Engaged","2026-09-06",39,17,""
"iron-corp.com","Iron Corp","Financial Services","Large ($100MM-$200MM)","Large (1,000-4,999)","Aware","2026-07-08",19,2,"323ba77d2785c3339e59fb4b5be04772c0711b7d5b0f9d78a8434092faf908ad"
"stellar-labs.com","Stellar Labs","Legal Services","Medium-Small ($10MM-$50MM)","Medium-Small (50-199)","Aware","2026-04-18",10,5,""
"swift-cloud.com","Swift Cloud","Entertainment","Medium-Large ($50MM-$100MM)","Medium-Large (500-999)","Unaware","2026-04-11",1,1,""
"green-group.com","Green Group","Insurance","Small ($1MM-$10MM)","Small (10-49)","Engaged","2026-06-08",107,17,""
"nexus-works.com","Nexus Works","Real Estate","Small ($1MM-$10MM)","Medium-Small (50-199)","Engaged","2026-07-21",48,3,"2458daefafdfa66f344b5c578913ddb17c32ae06107b7eeb5898ec86bdc70ab8"
"clear-systems.com","Clear Systems","Consumer Goods","Micro ($0-$1MM)","Micro (1-9)","Unaware","2026-07-16",1,1,"ce73b8355ee24ff3644d1f372c955b6c69c36760df722d46cde04b81820441af"
"swift-systems.com","Swift Systems","Marketing and Advertising","Micro ($0-$1MM)","Micro (1-9)","Engaged","2026-07-12",82,7,"480d6927bfcea4a62865153fb9626a84eaf5b1821e357ad47e842e13f50a3581"
"blue-hub.com","Blue Hub","Entertainment","Small ($1MM-$10MM)","Small (10-49)","MQL","2026-07-07",74,19,"d913d3cfbcb705cf34cae24f577a047648ddba6a51611d04d701fa082854ef0c"
"cyber-tech.com","Cyber Tech","Health, Wellness and Fitness","Medium-Small ($10MM-$50MM)","Medium (200-499)","Aware","2026-07-28",8,3,"8625b022b364984219f25d57c8c5829236d005fb268a5b55953fbff087eab072"
"atlas-data.com","Atlas Data","Hospital & Health Care","Small ($1MM-$10MM)","Small (10-49)","Unaware","2026-05-07",5,1,"1026e0fb02a513113c373d329ed19678d8061802de83dad65fdea77408d67ac0"
"vertex-group.com","Vertex Group","Legal Services","Medium-Small ($10MM-$50MM)","Medium (200-499)","Unaware","2026-07-14",4,1,""
"core-labs.com","Core Labs","Manufacturing","Medium-Small ($10MM-$50MM)","Medium (200-499)","Engaged","2026-09-03",20,16,""
"apex-works.com","Apex Works","Insurance","Micro ($0-$1MM)","Small (10-49)","Aware","2026-08-30",20,3,"c435bd4a8ca7902d506dd51f59187c142550e4f44e3a958aee25bec239bb9e1b"
"blue-systems.com","Blue Systems","Marketing and Advertising","Micro ($0-$1MM)","Micro (1-9)","Unaware","2026-07-14",5,1,"45fd1376ac540c7cf8b06c079f066fb8e427909e1fb89747651204bd86cbd4e4"
"stellar-corp.com","Stellar Corp","Logistics and Supply Chain","Large ($100MM-$200MM)","Large (1,000-4,999)","Unaware","2026-04-30",3,1,"a705c0f5868bc643e7b2d9c0d53c7063b9b1b8362072d783a0677e48096ae771"
"acme-cloud.com","Acme Cloud","Health, Wellness and Fitness","Large ($100MM-$200MM)","Large (1,000-4,999)","Unaware","2026-08-18",1,1,""
"vertex-solutions.com","Vertex Solutions","Software / Information Technology","Micro ($0-$1MM)","Micro (1-9)","Opportunity","2026-08-08",320,47,""
"acme-systems.com","Acme Systems","Entertainment","Medium-Large ($50MM-$100MM)","Medium (200-499)","Aware","2026-09-19",5,5,""
"blue-tech.com","Blue Tech","Insurance","Medium-Large ($50MM-$100MM)","Medium (200-499)","Unaware","2026-07-16",5,1,""
"bright-corp.com","Bright Corp","Software / Information Technology","Small ($1MM-$10MM)","Small (10-49)","Unaware","2026-06-08",3,1,"23fe8c8efa53191c33de2cb54cc1e1fb31de2b6d08577bf1fcc6e012de274adf"
"atlas-cloud.com","Atlas Cloud","Marketing and Advertising","Micro ($0-$1MM)","Micro (1-9)","Unaware","2026-07-30",2,1,"c966c2a30e7551c4744e683039d726bbf54046adf045004f3fbfb462e295fff6"
"global-systems.com","Global Systems","Education Management","Medium-Small ($10MM-$50MM)","Medium (200-499)","Unaware","2026-08-24",2,1,"fdc9f4e0ffc1e9c14d048c5a93cf7631d361f31abdc52a761fbf21102d67d4a6"
"clear-digital.com","Clear Digital","Marketing and Advertising","Micro ($0-$1MM)","Micro (1-9)","Aware","2026-06-05",7,5,""
"blue-media.com","Blue Media","Automotive","Medium-Large ($50MM-$100MM)","Medium (200-499)","Unaware","2026-09-22",4,1,"9490dde658491d1f4de94bab3e6e560c02af7fe124a020fd1a510f5a11e437ec"
"global-systems.com","Global Systems","Education Management","Medium-Small ($10MM-$50MM)","Medium (200-499)","Unaware","2026-07-11",1,1,"cc1d45bda5d3a40ea4dd4163476bbbaf2a4b74782d49987e5a0de93019dc03af"
"core-systems.com","Core Systems","Food & Beverages","Medium-Large ($50MM-$100MM)","Medium-Large (500-999)","Engaged","2026-07-12",33,12,""
"clear-media.com","Clear Media","Management Consulting","Small ($1MM-$10MM)","Medium-Small (50-199)","Unaware","2026-08-22",5,1,""
"swift-inc.com","Swift Inc","Retail","Medium-Large ($50MM-$100MM)","Medium (200-499)","Unaware","2026-07-07",5,1,""
"prime-digital.com","Prime Digital","Manufacturing","Micro ($0-$1MM)","Micro (1-9)","Engaged","2026-05-06",89,3,"fbef503d5759437f5983d2bceb85753a6127ed6579403a4955c749469295ff92"
"nexus-digital.com","Nexus Digital","Management Consulting","XLarge ($200MM-$1B)","XLarge (5,000-10,000)","Unaware","2026-09-23",3,1,""
"apex-inc.com","Apex Inc","Management Consulting","XLarge ($200MM-$1B)","XLarge (5,000-10,000)","Unaware","2026-06-22",3,1,""
"peak-cloud.com","Peak Cloud","Marketing and Advertising","Medium-Large ($50MM-$100MM)","Medium-Large (500-999)","MQL","2026-09-07",196,27,""
"core-labs.com","Core Labs","Telecommunications","Medium-Large ($50MM-$100MM)","Medium-Large (500-999)","Aware","2026-08-01",22,3,"62f16633d3395c00cacd2116134479ce3dca011885d589601e5320bec2e855bd"
"iron-tech.com","Iron Tech","Manufacturing","Micro ($0-$1MM)","Micro (1-9)","Unaware","2026-04-02",1,1,"77322cfca29cd67bab22af3d95a9c95d252bc8f7639afe79419d3f4ba8c93b25"
"atlas-tech.com","Atlas Tech","Software / Information Technology","Large ($100MM-$200MM)","Medium-Large (500-999)","Aware","2026-07-31",10,3,"90235ee4b133fe8af5b9adb54d517186edb3dc9277e7e2e0a91666665ea9bd03"
"apex-systems.com","Apex Systems","Education Management","Large ($100MM-$200MM)","Medium-Large (500-999)","Unaware","2026-08-29",4,1,"35aaaaf5665c65f0fdd164c8c548723e258007f33325415157ecf6e0e8ed4993"
"atlas-io.com","Atlas Io","Insurance","Medium-Small ($10MM-$50MM)","Medium-Small (50-199)","Opportunity","2026-06-08",384,46,""
"blue-corp.com","Blue Corp","Consumer Goods","Medium-Small ($10MM-$50MM)","Medium (200-499)","Aware","2026-07-08",13,4,""
"bright-systems.com","Bright Systems","Manufacturing","Medium-Small ($10MM-$50MM)","Medium (200-499)","MQL","2026-08-23",71,25,""
"apex-cloud.com","Apex Cloud","Software / Information Technology","Large ($100MM-$200MM)","Large (1,000-4,999)","Engaged","2026-07-23",34,14,""
"nexus-solutions.com","Nexus Solutions","Financial Services","Micro ($0-$1MM)","Small (10-49)","Opportunity","2026-08-16",450,36,""
"vertex-hub.com","Vertex Hub","Management Consulting","Small ($1MM-$10MM)","Small (10-49)","Engaged","2026-07-15",59,15,""
"nexus-digital.com","Nexus Digital","Entertainment","Medium-Small ($10MM-$50MM)","Medium-Small (50-199)","Opportunity","2026-06-21",144,14,"171b9e45c86939b7724f8188e20f2c72ce3ff494e947c89e034435defac44433"
"rapid-tech.com","Rapid Tech","Software / Information Technology","Micro ($0-$1MM)","Micro (1-9)","Aware","2026-04-09",5,3,"765082f34cc238b709084f314f35a7fea5d2976d3a35ad1884f1356fb7a5a170"
"bright-data.com","Bright Data","Financial Services","XXLarge ($1B+)","XXLarge (10,000+)","Unaware","2026-06-14",3,1,"60a3aae0f83ac616bdb7e5795cc130bdaae47a1cc7ffd906f3dd5923ff7d00ed"
"green-digital.com","Green Digital","Management Consulting","Small ($1MM-$10MM)","Medium-Small (50-199)","Aware","2026-09-11",7,4,""
"green-group.com","Green Group","Logistics and Supply Chain","Micro ($0-$1MM)","Micro (1-9)","Aware","2026-05-07",21,3,"4b041640fd392fad11255346884d57b7ce377e983adefc0cfc3acae24d8bf14c"
"peak-labs.com","Peak Labs","Financial Services","Small ($1MM-$10MM)","Medium-Small (50-199)","Unaware","2026-07-12",1,1,""
"prime-labs.com","Prime Labs","Food & Beverages","Small ($1MM-$10MM)","Small (10-49)","Engaged","2026-08-24",68,8,"8938b3efad554de0ab148378947c6292a214328cf22b026b9bc53f6528f8af06"
"apex-media.com","Apex Media","Software / Information Technology","Large ($100MM-$200MM)","Medium-Large (500-999)","Unaware","2026-06-02",3,1,""
"apex-data.com","Apex Data","Software / Information Technology","Micro ($0-$1MM)","Micro (1-9)","Engaged","2026-06-10",66,13,""
"clear-hub.com","Clear Hub","E-Learning","Micro ($0-$1MM)","Micro (1-9)","Engaged","2026-07-27",53,8,"315eaeb00f5510966c004bfad420ec1352452e073ab72f4d917717ba2462daf7"
"acme-net.com","Acme Net","Hospital & Health Care","Medium-Small ($10MM-$50MM)","Medium (200-499)","Unaware","2026-05-19",4,1,""
"apex-corp.com","Apex Corp","Management Consulting","Medium-Large ($50MM-$100MM)","Medium-Large (500-999)","Unaware","2026-06-25",3,1,"f829e99548ced528a2db34e7c2209ace9459358ac1cf8127b388871786465710"
"bright-data.com","Bright Data","Health, Wellness and Fitness","XLarge ($200MM-$1B)","Large (1,000-4,999)","Unaware","2026-07-06",2,1,"7ad12f5e658aa3a32fb9a3c0c723c1aa12a5a2ab480787957f24cda2b40c1af8"
"bright-solutions.com","Bright Solutions","Software / Information Technology","Micro ($0-$1MM)","Small (10-49)","Opportunity","2026-04-29",105,33,"7258000dfe096cf84fd0fe63b5c39ec2026820568025e6fdc770c4e415d86755"
"atlas-corp.com","Atlas Corp","Financial Services","Large ($100MM-$200MM)","Large (1,000-4,999)","Unaware","2026-04-13",2,1,"84f2b6866321d60e8109bbba61785e4237730e333c9d6de8c8b600facb11a9d2"
"clear-digital.com","Clear Digital","Education Management","Medium-Small ($10MM-$50MM)","Medium-Small (50-199)","Unaware","2026-04-27",2,1,"fd8c03c08eb7a7ae98744728a7ba9ed784a3fa7640c7f45fab9e707236bc0db1"
"acme-hub.com","Acme Hub","Construction","Large ($100MM-$200MM)","Medium-Large (500-999)","Unaware","2026-09-09",2,1,"873d307a689050ed03be2e417ad6a5abad333346ee89e4400650c62639a8941f"
"rapid-digital.com","Rapid Digital","Software / Information Technology","Medium-Small ($10MM-$50MM)","Medium (200-499)","Engaged","2026-09-19",91,3,"51058193052909bf3d16e020125f2eecfb3400f76819429401057bf7b477d93c"
"cyber-net.com","Cyber Net","Financial Services","Micro ($0-$1MM)","Micro (1-9)","Opportunity","2026-08-30",440,28,"379f321fcf245dca2abe39df353135b34f2b8c80f0263a292a193fb868fffd1b"
"global-io.com","Global Io","Construction","Medium-Large ($50MM-$100MM)","Medium-Large (500-999)","Unaware","2026-06-23",1,1,"02b813ae0f1341e55029eff8b9449a30da7ec52a70b5fb78dfcead7d8fba68e4"
"clear-io.com","Clear Io","Telecommunications","Medium-Large ($50MM-$100MM)","Medium-Large (500-999)","MQL","2026-06-13",51,18,"496d92b1710b2070883210bf91a40bae9a1839729db4ef6c2db42b01305a0784"
"nexus-cloud.com","Nexus Cloud","Retail","Medium-Large ($50MM-$100MM)","Medium-Large (500-999)","Engaged","2026-08-24",46,10,"4a47de4e0da3ac9bf7ccf4995c3f6c8201686237422815b41c974732faf9359f"
"smart-works.com","Smart Works","Consumer Goods","Medium-Large ($50MM-$100MM)","Medium-Large (500-999)","Engaged","2026-07-21",58,5,"17d8317580f2847a53a9889f2760fc45311ee2d2955c4a65cecad23eba9c9e2c"
"bright-net.com","Bright Net","Entertainment","Medium-Small ($10MM-$50MM)","Medium (200-499)","Aware","2026-07-11",22,1,"82b32dc08c805361db359f2c52f847cd0c89dcc408f67b075a7d1d59da88a01c"
"acme-data.com","Acme Data","Software / Information Technology","Medium-Small ($10MM-$50MM)","Medium-Small (50-199)","Engaged","2026-09-15",67,5,"9bb601aa7967bde71e0bedaa484788c0ec21ac7f90144fe81c267a4648ca3c08"
"vertex-cloud.com","Vertex Cloud","Software / Information Technology","Micro ($0-$1MM)","Micro (1-9)","Aware","2026-08-03",6,3,"1a7b00afe2fec292271b9e10e110c97ef35813ca5ad224ec1935a775bd612a98"
"green-data.com","Green Data","Telecommunications","Medium-Small ($10MM-$50MM)","Medium (200-499)","Engaged","2026-09-06",85,12,"1f532a348f9a1573a07a9042d9ff6b0fd42b2cd00d8612b21a86b2e79a05d41f"
"atlas-hub.com","Atlas Hub","Retail","Micro ($0-$1MM)","Small (10-49)","Unaware","2026-05-17",4,1,""
"cyber-works.com","Cyber Works","Food & Beverages","Large ($100MM-$200MM)","Medium-Large (500-999)","Unaware","2026-09-06",1,1,"9459e1ec9c437c55e87907073534020a65d975c593bd4d996639264200bbc10f"
"global-tech.com","Global Tech","Construction","Large ($100MM-$200MM)","Medium-Large (500-999)","Engaged","2026-07-29",11,7,"cf9cf13f9373f54c1874ba2412d52bd85a11897110b6c7bfe65f2a3dba62052f"
"core-solutions.com","Core Solutions","Software / Information Technology","Small ($1MM-$10MM)","Small (10-49)","MQL","2026-04-15",198,30,""
"bright-digital.com","Bright Digital","Software / Information Technology","Small ($1MM-$10MM)","Small (10-49)","Aware","2026-05-17",11,3,"a316dba261231f0df317b9ac9aa42f6b921a7b367bb8be7b1236a05930348fc2"
"core-digital.com","Core Digital","Software / Information Technology","Medium-Small ($10MM-$50MM)","Medium-Small (50-199)","Aware","2026-09-09",20,3,"2d024cecce1d26f0c287ddf7fe63680bf88563c8699fd71b427d56d86492732a"
"vertex-net.com","Vertex Net","Education Management","Large ($100MM-$200MM)","Medium-Large (500-999)","Unaware","2026-08-03",4,1,"2b9bfc31e7e34c06eabe40935cb342706bb73361fc72a898e9787fcf817d5df9"
"smart-solutions.com","Smart Solutions","Software / Information Technology","Small ($1MM-$10MM)","Small (10-49)","Unaware","2026-09-06",5,1,""
"bright-io.com","Bright Io","Financial Services","XLarge ($200MM-$1B)","Large (1,000-4,999)","Unaware","2026-06-11",2,1,"e9dbb58a8106678bc2542f750e22353f1ff16c52793d97abbbe118ea48b912ca"
"iron-media.com","Iron Media","Manufacturing","Micro ($0-$1MM)","Micro (1-9)","Aware","2026-08-27",11,6,""
"core-digital.com","Core Digital","Software / Information Technology","Medium-Small ($10MM-$50MM)","Medium-Small (50-199)","Engaged","2026-07-08",66,7,"496907995f1513bd0caa927c56063754396779dbb5629a02c24161062a9e74c3"
"nova-labs.com","Nova Labs","Marketing and Advertising","Large ($100MM-$200MM)","Medium-Large (500-999)","Unaware","2026-06-28",1,1,""
"rapid-labs.com","Rapid Labs","Financial Services","Small ($1MM-$10MM)","Small (10-49)","Aware","2026-06-30",13,3,"9d3cd78c9e2f1c46f9b13fe5e15adad0c5f66b0f77263aa53ab5c483b432b4e0"
"atlas-tech.com","Atlas Tech","Logistics and Supply Chain","Large ($100MM-$200MM)","Large (1,000-4,999)","Unaware","2026-08-01",2,1,"0ab4169b322458675f7435d90587915b614b875c5977074be9fb6005b800e11b"
"bright-digital.com","Bright Digital","E-Learning","XLarge ($200MM-$1B)","Large (1,000-4,999)","MQL","2026-09-20",85,21,""
"cyber-tech.com","Cyber Tech","Entertainment","Small ($1MM-$10MM)","Small (10-49)","Unaware","2026-09-12",4,1,""
"global-io.com","Global Io","Retail","Medium-Large ($50MM-$100MM)","Medium (200-499)","Unaware","2026-06-17",1,1,"4b6b140eaa4cd14f0b0e526e07a30f4a3f0cb89bd38ab109eae615a9c368b1d9"
"stellar-systems.com","Stellar Systems","E-Learning","Medium-Small ($10MM-$50MM)","Medium (200-499)","Unaware","2026-08-01",2,1,""
"apex-solutions.com","Apex Solutions","Education Management","Medium-Large ($50MM-$100MM)","Medium (200-499)","MQL","2026-07-29",118,18,"64c1d868733354f1e9bdf17529bd46a3663f0e5f0cdc10671aefd99c404b1711"
"blue-labs.com","Blue Labs","Education Management","Small ($1MM-$10MM)","Small (10-49)","Unaware","2026-06-26",5,1,"748e6e4e7a1fdc77ebebc372f23519515546840bf44ba6ecbb3076305cca1d87"
"nova-hub.com","Nova Hub","Entertainment","Small ($1MM-$10MM)","Small (10-49)","Aware","2026-06-08",14,5,""
"bright-hub.com","Bright Hub","Food & Beverages","Medium-Large ($50MM-$100MM)","Medium (200-499)","Aware","2026-08-09",18,4,"d685075da6624d7599e9cb7bee5ec31c4848ebff8c60183956fe7e1c463fedab"
"nova-data.com","Nova Data","Marketing and Advertising","Medium-Small ($10MM-$50MM)","Medium (200-499)","Engaged","2026-06-11",100,12,"d1f9d269c65ff34e96007e487d1b25ca5787fcda643cd93d9811a8ea4a38ab82"
"nexus-net.com","Nexus Net","Manufacturing","Medium-Small ($10MM-$50MM)","Medium-Small (50-199)","Unaware","2026-07-20",4,1,""
"global-io.com","Global Io","Marketing and Advertising","Medium-Large ($50MM-$100MM)","Medium (200-499)","Engaged","2026-09-17",45,7,"adf571d0641995e35d60a5109ada492143eee73bab93a9e56dc60a1bca0e9c50"
"cyber-net.com","Cyber Net","Health, Wellness and Fitness","Medium-Small ($10MM-$50MM)","Medium-Small (50-199)","Unaware","2026-07-24",1,1,""
"atlas-net.com","Atlas Net","Management Consulting","Medium-Small ($10MM-$50MM)","Medium-Small (50-199)","Aware","2026-04-22",14,5,""
"swift-io.com","Swift Io","Education Management","XLarge ($200MM-$1B)","XLarge (5,000-10,000)","Unaware","2026-08-27",2,1,""
"bright-labs.com","Bright Labs","Marketing and Advertising","Small ($1MM-$10MM)","Small (10-49)","Aware","2026-04-03",4,4,"73dcb9c113580f47c04d5884d8f2b9f56e35cee4bb8dc92bbc2939d3a05ef433"
"blue-group.com","Blue Group","Telecommunications","Medium-Large ($50MM-$100MM)","Medium-Large (500-999)","MQL","2026-07-14",99,22,""
"apex-digital.com","Apex Digital","Education Management","Micro ($0-$1MM)","Micro (1-9)","Engaged","2026-04-10",62,5,"e15ffc43e0d845def3368b9d681b9d0ec0d443b88c9be357480dc88b1a691363"
"cyber-data.com","Cyber Data","Telecommunications","Medium-Small ($10MM-$50MM)","Medium (200-499)","MQL","2026-05-24",198,11,"afe123e7804512009e96226ef69d0a3bc225e557e976e0a1fb4874e9e4184f3b"
"stellar-digital.com","Stellar Digital","Marketing and Advertising","Small ($1MM-$10MM)","Medium-Small (50-199)","Unaware","2026-04-04",2,1,""
"swift-works.com","Swift Works","Retail","Micro ($0-$1MM)","Micro (1-9)","Unaware","2026-04-22",3,1,"8135fe0cb3d401a2b36dca50cf02c1e8a86998c560979f76e2f789a78f8ff98a"
"prime-digital.com","Prime Digital","Marketing and Advertising","Medium-Small ($10MM-$50MM)","Medium (200-499)","Unaware","2026-05-16",3,1,"70a5a1110f0dd4dbea9d6083582e99a9b665b3a05e27f789609261c6307b6a16"
"green-labs.com","Green Labs","Retail","Micro ($0-$1MM)","Micro (1-9)","Opportunity","2026-07-07",460,17,"c5964b72f3f9c746ec904407ee91556ba9a9e5c82fd4a2e6ad3976bc15668656"
"prime-io.com","Prime Io","Software / Information Technology","Micro ($0-$1MM)","Micro (1-9)","Opportunity","2026-09-06",431,20,"bbac2071cae385d8d2ea5bf85f87ccd54e4e3f617ac3fbbb092f7a080d4f583f"
"green-cloud.com","Green Cloud","Construction","Micro ($0-$1MM)","Small (10-49)","Aware","2026-07-02",18,4,"06c7595e993f937d4fcd7a7faed77a15b9234f669de4c1fd4e863686b4ac58ce"
"cyber-corp.com","Cyber Corp","Retail","Micro ($0-$1MM)","Small (10-49)","Unaware","2026-04-30",2,1,"39da9d81b7391f94357fdb00575cf501bb54b1043a63de91e6f93db40d49cef2"
"swift-group.com","Swift Group","Financial Services","Medium-Small ($10MM-$50MM)","Medium-Small (50-199)","Unaware","2026-09-18",2,1,"7c8142214310d62e90eff339f0972baad51c2f30a1263b4aca3ec446c6f660d3"
"bright-media.com","Bright Media","Marketing and Advertising","XXLarge ($1B+)","XXLarge (10,000+)","Aware","2026-07-22",12,3,"a900a540d4801033e3fedcf2c9e44058267b7ad41aad1e8028488aee9c41519f"
"acme-works.com","Acme Works","Marketing and Advertising","Micro ($0-$1MM)","Micro (1-9)","Engaged","2026-04-13",37,5,"d8adc1df616e4beab8de439126529706dfa38cdde4912211c9c6d312b3f6d12e"
"clear-cloud.com","Clear Cloud","Entertainment","Medium-Small ($10MM-$50MM)","Medium (200-499)","MQL","2026-09-15",50,15,"3b89994246cbfa3d30dbce007357b5057cc501449f53f88d8fae11e21c446239"
"peak-digital.com","Peak Digital","Construction","Medium-Large ($50MM-$100MM)","Medium (200-499)","Unaware","2026-09-11",5,1,"8e728d0f61dec6736291e0a7a1b9ef3effdaf3f206ba3ff48197e654a28eb60f"
"nova-digital.com","Nova Digital","Legal Services","Small ($1MM-$10MM)","Small (10-49)","Aware","2026-09-05",5,4,"3df3f5d82e4b8e13bb193fdedfd458e71ed7daad83ac4499b4ea0b8d0aea8bb2"
"acme-tech.com","Acme Tech","Telecommunications","Medium-Small ($10MM-$50MM)","Medium-Small (50-199)","Engaged","2026-08-10",82,15,""
"rapid-media.com","Rapid Media","Entertainment","Small ($1MM-$10MM)","Small (10-49)","Aware","2026-05-13",3,6,""
"atlas-io.com","Atlas Io","Consumer Goods","XXLarge ($1B+)","XXLarge (10,000+)","Unaware","2026-08-18",4,1,"9fd2c7a52803c32318ecaa2b8ace1dd42e42673e560bd8ed5ef968f869d809af"
"clear-solutions.com","Clear Solutions","E-Learning","Large ($100MM-$200MM)","Large (1,000-4,999)","Aware","2026-06-12",9,2,"12de552ab9125bccc751f77c6a921741ae2101f56cb847fdfcccce9b38aa2d89"
"atlas-inc.com","Atlas Inc","Construction","Micro ($0-$1MM)","Micro (1-9)","Aware","2026-05-24",18,6,""
"smart-hub.com","Smart Hub","Retail","XXLarge ($1B+)","XXLarge (10,000+)","Unaware","2026-08-22",3,1,"d09aa4ea98123c48510a6b9dcd51901ae9bb7f87524bc9dc403a5cb9b18446cd"
"green-works.com","Green Works","Hospital & Health Care","Medium-Large ($50MM-$100MM)","Medium (200-499)","Aware","2026-06-20",14,3,"90d5ad6276e557c85769f7cdd6e529a1f6bf89fd4cc8bcd74cb89fd153e8e0e2"
"nova-net.com","Nova Net","Financial Services","XLarge ($200MM-$1B)","Large (1,000-4,999)","Aware","2026-07-18",4,1,"4d9519ae42313694e7cfd27bcd7c5ae644a732a0e872be364faa1685ce0e0bea"
"nova-net.com","Nova Net","Entertainment","Small ($1MM-$10MM)","Small (10-49)","MQL","2026-05-01",89,29,""
"core-media.com","Core Media","E-Learning","Small ($1MM-$10MM)","Medium-Small (50-199)","Engaged","2026-08-21",16,11,"7d760684c0748be03c14d39bc29f94566a1ce9810ebdc74bd36674820d57ee3a"
"vertex-solutions.com","Vertex Solutions","Food & Beverages","Small ($1MM-$10MM)","Medium-Small (50-199)","Unaware","2026-08-04",3,1,"36e8e6c62643ac48f90fd6d33eec93a8321493ac3dc1bcc90850263eb2efbccb"
"global-corp.com","Global Corp","Software / Information Technology","XXLarge ($1B+)","XXLarge (10,000+)","Unaware","2026-04-06",5,1,""
"core-works.com","Core Works","Food & Beverages","Small ($1MM-$10MM)","Small (10-49)","Unaware","2026-09-19",4,1,""
"peak-net.com","Peak Net","Financial Services","Medium-Small ($10MM-$50MM)","Medium-Small (50-199)","Unaware","2026-07-27",4,1,""
"cyber-digital.com","Cyber Digital","Hospital & Health Care","Medium-Large ($50MM-$100MM)","Medium (200-499)","Unaware","2026-08-11",1,1,"3c9d44755866992ab5c3373b8626774ec82f74ebaa368a077c817dd15d96c86f"
"apex-solutions.com","Apex Solutions","Education Management","Micro ($0-$1MM)","Small (10-49)","Unaware","2026-04-08",1,1,"88ee23080deeeccaf97f097b2f43efaeb18f5f56cdcadae6886310375ca998b3"
"bright-media.com","Bright Media","Hospital & Health Care","Medium-Large ($50MM-$100MM)","Medium-Large (500-999)","Unaware","2026-06-11",2,1,"3667d514ea5afedb5cffc0d338fd1aef4407dbc66f60838b0e96f26ba6782dc2"
"atlas-works.com","Atlas Works","Automotive","Micro ($0-$1MM)","Micro (1-9)","Unaware","2026-04-04",4,1,"3bf643965947b85a42f3678196062aa462df9d817921bfe992fb80da95b970a8"
"iron-media.com","Iron Media","Software / Information Technology","Medium-Small ($10MM-$50MM)","Medium-Small (50-199)","Aware","2026-04-17",11,3,"b80176a566653b9317ae94619319a60451114c90feeeae9098b802be1f3cfc05"
"smart-hub.com","Smart Hub","Financial Services","Small ($1MM-$10MM)","Medium-Small (50-199)","Aware","2026-06-11",5,4,""
"blue-data.com","Blue Data","Hospital & Health Care","XXLarge ($1B+)","XXLarge (10,000+)","Engaged","2026-06-09",16,4,"d5ad3f5bb31b4a05ef0b95684a4694089cdccbc308ce37dd0770b142d46b5600"
"acme-systems.com","Acme Systems","Hospital & Health Care","XLarge ($200MM-$1B)","XLarge (5,000-10,000)","Aware","2026-07-17",22,1,"750e040baa1cf325bc321a50af66fb5936555d1d490e3050744e44f7df4b09f0"
"apex-labs.com","Apex Labs","Education Management","Medium-Small ($10MM-$50MM)","Medium (200-499)","Unaware","2026-07-21",5,1,""
"apex-works.com","Apex Works","Telecommunications","Micro ($0-$1MM)","Micro (1-9)","Unaware","2026-07-05",5,1,"a47f511c0531e5db3841bb9ea55a4a7a306e2183e072e757c23a64878ecdc7c2"
"smart-solutions.com","Smart Solutions","Retail","Micro ($0-$1MM)","Micro (1-9)","Engaged","2026-07-21",11,10,"56298adb511aae375d61caee93f86828ab871967f02c2259fc71e2d737e21016"
"stellar-systems.com","Stellar Systems","Software / Information Technology","Medium-Small ($10MM-$50MM)","Medium (200-499)","Aware","2026-05-06",22,3,"99c9f4834847852f34edc00b85fecdde237409bff7f4f82b303218b669616d7f"
"clear-solutions.com","Clear Solutions","Marketing and Advertising","Micro ($0-$1MM)","Small (10-49)","Unaware","2026-07-25",5,1,""
"acme-io.com","Acme Io","Food & Beverages","XLarge ($200MM-$1B)","Large (1,000-4,999)","Engaged","2026-06-06",32,17,""
"swift-io.com","Swift Io","Financial Services","Small ($1MM-$10MM)","Medium-Small (50-199)","Aware","2026-04-19",22,3,"205dd43668dbd4fc2f6490aaf4bdfddcc7a1c7f1488427ddc5dac37c2838397c"
"nova-hub.com","Nova Hub","Legal Services","Micro ($0-$1MM)","Micro (1-9)","Engaged","2026-04-22",68,14,""
"stellar-corp.com","Stellar Corp","Financial Services","Medium-Large ($50MM-$100MM)","Medium-Large (500-999)","Unaware","2026-08-25",2,1,"f47de14f8c5978b28a68281e53fcb9daea2afa995b5535251402054f8e7ead4a"
"apex-net.com","Apex Net","Financial Services","Large ($100MM-$200MM)","Large (1,000-4,999)","Engaged","2026-06-03",108,8,"55e9fe46acac936bd612fd94b3a831c88a59e5628ef621ac686cb76f8d84568e"
"global-labs.com","Global Labs","Marketing and Advertising","Micro ($0-$1MM)","Micro (1-9)","Aware","2026-09-02",13,3,"31a4cc951e4919bbeb368e3c2d7184823200928753ecf7b29ccb5e0dbda4e278"
"clear-systems.com","Clear Systems","Management Consulting","Medium-Small ($10MM-$50MM)","Medium-Small (50-199)","MQL","2026-07-20",102,19,"c89e873b2711035075c2b0da7f54f631abed4c749f831428622c4ffdac0e2039"
"iron-media.com","Iron Media","Software / Information Technology","Small ($1MM-$10MM)","Medium-Small (50-199)","MQL","2026-08-15",70,28,""
"apex-data.com","Apex Data","Manufacturing","Small ($1MM-$10MM)","Medium-Small (50-199)","Unaware","2026-08-30",5,1,""
"acme-labs.com","Acme Labs","Automotive","Medium-Large ($50MM-$100MM)","Medium (200-499)","Unaware","2026-05-20",1,1,"38eec3ac63d6b0ce9a6533113d2a06721c2ce26ac652e32206f21d6779812cd8"
"acme-systems.com","Acme Systems","Entertainment","Medium-Large ($50MM-$100MM)","Medium (200-499)","Unaware","2026-05-25",1,1,""
"nova-tech.com","Nova Tech","Marketing and Advertising","Medium-Small ($10MM-$50MM)","Medium-Small (50-199)","Unaware","2026-07-31",4,1,"84ba35e2893f16c6e839a9f42f9de28205672e82d3da1e6f4b1c7cd543f138c5"
"prime-hub.com","Prime Hub","Retail","Small ($1MM-$10MM)","Medium-Small (50-199)","Unaware","2026-05-08",3,1,""
"prime-group.com","Prime Group","Education Management","Micro ($0-$1MM)","Micro (1-9)","Unaware","2026-07-20",5,1,""
"clear-solutions.com","Clear Solutions","Retail","Micro ($0-$1MM)","Small (10-49)","Aware","2026-09-20",12,3,"1fa5fd68f41a6c23bb206e3c9b22b9c65ebe5afa808fa5417405c038252e8e05"
"blue-corp.com","Blue Corp","Software / Information Technology","Micro ($0-$1MM)","Small (10-49)","MQL","2026-09-07",89,10,"90c0e41dfc515b1108a3b64e0fed128f79df1e5713f152f08333982a86475e05"
"blue-solutions.com","Blue Solutions","Software / Information Technology","Micro ($0-$1MM)","Small (10-49)","Aware","2026-05-27",17,6,""
"swift-cloud.com","Swift Cloud","Manufacturing","Medium-Small ($10MM-$50MM)","Medium-Small (50-199)","MQL","2026-09-16",87,9,"106d2c89bb43c4b2a0f466fcf08f81bdbd9c3789a42a99545308025321c4b916"
"core-hub.com","Core Hub","Hospital & Health Care","Medium-Large ($50MM-$100MM)","Medium (200-499)","Unaware","2026-06-07",3,1,"b97f02d054185d58fcf645c9a946ee93c3d637008171b7567551a5f1eaad76bf"
"swift-digital.com","Swift Digital","Software / Information Technology","Micro ($0-$1MM)","Small (10-49)","Unaware","2026-06-06",2,1,"9d1b601598396780f95f070f9ae24cf4fd34d819ac11c4b9125ce19d74e62b55"
"vertex-solutions.com","Vertex Solutions","Insurance","Small ($1MM-$10MM)","Small (10-49)","Unaware","2026-09-17",4,1,""
"nexus-digital.com","Nexus Digital","Retail","Medium-Small ($10MM-$50MM)","Medium (200-499)","Unaware","2026-08-29",3,1,""
"cyber-digital.com","Cyber Digital","Financial Services","Medium-Small ($10MM-$50MM)","Medium (200-499)","Unaware","2026-04-05",2,1,"d8b98540590dc7d60976b29e9ef3fefcd7b922a3defa27bbde8c90e908d69f98"
"nova-solutions.com","Nova Solutions","Education Management","Medium-Small ($10MM-$50MM)","Medium-Small (50-199)","Aware","2026-05-19",16,1,"62ff467f5624a1d13fffab97c3ce8b04d7bac0bf65c9a50b95846976df811ed7"
"global-solutions.com","Global Solutions","Retail","Medium-Large ($50MM-$100MM)","Medium (200-499)","Aware","2026-04-30",13,4,""
"nexus-hub.com","Nexus Hub","Financial Services","Medium-Large ($50MM-$100MM)","Medium-Large (500-999)","Engaged","2026-09-01",49,3,"ab8619d1e8c07e37f19122a17cfb737e320ea9f6128b16aa11267ca95a363caf"
"swift-hub.com","Swift Hub","Software / Information Technology","Large ($100MM-$200MM)","Large (1,000-4,999)","Unaware","2026-08-31",1,1,"d394aae5c9f18ef86cef4c8953d99a165da2e393c9475b120d35b452f6fea422"
"rapid-cloud.com","Rapid Cloud","Telecommunications","Small ($1MM-$10MM)","Medium-Small (50-199)","Unaware","2026-07-16",2,1,"e381b9cf5d07106fc1193492738318e6a67717219ccdb1de90bf9a42ec67bbe8"
"nexus-solutions.com","Nexus Solutions","Marketing and Advertising","Medium-Small ($10MM-$50MM)","Medium (200-499)","Engaged","2026-08-05",57,9,"66574f36b071d59b8ab5ad4e1034d971f82be031e3fb593165c64fdcd1d3a0bf"
"apex-labs.com","Apex Labs","Financial Services","Micro ($0-$1MM)","Micro (1-9)","Aware","2026-07-15",11,2,"7174a0389280b6e947eb9b3c7a9a707f80a1ac7cfc1ab2fc8ad42c61800b8e8e"
"global-data.com","Global Data","Consumer Goods","XXLarge ($1B+)","XXLarge (10,000+)","Engaged","2026-08-25",80,14,""
"cyber-works.com","Cyber Works","Real Estate","XLarge ($200MM-$1B)","XLarge (5,000-10,000)","Engaged","2026-04-28",88,8,"9bbb57c4c9f5a55649c00d51886cb51b29c012eb8ca43a67018bc5b882ed5319"
"bright-cloud.com","Bright Cloud","Automotive","XLarge ($200MM-$1B)","XLarge (5,000-10,000)","Unaware","2026-05-08",5,1,"71465f42b724ec0f9d6a8d9ec5a3ff1b7bbe33c9d2cb102225b63ce118ea8656"
"iron-works.com","Iron Works","Consumer Goods","Medium-Small ($10MM-$50MM)","Medium (200-499)","MQL","2026-06-24",146,25,""
"nova-net.com","Nova Net","E-Learning","Micro ($0-$1MM)","Small (10-49)","Unaware","2026-04-16",2,1,"28c1cc26a6f755f8f237a01849563dc73bbff162aef857a6fc47b088e153fc91"
"vertex-inc.com","Vertex Inc","Hospital & Health Care","XXLarge ($1B+)","XXLarge (10,000+)","Engaged","2026-06-01",51,14,""
"nova-corp.com","Nova Corp","Construction","Small ($1MM-$10MM)","Medium-Small (50-199)","Unaware","2026-08-28",5,1,"ae0cef9a240e771b746ca0d34b848dffc14586d6702dc7b7166bffbfe567290a"
"blue-systems.com","Blue Systems","Health, Wellness and Fitness","Large ($100MM-$200MM)","Medium-Large (500-999)","Aware","2026-06-06",21,5,""
"iron-data.com","Iron Data","Software / Information Technology","Medium-Small ($10MM-$50MM)","Medium (200-499)","Aware","2026-04-04",6,4,""
"core-io.com","Core Io","Hospital & Health Care","Small ($1MM-$10MM)","Medium-Small (50-199)","Aware","2026-07-04",6,6,""
"peak-data.com","Peak Data","Financial Services","Medium-Large ($50MM-$100MM)","Medium-Large (500-999)","MQL","2026-07-06",187,19,"fb2a96c564f40042b4ebdc20a84ea5d4a183334b9a44a0cea4db3474d4613398"
"nova-labs.com","Nova Labs","Software / Information Technology","XLarge ($200MM-$1B)","XLarge (5,000-10,000)","Aware","2026-06-20",14,2,"b9f9c8efc2f70e7c301156a2fe5f2509d9e283e003a4d08f448a13cb36404ec1"
"vertex-labs.com","Vertex Labs","Software / Information Technology","Medium-Large ($50MM-$100MM)","Medium-Large (500-999)","Engaged","2026-06-12",103,8,"1b21a2e9e607701980d72d2f4f421c9755b9ae0ee5e017fe46c7908330bdd54c"
"stellar-corp.com","Stellar Corp","Manufacturing","Medium-Large ($50MM-$100MM)","Medium-Large (500-999)","Aware","2026-07-16",5,3,"7f68d8c8cfbb38c6fc8daf25ad15564f868a33418ead214f988ae4514763423b"
"green-works.com","Green Works","Consumer Goods","Medium-Small ($10MM-$50MM)","Medium (200-499)","Engaged","2026-05-13",97,16,""
"green-tech.com","Green Tech","Marketing and Advertising","Small ($1MM-$10MM)","Small (10-49)","Unaware","2026-09-16",4,1,""
"smart-io.com","Smart Io","Financial Services","Large ($100MM-$200MM)","Large (1,000-4,999)","Unaware","2026-08-25",3,1,"ca083c3cd40c6388148a4e205298e8b973acdef694d012242a8a8ba70d3ba88f"
"iron-net.com","Iron Net","Insurance","Medium-Small ($10MM-$50MM)","Medium (200-499)","Unaware","2026-08-10",4,1,"f90d1633866e969054f46d6ea7b4b7441a1b5850630d7d93f0fc2d3522b021e8"
"global-works.com","Global Works","Management Consulting","Medium-Small ($10MM-$50MM)","Medium-Small (50-199)","Unaware","2026-09-11",1,1,""
"bright-group.com","Bright Group","Manufacturing","Micro ($0-$1MM)","Micro (1-9)","Engaged","2026-05-12",25,7,"cf6b20b1ed37879d524b674a97401459a3edfbff4fbd7a486cccd3cb029570eb"
"swift-group.com","Swift Group","Financial Services","Large ($100MM-$200MM)","Large (1,000-4,999)","Engaged","2026-06-11",84,6,"0cb4d5837cda1e56510a0d8a9fc7abfc9e2f146ad4ab5e256d46e3774d854b08"
"core-io.com","Core Io","Telecommunications","XXLarge ($1B+)","XXLarge (10,000+)","Engaged","2026-08-20",61,7,"d3f09296ab77d27045aef5da0f860d8fc70d186d771735dbda111a9d487946cf"
"blue-net.com","Blue Net","Hospital & Health Care","Medium-Large ($50MM-$100MM)","Medium (200-499)","Unaware","2026-07-05",2,1,""
"swift-systems.com","Swift Systems","Insurance","Small ($1MM-$10MM)","Medium-Small (50-199)","Engaged","2026-03-30",21,4,"3103b8948c3db957e6a625ddad4e4d6a4cbed4fc9cae96ac230d5f261256017b"
"prime-inc.com","Prime Inc","Software / Information Technology","Small ($1MM-$10MM)","Medium-Small (50-199)","Unaware","2026-09-15",3,1,"63874e8423d5131f238b26c73419b056e559248be28f706380325dffb93ad0a2"
"peak-net.com","Peak Net","Software / Information Technology","Micro ($0-$1MM)","Small (10-49)","Unaware","2026-07-03",1,1,"aa6f596cafd3feb0672b85898b6e2eb7dfadb2cbc5c7c1b998d2c1fb973a674f"
"bright-corp.com","Bright Corp","Manufacturing","Micro ($0-$1MM)","Micro (1-9)","Engaged","2026-09-19",14,11,"f45c23ab283bb10ebd818fe85e2a24ae74389cee47be4cebfad99eba25f1a4a9"
"core-tech.com","Core Tech","Health, Wellness and Fitness","Medium-Small ($10MM-$50MM)","Medium-Small (50-199)","Engaged","2026-08-27",88,5,"01503c809ee0acefda54c74d281c28f8f50ea734afa0a1b6e6cd877969e41778"
"stellar-corp.com","Stellar Corp","Construction","Medium-Large ($50MM-$100MM)","Medium-Large (500-999)","Unaware","2026-05-23",3,1,"30a118abb9cdc5da6911637d08a01a4819e23309eb396f78b005d6788f372dc9"
"atlas-digital.com","Atlas Digital","Education Management","Small ($1MM-$10MM)","Medium-Small (50-199)","Aware","2026-08-30",22,3,"8c81a34b750dadd8bc8b2d452a49f0a68c653e1b307c9e0f8db2aebc3ad283f8"
"apex-group.com","Apex Group","Software / Information Technology","Small ($1MM-$10MM)","Small (10-49)","Unaware","2026-06-09",2,1,""
"stellar-works.com","Stellar Works","Legal Services","Medium-Small ($10MM-$50MM)","Medium (200-499)","Unaware","2026-06-01",4,1,""
"cyber-corp.com","Cyber Corp","Food & Beverages","Micro ($0-$1MM)","Small (10-49)","Unaware","2026-08-03",2,1,"18805104c5b3471c2ce345492723860d4808ec3d809b26d18c0f59d88033d883"
"apex-data.com","Apex Data","Software / Information Technology","Large ($100MM-$200MM)","Large (1,000-4,999)","Engaged","2026-04-25",74,10,"ce0a0cea0ed95d9a8ef797bd19f118d8e555a7a1ddbb7a47da98aabaa922be01"
"smart-systems.com","Smart Systems","Marketing and Advertising","Large ($100MM-$200MM)","Large (1,000-4,999)","Engaged","2026-05-05",28,16,""
"cyber-solutions.com","Cyber Solutions","Software / Information Technology","Small ($1MM-$10MM)","Small (10-49)","Unaware","2026-04-19",1,1,""
"swift-inc.com","Swift Inc","Marketing and Advertising","Large ($100MM-$200MM)","Large (1,000-4,999)","Opportunity","2026-07-31",73,11,"c96964a92dbca3c537a328b656e5f7ab20fa60d7c415de7d129e5dbfddf3f715"
"acme-systems.com","Acme Systems","Marketing and Advertising","Medium-Large ($50MM-$100MM)","Medium (200-499)","Aware","2026-06-05",5,3,"5ec6e0382a6bd02a9a1b00c5bf9d80f28dc73d99f2308cf0799a2dcd7310ce10"
"nova-data.com","Nova Data","Entertainment","Medium-Small ($10MM-$50MM)","Medium (200-499)","Aware","2026-07-24",18,6,""
"cyber-media.com","Cyber Media","Hospital & Health Care","Micro ($0-$1MM)","Micro (1-9)","Unaware","2026-06-24",3,1,"442e00f9179e0ae2ee6b0373a567fa7bdbb1e35e198796eb9e60f9c4ed0d86f8"
"prime-group.com","Prime Group","Education Management","Medium-Small ($10MM-$50MM)","Medium-Small (50-199)","Unaware","2026-07-06",4,1,"0a0e04fa58b3a5a9659ceb493f9b6ac1769f737979e0a21afac4da9e919adbd1"
"bright-io.com","Bright Io","Automotive","Small ($1MM-$10MM)","Medium-Small (50-199)","Aware","2026-08-03",13,4,"864c0e0128e2306c9733db37b736088acc52203fe3aa2118c4e3e8102eafecd7"
"swift-labs.com","Swift Labs","Insurance","Small ($1MM-$10MM)","Small (10-49)","Unaware","2026-06-22",4,1,""
"nexus-labs.com","Nexus Labs","Consumer Goods","Micro ($0-$1MM)","Micro (1-9)","Unaware","2026-09-09",1,1,"b46ff7902afd8e5244202ff7b0a6dfa37fd556521c22422558603dbd704837c0"
"swift-hub.com","Swift Hub","Software / Information Technology","Medium-Large ($50MM-$100MM)","Medium (200-499)","Unaware","2026-04-05",2,1,""
"prime-cloud.com","Prime Cloud","Entertainment","Medium-Small ($10MM-$50MM)","Medium-Small (50-199)","Engaged","2026-05-19",58,9,"3e72340d50004ee9e97c640a0dc0789b649457fc55b86ce2b1bc76be7d795751"
"stellar-solutions.com","Stellar Solutions","Food & Beverages","Medium-Small ($10MM-$50MM)","Medium (200-499)","Engaged","2026-04-04",75,9,"1604ff2c22792b4d0e275cd184ef0ebb6a8855c3e41e7e70195354fcddea4a49"
"smart-corp.com","Smart Corp","Marketing and Advertising","Small ($1MM-$10MM)","Medium-Small (50-199)","Aware","2026-05-27",21,6,""
"bright-group.com","Bright Group","Consumer Goods","Medium-Large ($50MM-$100MM)","Medium-Large (500-999)","Aware","2026-06-17",18,3,"fc23aa8194db639078a2903f2a5d80998c2e8a4b714eff0a4a7c2b39df3e9d0c"
"iron-hub.com","Iron Hub","Real Estate","Medium-Small ($10MM-$50MM)","Medium-Small (50-199)","Unaware","2026-04-27",4,1,"416f09d0c48bf88f72d2c868093f74abb8a2d764770ffc7c791b1fdd64c15a86"
"swift-inc.com","Swift Inc","Logistics and Supply Chain","Micro ($0-$1MM)","Small (10-49)","Opportunity","2026-05-15",125,47,""
"swift-works.com","Swift Works","E-Learning","XXLarge ($1B+)","XXLarge (10,000+)","Unaware","2026-07-29",3,1,"4464a2caf862f31a680d37baf0b680067d44c3051cd4f5916ff396307313154b"
"peak-inc.com","Peak Inc","Automotive","XXLarge ($1B+)","XXLarge (10,000+)","Aware","2026-07-02",10,2,"7beb7f43f979e6469563d86c1698eb44f098ac4034156c5e430e574cd79e0f98"
"smart-io.com","Smart Io","Education Management","Micro ($0-$1MM)","Small (10-49)","MQL","2026-07-04",105,9,"e339f98c44142be1ad90dd122f1dfa49d943e548553f2d32a7e72ec8afb5119a"
"peak-net.com","Peak Net","Legal Services","Medium-Small ($10MM-$50MM)","Medium-Small (50-199)","MQL","2026-08-24",52,26,""
"blue-labs.com","Blue Labs","Financial Services","Large ($100MM-$200MM)","Medium-Large (500-999)","Unaware","2026-04-30",2,1,"d939a3b6a29df75ad75d8f13c7f20425ff9334a0f82544109f7e9c8ca0d81fc7"
"peak-net.com","Peak Net","Software / Information Technology","Micro ($0-$1MM)","Micro (1-9)","Unaware","2026-06-08",5,1,"5fb1a2dfad0d1eae150d078fd58ab8197e2fc9f0ffc5ae7c01ca69cf0b1ca58e"
"green-corp.com","Green Corp","Legal Services","XLarge ($200MM-$1B)","XLarge (5,000-10,000)","Engaged","2026-08-13",19,12,"41a9def0287ca9ae86747204f3f4189b70e7eb10e41f9ec693d0cf73fbc2fd6c"
"smart-hub.com","Smart Hub","Software / Information Technology","Micro ($0-$1MM)","Small (10-49)","MQL","2026-09-21",76,20,"dd9c1d862bc87a2a6b71d6574152e463eb54bac9779b9eb7b779e2f0024b4d7b"
"acme-corp.com","Acme Corp","Retail","Medium-Small ($10MM-$50MM)","Medium-Small (50-199)","MQL","2026-09-16",137,15,"094b70a6b4a3577e83988711ace958ce9c48471326ea744929809bcadb498a8d"
"core-io.com","Core Io","Marketing and Advertising","Medium-Large ($50MM-$100MM)","Medium-Large (500-999)","Engaged","2026-08-05",100,7,"2b9c6c2b2e5f9b5f5b06001bafacca230d6017915b00ce2dac86a5152b68432d"
"blue-digital.com","Blue Digital","Software / Information Technology","Medium-Small ($10MM-$50MM)","Medium-Small (50-199)","Unaware","2026-08-12",4,1,""
"iron-works.com","Iron Works","Education Management","Medium-Small ($10MM-$50MM)","Medium (200-499)","Aware","2026-08-27",3,3,"4725a00bf159065204a9bc87e2e439fb44884df8f3364eedb179c57603a1c962"
"cyber-tech.com","Cyber Tech","Entertainment","Small ($1MM-$10MM)","Small (10-49)","Unaware","2026-06-08",1,1,"f0d0456a6d9151d9f73b747d8cc79bfc3509211dff623954f8903178af8cc286"
"peak-works.com","Peak Works","Automotive","Medium-Small ($10MM-$50MM)","Medium (200-499)","Aware","2026-03-28",9,3,"33b66cdaa524b2d91c9a0ee4f1484cacd64e59185747988a9f6f1a19e93b6093"
"clear-digital.com","Clear Digital","Health, Wellness and Fitness","Micro ($0-$1MM)","Micro (1-9)","Aware","2026-09-16",17,4,"53fba6f182fe3f8b5d87a3624684868c51d544efe8e24271f8e9b84dd3eae471"
"clear-net.com","Clear Net","Insurance","Large ($100MM-$200MM)","Large (1,000-4,999)","Unaware","2026-07-26",2,1,""
"clear-solutions.com","Clear Solutions","Software / Information Technology","Large ($100MM-$200MM)","Large (1,000-4,999)","Aware","2026-09-06",17,5,""
"green-solutions.com","Green Solutions","Telecommunications","Micro ($0-$1MM)","Micro (1-9)","Unaware","2026-04-21",1,1,""
"rapid-media.com","Rapid Media","Education Management","Large ($100MM-$200MM)","Medium-Large (500-999)","Aware","2026-04-18",13,5,""
"global-io.com","Global Io","Food & Beverages","XLarge ($200MM-$1B)","XLarge (5,000-10,000)","Engaged","2026-04-06",104,15,""
"prime-works.com","Prime Works","Entertainment","Large ($100MM-$200MM)","Large (1,000-4,999)","Aware","2026-08-06",4,2,"254113d79d3b5a8dac745ab2108a7d7d7aecce788c7ac07a97d4657c035f60bc"
"peak-labs.com","Peak Labs","Software / Information Technology","Small ($1MM-$10MM)","Medium-Small (50-199)","MQL","2026-04-27",196,6,"a9fb77af40b0a5d6ef1523f84ba6555d46c4c729fa1407b1b8380bd24caad865"
"rapid-cloud.com","Rapid Cloud","Financial Services","Micro ($0-$1MM)","Small (10-49)","Aware","2026-04-24",19,5,""
"clear-labs.com","Clear Labs","Automotive","Micro ($0-$1MM)","Small (10-49)","Aware","2026-06-22",13,3,"8a585a722de9839e66c23d2c8b5597e2c2fee53a31e5d779df0ddad39b56b3f7"
"cyber-media.com","Cyber Media","Construction","Micro ($0-$1MM)","Micro (1-9)","Aware","2026-08-13",7,6,""
"rapid-media.com","Rapid Media","Entertainment","Micro ($0-$1MM)","Micro (1-9)","Aware","2026-07-03",20,5,""
"core-tech.com","Core Tech","Marketing and Advertising","Small ($1MM-$10MM)","Medium-Small (50-199)","Unaware","2026-09-10",3,1,"35cc0fdb8d799f7848d9a75c1ced0ff5747107f5e344bb04e5931a4cc42ce8a8"
"vertex-io.com","Vertex Io","Software / Information Technology","Micro ($0-$1MM)","Micro (1-9)","Aware","2026-06-04",11,3,"bf763719101baa6c71f980201cce51f5cecf60cc21bbcee720a94cbc1809b07e"
"bright-systems.com","Bright Systems","Education Management","Small ($1MM-$10MM)","Small (10-49)","Unaware","2026-05-31",2,1,"02ed9824b2bb52815b4073754518cb6b48672ee7b4789112e8b5eb9b656fb8ed"
"acme-media.com","Acme Media","Manufacturing","Micro ($0-$1MM)","Micro (1-9)","Unaware","2026-09-09",4,1,"b72eef80c8da5c863df96c93db31fc0c5efb195422662ce842196e3ea1d978e7"
"iron-systems.com","Iron Systems","Insurance","Medium-Large ($50MM-$100MM)","Medium-Large (500-999)","Opportunity","2026-08-03",244,16,"f0ae05a2f29d4952323653413e6b8f4105177fe42a0d2b1d0b58ca96b7e854fb"
"cyber-data.com","Cyber Data","Construction","Small ($1MM-$10MM)","Medium-Small (50-199)","Unaware","2026-06-30",2,1,"82ecd4396237728251aa75ed1bfea825378bc33d68d1e08d17c24c6dad56920a"
"green-hub.com","Green Hub","Management Consulting","XLarge ($200MM-$1B)","Large (1,000-4,999)","Unaware","2026-08-20",3,1,"fd30dcce4d7a45b5843013c2deee6e84ab924a5cf4d7c5175c984277997602fa"
"bright-hub.com","Bright Hub","Financial Services","Medium-Large ($50MM-$100MM)","Medium (200-499)","Unaware","2026-04-28",5,1,""
"nexus-io.com","Nexus Io","Insurance","XLarge ($200MM-$1B)","Large (1,000-4,999)","Unaware","2026-04-15",2,1,""
"smart-hub.com","Smart Hub","Food & Beverages","Micro ($0-$1MM)","Small (10-49)","Engaged","2026-04-17",43,16,""
"swift-group.com","Swift Group","Logistics and Supply Chain","Large ($100MM-$200MM)","Large (1,000-4,999)","Engaged","2026-03-29",77,5,"ff664079920d27af4f6eb67aac06f7ace3f0f12af6af925dc3669a6c9d274099"
"rapid-cloud.com","Rapid Cloud","Retail","XLarge ($200MM-$1B)","Large (1,000-4,999)","Aware","2026-04-06",21,5,""
"swift-digital.com","Swift Digital","Health, Wellness and Fitness","Small ($1MM-$10MM)","Small (10-49)","MQL","2026-04-08",188,26,""
"cyber-io.com","Cyber Io","Marketing and Advertising","Small ($1MM-$10MM)","Medium-Small (50-199)","Aware","2026-08-20",21,3,"027efbd3c88fd3fe4c294eadea6504cef36125ff0240ce63009dcc75e4e5515c"
"peak-digital.com","Peak Digital","Health, Wellness and Fitness","Large ($100MM-$200MM)","Medium-Large (500-999)","Unaware","2026-05-14",4,1,""
"vertex-hub.com","Vertex Hub","Insurance","Medium-Small ($10MM-$50MM)","Medium (200-499)","Unaware","2026-09-02",5,1,""
"apex-inc.com","Apex Inc","Automotive","Medium-Small ($10MM-$50MM)","Medium-Small (50-199)","Engaged","2026-06-24",62,17,""
"stellar-tech.com","Stellar Tech","Legal Services","Micro ($0-$1MM)","Small (10-49)","Unaware","2026-04-14",1,1,"56a418ef78a780ca55aaf794e461940cfa3b54ef88ad5b1e87933749f45bf37e"
"smart-systems.com","Smart Systems","Food & Beverages","Micro ($0-$1MM)","Micro (1-9)","Unaware","2026-06-03",3,1,"da557c26a82df291ce418e3d06c2fd6da224182a30bbd9d579c86c7c7553ef4f"
"green-tech.com","Green Tech","Marketing and Advertising","Large ($100MM-$200MM)","Large (1,000-4,999)","Unaware","2026-07-30",2,1,""
"iron-works.com","Iron Works","Entertainment","Medium-Large ($50MM-$100MM)","Medium (200-499)","Engaged","2026-07-24",44,5,"9e528b67c6bbc12419143d7d7b29ffcf1f6593132695eba0ef1c64ba26ddd6ab"
"vertex-hub.com","Vertex Hub","Consumer Goods","Micro ($0-$1MM)","Micro (1-9)","Engaged","2026-06-09",36,9,"3ff636cd6032283a8b5a93d04ab41a0fe3f698edfd886251532fd3b9d248b47d"
"atlas-labs.com","Atlas Labs","Legal Services","XLarge ($200MM-$1B)","Large (1,000-4,999)","Aware","2026-04-05",6,4,"a0eab4167fffe1edc806e075991e8c72b014c6dca1b2a168ce10bc0e0afb407b"
"swift-corp.com","Swift Corp","Telecommunications","XXLarge ($1B+)","XXLarge (10,000+)","Engaged","2026-07-05",67,18,""
"iron-tech.com","Iron Tech","Software / Information Technology","Large ($100MM-$200MM)","Large (1,000-4,999)","Aware","2026-09-11",19,5,""
"acme-media.com","Acme Media","Marketing and Advertising","XLarge ($200MM-$1B)","XLarge (5,000-10,000)","Opportunity","2026-04-30",169,26,"1efb14686711ddab6a8a9c9ba9a3db042beb969987bb0994b9c7aa6bc38e40e3"
"peak-labs.com","Peak Labs","Health, Wellness and Fitness","Large ($100MM-$200MM)","Large (1,000-4,999)","Aware","2026-05-18",9,2,"3a66feacb549ce398e9b99bd241871c78c8676e20351fc7b64a33bd4906bdb76"
"global-tech.com","Global Tech","E-Learning","Small ($1MM-$10MM)","Small (10-49)","Unaware","2026-08-11",1,1,""
"green-group.com","Green Group","Logistics and Supply Chain","Medium-Small ($10MM-$50MM)","Medium-Small (50-199)","Unaware","2026-06-23",1,1,"b14dd46c1eb13e919f55c55025c4d0042f047a317f04982f6c0f5d6ab1eff84c"
"rapid-cloud.com","Rapid Cloud","Retail","Micro ($0-$1MM)","Small (10-49)","Unaware","2026-05-30",1,1,""
"prime-labs.com","Prime Labs","Telecommunications","Medium-Large ($50MM-$100MM)","Medium (200-499)","Unaware","2026-07-08",1,1,"15bbcfe6ccf5178f36379ef52b3fa3af2b05bf50db95a843d809ffc8704337c3"
"iron-systems.com","Iron Systems","Food & Beverages","Small ($1MM-$10MM)","Medium-Small (50-199)","Aware","2026-06-22",17,5,""
"cyber-net.com","Cyber Net","Entertainment","Micro ($0-$1MM)","Micro (1-9)","Aware","2026-05-11",13,5,""
"smart-solutions.com","Smart Solutions","Management Consulting","Small ($1MM-$10MM)","Medium-Small (50-199)","Opportunity","2026-05-30",366,13,"71251a02cbc008d720a2f4bb9bb3e0a4014b456c62865866e44ba43f785f2cb1"
"rapid-cloud.com","Rapid Cloud","Retail","Medium-Large ($50MM-$100MM)","Medium-Large (500-999)","Unaware","2026-04-02",2,1,"b8ba4bed98f4485acd3f919a1a5afc9950a9464f726e6cbe3aba0ac0aa5fbee8"
"atlas-cloud.com","Atlas Cloud","Marketing and Advertising","Small ($1MM-$10MM)","Small (10-49)","Unaware","2026-09-15",1,1,""
"iron-data.com","Iron Data","Food & Beverages","XXLarge ($1B+)","XXLarge (10,000+)","Engaged","2026-05-18",26,11,"ab2bc61c6841ad414e53c9c6c6b1e6c736e6ce40427cc2000a8fa73912342cda"
"iron-labs.com","Iron Labs","Health, Wellness and Fitness","Medium-Small ($10MM-$50MM)","Medium (200-499)","Unaware","2026-03-30",5,1,"44df37d957ee407aefb2ddaf108aaa9112205b277818be98d2a775c4167929ab"
"global-solutions.com","Global Solutions","Marketing and Advertising","Small ($1MM-$10MM)","Medium-Small (50-199)","Engaged","2026-05-22",50,3,"36132b4d1d3410fa37c717328c9f55effcc254568bc1403da362364671ee8de1"
"cyber-cloud.com","Cyber Cloud","E-Learning","Micro ($0-$1MM)","Small (10-49)","Opportunity","2026-08-27",482,40,""
"iron-data.com","Iron Data","Marketing and Advertising","Micro ($0-$1MM)","Small (10-49)","Engaged","2026-07-16",11,10,"72644d3e4c3380c356326e087bc6d3ad8f43bee213cdcffa167324e1d96d9c69"
"peak-digital.com","Peak Digital","Manufacturing","Micro ($0-$1MM)","Micro (1-9)","Aware","2026-04-29",16,4,""
"cyber-hub.com","Cyber Hub","Hospital & Health Care","Small ($1MM-$10MM)","Small (10-49)","Unaware","2026-08-21",1,1,"506ecb3c5018535caae1d9e3747263ceed22c49429d22edc3725b9d97b38e538"
"apex-io.com","Apex Io","Food & Beverages","XLarge ($200MM-$1B)","XLarge (5,000-10,000)","Aware","2026-07-04",10,4,"bede5421fb5f4e29d79a165fbb9336ded198274d3da437feb1e80d55a801c4d4"
"green-tech.com","Green Tech","Marketing and Advertising","Small ($1MM-$10MM)","Medium-Small (50-199)","Engaged","2026-09-07",39,15,""
"cyber-io.com","Cyber Io","E-Learning","Small ($1MM-$10MM)","Small (10-49)","Unaware","2026-05-31",5,1,"ee2fb204b0d6916d37c7972f202c04676b7dd2f8752d33365fa108ffa152cb47"
"smart-systems.com","Smart Systems","Software / Information Technology","Medium-Small ($10MM-$50MM)","Medium (200-499)","Unaware","2026-06-03",3,1,""
"nova-cloud.com","Nova Cloud","Real Estate","Micro ($0-$1MM)","Micro (1-9)","MQL","2026-07-14",52,5,"1858c18a05bfb2d0f0fd5a54dcf5cb855ea38068a74260e03fb350a1f1e22515"
"apex-labs.com","Apex Labs","Insurance","Micro ($0-$1MM)","Micro (1-9)","Unaware","2026-05-07",5,1,"a1b737d7c5ad92666759841212c2fe42d060f7c4e26895e2c3fa20bb2e2e056c"
"peak-digital.com","Peak Digital","Entertainment","Medium-Small ($10MM-$50MM)","Medium-Small (50-199)","Engaged","2026-06-26",32,12,""
"core-corp.com","Core Corp","Management Consulting","Medium-Large ($50MM-$100MM)","Medium (200-499)","Aware","2026-04-24",10,2,"c5cd4b8bfd3423b2a7ead449e76cbb2a2fd66d646ea816db53b501daa2f05650"
"stellar-hub.com","Stellar Hub","Insurance","Medium-Large ($50MM-$100MM)","Medium (200-499)","Aware","2026-07-10",5,4,"69de923713aa637864e6d76ebbea864d603f438efd424bbbd5ff032ca3bcec44"
"acme-solutions.com","Acme Solutions","Retail","Large ($100MM-$200MM)","Large (1,000-4,999)","Unaware","2026-06-01",5,1,""
"atlas-group.com","Atlas Group","Financial Services","Micro ($0-$1MM)","Small (10-49)","Engaged","2026-07-16",27,8,"9c120c6b14c61f7db4c07b902901edae3366813d1791fc8d91cc56c62fd924c3"
"blue-hub.com","Blue Hub","Consumer Goods","Micro ($0-$1MM)","Micro (1-9)","Engaged","2026-08-14",64,7,"34c24dabd65314765ba73df391e7de17be19ba3fa4574391f9cad438eb48197c"
"smart-data.com","Smart Data","Logistics and Supply Chain","Medium-Large ($50MM-$100MM)","Medium-Large (500-999)","Unaware","2026-05-14",4,1,""
"blue-hub.com","Blue Hub","Software / Information Technology","Large ($100MM-$200MM)","Large (1,000-4,999)","Aware","2026-05-28",16,4,""
"global-systems.com","Global Systems","Software / Information Technology","Small ($1MM-$10MM)","Small (10-49)","Aware","2026-05-23",8,3,"072ef74a21d619b13fc3003f9bbbce682210b2e080a8fdaabc07385adeebc5f7"
"vertex-tech.com","Vertex Tech","Food & Beverages","Medium-Large ($50MM-$100MM)","Medium-Large (500-999)","MQL","2026-08-18",173,24,""
"clear-corp.com","Clear Corp","Retail","Medium-Small ($10MM-$50MM)","Medium (200-499)","Engaged","2026-08-04",25,4,"035e4e02716b4d5e996f5c1b9440e4fcf1e00c0299f4d93b6c19c0a7321bd401"
"iron-cloud.com","Iron Cloud","E-Learning","Micro ($0-$1MM)","Micro (1-9)","Unaware","2026-06-12",4,1,"61fcd02a3c833def969f6fc399d3a2a2006dabea40551c802729c7a37d008910"
"cyber-media.com","Cyber Media","Marketing and Advertising","Large ($100MM-$200MM)","Large (1,000-4,999)","Unaware","2026-05-31",4,1,"65c47fa7124ea254aa0b50266dd34193d8c7adc1f8ede9994bc1f6a56ca36633"
"blue-tech.com","Blue Tech","Retail","XLarge ($200MM-$1B)","Large (1,000-4,999)","MQL","2026-05-22",124,24,""
"blue-net.com","Blue Net","Automotive","Micro ($0-$1MM)","Small (10-49)","Engaged","2026-08-14",100,16,""
"acme-solutions.com","Acme Solutions","Telecommunications","Micro ($0-$1MM)","Micro (1-9)","Aware","2026-09-01",15,1,"f94c9a6945855a3e5b0221fe4502850cd4c32686b56a3b696eefa97497006c78"
"atlas-labs.com","Atlas Labs","Real Estate","Micro ($0-$1MM)","Small (10-49)","Engaged","2026-05-08",101,12,"59ebb993d25663248ac5cd29d5f7d967a558cff69ec0f09ec4612108f0798fb1"
"nexus-cloud.com","Nexus Cloud","Telecommunications","Small ($1MM-$10MM)","Small (10-49)","Engaged","2026-06-15",87,6,"b42d8f47f6486e68784f823f3c98ef2973257bdce4b4caa01e69dfdf7adeadc0"
"atlas-digital.com","Atlas Digital","Management Consulting","Small ($1MM-$10MM)","Medium-Small (50-199)","Unaware","2026-06-17",1,1,"c86c6cb3cd3146f399f7b6073343bd8f0e3f5c648c1479f93e8813790768e7b3"
"cyber-group.com","Cyber Group","Hospital & Health Care","Large ($100MM-$200MM)","Large (1,000-4,999)","MQL","2026-03-28",49,5,"66dcc56ef8f791c3d273e46a5f97a32dcaa95cf4b43ec963c5692343c7fbae71"
"swift-hub.com","Swift Hub","Software / Information Technology","Small ($1MM-$10MM)","Medium-Small (50-199)","Unaware","2026-09-04",5,1,"77927fddc7468837c6664159c6563d577ea690da2fb8244a2e98a074605969c4"
"iron-works.com","Iron Works","Insurance","Micro ($0-$1MM)","Micro (1-9)","Unaware","2026-04-11",3,1,""
"iron-group.com","Iron Group","Software / Information Technology","Medium-Small ($10MM-$50MM)","Medium (200-499)","MQL","2026-08-24",52,10,"72d5bf20d12e24886f0e233def982685b8c2de503c6a8c7d6258f6609b06d934"
"green-systems.com","Green Systems","Software / Information Technology","Small ($1MM-$10MM)","Small (10-49)","Engaged","2026-09-21",91,10,"ccef501abd581fa5d18ef5565f3e45c1c0110b9a9b06f3c504482889bbb58d71"
"green-tech.com","Green Tech","Telecommunications","Large ($100MM-$200MM)","Large (1,000-4,999)","Aware","2026-06-30",3,4,""
"core-tech.com","Core Tech","Health, Wellness and Fitness","Medium-Small ($10MM-$50MM)","Medium-Small (50-199)","Unaware","2026-04-16",2,1,"31d35a3e2cc0ba3843f24e9e14280d0cb0677b3124bbb37b36a04445585444f7"
"atlas-digital.com","Atlas Digital","Software / Information Technology","Micro ($0-$1MM)","Micro (1-9)","Engaged","2026-08-08",75,6,"c18f094c75a75aa0eacf37b31b11e0418b05cb2724ef547d1ac0ac38155441b7"
"rapid-cloud.com","Rapid Cloud","Retail","Micro ($0-$1MM)","Micro (1-9)","Aware","2026-05-10",16,1,"1e440ec403479081af210e8b8f146c67ef7452a710bfb9f6c51bd1da55593465"
"swift-hub.com","Swift Hub","Hospital & Health Care","XLarge ($200MM-$1B)","Large (1,000-4,999)","Aware","2026-04-09",17,3,"532a1d912428707faba727c05e9b9fbdb6f385d694f73699b3c3d044b1e611dc"
"green-hub.com","Green Hub","Software / Information Technology","Medium-Small ($10MM-$50MM)","Medium (200-499)","Unaware","2026-05-12",4,1,""
"core-systems.com","Core Systems","Software / Information Technology","Micro ($0-$1MM)","Micro (1-9)","Aware","2026-09-18",15,2,"1badaef7b3c690475e39f3647e53e464baa7240867fe9ff72da969a3d1b298c5"
"iron-net.com","Iron Net","Retail","Medium-Large ($50MM-$100MM)","Medium (200-499)","Unaware","2026-07-25",4,1,"3ca2c9f23dca65ef02f0a6d72f04d79f2fedf840a480f769f48b5a4d6ddd670e"
"core-corp.com","Core Corp","Software / Information Technology","Medium-Small ($10MM-$50MM)","Medium (200-499)","Unaware","2026-06-19",2,1,"aea36bd4f176f34fc555e165be58bcf9a309a0302d462a7eb987ca2c3a06a340"
"prime-systems.com","Prime Systems","E-Learning","Medium-Large ($50MM-$100MM)","Medium (200-499)","Unaware","2026-08-21",3,1,"7e89e7d003bc9e96674f658e5699e6b63ed002920e88a77b2c79b343ce2b0ce2"
"prime-systems.com","Prime Systems","Marketing and Advertising","Medium-Small ($10MM-$50MM)","Medium (200-499)","Unaware","2026-07-28",2,1,""
"rapid-media.com","Rapid Media","E-Learning","Small ($1MM-$10MM)","Medium-Small (50-199)","Unaware","2026-07-20",3,1,""
"global-labs.com","Global Labs","Software / Information Technology","Medium-Large ($50MM-$100MM)","Medium (200-499)","Unaware","2026-08-12",4,1,""
"apex-digital.com","Apex Digital","Education Management","Medium-Small ($10MM-$50MM)","Medium-Small (50-199)","Unaware","2026-04-06",4,1,""
"bright-data.com","Bright Data","Logistics and Supply Chain","Micro ($0-$1MM)","Small (10-49)","Aware","2026-08-03",9,5,""
"global-inc.com","Global Inc","Marketing and Advertising","Small ($1MM-$10MM)","Medium-Small (50-199)","Engaged","2026-08-03",73,6,"df3103719bf2e74bc9cb2447e3314a458967285ed31fd0e99ab5e3b78a87b1c7"
"clear-media.com","Clear Media","Software / Information Technology","Small ($1MM-$10MM)","Small (10-49)","Unaware","2026-06-26",4,1,""
"prime-solutions.com","Prime Solutions","Software / Information Technology","Large ($100MM-$200MM)","Medium-Large (500-999)","Unaware","2026-09-04",3,1,"73eaff3e5df3ab0b52ddf559e4845e94c79cf7ecf6b2151f8f023982cea523f5"
"prime-media.com","Prime Media","Management Consulting","Medium-Large ($50MM-$100MM)","Medium-Large (500-999)","Unaware","2026-09-09",5,1,"068f03e4512884c817d0e630feb7c0e82dfd285b72dc9859b6652959a85e0177"
"bright-io.com","Bright Io","Software / Information Technology","Large ($100MM-$200MM)","Medium-Large (500-999)","Unaware","2026-09-22",1,1,"cf08eb178df3d99d62c96ca459937f6d3b4f87f521b3324bd814849927be9830"
"rapid-io.com","Rapid Io","Hospital & Health Care","Medium-Small ($10MM-$50MM)","Medium (200-499)","Opportunity","2026-08-11",388,30,"4ba62b3451b9cd2dae4b37ca3ac1224f7d2ac58d9d257c2a53a7edeec0539476"
"apex-cloud.com","Apex Cloud","Construction","Large ($100MM-$200MM)","Medium-Large (500-999)","Engaged","2026-05-19",93,4,"a2f5f6f6998d3d95e298024fc78b60c02d8291d79ad97f9a9f1d561d180be716"
"vertex-data.com","Vertex Data","Manufacturing","Micro ($0-$1MM)","Small (10-49)","MQL","2026-08-21",184,11,"3251bfb81675e83033877a37cec3504e043368c989047eba54883512d7163c83"
"vertex-data.com","Vertex Data","Entertainment","Large ($100MM-$200MM)","Medium-Large (500-999)","MQL","2026-05-09",228,26,""
"atlas-cloud.com","Atlas Cloud","Software / Information Technology","Small ($1MM-$10MM)","Medium-Small (50-199)","Unaware","2026-07-03",5,1,"b6145c749384ee746b66a4b49fc2dd03bb86cc9890b7142f725041ce2781a685"
"blue-media.com","Blue Media","Logistics and Supply Chain","Small ($1MM-$10MM)","Medium-Small (50-199)","Unaware","2026-05-26",4,1,"5a887007dfa531749d59f0f8cf265f3b0977a466eb4c3162c03bed89be05c3b4"
"core-solutions.com","Core Solutions","Retail","Micro ($0-$1MM)","Micro (1-9)","Unaware","2026-08-13",2,1,""
"smart-cloud.com","Smart Cloud","Software / Information Technology","Micro ($0-$1MM)","Micro (1-9)","Aware","2026-09-02",10,2,"209971a8b939a3204bb9473ea1a9875e38cdca4072033ca11960cebffbf1ce91"
"core-tech.com","Core Tech","Software / Information Technology","XXLarge ($1B+)","XXLarge (10,000+)","Unaware","2026-04-23",3,1,""
"peak-net.com","Peak Net","Software / Information Technology","Medium-Small ($10MM-$50MM)","Medium (200-499)","Engaged","2026-05-03",84,12,"75df8116dc774b8612c58e3889269fde7ee703fa4dee1bc4b04b6dbe1eb7d4fe"
"blue-solutions.com","Blue Solutions","Legal Services","Medium-Small ($10MM-$50MM)","Medium (200-499)","Unaware","2026-08-15",1,1,"dd7de8d72293fe9239df45f0cb00aaf29d214149d1598b007cb7311a97606845"
"swift-works.com","Swift Works","Logistics and Supply Chain","XXLarge ($1B+)","XXLarge (10,000+)","Unaware","2026-05-15",2,1,"f77cbdc6fc9eb98d875a3b420811c0cfb4ff14e30f153ba9879cde61c7d37ff8"
"nova-media.com","Nova Media","Software / Information Technology","Medium-Small ($10MM-$50MM)","Medium (200-499)","Aware","2026-04-05",4,2,"f1f9a83553376c9873c69c31e65bd502fdb9ed7909cab7934955baa257c68b4a"
"acme-tech.com","Acme Tech","Marketing and Advertising","Medium-Large ($50MM-$100MM)","Medium-Large (500-999)","Unaware","2026-08-15",5,1,"10b1de4cf2b9ae0cf9614658d964dd5fda6e86cba3768c9f56813c48ed1f58b2"
"rapid-solutions.com","Rapid Solutions","Automotive","Medium-Large ($50MM-$100MM)","Medium (200-499)","Aware","2026-07-23",10,4,""
"acme-hub.com","Acme Hub","Retail","Medium-Small ($10MM-$50MM)","Medium-Small (50-199)","Engaged","2026-04-28",20,12,"999901070f665e452b86aa2f580b6aad6f82d17eed44842f88e6e019be2608ea"
"prime-labs.com","Prime Labs","Entertainment","Small ($1MM-$10MM)","Small (10-49)","Aware","2026-09-21",6,3,"4f5d387252763c511ed8fe4eb8b5b51f116ebccdbde60e6c9809603a037bdf61"
"swift-group.com","Swift Group","Marketing and Advertising","Micro ($0-$1MM)","Small (10-49)","Engaged","2026-08-19",54,10,"ade6ca3012d187bfabcd4f123878d21aa963a1cbeb0bee0c5032f1b45c52c82e"
"rapid-tech.com","Rapid Tech","Health, Wellness and Fitness","Medium-Small ($10MM-$50MM)","Medium (200-499)","Aware","2026-06-11",4,1,"aea270ab9db73ba17e3340b4f88721c71c89ac98b7dd0f23f175c54d7c51e5c1"
"acme-solutions.com","Acme Solutions","Management Consulting","Large ($100MM-$200MM)","Large (1,000-4,999)","Aware","2026-08-25",17,2,"2c45857f97e3fc4b55b0e18d2010dda1b72609a301293f1afcb5de31196f3829"
"green-media.com","Green Media","Food & Beverages","Micro ($0-$1MM)","Small (10-49)","Engaged","2026-09-03",47,16,""
"iron-cloud.com","Iron Cloud","Marketing and Advertising","Medium-Small ($10MM-$50MM)","Medium (200-499)","Aware","2026-06-08",18,2,"f32ac7c273fbb682c105c7070cbbb26259b35ab75110c30ed14db245c69b23f1"
"cyber-group.com","Cyber Group","Automotive","Small ($1MM-$10MM)","Medium-Small (50-199)","MQL","2026-07-29",103,19,"dbe524b9f7f197cb43db2370f8151e7485973bea6cdb1f9a87728f387acabbe0"
"iron-labs.com","Iron Labs","Entertainment","Large ($100MM-$200MM)","Large (1,000-4,999)","Unaware","2026-09-07",4,1,"1a8cd7259c3b83251e251570c08c3eaa185d921ffefc5680700bedeb0f9d9843"
"cyber-io.com","Cyber Io","Consumer Goods","Medium-Large ($50MM-$100MM)","Medium-Large (500-999)","Unaware","2026-06-25",1,1,""
"cyber-corp.com","Cyber Corp","Retail","Small ($1MM-$10MM)","Medium-Small (50-199)","Unaware","2026-05-14",5,1,"582fa7d76740012e645b993bd022742236398e7cf092dd4977b553cd654850f2"
"cyber-solutions.com","Cyber Solutions","Software / Information Technology","Small ($1MM-$10MM)","Medium-Small (50-199)","Unaware","2026-05-06",4,1,"ac085dda47039de243c8d749ec98a1e1ad3e105376a07a7c340482126f8e5390"
"rapid-labs.com","Rapid Labs","Telecommunications","Small ($1MM-$10MM)","Small (10-49)","Unaware","2026-09-16",1,1,"8bbd9ecc42eb2f0d94b9ab1ae51c031147876dc516d4fa9b6530be9f29781bf5"
"peak-systems.com","Peak Systems","Legal Services","Micro ($0-$1MM)","Micro (1-9)","Engaged","2026-07-04",63,12,""
"peak-group.com","Peak Group","Management Consulting","Medium-Large ($50MM-$100MM)","Medium (200-499)","Opportunity","2026-07-04",420,21,"6ff3b665b4ae2e066e91b5ee75ea39388a7f08bcf81661aab7282d385abffc3a"
"cyber-tech.com","Cyber Tech","Software / Information Technology","Large ($100MM-$200MM)","Large (1,000-4,999)","Engaged","2026-09-10",47,10,"67fab1745f84db9c298c04ba30f60d0ee35cdd5dfd230949a36ba518b256ce0c"
"iron-tech.com","Iron Tech","Software / Information Technology","Micro ($0-$1MM)","Micro (1-9)","Unaware","2026-06-01",3,1,""
"clear-works.com","Clear Works","Legal Services","Medium-Small ($10MM-$50MM)","Medium (200-499)","Engaged","2026-09-20",43,11,"4c273d69df48dfbe744875fae9850a55c63422b52dec4c2f3f96588839fa02db"
"rapid-systems.com","Rapid Systems","Entertainment","Medium-Large ($50MM-$100MM)","Medium (200-499)","Aware","2026-05-26",5,3,"08d56444a68aa5c478262f6b367d44899678b113813e4fde47aa754bb7803170"
"peak-io.com","Peak Io","Construction","Small ($1MM-$10MM)","Medium-Small (50-199)","MQL","2026-06-18",34,26,""
"swift-cloud.com","Swift Cloud","Software / Information Technology","Micro ($0-$1MM)","Micro (1-9)","Unaware","2026-08-20",2,1,"ff33cf66f0b67a9581176f0e6dcf71637059b0c50deebee2a77ca04f47edc417"
"global-labs.com","Global Labs","Consumer Goods","XXLarge ($1B+)","XXLarge (10,000+)","Engaged","2026-07-14",85,14,""
"core-works.com","Core Works","Education Management","Small ($1MM-$10MM)","Small (10-49)","Unaware","2026-07-17",3,1,""
"blue-group.com","Blue Group","Legal Services","Micro ($0-$1MM)","Micro (1-9)","Aware","2026-04-10",15,4,""
"clear-cloud.com","Clear Cloud","Health, Wellness and Fitness","XLarge ($200MM-$1B)","Large (1,000-4,999)","Aware","2026-08-30",13,5,""
"nexus-systems.com","Nexus Systems","Software / Information Technology","Small ($1MM-$10MM)","Medium-Small (50-199)","Engaged","2026-04-21",95,7,"49d4fc864ccf54eb45817f65a0c006efc0e9c406911cb6d32309940b33e36ce5"
"smart-solutions.com","Smart Solutions","Financial Services","Micro ($0-$1MM)","Micro (1-9)","MQL","2026-05-01",105,6,"ee337af2798975d4bb09b73f4beb3ec81b74264a7d4d4a4073d359e92b3237d1"
"global-io.com","Global Io","Automotive","Medium-Small ($10MM-$50MM)","Medium (200-499)","Unaware","2026-07-09",4,1,"0ec8ffe22b15ba5b129033fe3cbeccdf519daa1853ec15837249ed897e3367f2"
"prime-systems.com","Prime Systems","Food & Beverages","Medium-Large ($50MM-$100MM)","Medium-Large (500-999)","Engaged","2026-08-25",26,14,""
"cyber-media.com","Cyber Media","Software / Information Technology","Medium-Small ($10MM-$50MM)","Medium (200-499)","Aware","2026-08-13",21,4,""
"prime-media.com","Prime Media","Marketing and Advertising","Large ($100MM-$200MM)","Large (1,000-4,999)","Unaware","2026-05-07",1,1,"435fd843f1532025946419a47726637238b1cc39126ff2e0e728ba56f9ece12f"
"apex-systems.com","Apex Systems","E-Learning","Micro ($0-$1MM)","Micro (1-9)","Aware","2026-09-03",6,5,""
"core-net.com","Core Net","Management Consulting","Small ($1MM-$10MM)","Medium-Small (50-199)","Aware","2026-05-07",3,2,"158adde7497956cdeeb248cbd5dc63cec61aeb849b9aeb43a593ddf597582f90"
"clear-inc.com","Clear Inc","Marketing and Advertising","XXLarge ($1B+)","XXLarge (10,000+)","MQL","2026-06-01",185,23,""
"peak-media.com","Peak Media","Insurance","Micro ($0-$1MM)","Micro (1-9)","Unaware","2026-08-12",1,1,"e511454fed3e4f53a9a3f75b55b04e18068ad7ebfbd3ec22b6a40e8102a3479f"
"swift-hub.com","Swift Hub","Software / Information Technology","Small ($1MM-$10MM)","Medium-Small (50-199)","Unaware","2026-08-24",2,1,""
"core-media.com","Core Media","E-Learning","Large ($100MM-$200MM)","Medium-Large (500-999)","Unaware","2026-03-31",1,1,""
"vertex-cloud.com","Vertex Cloud","Management Consulting","Medium-Large ($50MM-$100MM)","Medium-Large (500-999)","Engaged","2026-06-29",33,4,"ac7ee805ff017b8d98edef591e2cab7e9f2210fa1338f25a1785accd57b804f5"
"smart-labs.com","Smart Labs","Education Management","Micro ($0-$1MM)","Small (10-49)","Engaged","2026-05-14",55,9,"4be65e918ac2a975566a4c883353b876adc3ea079a14d46c8ff2d46524b4287f"
"stellar-solutions.com","Stellar Solutions","Entertainment","Micro ($0-$1MM)","Micro (1-9)","Engaged","2026-09-02",109,12,"a787526af4986cd846ee58243178b6b9f5a7be8cf6fbf638e1057e43775b47cc"
"swift-net.com","Swift Net","Software / Information Technology","XLarge ($200MM-$1B)","Large (1,000-4,999)","Unaware","2026-05-05",4,1,"6d1ec5820afcf888e52b1a67b1dd26526d659b5f7cb42fbac053770bbc050ccd"
"cyber-group.com","Cyber Group","Real Estate","Medium-Large ($50MM-$100MM)","Medium-Large (500-999)","Opportunity","2026-04-24",133,31,"d6c959381466fcaae99a15a33a3888e3733e434455e32ce4ce22239055399a8e"
"nova-cloud.com","Nova Cloud","Construction","XXLarge ($1B+)","XXLarge (10,000+)","Aware","2026-05-09",21,1,"820a1eecccdf2ce22944455dae5e84baa923ee28d788325773cdd2e9e13d5045"
"prime-group.com","Prime Group","Entertainment","Small ($1MM-$10MM)","Medium-Small (50-199)","Unaware","2026-04-25",5,1,""
"swift-digital.com","Swift Digital","Manufacturing","Micro ($0-$1MM)","Small (10-49)","Opportunity","2026-09-20",185,15,"89f278a6d5517a2bcb2980c066607f6001b5bf8057969179619fc5b40c43cf29"
"rapid-net.com","Rapid Net","Logistics and Supply Chain","Medium-Small ($10MM-$50MM)","Medium-Small (50-199)","MQL","2026-08-01",174,20,""
"peak-group.com","Peak Group","Software / Information Technology","Micro ($0-$1MM)","Micro (1-9)","MQL","2026-06-11",225,18,"b0a1256a77e6ed01676d2d7e8f0e1038415611a0af23aa5e16eade3ae69470fd"
"atlas-inc.com","Atlas Inc","Software / Information Technology","XXLarge ($1B+)","XXLarge (10,000+)","Unaware","2026-05-08",4,1,"9eef23ff30f2c17c7617d6b99da9573eb96c45250d05c3d130320521abc9911d"
"bright-group.com","Bright Group","Marketing and Advertising","Medium-Small ($10MM-$50MM)","Medium (200-499)","Unaware","2026-06-22",1,1,""
"cyber-digital.com","Cyber Digital","Financial Services","Medium-Small ($10MM-$50MM)","Medium (200-499)","Unaware","2026-04-26",3,1,"9cbf64bc3b648f8f273fc5e2e38de020fe336040ce528a3f91c4740122b3bb38"
"nexus-inc.com","Nexus Inc","Construction","Large ($100MM-$200MM)","Large (1,000-4,999)","Unaware","2026-08-23",5,1,""
"smart-inc.com","Smart Inc","Marketing and Advertising","Medium-Large ($50MM-$100MM)","Medium-Large (500-999)","Unaware","2026-04-26",2,1,"5064603229e6bff99cead8dad6941d628298a91a7b973de1251d3b59aff96d03"
"blue-data.com","Blue Data","Construction","Small ($1MM-$10MM)","Medium-Small (50-199)","Aware","2026-04-09",5,2,"b603aa5d63f1def245122b58989b8a4d98c48da133801e2e84356fe707722dce"
"iron-hub.com","Iron Hub","Financial Services","Small ($1MM-$10MM)","Medium-Small (50-199)","Opportunity","2026-04-04",179,30,"5073da457906f1d50e13df1866be2ad6d0874dd3bfe829cc9ef802c79570ddd6"
"rapid-labs.com","Rapid Labs","Financial Services","Micro ($0-$1MM)","Micro (1-9)","Unaware","2026-06-02",5,1,""
"nexus-solutions.com","Nexus Solutions","Financial Services","Medium-Large ($50MM-$100MM)","Medium-Large (500-999)","Aware","2026-07-31",14,6,""
"nexus-inc.com","Nexus Inc","Entertainment","XLarge ($200MM-$1B)","Large (1,000-4,999)","MQL","2026-06-11",35,9,"ab9931c6cb10cf9c48f8bdccfda65abf3dd3ff7019febdf5fc3f9e1c25e1a8a3"
"prime-tech.com","Prime Tech","Legal Services","Micro ($0-$1MM)","Micro (1-9)","Opportunity","2026-09-01",381,48,""
"core-systems.com","Core Systems","Food & Beverages","Medium-Small ($10MM-$50MM)","Medium (200-499)","Opportunity","2026-08-24",489,17,"38e42cdfe14f6b0a2c3af2acbf51def938f32cb3a8b9b20ce3065bf9e70807d7"
"apex-labs.com","Apex Labs","Retail","Large ($100MM-$200MM)","Medium-Large (500-999)","Engaged","2026-07-18",107,16,""
"prime-systems.com","Prime Systems","Marketing and Advertising","Medium-Large ($50MM-$100MM)","Medium (200-499)","Engaged","2026-07-05",20,5,"0f8c912698edf95d31e7a2e91a3f8d17c8f8f26c2905b802f608b9524eac1419"
"smart-works.com","Smart Works","Marketing and Advertising","Medium-Small ($10MM-$50MM)","Medium (200-499)","Unaware","2026-08-27",3,1,"cc74a6ca8dda15bd7457b198c8e7965dffa0960a57b4ee110f5652181226734f"
"iron-digital.com","Iron Digital","Telecommunications","Micro ($0-$1MM)","Small (10-49)","Aware","2026-07-09",8,4,"cf401183ff9c8f070ea946f58c6281fd633bf8eb6fdc229801163446cb273bc4"
"cyber-digital.com","Cyber Digital","Insurance","XXLarge ($1B+)","XXLarge (10,000+)","Opportunity","2026-08-11",147,45,""
"smart-systems.com","Smart Systems","Retail","Large ($100MM-$200MM)","Large (1,000-4,999)","Unaware","2026-08-10",1,1,"a2380b56b0d78a8638f5afbfce988b657d1f11f96161216347412ef6893b76e6"
"nova-labs.com","Nova Labs","Software / Information Technology","Medium-Large ($50MM-$100MM)","Medium-Large (500-999)","Unaware","2026-05-21",4,1,"5ec5fbdcad454e0ad84e24064f52a55b36d559ba993e605c45b4fff9c43d6a66"
"peak-io.com","Peak Io","Software / Information Technology","Small ($1MM-$10MM)","Medium-Small (50-199)","Engaged","2026-04-16",108,17,""
"apex-hub.com","Apex Hub","Hospital & Health Care","XXLarge ($1B+)","XXLarge (10,000+)","Engaged","2026-04-11",99,14,""
"core-digital.com","Core Digital","Retail","Medium-Small ($10MM-$50MM)","Medium-Small (50-199)","Engaged","2026-05-18",39,15,""
"atlas-io.com","Atlas Io","Real Estate","XXLarge ($1B+)","XXLarge (10,000+)","Aware","2026-05-17",20,5,""
"iron-media.com","Iron Media","Software / Information Technology","Micro ($0-$1MM)","Small (10-49)","Unaware","2026-06-17",3,1,"048e53e75ca79fddfe2e7d8988ae677d3da79da00a26a5883c75b7639bee3ea3"
"stellar-hub.com","Stellar Hub","Education Management","Small ($1MM-$10MM)","Medium-Small (50-199)","Aware","2026-06-19",12,2,"52ff955a875f581102eadff7aaf291a4d392e310485edf3498437d2a03722360"
"vertex-inc.com","Vertex Inc","Software / Information Technology","Small ($1MM-$10MM)","Medium-Small (50-199)","Opportunity","2026-09-09",186,45,""
"blue-works.com","Blue Works","Health, Wellness and Fitness","Medium-Small ($10MM-$50MM)","Medium (200-499)","Engaged","2026-05-04",86,9,"d197f988668e2cbbeb0d5824b17c8c60d51134787059af3600f21c3cb4a7db0e"
"blue-labs.com","Blue Labs","Marketing and Advertising","Small ($1MM-$10MM)","Small (10-49)","Aware","2026-06-01",4,2,"d1903205fc5bc6ad630623b6b0d652904d5059de81d4b97fd3882c9d5f84166d"
"acme-data.com","Acme Data","Food & Beverages","XLarge ($200MM-$1B)","XLarge (5,000-10,000)","Aware","2026-05-22",21,3,"38d838ce63af5e1a9c9c1609426ca7c37a8cd51439da88eeb47a45b354287887"
"smart-solutions.com","Smart Solutions","Marketing and Advertising","Medium-Large ($50MM-$100MM)","Medium-Large (500-999)","Unaware","2026-05-02",1,1,"2ec57f9334f28eb9f0020791517b9390159b33f6ae6b3e5ef7b42029710f2164"
"atlas-corp.com","Atlas Corp","Retail","XLarge ($200MM-$1B)","Large (1,000-4,999)","Engaged","2026-04-10",36,10,"23cfdca95d3ed1144df865fcaec4396f61de151f8f1506b1cc57c31a8ee1d98b"
"green-cloud.com","Green Cloud","Software / Information Technology","Micro ($0-$1MM)","Micro (1-9)","MQL","2026-08-05",73,27,""
"bright-media.com","Bright Media","Real Estate","Medium-Small ($10MM-$50MM)","Medium-Small (50-199)","Aware","2026-08-14",21,4,""
"acme-systems.com","Acme Systems","Consumer Goods","Micro ($0-$1MM)","Small (10-49)","Unaware","2026-06-20",5,1,"7b968f26f63904c35db3d36a042fe0211944a00dc3c8a001675e0692dfb01b62"
"atlas-digital.com","Atlas Digital","Education Management","Micro ($0-$1MM)","Small (10-49)","MQL","2026-09-17",222,26,""
"acme-data.com","Acme Data","Retail","Large ($100MM-$200MM)","Medium-Large (500-999)","Unaware","2026-06-16",3,1,"fc853cbb4ac15aaf8f384ebd28eba60ac3fb741cfc2b97f6f1db14c23b3d9982"
"iron-works.com","Iron Works","Marketing and Advertising","Small ($1MM-$10MM)","Medium-Small (50-199)","Engaged","2026-06-29",52,11,"7a5ec8d2ea77c70aac717edfa720fe8dffdab483808a0ec7d21b323540afe2ee"
"cyber-inc.com","Cyber Inc","Retail","Small ($1MM-$10MM)","Small (10-49)","Unaware","2026-06-20",3,1,""
"swift-corp.com","Swift Corp","Retail","Small ($1MM-$10MM)","Medium-Small (50-199)","Aware","2026-06-11",4,3,"c92b642ae50981969b9ae41a08603796fc1eada532d9d8b11954b27df9947345"
"iron-tech.com","Iron Tech","Entertainment","Small ($1MM-$10MM)","Small (10-49)","Engaged","2026-08-24",61,7,"34c0c5b54622ba902bb58c322909ac8dff48b011a969ef0f9c393a1096fb6bcb"
"swift-cloud.com","Swift Cloud","Software / Information Technology","Small ($1MM-$10MM)","Medium-Small (50-199)","Engaged","2026-05-25",42,7,"a6e1be3a1d457d9611c13fcc3760d80023c9a7e345bbafcd3fe4e3fcfd42dc07"
"prime-inc.com","Prime Inc","Manufacturing","Medium-Small ($10MM-$50MM)","Medium-Small (50-199)","Engaged","2026-04-15",73,4,"f559310c4b50d19f14ee6cc8a0fbfe6cfc743f2ff50aade40800122fedb7d659"
"clear-cloud.com","Clear Cloud","Health, Wellness and Fitness","Large ($100MM-$200MM)","Large (1,000-4,999)","Unaware","2026-06-06",1,1,"ecd2bb800cfb6a2ac780cf70cc293a296f60780e9ba874d12d8863533c8387a4"
"swift-io.com","Swift Io","Consumer Goods","Micro ($0-$1MM)","Micro (1-9)","Unaware","2026-06-13",3,1,""
"core-solutions.com","Core Solutions","Education Management","Small ($1MM-$10MM)","Medium-Small (50-199)","Engaged","2026-06-09",53,5,"ddab5a6487130a7babae7b60542d2f5f923c157daf838c1fecdbcf11e9477f16"
"cyber-data.com","Cyber Data","Financial Services","Micro ($0-$1MM)","Micro (1-9)","Unaware","2026-08-27",5,1,""
"rapid-io.com","Rapid Io","Financial Services","XLarge ($200MM-$1B)","XLarge (5,000-10,000)","Aware","2026-05-15",13,4,""
"iron-digital.com","Iron Digital","Telecommunications","XLarge ($200MM-$1B)","XLarge (5,000-10,000)","Unaware","2026-08-30",3,1,""
"peak-media.com","Peak Media","Software / Information Technology","Micro ($0-$1MM)","Small (10-49)","Aware","2026-08-03",14,1,"4dd606b27f7e10193fb26aa3f8f12b84cc7b3b3cd413fccfdd82bc3d88dd0a3a"
"green-media.com","Green Media","Software / Information Technology","Micro ($0-$1MM)","Small (10-49)","Engaged","2026-06-23",13,10,"035d2eb47215b7f3caa04d37e94fdacd27fe0bd4c4af71a9fff3dcb9f46a082b"
"global-hub.com","Global Hub","Software / Information Technology","Small ($1MM-$10MM)","Medium-Small (50-199)","Unaware","2026-07-09",1,1,""
"bright-works.com","Bright Works","Food & Beverages","Medium-Small ($10MM-$50MM)","Medium (200-499)","Unaware","2026-06-08",2,1,"5b661e49f84fa45946419d933f5391c856dbb0073e853b093fd001e397f37bc4"
"peak-corp.com","Peak Corp","Consumer Goods","Medium-Large ($50MM-$100MM)","Medium (200-499)","Aware","2026-07-11",13,4,"c02621bc87b19658d93480c9538fc7cd2f4631ef74ca1028d5c3341b2b0d8da4"
"acme-io.com","Acme Io","Software / Information Technology","Medium-Small ($10MM-$50MM)","Medium-Small (50-199)","Unaware","2026-04-19",3,1,""
"vertex-hub.com","Vertex Hub","Software / Information Technology","Medium-Small ($10MM-$50MM)","Medium-Small (50-199)","Aware","2026-04-14",18,3,"273d74fbd38b75bc77a76ec473f8e1415635c27d28427ef97949693f2cc7e113"
"rapid-solutions.com","Rapid Solutions","Manufacturing","Medium-Large ($50MM-$100MM)","Medium-Large (500-999)","Aware","2026-07-15",14,2,"8c7b621375d070a4f4f65792796905311d3bf2caa34961cf169c74c27f4fd265"
"prime-systems.com","Prime Systems","Health, Wellness and Fitness","XLarge ($200MM-$1B)","Large (1,000-4,999)","Unaware","2026-06-15",5,1,"65bde4b743bf94e4bc4506f7115df402987f9b977f2209c4b5ec344abd89e92b"
"core-media.com","Core Media","Education Management","Medium-Large ($50MM-$100MM)","Medium (200-499)","Unaware","2026-05-29",4,1,"4bf12542e320bcee90934c8e2a86b45236b800ff266bb1ad35ad7c68f02da687"
"blue-systems.com","Blue Systems","Hospital & Health Care","Small ($1MM-$10MM)","Medium-Small (50-199)","Engaged","2026-04-07",32,16,""
"nova-labs.com","Nova Labs","Food & Beverages","Medium-Small ($10MM-$50MM)","Medium-Small (50-199)","Aware","2026-07-26",14,4,""
"vertex-net.com","Vertex Net","Hospital & Health Care","Medium-Small ($10MM-$50MM)","Medium-Small (50-199)","MQL","2026-07-04",166,7,"8ad81000ffa9c9ec8f7a9e7973f0bc9cbfddaf856b1b7eead9f70d2c566f0017"
"clear-labs.com","Clear Labs","Education Management","Medium-Small ($10MM-$50MM)","Medium-Small (50-199)","Engaged","2026-08-24",105,17,""
"stellar-inc.com","Stellar Inc","Telecommunications","Medium-Small ($10MM-$50MM)","Medium (200-499)","Unaware","2026-06-10",2,1,"0b0d1bc8b1393a019e0573057e4f6dc96d5eb7825ba9d0e367c0d126228b9edc"
"stellar-group.com","Stellar Group","Health, Wellness and Fitness","Medium-Large ($50MM-$100MM)","Medium (200-499)","Unaware","2026-09-21",2,1,""
"core-labs.com","Core Labs","Marketing and Advertising","Micro ($0-$1MM)","Small (10-49)","Aware","2026-06-29",9,1,"1d8ca7a26bc8c037a5c8d6b2ddd8589942c2b8bfe214d86a96b9655be72895c6"
"swift-corp.com","Swift Corp","Management Consulting","Micro ($0-$1MM)","Small (10-49)","MQL","2026-06-23",67,12,"4a67a38f663939eb2bc1dcf506c29d60cb703b0b053990ccec9523d84b5de0c0"
"prime-systems.com","Prime Systems","Retail","Medium-Small ($10MM-$50MM)","Medium-Small (50-199)","Aware","2026-05-17",14,5,""
"global-media.com","Global Media","Real Estate","Medium-Large ($50MM-$100MM)","Medium (200-499)","MQL","2026-06-12",83,8,"036804e21d94ca299f29693c15b74b6786fb5697971579b8ea73dbacaff3462a"
"stellar-hub.com","Stellar Hub","Software / Information Technology","Large ($100MM-$200MM)","Medium-Large (500-999)","Engaged","2026-06-19",55,11,"483331fec6ff57422ddc28f8b317e8b898feeb3fa2a062db008facaf5204dbe1"
"cyber-systems.com","Cyber Systems","Telecommunications","Medium-Large ($50MM-$100MM)","Medium-Large (500-999)","Engaged","2026-08-20",84,16,""
"nexus-data.com","Nexus Data","Food & Beverages","Small ($1MM-$10MM)","Small (10-49)","Aware","2026-05-17",20,4,""
"acme-media.com","Acme Media","Marketing and Advertising","Micro ($0-$1MM)","Micro (1-9)","MQL","2026-09-23",196,22,""
"clear-hub.com","Clear Hub","Software / Information Technology","Medium-Small ($10MM-$50MM)","Medium (200-499)","Engaged","2026-05-25",79,4,"10e6ed4098438cb9526e2d0a967842bc03548381f041e3616e73abcf831da2e2"
"global-media.com","Global Media","Automotive","Large ($100MM-$200MM)","Large (1,000-4,999)","Unaware","2026-06-02",3,1,""
"cyber-tech.com","Cyber Tech","Financial Services","Medium-Small ($10MM-$50MM)","Medium-Small (50-199)","Unaware","2026-09-16",5,1,"4816061e7357bf682fc18d307e777e1342bbc7c6879bf1a878e9d231836f09b4"
"core-digital.com","Core Digital","Retail","Large ($100MM-$200MM)","Large (1,000-4,999)","Aware","2026-07-04",10,3,"3b674d3c732e358921fd58fce174a4b5d8b1cd6875e7551aa84dba659ae9bb56"
"prime-systems.com","Prime Systems","Education Management","Large ($100MM-$200MM)","Medium-Large (500-999)","Unaware","2026-06-30",2,1,""
"atlas-digital.com","Atlas Digital","Software / Information Technology","Medium-Small ($10MM-$50MM)","Medium (200-499)","Aware","2026-05-11",5,2,"27437a8a308e0a1c2694a030492a818f3a2197377177afdbd0db1c41146de945"
"swift-inc.com","Swift Inc","Entertainment","Medium-Small ($10MM-$50MM)","Medium (200-499)","Engaged","2026-06-15",53,12,"6a2767fc9b0f388b2c6a112deed28495ed491c0aafbfa0e04cba27981ce89801"
"smart-labs.com","Smart Labs","Manufacturing","Large ($100MM-$200MM)","Medium-Large (500-999)","Aware","2026-07-31",7,2,"7c526fb8072db95853846e800f61175d96ccaf0c2ec1f89dbb8f8c9c1b8235a5"
"apex-digital.com","Apex Digital","Consumer Goods","Small ($1MM-$10MM)","Medium-Small (50-199)","Unaware","2026-07-08",5,1,""
"peak-works.com","Peak Works","Entertainment","Large ($100MM-$200MM)","Large (1,000-4,999)","Opportunity","2026-08-04",98,44,""
"green-data.com","Green Data","Financial Services","Medium-Large ($50MM-$100MM)","Medium (200-499)","Opportunity","2026-07-12",189,37,""
"peak-digital.com","Peak Digital","Financial Services","Medium-Small ($10MM-$50MM)","Medium-Small (50-199)","Unaware","2026-07-28",2,1,""
"acme-systems.com","Acme Systems","Software / Information Technology","Medium-Small ($10MM-$50MM)","Medium (200-499)","MQL","2026-09-15",123,5,"f47defaa1b792e58d9e0f6d6be17ff6e922a0ffa32a486b9837997c6b02dfc4e"
"prime-systems.com","Prime Systems","E-Learning","Small ($1MM-$10MM)","Small (10-49)","Aware","2026-08-21",3,5,""
"nova-hub.com","Nova Hub","Food & Beverages","Large ($100MM-$200MM)","Medium-Large (500-999)","Aware","2026-05-17",17,1,"c84f636c52064ee5a8b6349ab368ff9834a0d4eda3d17da353107d71275c2da3"
"green-labs.com","Green Labs","Education Management","Medium-Small ($10MM-$50MM)","Medium-Small (50-199)","Unaware","2026-06-29",1,1,"84bf4c1aa203cb88dd170cb77b3604564df0cd9c6e5a7d22f4f34703caa0ae9e"
"atlas-inc.com","Atlas Inc","Consumer Goods","XXLarge ($1B+)","XXLarge (10,000+)","Aware","2026-06-14",12,3,"83e29df4ab3a72cd750c72f5adbfa08bf96c10155572feee3fb125c8827e5eb1"
"smart-inc.com","Smart Inc","Automotive","Small ($1MM-$10MM)","Small (10-49)","Unaware","2026-07-05",2,1,"e438a73b89429bd694b4ee53813670595c4aac0128bd5dcb3f7fe92decb98be8"
"nova-systems.com","Nova Systems","Retail","XXLarge ($1B+)","XXLarge (10,000+)","MQL","2026-04-03",216,21,""
"peak-media.com","Peak Media","Hospital & Health Care","Medium-Large ($50MM-$100MM)","Medium-Large (500-999)","Unaware","2026-07-22",5,1,"f3373ac8919f832f710cfbc312831d86d617417332cfaadecb4b2099f6841633"
"vertex-digital.com","Vertex Digital","Software / Information Technology","Micro ($0-$1MM)","Small (10-49)","Aware","2026-09-16",3,1,"a456d748d5c98ace3bdd75cc7730432ac3083d923c22c83786b66b87e9dcaf5a"
"vertex-net.com","Vertex Net","Marketing and Advertising","Micro ($0-$1MM)","Micro (1-9)","Unaware","2026-05-21",4,1,"3e114d21838df6d8273e1eadc1dd190df6b17bfb205643a7c0f37dd94d349dea"
"smart-digital.com","Smart Digital","Education Management","Medium-Large ($50MM-$100MM)","Medium (200-499)","Aware","2026-08-31",13,5,""
"core-hub.com","Core Hub","Marketing and Advertising","Small ($1MM-$10MM)","Small (10-49)","Opportunity","2026-06-16",61,38,""
"prime-works.com","Prime Works","Retail","XLarge ($200MM-$1B)","XLarge (5,000-10,000)","Unaware","2026-05-09",3,1,""
"atlas-systems.com","Atlas Systems","Manufacturing","Medium-Large ($50MM-$100MM)","Medium-Large (500-999)","Aware","2026-07-16",16,2,"cb00d7af493db0c73e7e8321e9d6e45735491b79ab8a23ad00516a1e74bc6749"
"acme-io.com","Acme Io","Automotive","Micro ($0-$1MM)","Micro (1-9)","Aware","2026-05-05",9,3,"5dd27995649b159cab4daa5af82f368eded01856ed8d621c89e44b99fdc517be"
"acme-systems.com","Acme Systems","Real Estate","Small ($1MM-$10MM)","Medium-Small (50-199)","Unaware","2026-05-30",2,1,"142d8b612f0d5cf6fa1ce3caf150268c09b53f7df9f5d287731f27d128078a02"
"rapid-data.com","Rapid Data","Retail","Large ($100MM-$200MM)","Medium-Large (500-999)","Aware","2026-06-03",4,2,"a93f4de82dadb8a4d89d0d0dae8072f18c5e63d0bdf3fa5f5515b685a9e3f2ed"
"clear-cloud.com","Clear Cloud","Logistics and Supply Chain","Medium-Large ($50MM-$100MM)","Medium (200-499)","Unaware","2026-06-23",5,1,""
"nexus-solutions.com","Nexus Solutions","Insurance","Small ($1MM-$10MM)","Small (10-49)","Engaged","2026-09-04",54,6,"28038f63cfa80c58feaaf790b96fbb65dadf55561af6910cc2ce0d91ba73cef9"
"smart-corp.com","Smart Corp","Logistics and Supply Chain","Large ($100MM-$200MM)","Large (1,000-4,999)","Engaged","2026-09-02",42,4,"ef2bfc155d852706c5edfe7c192572da75089d0190e5cdb787dca19542a004f8"
"smart-group.com","Smart Group","Logistics and Supply Chain","XXLarge ($1B+)","XXLarge (10,000+)","Aware","2026-03-30",5,2,"75fc64fcfcd32879aaaa5a096c6cf531f36917d4f3d2efd5404fb1780902f6ec"
"green-cloud.com","Green Cloud","Software / Information Technology","XXLarge ($1B+)","XXLarge (10,000+)","Unaware","2026-07-10",5,1,""
"rapid-media.com","Rapid Media","Management Consulting","Small ($1MM-$10MM)","Medium-Small (50-199)","Opportunity","2026-07-16",493,39,""
"smart-corp.com","Smart Corp","Software / Information Technology","Medium-Small ($10MM-$50MM)","Medium (200-499)","Aware","2026-06-02",15,6,""
"prime-group.com","Prime Group","Legal Services","XLarge ($200MM-$1B)","XLarge (5,000-10,000)","Unaware","2026-07-08",2,1,"8b82882c1de4be232f11c65bd90bc7c2a76a91352548a57147e9fecf56e9ea51"
"nexus-cloud.com","Nexus Cloud","Legal Services","Micro ($0-$1MM)","Micro (1-9)","Aware","2026-08-02",21,5,""
"vertex-digital.com","Vertex Digital","Marketing and Advertising","Medium-Large ($50MM-$100MM)","Medium (200-499)","Unaware","2026-07-10",5,1,"b4330b8ba55ee8ca27f34f5039e93107b2d041dca6214549859ca809b33c94f6"
"peak-labs.com","Peak Labs","Retail","Small ($1MM-$10MM)","Medium-Small (50-199)","Unaware","2026-06-24",5,1,""
"nova-systems.com","Nova Systems","Retail","Micro ($0-$1MM)","Small (10-49)","Aware","2026-05-23",9,5,""
"prime-digital.com","Prime Digital","Retail","Micro ($0-$1MM)","Micro (1-9)","Engaged","2026-07-29",17,5,"75fbc1cc6c7ee00f1feb0c88388fd4f40376085388788393948be523702ab6e4"
"green-group.com","Green Group","Automotive","Small ($1MM-$10MM)","Medium-Small (50-199)","Aware","2026-05-05",9,4,""
"stellar-tech.com","Stellar Tech","Software / Information Technology","Micro ($0-$1MM)","Micro (1-9)","Engaged","2026-09-17",90,13,""
"prime-solutions.com","Prime Solutions","Health, Wellness and Fitness","Medium-Large ($50MM-$100MM)","Medium (200-499)","Unaware","2026-04-30",5,1,"bf5a4c3e86ee580a32012ea0a7ce8128268f6df43edd7e2c9078a92c0823ca42"
"bright-tech.com","Bright Tech","Real Estate","Small ($1MM-$10MM)","Medium-Small (50-199)","Engaged","2026-09-07",27,14,""
"iron-labs.com","Iron Labs","Education Management","Micro ($0-$1MM)","Small (10-49)","Engaged","2026-05-28",43,10,"6f63e54f3168d6903bdcc487e95beaea56308a5f65376e8c3de6bd2d4f7ee837"
"acme-tech.com","Acme Tech","Retail","XXLarge ($1B+)","XXLarge (10,000+)","Aware","2026-04-17",6,5,""
"prime-solutions.com","Prime Solutions","Marketing and Advertising","Medium-Large ($50MM-$100MM)","Medium (200-499)","Engaged","2026-09-07",63,12,"07b12c5d430f4f236a808085b601a971d6095c05b645d39deee1f4599247a7d9"
"smart-solutions.com","Smart Solutions","Marketing and Advertising","Medium-Small ($10MM-$50MM)","Medium (200-499)","MQL","2026-07-01",67,24,""
"bright-net.com","Bright Net","Entertainment","Large ($100MM-$200MM)","Medium-Large (500-999)","Engaged","2026-06-21",61,18,""
"vertex-media.com","Vertex Media","Manufacturing","Small ($1MM-$10MM)","Small (10-49)","MQL","2026-07-04",58,10,"fe9192d3a214c622c3c11754aafde7e30c456319c59765fce86fffe9dded02b1"
"clear-group.com","Clear Group","Retail","Small ($1MM-$10MM)","Medium-Small (50-199)","Unaware","2026-03-31",2,1,""
"acme-net.com","Acme Net","Marketing and Advertising","Large ($100MM-$200MM)","Medium-Large (500-999)","MQL","2026-04-20",113,6,"f7da9479bcc0837603ab3af671893767f6f21ff808bc947dc17f5c1335314bb1"
"vertex-data.com","Vertex Data","Software / Information Technology","XLarge ($200MM-$1B)","XLarge (5,000-10,000)","Aware","2026-07-21",4,5,""
"clear-works.com","Clear Works","Software / Information Technology","Medium-Large ($50MM-$100MM)","Medium-Large (500-999)","Unaware","2026-05-01",4,1,"ee753e9cb98e3f99f124dc541b4edd80e40d48ac7c5451989d64978dc63283f3"
"rapid-cloud.com","Rapid Cloud","Software / Information Technology","Small ($1MM-$10MM)","Small (10-49)","Engaged","2026-09-03",99,12,""
"apex-works.com","Apex Works","Education Management","Small ($1MM-$10MM)","Medium-Small (50-199)","Unaware","2026-04-25",4,1,"c73ae0d38744f2311e9cb25debd5d535698c9fda14b0d71f1279cb67709d037f"
"cyber-inc.com","Cyber Inc","Marketing and Advertising","Micro ($0-$1MM)","Micro (1-9)","Aware","2026-07-05",19,4,"d334bc8fa2bdf309f405af64b4de0e155e22b8c6e1eac6d38b2b8dca3f005cbe"
"bright-solutions.com","Bright Solutions","Real Estate","Small ($1MM-$10MM)","Medium-Small (50-199)","Aware","2026-04-22",8,2,"32439fd958650913ce9f1967289430bce27914ec212a78b5529400c27cc80830"
"nova-digital.com","Nova Digital","Hospital & Health Care","Micro ($0-$1MM)","Micro (1-9)","Unaware","2026-09-20",1,1,""
"apex-group.com","Apex Group","Consumer Goods","Medium-Large ($50MM-$100MM)","Medium-Large (500-999)","Unaware","2026-08-05",2,1,"eca1985ba16e5e5c2822ac2b37a3be7c0b5b0345247f754935c84fdd85fe5c90"
"atlas-group.com","Atlas Group","Food & Beverages","XXLarge ($1B+)","XXLarge (10,000+)","Engaged","2026-08-14",90,7,"03b783b1f4d2fb85a755d25777b1520afb81f39dc2c6c11d2045d05f02131cef"
"green-hub.com","Green Hub","Automotive","Medium-Large ($50MM-$100MM)","Medium-Large (500-999)","Engaged","2026-09-23",57,8,"46a457521ece322ea87bbb6744e4691adc9db3d37a2d122a0dfdc652f64b3432"
"smart-tech.com","Smart Tech","Legal Services","Small ($1MM-$10MM)","Medium-Small (50-199)","MQL","2026-07-16",77,8,"83cb754ea67f6ba5b550fd703ad57cace6aaf44b69b93d392fb02957b7db71a5"
"atlas-tech.com","Atlas Tech","Financial Services","XLarge ($200MM-$1B)","XLarge (5,000-10,000)","Unaware","2026-07-13",4,1,"07390b10598f186be1b0061be071f64039b2b9fa72703dcafe2a314a64bd4fec"
"core-solutions.com","Core Solutions","Retail","Medium-Large ($50MM-$100MM)","Medium (200-499)","Unaware","2026-06-05",2,1,""
"peak-net.com","Peak Net","Financial Services","Medium-Small ($10MM-$50MM)","Medium-Small (50-199)","Unaware","2026-04-02",2,1,"f3f89925ed3634c6979a7a49c2e039fcc60ed4036b6f426d5b8203e6fcd2962c"
"swift-media.com","Swift Media","Software / Information Technology","Small ($1MM-$10MM)","Medium-Small (50-199)","MQL","2026-05-25",163,12,"7ee6a574664988ef39eeab5b1b43bae2e6490c176c32f753a929cba63a7b6909"
"core-digital.com","Core Digital","Legal Services","Medium-Small ($10MM-$50MM)","Medium-Small (50-199)","Aware","2026-05-31",21,4,""
"prime-labs.com","Prime Labs","Insurance","Large ($100MM-$200MM)","Medium-Large (500-999)","Aware","2026-08-06",5,3,"41d80459bfe2f86454a09632b6ca8049c2db7b1d8ee952ad1a0e5864e1dca32e"
"bright-media.com","Bright Media","Software / Information Technology","Small ($1MM-$10MM)","Small (10-49)","Unaware","2026-08-24",3,1,""
"prime-media.com","Prime Media","Marketing and Advertising","XLarge ($200MM-$1B)","XLarge (5,000-10,000)","MQL","2026-06-01",104,18,"3db367edab1ba941ca754e3e20d25f00eecf27ff1167a8972624631b503e1a52"
"cyber-group.com","Cyber Group","Insurance","Small ($1MM-$10MM)","Small (10-49)","Aware","2026-04-25",18,4,""
"rapid-tech.com","Rapid Tech","Software / Information Technology","Large ($100MM-$200MM)","Large (1,000-4,999)","MQL","2026-06-10",125,27,""
"global-media.com","Global Media","Telecommunications","XLarge ($200MM-$1B)","XLarge (5,000-10,000)","MQL","2026-05-05",184,22,""
"iron-tech.com","Iron Tech","Consumer Goods","Medium-Small ($10MM-$50MM)","Medium-Small (50-199)","MQL","2026-09-01",157,26,""
"bright-data.com","Bright Data","Entertainment","Micro ($0-$1MM)","Small (10-49)","Engaged","2026-06-12",55,3,"0e9e2c28055e7d351a2aab76af5d303202f57de861e06a456f8a1c4755ffdb3f"
"nova-data.com","Nova Data","Financial Services","Micro ($0-$1MM)","Small (10-49)","Unaware","2026-09-20",5,1,""
"apex-corp.com","Apex Corp","Education Management","Medium-Small ($10MM-$50MM)","Medium-Small (50-199)","Unaware","2026-06-18",1,1,""
"rapid-works.com","Rapid Works","Education Management","Micro ($0-$1MM)","Small (10-49)","Aware","2026-07-10",20,3,"1bed5974bd81e3ff1c3334af556ae3211f772933bd96a233d96624d102ca5e98"
"iron-cloud.com","Iron Cloud","Food & Beverages","Medium-Small ($10MM-$50MM)","Medium-Small (50-199)","Unaware","2026-04-09",4,1,"eb183e49d76638af0d2613387dfdfc786905520ca3e870ecc13c7b76599f4d6f"
"smart-systems.com","Smart Systems","Software / Information Technology","XLarge ($200MM-$1B)","Large (1,000-4,999)","Unaware","2026-06-28",2,1,""
"nexus-tech.com","Nexus Tech","Financial Services","Small ($1MM-$10MM)","Medium-Small (50-199)","MQL","2026-06-22",222,8,"78d6793c55aee9b29c724920744740b9c2ab81f9fc6af45a6cf2cff9fad5650c"
"green-systems.com","Green Systems","Hospital & Health Care","Micro ($0-$1MM)","Micro (1-9)","Unaware","2026-07-24",4,1,"f9de94a7d7ff702274a1f15b595f8646661ebd35d6b5487957df9d7703982a64"
"nova-works.com","Nova Works","Management Consulting","Micro ($0-$1MM)","Small (10-49)","MQL","2026-07-19",72,22,""
"rapid-group.com","Rapid Group","Health, Wellness and Fitness","Medium-Large ($50MM-$100MM)","Medium-Large (500-999)","Engaged","2026-07-25",99,12,""
"iron-works.com","Iron Works","Software / Information Technology","Medium-Large ($50MM-$100MM)","Medium (200-499)","Engaged","2026-07-07",38,5,"8079801bb3dc33c01c9a9ebec46ba6ed1fc4470ef54f9fff59128d8b9ef164c7"
"rapid-io.com","Rapid Io","Consumer Goods","Small ($1MM-$10MM)","Medium-Small (50-199)","Unaware","2026-08-01",3,1,"d8b1a4527df6c14bf29ef7eabfb9d532f9f6b4943c5412c2d9f4c7cd10be5ddf"
"smart-tech.com","Smart Tech","Telecommunications","Small ($1MM-$10MM)","Small (10-49)","MQL","2026-05-28",127,17,"d6fb3825d7e40b7cd7d972eb539d742bc145bc765295e3f21590d4e35ab19c2b"
"nexus-cloud.com","Nexus Cloud","Management Consulting","Micro ($0-$1MM)","Micro (1-9)","Unaware","2026-05-10",4,1,""
"stellar-corp.com","Stellar Corp","Health, Wellness and Fitness","Medium-Small ($10MM-$50MM)","Medium (200-499)","Engaged","2026-08-23",85,18,""
"nova-systems.com","Nova Systems","Education Management","Medium-Large ($50MM-$100MM)","Medium (200-499)","Unaware","2026-08-28",2,1,"80523fd1ab9befbf440d4d326f0a21bcf6e4f302a9c725718b1048162b57adee"
"prime-group.com","Prime Group","Consumer Goods","Small ($1MM-$10MM)","Small (10-49)","Unaware","2026-04-28",4,1,"02c682fb72338ab47102f17d5291a9ddc763b1b7e6c72798c0aa03c56faf6306"
"apex-net.com","Apex Net","Retail","Medium-Large ($50MM-$100MM)","Medium-Large (500-999)","Aware","2026-05-25",3,5,""
"green-cloud.com","Green Cloud","Software / Information Technology","Small ($1MM-$10MM)","Medium-Small (50-199)","Unaware","2026-05-19",1,1,"240a1e73d81c41a5847d0014ccec6740816cf72eab26cd9b8623aaf61b184668"
"nova-media.com","Nova Media","Software / Information Technology","Small ($1MM-$10MM)","Small (10-49)","Unaware","2026-09-11",1,1,""
"atlas-io.com","Atlas Io","Health, Wellness and Fitness","Micro ($0-$1MM)","Micro (1-9)","Unaware","2026-04-03",3,1,"8c4101f96b6df4a539200b0a26f778b4db4f9666ec812aa9378d32b0feac35f7"
"iron-net.com","Iron Net","Entertainment","Large ($100MM-$200MM)","Medium-Large (500-999)","Unaware","2026-04-16",3,1,""
"bright-media.com","Bright Media","Retail","Medium-Small ($10MM-$50MM)","Medium (200-499)","Unaware","2026-04-03",1,1,"45c2db1e69c8d60138485d78b894754241e9f3537c607ddf01bd3829acc532a1"
"iron-net.com","Iron Net","Insurance","Medium-Small ($10MM-$50MM)","Medium (200-499)","MQL","2026-06-14",208,19,"cec947dded7e9fca414f6c39d9003bf2177005a94d7d871dd6e2c17d27f1f79a"
"swift-digital.com","Swift Digital","Construction","Medium-Large ($50MM-$100MM)","Medium-Large (500-999)","Unaware","2026-07-18",3,1,""
"blue-inc.com","Blue Inc","Software / Information Technology","Medium-Large ($50MM-$100MM)","Medium-Large (500-999)","Aware","2026-06-28",17,2,"56f83ab70ad9bf6894cd0d4cfde568d9a875e3259e38122cb20cdfa5d936254c"
"acme-works.com","Acme Works","Financial Services","Micro ($0-$1MM)","Micro (1-9)","Unaware","2026-08-03",3,1,"74596080a7bdc9dcab94c5574eb198cd0275d2e376133307383ddb2be85a286d"
"peak-inc.com","Peak Inc","Legal Services","Medium-Small ($10MM-$50MM)","Medium (200-499)","Unaware","2026-09-15",5,1,"42555669d41a61352129d855c5dc990e06dc8a77812ea3980f7c2332a66c834f"
"core-group.com","Core Group","Telecommunications","Medium-Large ($50MM-$100MM)","Medium-Large (500-999)","Aware","2026-07-25",3,3,"6b53d6a980c0ce00f7d8b6858daac5739742e2fc25dac1b3cb93b19229ce14ec"
"peak-systems.com","Peak Systems","Consumer Goods","Medium-Small ($10MM-$50MM)","Medium-Small (50-199)","Aware","2026-08-03",13,5,""
"apex-data.com","Apex Data","E-Learning","Large ($100MM-$200MM)","Medium-Large (500-999)","Unaware","2026-09-08",5,1,"e687f6a72f28d6876ea32d7622b3c0c0d88ae3ec8aba3dc1b8acb1557da1bef6"
"nova-cloud.com","Nova Cloud","Education Management","Micro ($0-$1MM)","Small (10-49)","Unaware","2026-08-24",5,1,"7dd906fcb86e66f2be60a396cc378f185ab6205a2e28bf984cf26b99baf5d703"
"nexus-net.com","Nexus Net","Consumer Goods","Medium-Small ($10MM-$50MM)","Medium-Small (50-199)","Aware","2026-07-26",19,5,""
"global-corp.com","Global Corp","Telecommunications","Medium-Large ($50MM-$100MM)","Medium (200-499)","MQL","2026-04-04",229,21,""
"blue-works.com","Blue Works","Insurance","Micro ($0-$1MM)","Micro (1-9)","MQL","2026-05-25",177,13,"ef972e6411d4cb47ea035b4be9881073d2265e1557a50f36796dab6020bdf2d3"
"iron-io.com","Iron Io","Software / Information Technology","XLarge ($200MM-$1B)","Large (1,000-4,999)","Engaged","2026-06-22",32,5,"95be252edf4fc9a670bce135a0e78bb78ad50287e906859c3eecbd5a4f33366a"
"nexus-hub.com","Nexus Hub","Hospital & Health Care","Large ($100MM-$200MM)","Large (1,000-4,999)","Unaware","2026-04-10",2,1,""
"atlas-inc.com","Atlas Inc","Telecommunications","Medium-Small ($10MM-$50MM)","Medium (200-499)","Unaware","2026-04-28",4,1,"effe9be168a1c35ebd6adea53522b3d9ce981f07c565efc57859c72cc5bb2c4f"
"smart-group.com","Smart Group","Entertainment","Medium-Small ($10MM-$50MM)","Medium-Small (50-199)","Engaged","2026-05-27",103,10,"6e8f5b977a89ef882f1560183721f5b2e2b4b50765ace12bab94b9b2ef068cef"
"prime-net.com","Prime Net","Consumer Goods","Medium-Small ($10MM-$50MM)","Medium (200-499)","Engaged","2026-07-18",89,6,"edebc41b34e86011d7a99df7b303f18f6427c1a31f526a2505ba8aaf5b22b245"
"vertex-io.com","Vertex Io","Software / Information Technology","Small ($1MM-$10MM)","Small (10-49)","MQL","2026-06-19",221,16,"1e84714183d989b6c2f6617ed03f0839abcea47d0c19c774ec992385756a13a0"
"clear-data.com","Clear Data","Entertainment","Medium-Small ($10MM-$50MM)","Medium (200-499)","Engaged","2026-08-15",77,7,"f520efa807b50d9665347752f1625882f6e59cbfd269c8ef03f9d01a1f36185a"
"smart-systems.com","Smart Systems","Software / Information Technology","Micro ($0-$1MM)","Micro (1-9)","Aware","2026-08-20",18,4,"e924c227f8dcfe36167a5cc3aeb6e397045dbaeae4371b434f0326b8cd00053c"
"clear-cloud.com","Clear Cloud","Hospital & Health Care","XLarge ($200MM-$1B)","Large (1,000-4,999)","Unaware","2026-04-11",2,1,""
"stellar-corp.com","Stellar Corp","Financial Services","Large ($100MM-$200MM)","Medium-Large (500-999)","Unaware","2026-05-30",4,1,"e1f46f8c84642da876dfed93986f265f7b07f1ae326c3917e529dd44a62432ba"
"blue-works.com","Blue Works","Hospital & Health Care","Small ($1MM-$10MM)","Medium-Small (50-199)","Unaware","2026-05-18",3,1,""
"bright-tech.com","Bright Tech","E-Learning","Small ($1MM-$10MM)","Medium-Small (50-199)","Opportunity","2026-05-20",309,27,"c9a1bda7a1b6cf1a81fbdf120f0cd3baa7629497d307a91580fecf07d7482e02"
"blue-digital.com","Blue Digital","Retail","Medium-Small ($10MM-$50MM)","Medium (200-499)","Unaware","2026-07-02",5,1,""
"cyber-solutions.com","Cyber Solutions","Entertainment","Medium-Large ($50MM-$100MM)","Medium-Large (500-999)","Aware","2026-09-11",14,2,"d6055a09b061f091a1631b4e0b5c23b4da643c542c3b7c9b6423421420a6aab9"
"vertex-data.com","Vertex Data","Software / Information Technology","Micro ($0-$1MM)","Small (10-49)","Unaware","2026-05-05",3,1,""
"peak-systems.com","Peak Systems","Financial Services","Medium-Large ($50MM-$100MM)","Medium (200-499)","Unaware","2026-06-02",5,1,"74bdab677601e96a575fc203562660d0e0a61ea3c7c8ed4efe8dcbd073ed2229"
"core-inc.com","Core Inc","Financial Services","XXLarge ($1B+)","XXLarge (10,000+)","Unaware","2026-05-04",1,1,""
"cyber-io.com","Cyber Io","Health, Wellness and Fitness","Micro ($0-$1MM)","Micro (1-9)","Aware","2026-04-13",17,2,"900b218a03238c58bc8b6b23da441c4fa2d18c51fd50f6988616f1857a0e700c"
"atlas-io.com","Atlas Io","Hospital & Health Care","Medium-Small ($10MM-$50MM)","Medium (200-499)","Unaware","2026-05-26",1,1,""
"atlas-solutions.com","Atlas Solutions","Software / Information Technology","Medium-Large ($50MM-$100MM)","Medium (200-499)","Aware","2026-07-06",10,3,"e40637d330b5f64741c5b271ed68bc3e9a58275ae4cb5445067b23785e670bdb"
"nexus-works.com","Nexus Works","Software / Information Technology","Large ($100MM-$200MM)","Medium-Large (500-999)","Aware","2026-07-13",21,5,""
"nova-tech.com","Nova Tech","Marketing and Advertising","Micro ($0-$1MM)","Micro (1-9)","Unaware","2026-06-10",1,1,""
"cyber-data.com","Cyber Data","Financial Services","Medium-Small ($10MM-$50MM)","Medium (200-499)","Aware","2026-09-10",18,5,""
"apex-digital.com","Apex Digital","Management Consulting","Micro ($0-$1MM)","Micro (1-9)","Unaware","2026-05-07",5,1,""
"bright-works.com","Bright Works","Food & Beverages","Medium-Large ($50MM-$100MM)","Medium-Large (500-999)","Unaware","2026-07-30",2,1,""
"peak-tech.com","Peak Tech","Financial Services","XXLarge ($1B+)","XXLarge (10,000+)","Unaware","2026-07-26",3,1,"f7750086f4ee6066ea2ec0a990ee0834f7f17ff6a69ab0f120d287d6de7caf3c"
"bright-solutions.com","Bright Solutions","E-Learning","Micro ($0-$1MM)","Micro (1-9)","Unaware","2026-09-07",2,1,""
"stellar-tech.com","Stellar Tech","Entertainment","XLarge ($200MM-$1B)","Large (1,000-4,999)","Engaged","2026-04-25",82,3,"07fe31731311e2fd88b0e247386c1d9c0f05961d3d7350f8b0208ea7be4ccb4a"
"peak-tech.com","Peak Tech","Legal Services","Small ($1MM-$10MM)","Medium-Small (50-199)","Unaware","2026-03-28",3,1,"b110c56f2808ff8176f23dbcd92b3bccd9c8b3b1f759e57eb8021b824d5c57fa"
"stellar-media.com","Stellar Media","Retail","Large ($100MM-$200MM)","Medium-Large (500-999)","MQL","2026-08-13",206,28,""
"swift-digital.com","Swift Digital","Entertainment","Small ($1MM-$10MM)","Small (10-49)","Unaware","2026-04-20",5,1,"d0e20bb758dcb1d57c7b18ba5fde0ee6da87892d2994d903a61e83e1c4fca77f"
"apex-systems.com","Apex Systems","Financial Services","Medium-Small ($10MM-$50MM)","Medium-Small (50-199)","Unaware","2026-07-20",3,1,""
"green-works.com","Green Works","Marketing and Advertising","Medium-Large ($50MM-$100MM)","Medium-Large (500-999)","Engaged","2026-06-10",28,3,"f9e58336e6d5d148292ddc669f175a052f7b05e0c2bfe7db48372e6df1419e0b"
"bright-inc.com","Bright Inc","Automotive","XLarge ($200MM-$1B)","Large (1,000-4,999)","Engaged","2026-04-14",60,15,""
"nexus-media.com","Nexus Media","Health, Wellness and Fitness","Large ($100MM-$200MM)","Large (1,000-4,999)","MQL","2026-05-20",130,17,"31cb29cf497cab295dd2c59f3abd15a376e9dd198037810b807ebbfb11f8bbdb"
"swift-digital.com","Swift Digital","Entertainment","XLarge ($200MM-$1B)","Large (1,000-4,999)","Engaged","2026-08-29",71,13,""
"smart-media.com","Smart Media","Automotive","Micro ($0-$1MM)","Micro (1-9)","Aware","2026-08-20",13,5,""
"core-labs.com","Core Labs","Construction","Large ($100MM-$200MM)","Medium-Large (500-999)","Unaware","2026-05-29",5,1,"dd32b97c22c5b10bd5e4a3917149d6ceb1b9e6c343aeb1260280248b466b6742"
"prime-corp.com","Prime Corp","Logistics and Supply Chain","Medium-Large ($50MM-$100MM)","Medium (200-499)","Opportunity","2026-08-07",422,24,"9a21a882403dc76d3b1073e65967c4f632850d7b1a67fae5e9c8dcf030f2be63"
"acme-inc.com","Acme Inc","Legal Services","Small ($1MM-$10MM)","Medium-Small (50-199)","Unaware","2026-05-06",1,1,"436460006615e629961464c0a49a0bc87d749cf60c29d8627fad2815c49b6e4d"
"bright-corp.com","Bright Corp","Logistics and Supply Chain","Large ($100MM-$200MM)","Medium-Large (500-999)","Unaware","2026-07-07",5,1,""
"acme-inc.com","Acme Inc","Marketing and Advertising","Micro ($0-$1MM)","Micro (1-9)","Engaged","2026-09-12",85,17,""
"prime-group.com","Prime Group","Marketing and Advertising","Micro ($0-$1MM)","Micro (1-9)","Engaged","2026-06-09",48,16,""
"iron-labs.com","Iron Labs","Education Management","Medium-Small ($10MM-$50MM)","Medium (200-499)","Unaware","2026-09-15",1,1,""
"green-cloud.com","Green Cloud","Health, Wellness and Fitness","Micro ($0-$1MM)","Micro (1-9)","Unaware","2026-06-01",1,1,""
"smart-tech.com","Smart Tech","Manufacturing","Micro ($0-$1MM)","Micro (1-9)","Aware","2026-07-01",20,3,"ca2d7cf655965b52b7162322994510d1193fcaa5af651b5793046de1e0567564"
"swift-inc.com","Swift Inc","Automotive","Medium-Small ($10MM-$50MM)","Medium-Small (50-199)","Engaged","2026-03-28",35,14,""
"nexus-tech.com","Nexus Tech","Software / Information Technology","Small ($1MM-$10MM)","Medium-Small (50-199)","Aware","2026-09-13",6,5,""
"rapid-media.com","Rapid Media","Software / Information Technology","Small ($1MM-$10MM)","Medium-Small (50-199)","MQL","2026-04-30",175,14,"fc64605f2134ca437bf38272403f3f6ad8bc52b7003e47faa55c8829fa5c77c4"
"rapid-inc.com","Rapid Inc","Health, Wellness and Fitness","Medium-Small ($10MM-$50MM)","Medium (200-499)","Engaged","2026-09-13",44,13,""
"prime-data.com","Prime Data","Financial Services","Large ($100MM-$200MM)","Medium-Large (500-999)","Unaware","2026-07-21",2,1,""
"swift-group.com","Swift Group","Health, Wellness and Fitness","Medium-Small ($10MM-$50MM)","Medium (200-499)","Unaware","2026-09-12",4,1,""
"peak-systems.com","Peak Systems","Retail","Medium-Small ($10MM-$50MM)","Medium-Small (50-199)","Engaged","2026-08-15",87,11,"571e8cc0b392650d8146cea2be43972d61c64e1de573bd3790ddc6b2c0ab25ea"
"green-labs.com","Green Labs","Automotive","XLarge ($200MM-$1B)","XLarge (5,000-10,000)","Aware","2026-09-16",22,4,""
"blue-digital.com","Blue Digital","Management Consulting","Medium-Large ($50MM-$100MM)","Medium (200-499)","Unaware","2026-07-22",3,1,""
"rapid-net.com","Rapid Net","Telecommunications","Micro ($0-$1MM)","Small (10-49)","Unaware","2026-07-20",1,1,"14233ecfefe29d26e894c0eeef64cf18f462e6d6f8df7193c0a777bd22b6a8dc"
"core-cloud.com","Core Cloud","Legal Services","Medium-Small ($10MM-$50MM)","Medium (200-499)","Engaged","2026-04-02",62,11,"9aea5708032ef246cec1daf855e685404139b6be019aafb97eff07e8a108af6b"
"vertex-data.com","Vertex Data","Food & Beverages","Micro ($0-$1MM)","Micro (1-9)","Unaware","2026-09-22",4,1,"4b53256ce3a7b4af7b9a24e044b9fa3ea64b934f09e9d6f734ab1cc51b03f8dd"
"smart-solutions.com","Smart Solutions","Software / Information Technology","XLarge ($200MM-$1B)","Large (1,000-4,999)","Engaged","2026-04-17",94,10,"6b193ac6069d8da2052c068c3b2413bbe25ca8c8643d855b91c81a3802c2bfc3"
"atlas-group.com","Atlas Group","Consumer Goods","Medium-Small ($10MM-$50MM)","Medium (200-499)","Unaware","2026-09-11",3,1,""
"peak-io.com","Peak Io","Health, Wellness and Fitness","Large ($100MM-$200MM)","Medium-Large (500-999)","Engaged","2026-09-10",35,16,""
"acme-group.com","Acme Group","Retail","Large ($100MM-$200MM)","Medium-Large (500-999)","Opportunity","2026-07-06",363,46,""
"nexus-systems.com","Nexus Systems","Marketing and Advertising","Small ($1MM-$10MM)","Medium-Small (50-199)","Aware","2026-05-31",4,4,""
"peak-data.com","Peak Data","Financial Services","XXLarge ($1B+)","XXLarge (10,000+)","Unaware","2026-07-01",4,1,"c5b93d249402bdedfb139a68233d252f7e5f58b0c5392c02cee4169cdf5c92ee"
"peak-tech.com","Peak Tech","Software / Information Technology","Medium-Small ($10MM-$50MM)","Medium (200-499)","Unaware","2026-04-15",4,1,"927ce00af11e05068a1e6a9b25a78060eb5af8cfa5a8a6dd84383b03f8c02ca5"
"green-group.com","Green Group","E-Learning","XLarge ($200MM-$1B)","Large (1,000-4,999)","Unaware","2026-06-29",2,1,"a5e71bdb08527322ffef205fd1bdcff3d632ba0c4bab8ccfc9292e5a8b47a82a"
"green-labs.com","Green Labs","Software / Information Technology","Medium-Small ($10MM-$50MM)","Medium-Small (50-199)","Aware","2026-06-17",10,1,"78fc21ff45a7071f4f0049e6342a68939c7e0823d6be3d637f786bc4638be117"
"nova-solutions.com","Nova Solutions","Real Estate","Medium-Large ($50MM-$100MM)","Medium (200-499)","Engaged","2026-06-16",60,9,"62f5da39259e0dd7bcec2cd4e97ed14127d5b9e8c17294b08838d72386209e0b"
"cyber-tech.com","Cyber Tech","E-Learning","Micro ($0-$1MM)","Micro (1-9)","Aware","2026-05-19",7,2,"837daa4b808b58461b2cd17828e79a314e5a2e54736e1c4177d885126650b3a6"
"smart-net.com","Smart Net","Software / Information Technology","Large ($100MM-$200MM)","Medium-Large (500-999)","Engaged","2026-06-19",107,17,""
"global-hub.com","Global Hub","Software / Information Technology","Small ($1MM-$10MM)","Small (10-49)","Aware","2026-05-13",3,1,"d219868454d057919005805f53d10d7caf2cdfccc31417bf9731ab7abc017e9d"
"smart-digital.com","Smart Digital","Software / Information Technology","Small ($1MM-$10MM)","Medium-Small (50-199)","Unaware","2026-07-21",1,1,"b6a78fa7df5b3b067c747c0b15c67f7e0690d925975a54df57705e7c206f6969"
"clear-labs.com","Clear Labs","Education Management","Medium-Small ($10MM-$50MM)","Medium-Small (50-199)","Unaware","2026-05-28",3,1,"3e4f6ade41188a815e4be93f363266dc666d9dcd73753c4b803ef5bef01256ba"
"cyber-systems.com","Cyber Systems","Hospital & Health Care","Large ($100MM-$200MM)","Large (1,000-4,999)","Engaged","2026-05-28",89,17,""
"smart-corp.com","Smart Corp","Management Consulting","Small ($1MM-$10MM)","Small (10-49)","Aware","2026-07-04",19,5,""
"core-labs.com","Core Labs","Education Management","Medium-Small ($10MM-$50MM)","Medium (200-499)","Unaware","2026-06-28",3,1,""
"clear-solutions.com","Clear Solutions","Software / Information Technology","Small ($1MM-$10MM)","Small (10-49)","Unaware","2026-05-15",1,1,"ad5eaae4d535c05e91566fe1c77020feb0775e6f4e6c583ca29caa0551e22d62"
"green-corp.com","Green Corp","Manufacturing","Micro ($0-$1MM)","Small (10-49)","Unaware","2026-05-20",4,1,"09769b82e6261ff354ec242c16842a0fba24ac564dab9ffabeee31721395a7ab"
"iron-net.com","Iron Net","Telecommunications","Medium-Large ($50MM-$100MM)","Medium-Large (500-999)","Aware","2026-05-12",16,5,""
"apex-solutions.com","Apex Solutions","Financial Services","Medium-Small ($10MM-$50MM)","Medium-Small (50-199)","Unaware","2026-08-18",5,1,""
"peak-group.com","Peak Group","Automotive","Medium-Large ($50MM-$100MM)","Medium-Large (500-999)","Aware","2026-07-17",19,3,"5dca95bdd1fa1b4c54a863f97940e3391722d472f098ae75c9a58933481119a9"
"smart-media.com","Smart Media","Construction","Large ($100MM-$200MM)","Large (1,000-4,999)","Unaware","2026-07-16",1,1,"1d57c2c3cfa78ce99370af92ff300f5e2c94b3a6ca1c1b8b2cc289a6f5fec371"
"global-net.com","Global Net","Software / Information Technology","Medium-Small ($10MM-$50MM)","Medium-Small (50-199)","Unaware","2026-07-18",2,1,"baf8f40bed43315beee225d485bb2a00b410c72ecf1029360831c45cc5b22943"
"clear-digital.com","Clear Digital","Retail","Medium-Small ($10MM-$50MM)","Medium (200-499)","Unaware","2026-05-01",5,1,""
"core-corp.com","Core Corp","Entertainment","Large ($100MM-$200MM)","Large (1,000-4,999)","Unaware","2026-05-17",5,1,""
"clear-media.com","Clear Media","Marketing and Advertising","Large ($100MM-$200MM)","Large (1,000-4,999)","Engaged","2026-07-14",51,8,"8f9bee9110dabbc526c2b0f41b434366a59c9396e90d2a78d08ff4b51e17e21b"
"nexus-solutions.com","Nexus Solutions","Hospital & Health Care","Medium-Large ($50MM-$100MM)","Medium-Large (500-999)","Unaware","2026-05-08",2,1,""
"bright-media.com","Bright Media","Entertainment","Micro ($0-$1MM)","Micro (1-9)","Unaware","2026-04-25",1,1,"2954f56c23afddaf93f581acecf38714eb9453632f9fa741d54525e2666a5d53"
"acme-systems.com","Acme Systems","Consumer Goods","Medium-Large ($50MM-$100MM)","Medium-Large (500-999)","Aware","2026-06-06",7,4,""
"prime-works.com","Prime Works","Marketing and Advertising","Medium-Small ($10MM-$50MM)","Medium (200-499)","Unaware","2026-08-23",4,1,"8f301a16cedf9346301f3d8353443bfcf82c1c443fbe70eaca1ee7c663e9686b"
"core-systems.com","Core Systems","Retail","Micro ($0-$1MM)","Micro (1-9)","Unaware","2026-05-15",2,1,"1208966c608085ace8620c8427e62f5d63164c7f3207217b301ddbdeac40a0ef"
"bright-tech.com","Bright Tech","Insurance","Micro ($0-$1MM)","Micro (1-9)","Engaged","2026-04-22",38,8,"cf588425bb962a7a58abedc4c38d1f8614f93fd85264ca799748d9727066ef2a"
"blue-digital.com","Blue Digital","Real Estate","Medium-Small ($10MM-$50MM)","Medium-Small (50-199)","Unaware","2026-09-04",1,1,"ea41d320d0791120f4512c4683e2b9cadeb0f5be300341a61d65094c372a10f5"
"peak-net.com","Peak Net","E-Learning","Small ($1MM-$10MM)","Medium-Small (50-199)","Unaware","2026-06-09",4,1,""
"green-group.com","Green Group","Financial Services","XLarge ($200MM-$1B)","XLarge (5,000-10,000)","Unaware","2026-08-20",1,1,"66105b49d85db1e40cd170c834c90e0016d47161b0913ea9c1171e7c24d97dc1"
"nexus-systems.com","Nexus Systems","Software / Information Technology","Medium-Large ($50MM-$100MM)","Medium (200-499)","Unaware","2026-07-07",1,1,"339024f08083b9f243045cca73ad041fdcbaaf0b0443ef1130da58ae6ac90aab"
"swift-systems.com","Swift Systems","Financial Services","Medium-Large ($50MM-$100MM)","Medium (200-499)","Unaware","2026-04-25",2,1,""
"acme-tech.com","Acme Tech","Hospital & Health Care","Small ($1MM-$10MM)","Medium-Small (50-199)","Unaware","2026-04-10",3,1,"ab69a7252b11c1a2cb7c9e04e8067f8babe900ee2249bca46a7f7913f1c2ae48"
"clear-digital.com","Clear Digital","Software / Information Technology","Large ($100MM-$200MM)","Large (1,000-4,999)","Aware","2026-07-30",19,1,"6b6c4500ad8fd1f12b20539a3ae240e0cdcc911bc1cfe803f2bd87e4900be161"
"apex-group.com","Apex Group","Software / Information Technology","Micro ($0-$1MM)","Micro (1-9)","MQL","2026-05-09",67,24,""
"global-works.com","Global Works","Real Estate","Micro ($0-$1MM)","Small (10-49)","Engaged","2026-08-14",58,9,"75f7df9dd0212badf8a573eaf1a98ced32a59e9badca4b1fb27af375a1b89cde"
"smart-solutions.com","Smart Solutions","Manufacturing","Medium-Small ($10MM-$50MM)","Medium (200-499)","Aware","2026-04-10",21,4,"9717fee3cce5edd539a0820af8de58dddd306797e6bd078bc51501cdd24da93c"
"smart-solutions.com","Smart Solutions","Automotive","XLarge ($200MM-$1B)","Large (1,000-4,999)","Unaware","2026-08-21",1,1,"d55204466080df3c442fb02d34ca576470eb22e74e570c3deb340af5d8bf3f75"
"atlas-digital.com","Atlas Digital","E-Learning","Medium-Small ($10MM-$50MM)","Medium (200-499)","Opportunity","2026-04-26",88,31,"a536424857ce26c491d8af5cef2547c9990ff3d396edd8a5f269410a98c9e996"
"nova-group.com","Nova Group","Software / Information Technology","Medium-Large ($50MM-$100MM)","Medium (200-499)","Aware","2026-05-31",14,3,"cb1009d0394378aa153df3b357c42deb7522a072c936f2c681e6f69965eeadce"
"core-net.com","Core Net","Marketing and Advertising","Small ($1MM-$10MM)","Medium-Small (50-199)","Unaware","2026-07-29",4,1,""
"stellar-digital.com","Stellar Digital","Software / Information Technology","Micro ($0-$1MM)","Small (10-49)","Engaged","2026-07-09",53,6,"1c7d6614679c22a212995e74097ba86a38ebd1e0f12d4ec2019c0bc6143a283d"
"iron-systems.com","Iron Systems","Health, Wellness and Fitness","Medium-Large ($50MM-$100MM)","Medium-Large (500-999)","Unaware","2026-09-01",4,1,"0209c454338d91d68d647c11bd32b02d8b6284b12e29cd3b47906be4683a630a"
"acme-solutions.com","Acme Solutions","Financial Services","Small ($1MM-$10MM)","Medium-Small (50-199)","Unaware","2026-08-26",5,1,""
"bright-io.com","Bright Io","Hospital & Health Care","Medium-Small ($10MM-$50MM)","Medium (200-499)","Unaware","2026-04-25",1,1,""
"blue-io.com","Blue Io","Logistics and Supply Chain","Small ($1MM-$10MM)","Small (10-49)","Unaware","2026-04-18",4,1,""
"vertex-data.com","Vertex Data","Logistics and Supply Chain","Large ($100MM-$200MM)","Medium-Large (500-999)","Unaware","2026-07-06",3,1,""
"nova-solutions.com","Nova Solutions","Logistics and Supply Chain","Micro ($0-$1MM)","Micro (1-9)","Unaware","2026-06-25",4,1,""
"swift-group.com","Swift Group","Entertainment","Medium-Small ($10MM-$50MM)","Medium-Small (50-199)","Opportunity","2026-04-27",423,43,""
"prime-data.com","Prime Data","Automotive","Medium-Small ($10MM-$50MM)","Medium-Small (50-199)","Unaware","2026-06-02",1,1,""
"peak-systems.com","Peak Systems","Marketing and Advertising","XLarge ($200MM-$1B)","XLarge (5,000-10,000)","Unaware","2026-09-16",3,1,""
"blue-digital.com","Blue Digital","Construction","XLarge ($200MM-$1B)","Large (1,000-4,999)","Unaware","2026-04-04",4,1,""
"rapid-labs.com","Rapid Labs","Education Management","XLarge ($200MM-$1B)","XLarge (5,000-10,000)","Aware","2026-09-21",22,3,"7bb0bb34cb05305db7d538ebbb09b9070d872b96a659596f733eced6d2ca6675"
"green-hub.com","Green Hub","Consumer Goods","Small ($1MM-$10MM)","Medium-Small (50-199)","Unaware","2026-06-19",1,1,""
"nexus-solutions.com","Nexus Solutions","Financial Services","Medium-Small ($10MM-$50MM)","Medium (200-499)","Aware","2026-04-03",7,5,""
"blue-media.com","Blue Media","Automotive","Medium-Small ($10MM-$50MM)","Medium-Small (50-199)","MQL","2026-08-05",100,30,""
"rapid-solutions.com","Rapid Solutions","Consumer Goods","Medium-Small ($10MM-$50MM)","Medium (200-499)","Unaware","2026-04-09",2,1,""
"rapid-tech.com","Rapid Tech","Consumer Goods","Micro ($0-$1MM)","Micro (1-9)","MQL","2026-05-02",176,11,"25d95c1f0a2a9354de7cb07f5ce1f2f64a3b78177d7aad11c761220b0412eb88"
"nova-io.com","Nova Io","Food & Beverages","Micro ($0-$1MM)","Small (10-49)","Unaware","2026-04-25",5,1,"12553ac597669a2bf02019fc54ce2fa4468de6fa6c2d93302c29edc374cd2233"
"clear-media.com","Clear Media","Retail","Medium-Small ($10MM-$50MM)","Medium (200-499)","Aware","2026-04-28",20,1,"6a06370e3bb9fac3f165cc9c7a19ae8b98532556c348cfc0f5b7a988e5851980"
"stellar-data.com","Stellar Data","Software / Information Technology","Medium-Small ($10MM-$50MM)","Medium-Small (50-199)","Unaware","2026-09-02",1,1,""
"iron-data.com","Iron Data","Health, Wellness and Fitness","Medium-Large ($50MM-$100MM)","Medium-Large (500-999)","Aware","2026-04-08",11,4,"e3488d0fbf13dc71675b934d95d519ad256d23ec4e6affc5bee311520e5eca8e"
"green-io.com","Green Io","E-Learning","XLarge ($200MM-$1B)","XLarge (5,000-10,000)","Engaged","2026-06-19",53,6,"b3ae045d1a23e933dcdef64c24dee99dbf9c3efdf5200f4c57e6ab388819714e"
"smart-cloud.com","Smart Cloud","Logistics and Supply Chain","Small ($1MM-$10MM)","Medium-Small (50-199)","Unaware","2026-06-18",1,1,"f93f412191083ac17153f344a9186e50717175345dab2af30210b97663338115"
"apex-io.com","Apex Io","Education Management","Micro ($0-$1MM)","Micro (1-9)","Unaware","2026-05-29",4,1,"0e22856a410a6a233e38ed18f8953d7971c36fe4fb9e22940ade0287921d3116"
"iron-solutions.com","Iron Solutions","Hospital & Health Care","Micro ($0-$1MM)","Small (10-49)","Aware","2026-04-22",20,1,"b466c5c4097eb7b544ee8c54d25ea40403e524caae24ba61c6406ce982e97133"
"vertex-corp.com","Vertex Corp","Hospital & Health Care","Small ($1MM-$10MM)","Medium-Small (50-199)","Engaged","2026-05-31",37,5,"c64f5f799a37e718ff0e825b9f9ff5c8749d4b3e2d6ea59b203f26fbbd3221c7"
"blue-group.com","Blue Group","Software / Information Technology","Medium-Small ($10MM-$50MM)","Medium (200-499)","Engaged","2026-06-14",103,17,""
"atlas-systems.com","Atlas Systems","Financial Services","XXLarge ($1B+)","XXLarge (10,000+)","MQL","2026-04-12",128,7,"97e12ef1491666015c4bad0bfe536e812131fe298eec63f3b5919db08e583f6b"
"vertex-hub.com","Vertex Hub","Logistics and Supply Chain","XLarge ($200MM-$1B)","Large (1,000-4,999)","MQL","2026-09-10",88,25,""
"blue-media.com","Blue Media","E-Learning","Small ($1MM-$10MM)","Medium-Small (50-199)","Unaware","2026-05-05",4,1,"6dec83272b021d2775890ddd58f4c48311fa3255ef58a6b3e886f3edc60ef8ad"
"core-io.com","Core Io","Financial Services","Small ($1MM-$10MM)","Small (10-49)","Unaware","2026-08-29",4,1,"1857b3e74812fb2ee1ffb56a8cd9aaf193e78747addf2d29150e99df8910305b"
"swift-net.com","Swift Net","Entertainment","Small ($1MM-$10MM)","Medium-Small (50-199)","Aware","2026-09-20",8,3,"9117813fec6331a541de202409f0e5da1f6d4b1349014cf784930d5e76af25c3"
"prime-tech.com","Prime Tech","Software / Information Technology","XXLarge ($1B+)","XXLarge (10,000+)","MQL","2026-08-20",225,18,"90d18c6b43d71e5d9cfb076e05859a7487626e7f2bea5e6b54d84d88e3461444"
"prime-digital.com","Prime Digital","Construction","Micro ($0-$1MM)","Micro (1-9)","Aware","2026-08-09",6,6,""
"blue-io.com","Blue Io","Retail","Large ($100MM-$200MM)","Medium-Large (500-999)","Unaware","2026-07-18",5,1,""
"acme-inc.com","Acme Inc","Retail","Large ($100MM-$200MM)","Large (1,000-4,999)","MQL","2026-06-01",55,14,"aa2b7da3c5aaa68c0daf1e8f5a01bee50923757522a46f561f65d70c3dc12207"
"vertex-cloud.com","Vertex Cloud","Legal Services","Medium-Small ($10MM-$50MM)","Medium (200-499)","Unaware","2026-09-11",3,1,""
"peak-group.com","Peak Group","Hospital & Health Care","Large ($100MM-$200MM)","Medium-Large (500-999)","MQL","2026-05-20",68,14,"1ae2e2f1c274779b421d20fa182b0b4ce01fd1be1f5742405d6989577a33ba98"
"nova-net.com","Nova Net","E-Learning","Medium-Large ($50MM-$100MM)","Medium (200-499)","Unaware","2026-07-04",1,1,"ab51360b97d98465edfeef57e5cee79d899babc3054304dc3b1938f8a1ee1fa9"
"stellar-works.com","Stellar Works","Telecommunications","Medium-Large ($50MM-$100MM)","Medium (200-499)","Unaware","2026-06-04",2,1,"9686b395c087a8464af585338408d19f52eb679b1abf56c3dcb31e0882f91344"
"iron-media.com","Iron Media","Insurance","Medium-Small ($10MM-$50MM)","Medium (200-499)","Unaware","2026-07-08",3,1,"6bc75b93484fa13de535d9725dc6e6858c0d44ec4afec89f5b1f45fc92d21005"
"global-hub.com","Global Hub","Manufacturing","Medium-Small ($10MM-$50MM)","Medium (200-499)","Unaware","2026-04-10",2,1,"a7835f4ea39d53930a308186a3b55d49cbde53d0efe68b651247dea300606463"
"nova-media.com","Nova Media","Manufacturing","Medium-Small ($10MM-$50MM)","Medium-Small (50-199)","MQL","2026-06-18",115,19,"0977baa1cff253d35e538c6cc9f4bd3d211b3892c7eb4cb598af54801c1be6bd"
"vertex-digital.com","Vertex Digital","Food & Beverages","Medium-Large ($50MM-$100MM)","Medium-Large (500-999)","Unaware","2026-04-30",4,1,""
"atlas-inc.com","Atlas Inc","Marketing and Advertising","Micro ($0-$1MM)","Micro (1-9)","Unaware","2026-09-02",3,1,"2a4d72823a29f71ba5f163a3421af40f7b19f3d4ef03302194ea911c9f0e1325"
"smart-labs.com","Smart Labs","Logistics and Supply Chain","Medium-Large ($50MM-$100MM)","Medium-Large (500-999)","Engaged","2026-08-03",42,11,"6fa31c8e308d552acc0a2f48ab137be46ec4b1c0f95095e0095f57e4bca0fa42"
"swift-hub.com","Swift Hub","Software / Information Technology","Micro ($0-$1MM)","Micro (1-9)","Engaged","2026-05-22",37,15,""
"green-cloud.com","Green Cloud","Food & Beverages","Medium-Small ($10MM-$50MM)","Medium-Small (50-199)","Aware","2026-05-25",10,6,""
"apex-data.com","Apex Data","Financial Services","Micro ($0-$1MM)","Micro (1-9)","Aware","2026-04-29",5,5,""
"core-cloud.com","Core Cloud","Retail","Medium-Large ($50MM-$100MM)","Medium (200-499)","MQL","2026-06-04",103,20,""
"stellar-works.com","Stellar Works","Retail","Medium-Large ($50MM-$100MM)","Medium (200-499)","Unaware","2026-05-14",1,1,"b70575d37002c8aa69a27eeefc87ba90ff5bc0fc023548c9d829dd4b14085908"
"iron-solutions.com","Iron Solutions","Software / Information Technology","Small ($1MM-$10MM)","Small (10-49)","Unaware","2026-04-27",5,1,"ec19140f4d027960362d6b309d00727fa8f71f262b9b87f9043d0ab8a4f3e80e"
"rapid-hub.com","Rapid Hub","E-Learning","Medium-Small ($10MM-$50MM)","Medium-Small (50-199)","Aware","2026-05-02",16,4,"ff0c65a9ea1d8081698d687a102d592c3ebe00d6ac089a221523fe7785b6f174"
"core-digital.com","Core Digital","Food & Beverages","Micro ($0-$1MM)","Micro (1-9)","Aware","2026-09-22",17,2,"e6f47b031e291d658a7c49c0e4fbffa66bd06bfceaaa7c22179f06ce3de7b3e8"
"rapid-net.com","Rapid Net","Education Management","Micro ($0-$1MM)","Micro (1-9)","Unaware","2026-06-23",4,1,"fe73f2c41605a0122e22f4aba36cf7a4b9663666c2a029cdd75b4406360b99cb"
"acme-corp.com","Acme Corp","Automotive","Small ($1MM-$10MM)","Medium-Small (50-199)","Unaware","2026-08-21",4,1,""
"stellar-tech.com","Stellar Tech","Manufacturing","Medium-Small ($10MM-$50MM)","Medium-Small (50-199)","Engaged","2026-08-07",20,4,"564913ebdc75e752efde75008a1ad3a9ab64fddb572ef360af03971cb72642f0"
"nova-systems.com","Nova Systems","Financial Services","Small ($1MM-$10MM)","Medium-Small (50-199)","Unaware","2026-09-03",1,1,""
"nova-works.com","Nova Works","Logistics and Supply Chain","Micro ($0-$1MM)","Micro (1-9)","Unaware","2026-06-06",2,1,"c05a7b5268370200539f7c69fafa7864b672bc24d17216fb494d94d088b69346"
"nexus-labs.com","Nexus Labs","Hospital & Health Care","Medium-Small ($10MM-$50MM)","Medium-Small (50-199)","Unaware","2026-08-18",2,1,"762d7750a73612b0fcfa9cf20994124b68d870bd4cb070db65bac33882ca6803"
"apex-systems.com","Apex Systems","Retail","Micro ($0-$1MM)","Micro (1-9)","Engaged","2026-04-27",15,13,""
"atlas-data.com","Atlas Data","Software / Information Technology","Medium-Large ($50MM-$100MM)","Medium (200-499)","Unaware","2026-07-16",2,1,"a11625fc724c72ee8c84ee10536fc3be873393b5460b3961e4926a445b918816"
"atlas-io.com","Atlas Io","Software / Information Technology","Medium-Small ($10MM-$50MM)","Medium-Small (50-199)","MQL","2026-08-25",228,15,"26b626df0a06024acdc16858f4d7c5c62426e7800de37a522d60942934a97537"
"stellar-media.com","Stellar Media","Financial Services","Medium-Small ($10MM-$50MM)","Medium-Small (50-199)","Unaware","2026-07-13",5,1,"8a7d3779b36b711bb1c4a1ddf9d80ebbf8a04bec12b3146b279a5cf6f45abac5"
"smart-works.com","Smart Works","Retail","Micro ($0-$1MM)","Small (10-49)","Engaged","2026-08-14",37,11,"3a3787919143cf7557c29b188a8d06f8836ef67b50a3a3e3e2879410dfb43d49"
"cyber-net.com","Cyber Net","Retail","Micro ($0-$1MM)","Micro (1-9)","Unaware","2026-06-21",5,1,"90eaf4fe0d9d8ca1c4122c3da43324131e86af8e8e99f1adbe55536b675446c4"
"stellar-io.com","Stellar Io","Health, Wellness and Fitness","Micro ($0-$1MM)","Micro (1-9)","MQL","2026-07-06",170,11,"057790d857e9fe2832d0e4bdd1e6fd40dbfc0fbd5a1011044cce023ed4f295ed"
"stellar-labs.com","Stellar Labs","Real Estate","XXLarge ($1B+)","XXLarge (10,000+)","MQL","2026-08-09",120,24,""
"green-digital.com","Green Digital","Entertainment","Medium-Small ($10MM-$50MM)","Medium-Small (50-199)","Engaged","2026-08-13",67,17,""
"cyber-inc.com","Cyber Inc","Telecommunications","Medium-Small ($10MM-$50MM)","Medium-Small (50-199)","Engaged","2026-07-29",71,17,""
"clear-digital.com","Clear Digital","Manufacturing","Medium-Small ($10MM-$50MM)","Medium (200-499)","Aware","2026-05-10",18,4,""
"swift-io.com","Swift Io","Manufacturing","Small ($1MM-$10MM)","Small (10-49)","Unaware","2026-07-24",3,1,"ee7f9609e94b241466f37902885563ce43251de8394e261df624fd67b8a87013"
"atlas-works.com","Atlas Works","Logistics and Supply Chain","Micro ($0-$1MM)","Micro (1-9)","Aware","2026-08-26",7,2,"012f032d0ab9f7a62c010ddecc8337426543e46418ff4fb74c9ec7c2989ee1ad"
"global-solutions.com","Global Solutions","E-Learning","Medium-Large ($50MM-$100MM)","Medium (200-499)","Aware","2026-09-19",7,2,"1c711e27b1ca8c5487e85d685cfec26923e4e85f0df8d3fca14958f528ec5bd7"
"acme-tech.com","Acme Tech","Education Management","Small ($1MM-$10MM)","Medium-Small (50-199)","MQL","2026-09-21",170,15,"9934dc139ca275f28e86870b328259601f321b489906d49d77d8f0bdee279b29"
"swift-group.com","Swift Group","Logistics and Supply Chain","Medium-Large ($50MM-$100MM)","Medium (200-499)","Unaware","2026-05-12",2,1,"3457dbdf0486aa9408bbca7da40aa640578f1ec19d03e4dff6d891403c29ef68"
"stellar-hub.com","Stellar Hub","Retail","Small ($1MM-$10MM)","Small (10-49)","Engaged","2026-04-18",34,11,"8c42abeb7604ae8af0311a0aad70ffe1dc67d887f46aa14a98735bc9febbfe90"
"core-io.com","Core Io","E-Learning","Large ($100MM-$200MM)","Medium-Large (500-999)","Aware","2026-08-30",11,2,"1e5b26a3efaf395548af95df64e601681f54793f9b800f16c92329bc4cfcbe31"
"iron-systems.com","Iron Systems","Retail","Small ($1MM-$10MM)","Small (10-49)","Aware","2026-08-05",18,3,"8296a8759f3981dbeb2efeb50a0ab55e331acf7fbbd66d8e22e65bd05eb67fd1"
"apex-works.com","Apex Works","Retail","Micro ($0-$1MM)","Micro (1-9)","Engaged","2026-08-10",45,4,"c083c7a3d853fa39c003087433a8e06091d97a3a8663bdaa64fd41b3a7ebb8c2"
"rapid-corp.com","Rapid Corp","E-Learning","Large ($100MM-$200MM)","Large (1,000-4,999)","Unaware","2026-09-15",3,1,"554214b38c0180f2cd97659b29741b6091a07a9d1b8e1d80d7369f682bc32c69"
"apex-inc.com","Apex Inc","Manufacturing","Micro ($0-$1MM)","Small (10-49)","Aware","2026-07-26",18,1,"39239bc1a34ccfd4ee5938d2a9db8f295d69f76706f3dd67a72277970151af84"
"atlas-works.com","Atlas Works","Legal Services","Small ($1MM-$10MM)","Medium-Small (50-199)","Unaware","2026-07-09",2,1,"d65812635fc7181bc4d6454b79141ecb139fb62af6055ac9f6737f0d54e776e0"
"nova-group.com","Nova Group","Financial Services","XLarge ($200MM-$1B)","Large (1,000-4,999)","Unaware","2026-09-18",4,1,""
"vertex-labs.com","Vertex Labs","Consumer Goods","XXLarge ($1B+)","XXLarge (10,000+)","MQL","2026-07-18",58,28,""
"nexus-systems.com","Nexus Systems","Telecommunications","Large ($100MM-$200MM)","Large (1,000-4,999)","Unaware","2026-06-26",2,1,"e394649cb5abf7fffffad187107f3130f765eac2195390d9c9d78496a59e2727"
"stellar-solutions.com","Stellar Solutions","Consumer Goods","Small ($1MM-$10MM)","Small (10-49)","Unaware","2026-04-06",1,1,"17aeac35feb802ddf6106d8dafb6b622098f9ceab5bf7853ba5bba876f107412"
"cyber-inc.com","Cyber Inc","Marketing and Advertising","Medium-Small ($10MM-$50MM)","Medium (200-499)","Unaware","2026-08-29",2,1,""
"cyber-group.com","Cyber Group","Software / Information Technology","Micro ($0-$1MM)","Micro (1-9)","Unaware","2026-05-26",2,1,""
"stellar-io.com","Stellar Io","Financial Services","Large ($100MM-$200MM)","Large (1,000-4,999)","Engaged","2026-04-24",57,17,""
"cyber-group.com","Cyber Group","Hospital & Health Care","Small ($1MM-$10MM)","Medium-Small (50-199)","Unaware","2026-04-04",2,1,"1108331c3e759717021860b4edc4681cee61a05e906f993009cc34186fe3ff3b"
"rapid-systems.com","Rapid Systems","Software / Information Technology","Small ($1MM-$10MM)","Medium-Small (50-199)","Opportunity","2026-08-22",266,17,"81b5d297b0df888e7470df9b6df7c1f9760801c37dcddee280b940542bba7474"
"cyber-group.com","Cyber Group","Health, Wellness and Fitness","Small ($1MM-$10MM)","Medium-Small (50-199)","Unaware","2026-05-28",1,1,"ac8fe72a2a49996cc15ec8545a54078109d768c0a49d0ec21a5ea92add0de9ab"
"smart-tech.com","Smart Tech","Software / Information Technology","XLarge ($200MM-$1B)","XLarge (5,000-10,000)","Unaware","2026-09-03",4,1,""
"peak-works.com","Peak Works","Health, Wellness and Fitness","Micro ($0-$1MM)","Micro (1-9)","Aware","2026-06-30",10,5,""
"global-works.com","Global Works","Financial Services","Small ($1MM-$10MM)","Medium-Small (50-199)","Unaware","2026-09-23",3,1,"66b035dc09f9448b5851d8ad97b7f57620937518458d2a8d6ae37b8ec2c2687a"
"core-tech.com","Core Tech","Consumer Goods","Medium-Large ($50MM-$100MM)","Medium-Large (500-999)","Engaged","2026-05-21",108,12,""
"bright-digital.com","Bright Digital","Software / Information Technology","Micro ($0-$1MM)","Micro (1-9)","MQL","2026-07-20",172,15,"f6cadbb93f17e4b1ac6190aa7417561c63f274000f7e8a15b7a8fcc58b023095"
"apex-tech.com","Apex Tech","Health, Wellness and Fitness","Medium-Small ($10MM-$50MM)","Medium-Small (50-199)","MQL","2026-05-13",178,6,"e4668fb090bdbbfe788878e85e726c92116a4d6de09bdf19398af6ce79bd75f3"
"core-hub.com","Core Hub","E-Learning","Micro ($0-$1MM)","Small (10-49)","Aware","2026-08-27",6,4,"5dca042bc2ebdc7ffaa0f0aad079d3c30556af7b99799466c68dc599551f1d08"
"peak-inc.com","Peak Inc","Telecommunications","Medium-Small ($10MM-$50MM)","Medium (200-499)","Engaged","2026-07-18",14,16,""
"rapid-media.com","Rapid Media","Legal Services","Medium-Small ($10MM-$50MM)","Medium (200-499)","MQL","2026-06-29",136,7,"3301a5b97f38fede6f45dcf367af0424a41f26d4768f0d5f4792526152ddeb07"
"nova-net.com","Nova Net","Consumer Goods","Small ($1MM-$10MM)","Small (10-49)","Unaware","2026-06-22",2,1,""
"peak-tech.com","Peak Tech","Entertainment","Small ($1MM-$10MM)","Medium-Small (50-199)","Unaware","2026-05-13",3,1,""
"bright-works.com","Bright Works","Health, Wellness and Fitness","Medium-Small ($10MM-$50MM)","Medium (200-499)","Unaware","2026-09-09",2,1,"f934a43faa9019ff3aad7bc8ed507969941c235cd29ae340716709730aca3d6f"
"global-tech.com","Global Tech","Retail","Small ($1MM-$10MM)","Small (10-49)","Opportunity","2026-06-23",265,49,""
"rapid-data.com","Rapid Data","Entertainment","Micro ($0-$1MM)","Micro (1-9)","Opportunity","2026-08-03",464,47,""
"atlas-solutions.com","Atlas Solutions","Financial Services","Medium-Large ($50MM-$100MM)","Medium (200-499)","Aware","2026-04-29",12,2,"3dc8c69cb3052185d532c3365faf76c7661ce062d6c774e0e142e4e1c6d54166"
"vertex-solutions.com","Vertex Solutions","Education Management","Micro ($0-$1MM)","Micro (1-9)","Unaware","2026-06-07",1,1,"8359e7ae3c62035a70f3db1110dc49543e6bf90f42e29bc4a6014f31130bbd09"
"acme-cloud.com","Acme Cloud","Logistics and Supply Chain","XLarge ($200MM-$1B)","Large (1,000-4,999)","Unaware","2026-08-12",4,1,""
"swift-works.com","Swift Works","Financial Services","Small ($1MM-$10MM)","Small (10-49)","Aware","2026-06-11",17,3,"f51c8029bbff886813c25fd6dc98fc87655b6d6cd09491febe515d22df425181"
"global-tech.com","Global Tech","Telecommunications","Small ($1MM-$10MM)","Small (10-49)","Unaware","2026-08-18",4,1,""
"stellar-inc.com","Stellar Inc","E-Learning","Small ($1MM-$10MM)","Medium-Small (50-199)","Unaware","2026-08-08",4,1,"b554fc83fae19b77a190d15f65ff59205a473c5b0b7722a2ea60e6421cfc01c2"
"blue-tech.com","Blue Tech","Manufacturing","Medium-Small ($10MM-$50MM)","Medium (200-499)","Aware","2026-07-24",6,3,"577eb3f62cad78382b2c326ac7cb1711f89e28db845c55903a64164bf2e8594a"
"peak-corp.com","Peak Corp","Marketing and Advertising","Large ($100MM-$200MM)","Medium-Large (500-999)","Aware","2026-08-24",11,1,"76a05d33f92f6da0b9e53d294464ec0162466a9b6ed349a9f67f37a00b232770"
"nova-corp.com","Nova Corp","Insurance","Large ($100MM-$200MM)","Large (1,000-4,999)","Engaged","2026-04-26",60,13,""
"peak-data.com","Peak Data","Education Management","XLarge ($200MM-$1B)","XLarge (5,000-10,000)","Engaged","2026-09-07",26,15,""
"smart-group.com","Smart Group","Marketing and Advertising","Medium-Small ($10MM-$50MM)","Medium-Small (50-199)","Unaware","2026-06-11",5,1,""
"acme-tech.com","Acme Tech","Retail","Large ($100MM-$200MM)","Large (1,000-4,999)","Aware","2026-05-09",7,1,"a2b1d7c38cbc354ec852b160d37e7ddef3876ab16c26e53019ca5b59bff411a8"
"iron-labs.com","Iron Labs","Education Management","Micro ($0-$1MM)","Micro (1-9)","Unaware","2026-06-28",3,1,""
"peak-net.com","Peak Net","Education Management","XXLarge ($1B+)","XXLarge (10,000+)","Engaged","2026-08-26",70,14,""
"peak-systems.com","Peak Systems","Logistics and Supply Chain","Medium-Large ($50MM-$100MM)","Medium-Large (500-999)","Unaware","2026-08-06",1,1,""
"blue-digital.com","Blue Digital","Education Management","Medium-Large ($50MM-$100MM)","Medium (200-499)","Unaware","2026-08-14",5,1,""
"green-systems.com","Green Systems","Financial Services","Medium-Large ($50MM-$100MM)","Medium-Large (500-999)","Aware","2026-06-03",9,4,""
"cyber-cloud.com","Cyber Cloud","Hospital & Health Care","Micro ($0-$1MM)","Small (10-49)","Unaware","2026-08-06",1,1,"06faba9c22cdfd5458f07c1e3b37b142413ddf81e350c30248f7c61d4854db96"
"nexus-hub.com","Nexus Hub","Legal Services","Small ($1MM-$10MM)","Medium-Small (50-199)","MQL","2026-08-24",141,28,""
"clear-io.com","Clear Io","Retail","Small ($1MM-$10MM)","Small (10-49)","Aware","2026-08-28",21,2,"09d46319ec4b57be2986572bbb9ba6333d421400b2aea800256c710112bf1327"
"vertex-data.com","Vertex Data","Construction","Medium-Small ($10MM-$50MM)","Medium-Small (50-199)","Unaware","2026-05-28",1,1,""
"iron-digital.com","Iron Digital","Health, Wellness and Fitness","Medium-Large ($50MM-$100MM)","Medium (200-499)","Unaware","2026-06-22",2,1,"4fae7199fc1541dd6ce47dd8225b319310251b9573c3d0417db18a28d3251550"
"rapid-net.com","Rapid Net","Legal Services","Small ($1MM-$10MM)","Medium-Small (50-199)","Aware","2026-09-12",4,4,"24e26002f78f18cc3988a136724c64b805ade6d9d07b352c6856d9bde09e8a5f"
"peak-data.com","Peak Data","Hospital & Health Care","XLarge ($200MM-$1B)","Large (1,000-4,999)","Unaware","2026-07-31",1,1,"738b202515bda2e7cdafaab3add9272a2864e2c01185f8b99e049c6289a6c495"
"global-works.com","Global Works","Entertainment","Medium-Large ($50MM-$100MM)","Medium-Large (500-999)","Unaware","2026-05-23",3,1,"3397164d799520e7a841982c29662c34c258896c046a5341ed25c4320ac62319"
"smart-digital.com","Smart Digital","Consumer Goods","Medium-Large ($50MM-$100MM)","Medium (200-499)","Opportunity","2026-04-02",337,37,""
"vertex-labs.com","Vertex Labs","Real Estate","Medium-Large ($50MM-$100MM)","Medium (200-499)","Aware","2026-04-22",17,4,""
"vertex-cloud.com","Vertex Cloud","Marketing and Advertising","XLarge ($200MM-$1B)","Large (1,000-4,999)","Engaged","2026-05-31",61,16,""
"stellar-tech.com","Stellar Tech","Management Consulting","Small ($1MM-$10MM)","Small (10-49)","Aware","2026-05-17",9,2,"4d7e403680048f1ed9675c26a322db39f4c0ffc6f7b81f77b4ee42fe9b2fe207"
"rapid-net.com","Rapid Net","Telecommunications","Micro ($0-$1MM)","Micro (1-9)","Engaged","2026-05-11",71,6,"28acb4ffd2f866ce83647462be382601ed76c841337074276c70be3dc29c053c"
"blue-media.com","Blue Media","Marketing and Advertising","Micro ($0-$1MM)","Micro (1-9)","Unaware","2026-09-21",2,1,""
"clear-tech.com","Clear Tech","Marketing and Advertising","XLarge ($200MM-$1B)","XLarge (5,000-10,000)","Engaged","2026-09-14",75,5,"79cf62c82c5fce4493cbb326f6b832ccaebd4ffb2cb6a23724f4c000256e4854"
"nexus-net.com","Nexus Net","Hospital & Health Care","Medium-Small ($10MM-$50MM)","Medium-Small (50-199)","Aware","2026-06-07",11,3,"6b334491a90d31d3d5e7f3c1c8425d93a6f5dea44ca979ebf093abba120ab308"
"iron-works.com","Iron Works","Software / Information Technology","XXLarge ($1B+)","XXLarge (10,000+)","Unaware","2026-06-04",5,1,""
"iron-systems.com","Iron Systems","Construction","Small ($1MM-$10MM)","Small (10-49)","Engaged","2026-08-24",84,16,""
"stellar-media.com","Stellar Media","Hospital & Health Care","Small ($1MM-$10MM)","Small (10-49)","Engaged","2026-06-24",61,6,"4986f53d66c115e93afd20bd47398c19c123c6e869c2bd2d094208e9400556da"
"peak-corp.com","Peak Corp","Automotive","Medium-Large ($50MM-$100MM)","Medium-Large (500-999)","Aware","2026-07-10",7,1,"b2cea939522e20ede447d99bdb8958edfacc89ea7d51d6241bd70e7f5f3c0338"
"vertex-labs.com","Vertex Labs","Insurance","Small ($1MM-$10MM)","Small (10-49)","Unaware","2026-09-01",2,1,""
"atlas-solutions.com","Atlas Solutions","Food & Beverages","Small ($1MM-$10MM)","Medium-Small (50-199)","Aware","2026-08-16",10,6,""
"bright-systems.com","Bright Systems","Automotive","Medium-Large ($50MM-$100MM)","Medium-Large (500-999)","Engaged","2026-06-24",95,16,""
"vertex-hub.com","Vertex Hub","Software / Information Technology","Medium-Large ($50MM-$100MM)","Medium-Large (500-999)","Aware","2026-09-21",9,1,"157219a60e6e607d258ce71da1ba12a985110266d5e5f33e9ccfa3d10d25a1a0"
"blue-group.com","Blue Group","Software / Information Technology","XXLarge ($1B+)","XXLarge (10,000+)","Unaware","2026-07-30",1,1,""
"blue-data.com","Blue Data","Retail","Medium-Small ($10MM-$50MM)","Medium (200-499)","Unaware","2026-09-02",2,1,""
"stellar-tech.com","Stellar Tech","Manufacturing","Medium-Large ($50MM-$100MM)","Medium (200-499)","Unaware","2026-04-06",2,1,"261b3943f030d77c0a619ad7e0dec32e42d77118800457b02dee26a4363cbfe8"
"blue-digital.com","Blue Digital","Manufacturing","Micro ($0-$1MM)","Micro (1-9)","Engaged","2026-06-26",95,17,""
"blue-works.com","Blue Works","Construction","Medium-Small ($10MM-$50MM)","Medium (200-499)","Engaged","2026-07-30",24,16,""
"peak-hub.com","Peak Hub","Legal Services","XLarge ($200MM-$1B)","Large (1,000-4,999)","Opportunity","2026-04-11",114,30,"328898e0b46e7084417cb1e67541ae15759d620d11f919ff4a0ea837962b274c"
"stellar-group.com","Stellar Group","Health, Wellness and Fitness","Medium-Large ($50MM-$100MM)","Medium (200-499)","Aware","2026-08-22",19,2,"ba92647f89e506827071c7fe099dac5e4d2daa8de575339b38ffeea3d9cd1a31"
"swift-net.com","Swift Net","Automotive","Medium-Small ($10MM-$50MM)","Medium (200-499)","Unaware","2026-04-21",4,1,""
"cyber-group.com","Cyber Group","E-Learning","Micro ($0-$1MM)","Micro (1-9)","Engaged","2026-06-13",95,8,"f08906c130ccd4245b48bc8745fd36bea1b18d9a15357285c229d34ec2b0229b"
"blue-tech.com","Blue Tech","Marketing and Advertising","XLarge ($200MM-$1B)","XLarge (5,000-10,000)","Unaware","2026-05-02",5,1,"006b4d5bc52add1e00cdfa873def1d2ecbb3233af57bbc80b39f75984a1ee939"
"stellar-systems.com","Stellar Systems","Retail","Medium-Small ($10MM-$50MM)","Medium-Small (50-199)","Opportunity","2026-09-12",257,26,"30ecfe1f77bbc56e0ac5e7a14e949970b018517eeda734585c0d2c5d0693c59b"
"blue-corp.com","Blue Corp","Retail","Micro ($0-$1MM)","Small (10-49)","Engaged","2026-09-12",47,5,"d294c85689bf179cc1b3a146ae4efdff8d8aa82b07bd4f0b750628bbc16dd1a6"
"prime-group.com","Prime Group","Retail","XXLarge ($1B+)","XXLarge (10,000+)","Unaware","2026-05-25",5,1,""
"smart-group.com","Smart Group","Manufacturing","Medium-Small ($10MM-$50MM)","Medium (200-499)","Unaware","2026-08-25",3,1,""
"core-inc.com","Core Inc","Legal Services","Small ($1MM-$10MM)","Small (10-49)","Aware","2026-06-11",5,2,"bfc85e413a13c18941d18a1081e3b8e7f7a3d8e7dbe7341d23dc9f04afdf7a02"
"nexus-labs.com","Nexus Labs","Health, Wellness and Fitness","Small ($1MM-$10MM)","Small (10-49)","Aware","2026-04-04",19,5,""
"core-inc.com","Core Inc","Hospital & Health Care","Micro ($0-$1MM)","Micro (1-9)","Unaware","2026-06-28",3,1,""
"peak-net.com","Peak Net","Consumer Goods","Small ($1MM-$10MM)","Small (10-49)","Unaware","2026-08-20",3,1,""
"vertex-cloud.com","Vertex Cloud","Marketing and Advertising","Micro ($0-$1MM)","Micro (1-9)","MQL","2026-04-11",108,25,""
"prime-labs.com","Prime Labs","Automotive","XXLarge ($1B+)","XXLarge (10,000+)","Unaware","2026-08-28",2,1,"41ce0382d23f9b0ee19e9b875bddff43ffc14cdaeabdfcdb3143e8607ae97cc0"
"apex-labs.com","Apex Labs","Software / Information Technology","Medium-Small ($10MM-$50MM)","Medium (200-499)","Engaged","2026-05-20",31,6,"25ba6065e03dc40b22c0d5e178adc6c1301719d4a8cad096fc0d7ea855f4e515"
"peak-works.com","Peak Works","Financial Services","Micro ($0-$1MM)","Small (10-49)","MQL","2026-04-29",229,15,"c2b09cbb85ff28578c14e99c3869fa26642f40d48a9bc9a27736469199c0f37d"
"iron-io.com","Iron Io","Software / Information Technology","Medium-Large ($50MM-$100MM)","Medium-Large (500-999)","Engaged","2026-06-25",80,14,""
"core-data.com","Core Data","Financial Services","Medium-Small ($10MM-$50MM)","Medium-Small (50-199)","Engaged","2026-07-09",49,7,"77ecf310cc3f576ae7e590d4b2ed22ea129302263c05ff2c6df3a47885803927"
"apex-solutions.com","Apex Solutions","Automotive","Micro ($0-$1MM)","Micro (1-9)","Unaware","2026-08-20",5,1,"0e4058c2297d598426816ad6669e92b88dfa4c34aa3468288f6fbf1104e9c732"
"global-tech.com","Global Tech","E-Learning","Medium-Small ($10MM-$50MM)","Medium-Small (50-199)","Opportunity","2026-09-06",297,31,"db9353152d5260fdcd50e96eb081364e857a047914c443249edc71ce16747f3d"
"core-solutions.com","Core Solutions","Manufacturing","Large ($100MM-$200MM)","Medium-Large (500-999)","Engaged","2026-05-26",66,15,""
"acme-inc.com","Acme Inc","Consumer Goods","XXLarge ($1B+)","XXLarge (10,000+)","Aware","2026-04-13",13,4,"257e8bf2244e7cdeb31941734cbfb43847332829637bc6f691e0865c3c82e2ae"
"core-inc.com","Core Inc","Marketing and Advertising","Medium-Large ($50MM-$100MM)","Medium (200-499)","Aware","2026-06-21",3,2,"f775552fe8b4e8984ad297c252602629b2dea478238a37df522f7a4860680eff"
"acme-labs.com","Acme Labs","Management Consulting","XLarge ($200MM-$1B)","Large (1,000-4,999)","Engaged","2026-07-18",100,9,"da00c39112e0f91dad56ae476ded6b393f968e6b7b26eeb5a0476928d663905d"
"swift-tech.com","Swift Tech","Financial Services","Micro ($0-$1MM)","Micro (1-9)","Unaware","2026-06-13",3,1,"756d2c2ed557f095089311af1c948204e8e16ae23e30a52b64f3f92dce88cbf9"
"atlas-cloud.com","Atlas Cloud","Marketing and Advertising","Small ($1MM-$10MM)","Small (10-49)","Engaged","2026-09-20",91,18,""
"peak-net.com","Peak Net","Insurance","Micro ($0-$1MM)","Small (10-49)","Unaware","2026-05-18",3,1,""
"peak-group.com","Peak Group","Manufacturing","Micro ($0-$1MM)","Micro (1-9)","Unaware","2026-08-22",4,1,"3a8f263c7760bdfe92137be112dc22cb9608c0437279919cb92e113eb9e79516"
"nexus-systems.com","Nexus Systems","Financial Services","Large ($100MM-$200MM)","Medium-Large (500-999)","Unaware","2026-03-31",2,1,"9780df776af8ad010c0810de7dbfd1a5123144ae69abf68dc5727b7cf0c61cca"
"global-digital.com","Global Digital","E-Learning","Micro ($0-$1MM)","Micro (1-9)","Unaware","2026-04-14",5,1,"1019044b08c576dd633d549e3ba2c1b8577a346079564a18e44dcede9fdbebf8"
"nova-works.com","Nova Works","Manufacturing","Micro ($0-$1MM)","Micro (1-9)","Unaware","2026-08-01",3,1,"5a32125ff4009a8cee1c554e810d29bde6a56a335b674e8a3ea0b1bdfb9f4d8d"
"iron-cloud.com","Iron Cloud","Hospital & Health Care","Micro ($0-$1MM)","Small (10-49)","MQL","2026-08-12",118,25,""
"global-hub.com","Global Hub","Consumer Goods","Large ($100MM-$200MM)","Large (1,000-4,999)","Unaware","2026-08-05",3,1,""
"cyber-digital.com","Cyber Digital","Software / Information Technology","Large ($100MM-$200MM)","Large (1,000-4,999)","MQL","2026-08-24",48,20,""
"bright-net.com","Bright Net","Retail","Small ($1MM-$10MM)","Medium-Small (50-199)","Engaged","2026-06-23",12,7,"e150d3e2ccc159bae27f4b0c0545ba97bab67642bb29ffc8ba84fd4712915380"
"iron-corp.com","Iron Corp","Financial Services","Small ($1MM-$10MM)","Small (10-49)","MQL","2026-08-30",81,19,"a7c603839447493e82a5f41af7dad2bae6c2d9fb398ff690182093ebc2e5bea8"
"prime-cloud.com","Prime Cloud","Insurance","Micro ($0-$1MM)","Small (10-49)","Engaged","2026-06-05",30,17,""
"core-systems.com","Core Systems","Health, Wellness and Fitness","Micro ($0-$1MM)","Small (10-49)","Aware","2026-07-10",5,1,"ff04a2a590bb5cf3055fee0a6e0637143a60d722d0c2844316a0bebd6bf86501"
"core-tech.com","Core Tech","Manufacturing","Large ($100MM-$200MM)","Medium-Large (500-999)","Aware","2026-08-19",17,1,"32d9db0c3fdd9a43d9f3ca73d85cd0fea619825beab4b5672c30fbfdf462a884"
"acme-net.com","Acme Net","Marketing and Advertising","Micro ($0-$1MM)","Small (10-49)","Engaged","2026-08-09",70,17,""
"clear-systems.com","Clear Systems","E-Learning","Small ($1MM-$10MM)","Medium-Small (50-199)","Aware","2026-05-25",21,1,"267d454ec2a97edf9f7b36efa15e3aaf66adb4d3027049aa81f29aa8463a89d2"
"prime-data.com","Prime Data","Food & Beverages","Small ($1MM-$10MM)","Small (10-49)","Unaware","2026-09-23",4,1,""
"cyber-inc.com","Cyber Inc","Telecommunications","Medium-Small ($10MM-$50MM)","Medium (200-499)","Unaware","2026-08-05",1,1,"ce39b94e01b11ca3076fe69ee62ec528f1497422695a4cc5edcb35b13b8294e8"
"vertex-inc.com","Vertex Inc","Food & Beverages","XLarge ($200MM-$1B)","XLarge (5,000-10,000)","Unaware","2026-08-29",4,1,"78e953f6658edd87bc54e4cf4760663474516518df786aca062118ef53a3a3bf"
"core-tech.com","Core Tech","Management Consulting","Micro ($0-$1MM)","Micro (1-9)","Engaged","2026-07-11",65,6,"9bfdb01b88a1346d20b1ff592904ff55c98a37ae4cc559c62230f4ff887afbf0"
"core-io.com","Core Io","Marketing and Advertising","Medium-Large ($50MM-$100MM)","Medium (200-499)","Unaware","2026-05-25",1,1,""
"nexus-hub.com","Nexus Hub","Construction","Small ($1MM-$10MM)","Medium-Small (50-199)","Aware","2026-03-31",5,5,""
"swift-works.com","Swift Works","Retail","XLarge ($200MM-$1B)","Large (1,000-4,999)","Aware","2026-08-15",10,3,"a0d6b6fdade321191c6a48897408c9cab9f0cc08b03e4b2088baff18d06f62fd"
"rapid-io.com","Rapid Io","Financial Services","Medium-Large ($50MM-$100MM)","Medium (200-499)","Aware","2026-06-08",4,3,"a24aa7e9b1fe1d652c0b14edaf31fbfc4944c1c1d058725d313c865f033abdca"
"nexus-group.com","Nexus Group","Legal Services","Small ($1MM-$10MM)","Medium-Small (50-199)","Unaware","2026-04-03",4,1,"0d197ff9113a0f4ffba4eeb7fc41b55ef1f7c3fb9e58e0a623c78bab7786b526"
"core-media.com","Core Media","Hospital & Health Care","Medium-Large ($50MM-$100MM)","Medium-Large (500-999)","Aware","2026-08-13",14,5,""
"clear-labs.com","Clear Labs","Marketing and Advertising","Medium-Small ($10MM-$50MM)","Medium (200-499)","Unaware","2026-05-28",4,1,"d1dec215aff46be810d45083933743c3db74f28e8f17bc61cfa1128bfeec4007"
"peak-group.com","Peak Group","Insurance","Small ($1MM-$10MM)","Small (10-49)","Aware","2026-07-28",6,2,"f1be463f27f21169e92b8eea93723f6f0fb2fce58d4e8e5c723b5ff09924971d"
"atlas-io.com","Atlas Io","Education Management","Large ($100MM-$200MM)","Large (1,000-4,999)","Unaware","2026-06-28",4,1,""
"bright-hub.com","Bright Hub","Retail","Medium-Small ($10MM-$50MM)","Medium (200-499)","Engaged","2026-06-23",81,14,""
"acme-digital.com","Acme Digital","Food & Beverages","Medium-Large ($50MM-$100MM)","Medium-Large (500-999)","Engaged","2026-09-05",104,10,"8ab0c115c6527b96598629ed18f80d6a4ab3d7d4b2cc8110ea0992f8aec52f87"
"swift-labs.com","Swift Labs","Legal Services","Micro ($0-$1MM)","Micro (1-9)","Unaware","2026-08-02",2,1,""
"prime-net.com","Prime Net","Management Consulting","Small ($1MM-$10MM)","Small (10-49)","MQL","2026-04-18",220,14,"90490a3cd339c468345d74213053a91191ad5fbeacd1fc6ca659aac6e60dec79"
"global-group.com","Global Group","Marketing and Advertising","Large ($100MM-$200MM)","Medium-Large (500-999)","MQL","2026-07-27",143,9,"36a1a8a26e2b169c0ce0f6a395fb80023187df0d23f6118bf621cc345bb88329"
"rapid-group.com","Rapid Group","Education Management","Medium-Large ($50MM-$100MM)","Medium (200-499)","MQL","2026-04-02",124,14,"ce638c47ac49fbbd1b5f4dbd45b78f7bfac35c39b004e05d8188378bf8e7d1d6"
"blue-io.com","Blue Io","Education Management","Medium-Small ($10MM-$50MM)","Medium (200-499)","Unaware","2026-07-02",1,1,"5a5ae715e9a5d7777d63313d13f277295807daf82c38543beba340ff874af491"
"nexus-inc.com","Nexus Inc","Health, Wellness and Fitness","Small ($1MM-$10MM)","Small (10-49)","Aware","2026-06-06",7,3,"9e3e2b998e67c63ffb117c2191bba20add82095652fff38bb36ff6969ba91b2b"
"apex-corp.com","Apex Corp","Real Estate","Medium-Large ($50MM-$100MM)","Medium (200-499)","Unaware","2026-08-30",5,1,"fff084f13853d2ae36541e6c8f01e57c18a921c23af8a8677385a815a11d2123"
"swift-hub.com","Swift Hub","Management Consulting","Small ($1MM-$10MM)","Small (10-49)","Aware","2026-09-03",7,1,"e7bbddd3b6e519e7d65b55d3bcad4dc1f3a16dc3e02a143db23d3cbf50b993c8"
"cyber-data.com","Cyber Data","Marketing and Advertising","Medium-Small ($10MM-$50MM)","Medium (200-499)","Engaged","2026-08-07",17,7,"0b02feb9bc8c984630722ac2d11a76c879720456ea0c9d33c478d05a26593d4a"
"vertex-media.com","Vertex Media","Manufacturing","XXLarge ($1B+)","XXLarge (10,000+)","Engaged","2026-06-29",45,6,"9ac68ea3dad756820bdc6002338c90f6b16f981ddfdb5eefec982a16275b0c2b"
"apex-works.com","Apex Works","Marketing and Advertising","Large ($100MM-$200MM)","Medium-Large (500-999)","Engaged","2026-09-13",32,6,"d46ba1b7bde3f610909b68e83cfab13e963eedd0eeee2aac39c11935094f34c0"
"swift-labs.com","Swift Labs","Retail","XLarge ($200MM-$1B)","XLarge (5,000-10,000)","Aware","2026-07-05",22,2,"b4072fee7e8453bfe2c335b642d13388bcac86be9220189ee4b61b599e336f6a"
"cyber-systems.com","Cyber Systems","Software / Information Technology","Medium-Small ($10MM-$50MM)","Medium-Small (50-199)","Unaware","2026-09-12",5,1,""
"bright-solutions.com","Bright Solutions","Legal Services","Micro ($0-$1MM)","Micro (1-9)","Engaged","2026-09-03",87,7,"cc91ccf536c413f84744029596f0bbe203bf92edf0798dd6d423b3ce70110912"
"blue-data.com","Blue Data","Consumer Goods","Small ($1MM-$10MM)","Medium-Small (50-199)","Unaware","2026-08-28",3,1,""
"vertex-works.com","Vertex Works","Health, Wellness and Fitness","Small ($1MM-$10MM)","Medium-Small (50-199)","Aware","2026-07-10",11,2,"a639eb7991df0a4c691bbd7c794e2b57cf4d5f2a2e92143733e0f60e3a363a7a"
"atlas-data.com","Atlas Data","Management Consulting","Medium-Small ($10MM-$50MM)","Medium-Small (50-199)","Unaware","2026-06-02",2,1,""
"nova-media.com","Nova Media","Logistics and Supply Chain","Small ($1MM-$10MM)","Small (10-49)","Engaged","2026-06-14",87,12,"85525719abcdd861e45f6d1761d55bee437e94584aa0bc7d1349b0a1bc59b1ff"
"iron-data.com","Iron Data","Entertainment","Medium-Small ($10MM-$50MM)","Medium-Small (50-199)","Engaged","2026-07-17",99,12,"e5e369b9cd587fee048c98c85bc8fcb944da60fcbd90d3abb0e2c76e7b086168"
"stellar-solutions.com","Stellar Solutions","Real Estate","Medium-Small ($10MM-$50MM)","Medium-Small (50-199)","MQL","2026-06-20",94,22,""
"stellar-tech.com","Stellar Tech","Financial Services","Micro ($0-$1MM)","Micro (1-9)","Unaware","2026-06-16",2,1,"afbb747f32930b0ab5f1138b18c94040d4f367d3e325972176f5fbc85c0ad6ce"
"bright-works.com","Bright Works","Logistics and Supply Chain","Large ($100MM-$200MM)","Medium-Large (500-999)","Aware","2026-09-09",4,3,"e9cded9fa5410c43911fd097edcee659129b31bf91a1416e20031daa478b98b2"
"vertex-solutions.com","Vertex Solutions","Education Management","Medium-Small ($10MM-$50MM)","Medium (200-499)","Unaware","2026-04-07",4,1,""
"atlas-digital.com","Atlas Digital","Entertainment","Micro ($0-$1MM)","Micro (1-9)","Aware","2026-05-20",4,4,""
"peak-media.com","Peak Media","Manufacturing","Medium-Small ($10MM-$50MM)","Medium (200-499)","Unaware","2026-08-31",5,1,""
"iron-labs.com","Iron Labs","Manufacturing","Medium-Small ($10MM-$50MM)","Medium-Small (50-199)","Unaware","2026-06-25",5,1,""
"acme-cloud.com","Acme Cloud","Retail","Micro ($0-$1MM)","Small (10-49)","Unaware","2026-05-03",2,1,"db1104a529be5e1e9e60e9573009a951e6d160005ac19868e68c598d4bf907bd"
"prime-corp.com","Prime Corp","Marketing and Advertising","Medium-Small ($10MM-$50MM)","Medium-Small (50-199)","Aware","2026-08-27",3,3,"7329fae0b325c490938f8f61a710fcd86b97f935dc513406756121de0ac7956e"
"core-media.com","Core Media","Consumer Goods","Micro ($0-$1MM)","Micro (1-9)","Unaware","2026-05-02",3,1,"6acbfa663f9c86983e129176801ece5b248af2e3c6e4ec5b5a412f8ff7bd89c8"
"cyber-labs.com","Cyber Labs","Manufacturing","Medium-Small ($10MM-$50MM)","Medium-Small (50-199)","Opportunity","2026-09-19",489,11,"ec8a22c163ecc55f132c98647269cea74734ecdb1cefd1f44ba10f03ad39a735"
"rapid-labs.com","Rapid Labs","Retail","Micro ($0-$1MM)","Micro (1-9)","Unaware","2026-08-02",3,1,"5f6888d14761ca829af9e905fa225aebade7fa35074c49b670ef6de57b74320c"
"bright-corp.com","Bright Corp","Consumer Goods","Medium-Small ($10MM-$50MM)","Medium-Small (50-199)","Unaware","2026-08-28",5,1,"1273f1c13a45930f7aa42ecd2c7b6b641e9f9b9fbf147f05a0562d1a1b8960b5"
"iron-tech.com","Iron Tech","Retail","Micro ($0-$1MM)","Small (10-49)","Aware","2026-06-28",15,1,"eb49d3802c608728c07c5702a4ea7f758a1588a72f2fc4302210513903031304"
"core-systems.com","Core Systems","Software / Information Technology","Small ($1MM-$10MM)","Small (10-49)","Opportunity","2026-04-30",196,47,""
"clear-hub.com","Clear Hub","Real Estate","XLarge ($200MM-$1B)","XLarge (5,000-10,000)","Unaware","2026-05-06",2,1,"4a3d82768f994350b8e422e128e184206d46df70f0e61743673bdad3835db278"
"rapid-hub.com","Rapid Hub","Retail","Medium-Small ($10MM-$50MM)","Medium (200-499)","Unaware","2026-05-08",3,1,"d1a6dcf712243f981172c5459b48732c1c5cb5467f11d04ab852616589ec4f18"
"blue-cloud.com","Blue Cloud","E-Learning","Micro ($0-$1MM)","Small (10-49)","Unaware","2026-04-07",5,1,"1ff5091e4d0276a94a6e4063370f72e7a17c2a5d72c30ecdf9c0d16e6fd89d2d"
"cyber-hub.com","Cyber Hub","Legal Services","Small ($1MM-$10MM)","Medium-Small (50-199)","Aware","2026-09-01",7,4,""
"bright-digital.com","Bright Digital","Software / Information Technology","Small ($1MM-$10MM)","Medium-Small (50-199)","Engaged","2026-08-04",42,15,""
"peak-data.com","Peak Data","Hospital & Health Care","Micro ($0-$1MM)","Small (10-49)","Unaware","2026-05-01",4,1,"a936fe5bb199cf71e988a4ea6f42b1b5b173a63abdf20559f5d777949fae9eb3"
"nexus-works.com","Nexus Works","Real Estate","Medium-Small ($10MM-$50MM)","Medium (200-499)","Unaware","2026-04-19",2,1,""
"atlas-systems.com","Atlas Systems","Telecommunications","Micro ($0-$1MM)","Micro (1-9)","Unaware","2026-04-04",1,1,"5d27cb7fdf07d005f926e5184d61fe078024fb16c1fbb12853c1baa616c51d4b"
"stellar-solutions.com","Stellar Solutions","Insurance","Large ($100MM-$200MM)","Large (1,000-4,999)","Unaware","2026-05-09",4,1,""
"stellar-hub.com","Stellar Hub","Consumer Goods","Micro ($0-$1MM)","Micro (1-9)","Aware","2026-05-16",10,3,"52b0810b634efe498ab095c50213a2987ea81c99c3cdb66281c74ba172cbf875"
"acme-media.com","Acme Media","Marketing and Advertising","Micro ($0-$1MM)","Micro (1-9)","Engaged","2026-05-03",24,15,""
"acme-group.com","Acme Group","Retail","XXLarge ($1B+)","XXLarge (10,000+)","MQL","2026-04-11",145,8,"70270a1f3982abccc9c77a6d480b9968d14c8cf93177d0b21c1684ed5bfb6e5c"
"acme-group.com","Acme Group","Software / Information Technology","Medium-Small ($10MM-$50MM)","Medium (200-499)","MQL","2026-04-21",91,25,""
"blue-group.com","Blue Group","Legal Services","Small ($1MM-$10MM)","Small (10-49)","Aware","2026-09-23",4,3,"b929a8d706f71e1206730afd2cf70d98aed33833b0432f1d9911d111b4cc634f"
"iron-data.com","Iron Data","Consumer Goods","XXLarge ($1B+)","XXLarge (10,000+)","Engaged","2026-04-13",103,11,"ad1a07c5f811c092b05f18eaa902773146a684923256fc25a7db215a401142e6"
"prime-io.com","Prime Io","Automotive","Large ($100MM-$200MM)","Large (1,000-4,999)","Aware","2026-05-02",4,2,"1a11a02dd3c3e080aec99e24e59ef3d928ab06311eb9652ecb6efe3f6f81c41c"
"atlas-works.com","Atlas Works","Software / Information Technology","Small ($1MM-$10MM)","Medium-Small (50-199)","Aware","2026-05-22",18,3,"3ddf00df1772c082263d7919f0276d886dc74806ca7457565a89d4b7c1a4e9cc"
"clear-solutions.com","Clear Solutions","Real Estate","Micro ($0-$1MM)","Micro (1-9)","Unaware","2026-04-07",3,1,"acc42a9e721ac6d8dffa93418336f4be72fb48553aff45f90bc0529032965c25"
"stellar-corp.com","Stellar Corp","Software / Information Technology","Medium-Small ($10MM-$50MM)","Medium (200-499)","Unaware","2026-08-16",5,1,""
"apex-inc.com","Apex Inc","Hospital & Health Care","Small ($1MM-$10MM)","Medium-Small (50-199)","Unaware","2026-07-28",5,1,""
"prime-tech.com","Prime Tech","Software / Information Technology","Large ($100MM-$200MM)","Large (1,000-4,999)","Engaged","2026-09-18",51,6,"9948ac68da0a37772ae721cb8ae43bfdf891830543ec8d0a267b59b1158c94f8"
"swift-corp.com","Swift Corp","Marketing and Advertising","Small ($1MM-$10MM)","Small (10-49)","MQL","2026-07-25",32,21,""
"global-corp.com","Global Corp","Hospital & Health Care","Small ($1MM-$10MM)","Small (10-49)","Engaged","2026-07-14",51,7,"bc06511c86fd0aaf41fe5544b530459c2f7f5d893ef50b884ef6dcd52dd4057f"
"cyber-corp.com","Cyber Corp","Legal Services","Micro ($0-$1MM)","Micro (1-9)","Unaware","2026-06-10",3,1,"3edca4b0d813cadb30c213eab854fa1b409fefbcea5a1f8282359dea250dca1b"
"atlas-media.com","Atlas Media","Consumer Goods","Small ($1MM-$10MM)","Small (10-49)","Engaged","2026-09-09",58,13,""
"green-corp.com","Green Corp","Food & Beverages","Medium-Small ($10MM-$50MM)","Medium-Small (50-199)","Unaware","2026-06-26",2,1,""
"acme-net.com","Acme Net","Telecommunications","Small ($1MM-$10MM)","Small (10-49)","Unaware","2026-04-06",5,1,""
"prime-cloud.com","Prime Cloud","Software / Information Technology","Small ($1MM-$10MM)","Medium-Small (50-199)","Engaged","2026-08-16",63,13,""
"green-digital.com","Green Digital","Manufacturing","Micro ($0-$1MM)","Micro (1-9)","Unaware","2026-07-22",5,1,"d2f30f036e4a1fd7b5eb20529511ceee4724f3118bcf56f25e94bf52e83db9cb"
"nexus-solutions.com","Nexus Solutions","Marketing and Advertising","Medium-Large ($50MM-$100MM)","Medium (200-499)","Engaged","2026-06-23",41,9,"0b559043c4e988c0b2750716eb152dc2d9e2d062730d0633f919634e6e37ad85"
"nova-io.com","Nova Io","Real Estate","Micro ($0-$1MM)","Small (10-49)","Unaware","2026-09-22",5,1,""
"nexus-labs.com","Nexus Labs","Logistics and Supply Chain","Medium-Large ($50MM-$100MM)","Medium (200-499)","Unaware","2026-08-08",1,1,""
"core-hub.com","Core Hub","Construction","Micro ($0-$1MM)","Micro (1-9)","Aware","2026-07-24",5,5,""
"core-group.com","Core Group","Marketing and Advertising","Small ($1MM-$10MM)","Medium-Small (50-199)","Unaware","2026-07-09",5,1,"cbbb3c64c7fc10d17f5ba1d4381c00c3c50d97d449755f53bc5535d9baaffdcd"
"green-works.com","Green Works","Legal Services","Micro ($0-$1MM)","Micro (1-9)","Aware","2026-05-10",18,2,"050608246f651c3d29e0780e3dff772ed3d6b90f396916be88f12d429668af60"
"clear-works.com","Clear Works","Consumer Goods","XLarge ($200MM-$1B)","XLarge (5,000-10,000)","Unaware","2026-07-12",3,1,"ced53ab33ef9de3d00bc554836da32fba5ccfef11456e8085da9fdd40d73a5b3"
"cyber-media.com","Cyber Media","Software / Information Technology","Medium-Large ($50MM-$100MM)","Medium (200-499)","Aware","2026-06-12",20,4,""
"smart-labs.com","Smart Labs","Health, Wellness and Fitness","Medium-Large ($50MM-$100MM)","Medium-Large (500-999)","Unaware","2026-05-14",1,1,""
"apex-group.com","Apex Group","Logistics and Supply Chain","XLarge ($200MM-$1B)","Large (1,000-4,999)","Aware","2026-03-28",17,1,"87d77aad8b621c9b736d8df7d9a8547143fff9036e6bb09e27496d5a2a8fd872"
"core-group.com","Core Group","Marketing and Advertising","Small ($1MM-$10MM)","Medium-Small (50-199)","Engaged","2026-06-02",35,7,"22199fdb55d8e1c518527fbd954e282e5a16dba46d6312540545a8d95767bcd4"
"stellar-net.com","Stellar Net","Software / Information Technology","Micro ($0-$1MM)","Small (10-49)","Aware","2026-04-07",20,2,"ce6bd021c25c2775d73ae23269970491a9743397f267b46928661386cc71c088"
"core-systems.com","Core Systems","Marketing and Advertising","XLarge ($200MM-$1B)","Large (1,000-4,999)","MQL","2026-06-30",178,20,"caddf3b787bac0f02469947df9a2f6f72c3476ba2ac6231d37e79a9f28179d83"
"blue-io.com","Blue Io","Health, Wellness and Fitness","Medium-Large ($50MM-$100MM)","Medium (200-499)","Unaware","2026-06-24",1,1,""
"clear-media.com","Clear Media","Software / Information Technology","Micro ($0-$1MM)","Micro (1-9)","Aware","2026-04-04",19,3,"eeddd63e15e20e36d508cc7eba78ad1daa4ed7bc2f885da10d6a2f39fda534d8"
"clear-tech.com","Clear Tech","Food & Beverages","Micro ($0-$1MM)","Micro (1-9)","Engaged","2026-08-31",83,14,""
"clear-io.com","Clear Io","Legal Services","Micro ($0-$1MM)","Micro (1-9)","Aware","2026-08-04",11,1,"aa1073511ba4d8c22aff8e368533c624f50e20d24a891ae62fae05f129b58944"
"green-cloud.com","Green Cloud","Entertainment","Large ($100MM-$200MM)","Medium-Large (500-999)","Engaged","2026-06-05",71,14,""
"peak-works.com","Peak Works","Education Management","Medium-Small ($10MM-$50MM)","Medium (200-499)","Unaware","2026-07-20",5,1,"507142c688d6154faf43b80de99abb494300fd267a394b0d0160ef9865f5500e"
"green-group.com","Green Group","Marketing and Advertising","Small ($1MM-$10MM)","Small (10-49)","Opportunity","2026-07-23",135,16,"9c052e5fd10cf0d7623cac879d6c25e2309e1179aaf046aabf7ab0f95d090207"
"iron-hub.com","Iron Hub","Retail","Small ($1MM-$10MM)","Medium-Small (50-199)","Opportunity","2026-04-30",394,41,""
"global-media.com","Global Media","Software / Information Technology","XXLarge ($1B+)","XXLarge (10,000+)","Engaged","2026-07-01",86,17,""
"nexus-corp.com","Nexus Corp","Financial Services","Large ($100MM-$200MM)","Large (1,000-4,999)","Engaged","2026-09-01",90,7,"a985cf7236080400bba48660780c442a4468f18c426f61676eeeed76b8544cbe"
"peak-digital.com","Peak Digital","E-Learning","Micro ($0-$1MM)","Micro (1-9)","Unaware","2026-06-25",5,1,"6acfce68293320882b60025e7355d8635d6489c2240d16c0746fc896b397bf5b"
"atlas-data.com","Atlas Data","Hospital & Health Care","Micro ($0-$1MM)","Small (10-49)","Engaged","2026-07-13",85,13,""
"vertex-group.com","Vertex Group","Health, Wellness and Fitness","Medium-Small ($10MM-$50MM)","Medium-Small (50-199)","Unaware","2026-05-30",3,1,"b44637641b294738ca74c7261123a35fbc4c328bb48eb0df870fbbbbd0dd7b0e"
"peak-io.com","Peak Io","E-Learning","Small ($1MM-$10MM)","Medium-Small (50-199)","Unaware","2026-05-27",3,1,"f8eec3a61fef541973cd9a3988fe1582cbed5c8ca64d5719ded0ec6c9b7ffc8e"
"nexus-data.com","Nexus Data","Marketing and Advertising","XXLarge ($1B+)","XXLarge (10,000+)","Unaware","2026-06-09",1,1,""
"swift-corp.com","Swift Corp","Telecommunications","XXLarge ($1B+)","XXLarge (10,000+)","Aware","2026-05-03",10,5,""
"bright-group.com","Bright Group","Retail","Large ($100MM-$200MM)","Large (1,000-4,999)","Aware","2026-08-31",3,3,"88171011b887955fd547d0b7a80433e5403ca60d0a13dba84175f9f5c60d0822"
"acme-inc.com","Acme Inc","Real Estate","Medium-Small ($10MM-$50MM)","Medium-Small (50-199)","MQL","2026-05-26",144,19,"5fcb859cad3bd146ec7dbb389aeb4ac5001ff4c22e273f57f67bc315e9c717a7"
"clear-net.com","Clear Net","Software / Information Technology","Micro ($0-$1MM)","Small (10-49)","Engaged","2026-05-01",70,7,"d99f8f100b625e49a87fdacae002f7cbddc27e390a95f661c428637fbca57e5e"
"swift-digital.com","Swift Digital","Manufacturing","Micro ($0-$1MM)","Micro (1-9)","Aware","2026-05-21",5,3,"0a86e418f86651158db58048216f97f343266ef360f56fcca02fce29397008ad"
"rapid-digital.com","Rapid Digital","Marketing and Advertising","Large ($100MM-$200MM)","Medium-Large (500-999)","Engaged","2026-05-08",69,11,"c531dc9190afc1859206d5f1305b5bcdde427c5251ac2172be53d67c74687c5b"
"acme-systems.com","Acme Systems","Software / Information Technology","Medium-Small ($10MM-$50MM)","Medium-Small (50-199)","Unaware","2026-05-02",4,1,""
"acme-tech.com","Acme Tech","Entertainment","Large ($100MM-$200MM)","Medium-Large (500-999)","Engaged","2026-08-03",102,16,""
"swift-digital.com","Swift Digital","Food & Beverages","Small ($1MM-$10MM)","Medium-Small (50-199)","Aware","2026-08-07",12,3,"5976ea7024ffc396f7c6b14e29588c486ad53c7e388b06be8c749104d192295a"
"smart-solutions.com","Smart Solutions","Retail","Micro ($0-$1MM)","Micro (1-9)","Unaware","2026-08-11",5,1,""
"prime-tech.com","Prime Tech","Entertainment","XLarge ($200MM-$1B)","XLarge (5,000-10,000)","MQL","2026-08-04",118,10,"f764962795a1862566662621cfc72ec6687b7923c3e7762058376d1c2ef28076"
"blue-tech.com","Blue Tech","Management Consulting","Medium-Small ($10MM-$50MM)","Medium (200-499)","Opportunity","2026-05-29",300,19,"833baaa60164c0807ab203d8e399ac77ae38dd87ac725fa0002994f753755575"
"nova-inc.com","Nova Inc","Food & Beverages","Small ($1MM-$10MM)","Medium-Small (50-199)","Unaware","2026-06-15",1,1,"3e44e2817e90b01a7979db789654cf29834a5bbeddc68f36c5f46d9aced3b1a9"
"nova-digital.com","Nova Digital","Telecommunications","Medium-Large ($50MM-$100MM)","Medium (200-499)","Unaware","2026-05-08",3,1,"bf75db7e9579afabd1e6b4afae252608042de0713af17d74a41a9c63e011f1e6"
"atlas-cloud.com","Atlas Cloud","Software / Information Technology","Medium-Small ($10MM-$50MM)","Medium-Small (50-199)","MQL","2026-05-16",120,20,"961487eb0eceb57448ecfb97b56dda3bf47b0a014e624ce09b0df8fdb8a38cdf"
"rapid-tech.com","Rapid Tech","Marketing and Advertising","Large ($100MM-$200MM)","Medium-Large (500-999)","Engaged","2026-05-02",99,3,"40d992477e529cbe120b0103c48515fd0468aa177ca0d35cad2632d2dfa28087"
"blue-media.com","Blue Media","Construction","Medium-Large ($50MM-$100MM)","Medium-Large (500-999)","Unaware","2026-06-25",1,1,""
"swift-hub.com","Swift Hub","Entertainment","Micro ($0-$1MM)","Micro (1-9)","Engaged","2026-08-15",62,7,"51101a6feaeb1e9aaad58094057018a9b01d60e2c02a61d51c96b2ab0873b6bf"
"global-cloud.com","Global Cloud","Marketing and Advertising","Micro ($0-$1MM)","Small (10-49)","Aware","2026-04-15",20,2,"728a68047212c3335bada9c93b55ad70c4145ae0dae1b574dbc21f1012688cb2"
"acme-group.com","Acme Group","Consumer Goods","Medium-Large ($50MM-$100MM)","Medium-Large (500-999)","Unaware","2026-05-14",5,1,"abf1a2db15a0c9c61156d6f5da28401db8fc1a9ac81ada8cbe97da7f25788253"
"nova-cloud.com","Nova Cloud","Food & Beverages","Medium-Large ($50MM-$100MM)","Medium (200-499)","Engaged","2026-07-20",105,17,""
"prime-cloud.com","Prime Cloud","Retail","Medium-Large ($50MM-$100MM)","Medium (200-499)","Engaged","2026-06-20",50,16,""
"smart-data.com","Smart Data","Manufacturing","Small ($1MM-$10MM)","Medium-Small (50-199)","Unaware","2026-06-09",3,1,"993f13aeb01a183b44ff8658ce76524249021aea22f0601a62a4345a675803d2"
"global-corp.com","Global Corp","Software / Information Technology","Small ($1MM-$10MM)","Medium-Small (50-199)","Engaged","2026-06-01",51,9,"29e0ed0e33ee1ed2c48bb4ab0bc6fe90e613fc93ed4b341da1e477de084618ee"
"core-solutions.com","Core Solutions","Software / Information Technology","Small ($1MM-$10MM)","Small (10-49)","Aware","2026-03-30",12,6,""
"stellar-media.com","Stellar Media","Marketing and Advertising","Medium-Small ($10MM-$50MM)","Medium (200-499)","Aware","2026-05-08",22,3,"adf1ce27dfebd6acdcc7919d0a527692b91ae35b1405a529e1da6662dc3d8c8d"
"global-media.com","Global Media","Marketing and Advertising","Small ($1MM-$10MM)","Small (10-49)","Unaware","2026-06-05",1,1,"ee1b102d0c58d7533f02f33eb08e6423748b20b865b80c4753c6616f90a48d1a"
"core-data.com","Core Data","Retail","Medium-Large ($50MM-$100MM)","Medium-Large (500-999)","Unaware","2026-07-23",5,1,"061ae668fac2ed96775c0b735222e90581b0a5d5e7a2b9d1a8a37f5ef74b6c54"
"clear-net.com","Clear Net","Retail","Micro ($0-$1MM)","Micro (1-9)","Opportunity","2026-09-18",458,15,"1ed7aa582a2dd1bc9fb20b97675d75fe83eb2b9ff9f4e2bbfb8580fb0771680b"
"smart-io.com","Smart Io","Automotive","Micro ($0-$1MM)","Small (10-49)","Unaware","2026-08-04",4,1,"54bf5985824e0cf4d76d67e742aa2e5249a2ab8ec3c75e89b9b2b245b741f378"
"green-digital.com","Green Digital","Construction","XLarge ($200MM-$1B)","XLarge (5,000-10,000)","Aware","2026-04-26",21,5,""
"blue-io.com","Blue Io","Entertainment","Medium-Large ($50MM-$100MM)","Medium (200-499)","Engaged","2026-05-27",99,9,"48b317f947bd9c518c7654ce885a513d37c43e9a4e03738b885645f3b2665bfb"
"atlas-data.com","Atlas Data","Health, Wellness and Fitness","Large ($100MM-$200MM)","Medium-Large (500-999)","Unaware","2026-04-12",3,1,""
"global-group.com","Global Group","Software / Information Technology","Small ($1MM-$10MM)","Small (10-49)","MQL","2026-08-20",31,25,""
"swift-net.com","Swift Net","Financial Services","Small ($1MM-$10MM)","Medium-Small (50-199)","Engaged","2026-07-24",60,11,"f775ec02c66b10c45adbc0058df77cf8cacc44fe26bf6450c26eeb325bbdaa5c"
"vertex-digital.com","Vertex Digital","Management Consulting","Medium-Large ($50MM-$100MM)","Medium (200-499)","MQL","2026-06-03",176,7,"f875d7149c6ed9e50d75156f77aec5474bebfca7a65e96cdf80b655395f0a200"
"cyber-io.com","Cyber Io","Retail","Medium-Large ($50MM-$100MM)","Medium (200-499)","Aware","2026-07-20",3,6,""
"atlas-corp.com","Atlas Corp","Marketing and Advertising","Medium-Large ($50MM-$100MM)","Medium (200-499)","Unaware","2026-09-18",5,1,"11795c76bb7cd9f6f2fac0d2f2b095940e3978142af3cb38f86f86a0cf58a7a1"
"smart-solutions.com","Smart Solutions","Construction","Medium-Small ($10MM-$50MM)","Medium (200-499)","Engaged","2026-09-02",45,14,""
"peak-media.com","Peak Media","Management Consulting","Medium-Small ($10MM-$50MM)","Medium (200-499)","Opportunity","2026-09-18",497,20,"6a9f29eff1bf51a80bab856bf8f4b5572b9e2f05139e0f1f181981651ad49f88"
"global-cloud.com","Global Cloud","Marketing and Advertising","Micro ($0-$1MM)","Micro (1-9)","Aware","2026-04-16",12,3,"415f0d96a4fd6019a531f3b27a52234663e718eea9c1ba913524a057b999c4e9"
"bright-inc.com","Bright Inc","Manufacturing","Medium-Small ($10MM-$50MM)","Medium (200-499)","Aware","2026-05-05",21,3,"e8535ee21ee37d742eee44eff90c2042cd047004e068af8a7785b5343347d675"
"green-media.com","Green Media","Software / Information Technology","Medium-Small ($10MM-$50MM)","Medium-Small (50-199)","Engaged","2026-04-23",22,13,""
"rapid-inc.com","Rapid Inc","Construction","Medium-Large ($50MM-$100MM)","Medium-Large (500-999)","Aware","2026-05-06",4,3,"a837db69300b232cbe903f07c19fad6614bb5e46e076576b31b4ea6395d1ae02"
"prime-corp.com","Prime Corp","Logistics and Supply Chain","Large ($100MM-$200MM)","Medium-Large (500-999)","MQL","2026-07-11",112,22,""
"blue-media.com","Blue Media","Logistics and Supply Chain","Micro ($0-$1MM)","Micro (1-9)","Engaged","2026-05-01",17,16,""
"stellar-media.com","Stellar Media","Financial Services","Small ($1MM-$10MM)","Small (10-49)","Engaged","2026-04-07",94,5,"0cf7cc4aa3036eaed0be4ef707c3489c33d82a567a5f5d87d3bb41889cd76982"
"prime-systems.com","Prime Systems","Manufacturing","Small ($1MM-$10MM)","Medium-Small (50-199)","Unaware","2026-05-12",4,1,""
"stellar-systems.com","Stellar Systems","Retail","Medium-Small ($10MM-$50MM)","Medium (200-499)","Unaware","2026-05-18",3,1,"05a587dd04d009feb26c5a46bfd5f392559431881a9c9b0456b89df5d309cf40"
"cyber-cloud.com","Cyber Cloud","Financial Services","Micro ($0-$1MM)","Micro (1-9)","Unaware","2026-09-04",1,1,""
"bright-cloud.com","Bright Cloud","Real Estate","Small ($1MM-$10MM)","Medium-Small (50-199)","Aware","2026-09-21",14,4,"74357a299f5fa2e7018b6b9ad8a4c30994fd3bd52efb7ece2e0c8b89a63c777e"
"clear-corp.com","Clear Corp","Marketing and Advertising","Large ($100MM-$200MM)","Medium-Large (500-999)","Unaware","2026-04-13",3,1,""
"core-data.com","Core Data","Logistics and Supply Chain","Medium-Small ($10MM-$50MM)","Medium (200-499)","MQL","2026-07-03",86,18,"2ddd777a364d5ccb76ec8c63ffb2f89572fe4a5357fc1084fe1a2593743775a8"
"atlas-inc.com","Atlas Inc","Management Consulting","Large ($100MM-$200MM)","Large (1,000-4,999)","Aware","2026-08-28",4,2,"518780949b42c90ca7bc28d0ef0562a0300a9a0dfd9cb114c34d5bdb2b271621"
"global-net.com","Global Net","Hospital & Health Care","Medium-Small ($10MM-$50MM)","Medium (200-499)","Aware","2026-05-30",7,4,""
"nova-works.com","Nova Works","E-Learning","Micro ($0-$1MM)","Small (10-49)","Unaware","2026-09-17",4,1,""
"prime-group.com","Prime Group","Telecommunications","Medium-Small ($10MM-$50MM)","Medium-Small (50-199)","Unaware","2026-06-21",4,1,"fc11bdf9ab52e2d9baa085a67a17946c0503251f153291236d7a8e25e453e38e"
"blue-cloud.com","Blue Cloud","Automotive","XXLarge ($1B+)","XXLarge (10,000+)","Aware","2026-08-18",20,5,""
"green-io.com","Green Io","Financial Services","Large ($100MM-$200MM)","Large (1,000-4,999)","MQL","2026-09-07",201,12,"989528ece4872a06c7d14fe2173f8461fe81ec788cb6a152596a04e6a880b829"
"clear-digital.com","Clear Digital","E-Learning","Medium-Large ($50MM-$100MM)","Medium-Large (500-999)","Unaware","2026-07-01",1,1,"4501c04093cc336bb5744ff37cae72df592655ecd5b462e204eb08a1b4dda3d7"
"clear-works.com","Clear Works","E-Learning","Small ($1MM-$10MM)","Medium-Small (50-199)","MQL","2026-09-01",137,6,"39ecb7cae797b54354807ed1ea4aae97e03cb1a2cc3564ac111de69b33af68c0"
"green-solutions.com","Green Solutions","Construction","Medium-Small ($10MM-$50MM)","Medium-Small (50-199)","Engaged","2026-05-17",72,3,"c9354b20473da82b537f0a96f94c8ee8495a9c08cde984fa612f918233918ed1"
"atlas-cloud.com","Atlas Cloud","Health, Wellness and Fitness","Medium-Small ($10MM-$50MM)","Medium-Small (50-199)","Engaged","2026-04-11",98,5,"62fe2fbbff8443a348f1e48806324e25aebb41831e731b46d1527ca1bb9f84aa"
"green-corp.com","Green Corp","Manufacturing","Medium-Small ($10MM-$50MM)","Medium (200-499)","Unaware","2026-05-14",2,1,""
"green-systems.com","Green Systems","Logistics and Supply Chain","Micro ($0-$1MM)","Micro (1-9)","Aware","2026-06-17",11,1,"bc22c1185e0002b11790b69a9494781db4187b1a72bf02e56e09b0bce73d667d"
"peak-net.com","Peak Net","Education Management","Small ($1MM-$10MM)","Small (10-49)","Aware","2026-05-06",19,6,""
"rapid-data.com","Rapid Data","Food & Beverages","Small ($1MM-$10MM)","Small (10-49)","Aware","2026-08-17",7,1,"06b738097175b35a4178ec17768d9e3123cd93d69ccceede4a58c2cd706731c0"
"clear-digital.com","Clear Digital","Food & Beverages","Large ($100MM-$200MM)","Medium-Large (500-999)","Unaware","2026-07-03",5,1,"0bb71f809531ec776c884c51509ed5d16d90d59e4f55fef19b87c8946c33ba14"
"acme-digital.com","Acme Digital","Marketing and Advertising","Large ($100MM-$200MM)","Large (1,000-4,999)","Opportunity","2026-07-22",135,15,"6e5fbe17e27347ffdb09d23d2225cf53b4a5a596e7807114c9ec1c803e260e37"
"acme-labs.com","Acme Labs","Education Management","Micro ($0-$1MM)","Micro (1-9)","Unaware","2026-09-04",3,1,""
"cyber-systems.com","Cyber Systems","Legal Services","Medium-Small ($10MM-$50MM)","Medium (200-499)","Engaged","2026-09-19",59,4,"d3523f869e8b72612ab592079b9eeb0ee82d620a538cb42dfe69ca6ca7fedb65"
"apex-digital.com","Apex Digital","Telecommunications","Medium-Large ($50MM-$100MM)","Medium (200-499)","Engaged","2026-06-08",53,3,"cd7688c74c963281633edfbbea68a5e72c2fbbee989556bfb6f8fb276248db4f"
"atlas-data.com","Atlas Data","Automotive","Medium-Large ($50MM-$100MM)","Medium-Large (500-999)","Unaware","2026-09-18",1,1,""
"peak-net.com","Peak Net","Automotive","Small ($1MM-$10MM)","Small (10-49)","MQL","2026-05-11",80,20,"efdf52a93fdf7000ad4e817d46b5cd31fcbd9f0a88107207f1a5f7cede6ca401"
"smart-group.com","Smart Group","Software / Information Technology","Micro ($0-$1MM)","Micro (1-9)","Engaged","2026-07-24",73,7,"8e90d0299efcfa84e2c36730706dd3142773b356c3fc9e3e67f9b11d96a69df1"
"smart-io.com","Smart Io","Financial Services","Small ($1MM-$10MM)","Small (10-49)","MQL","2026-09-18",208,16,"7ee9fd550e586d684636b55380b282fcff9212766d32047c6e026b14df4afeae"
"clear-corp.com","Clear Corp","Software / Information Technology","Medium-Small ($10MM-$50MM)","Medium (200-499)","Unaware","2026-08-18",1,1,""
"rapid-io.com","Rapid Io","Insurance","Medium-Large ($50MM-$100MM)","Medium (200-499)","Unaware","2026-06-13",4,1,"09b9ea1df466906db51731ff4aca9e9d116535eed2cf2ef9942377cec695e575"
"bright-net.com","Bright Net","Health, Wellness and Fitness","Large ($100MM-$200MM)","Medium-Large (500-999)","Unaware","2026-08-19",5,1,""
"apex-digital.com","Apex Digital","Insurance","Medium-Small ($10MM-$50MM)","Medium-Small (50-199)","Opportunity","2026-03-31",193,39,""
"stellar-group.com","Stellar Group","Retail","Medium-Large ($50MM-$100MM)","Medium (200-499)","Engaged","2026-05-23",17,11,"c920dda26a5f9615eed073c06032356e9b9592fe92799834c6087997f6bd594e"
"stellar-cloud.com","Stellar Cloud","Construction","XXLarge ($1B+)","XXLarge (10,000+)","Unaware","2026-08-04",4,1,"916dac9844649cc18a50f72c93889e01f6d0cfdff67ae07a5d95f8e272673102"
"iron-tech.com","Iron Tech","Marketing and Advertising","Small ($1MM-$10MM)","Small (10-49)","Engaged","2026-08-25",33,13,""
"swift-tech.com","Swift Tech","Retail","Micro ($0-$1MM)","Micro (1-9)","Aware","2026-08-04",22,6,""
"nova-systems.com","Nova Systems","Management Consulting","Large ($100MM-$200MM)","Large (1,000-4,999)","MQL","2026-05-26",79,5,"481996ba0f9fc79711fc4b8ec531be9c9fed1ebc2e1efb867682340db7ed0723"
"blue-tech.com","Blue Tech","Marketing and Advertising","Medium-Small ($10MM-$50MM)","Medium (200-499)","Aware","2026-04-08",5,5,""
"nova-net.com","Nova Net","Software / Information Technology","XLarge ($200MM-$1B)","Large (1,000-4,999)","Unaware","2026-08-14",1,1,""
"nova-media.com","Nova Media","Retail","Micro ($0-$1MM)","Small (10-49)","Unaware","2026-06-16",4,1,""
"core-inc.com","Core Inc","Consumer Goods","Medium-Small ($10MM-$50MM)","Medium (200-499)","Unaware","2026-07-08",2,1,"c4a482c3d4f0dcc4a93c9d0d5c04687f689136fcf0c42d519dc0b2256cf1aa3a"
"nova-data.com","Nova Data","Health, Wellness and Fitness","Medium-Large ($50MM-$100MM)","Medium (200-499)","Unaware","2026-07-21",1,1,""
"smart-cloud.com","Smart Cloud","Hospital & Health Care","Medium-Large ($50MM-$100MM)","Medium (200-499)","Aware","2026-08-26",8,3,"a3d88d9ea62727334922554055de5ea4990dc934999202ff4018ac36a9fc93c5"
"smart-digital.com","Smart Digital","Software / Information Technology","Small ($1MM-$10MM)","Small (10-49)","MQL","2026-06-19",133,12,"f7e0cf04f37d8ed3ad1bba82667ecf46c55f8f28f58ef2dd457971755089cff9"
"prime-media.com","Prime Media","Construction","Micro ($0-$1MM)","Micro (1-9)","Engaged","2026-03-30",65,14,""
"apex-corp.com","Apex Corp","Software / Information Technology","Medium-Small ($10MM-$50MM)","Medium (200-499)","Aware","2026-08-20",15,2,"66e80353be097a18e408d057febbdff32602bd757029b214211106789b469696"
"nexus-group.com","Nexus Group","Retail","Small ($1MM-$10MM)","Small (10-49)","Engaged","2026-06-11",28,16,""
"core-cloud.com","Core Cloud","Food & Beverages","XXLarge ($1B+)","XXLarge (10,000+)","Engaged","2026-09-01",43,9,"a51db0a18f44d9c7da37e427f01a78b56f63bbb3f578c9f1f206e6712e184a05"
"smart-systems.com","Smart Systems","Automotive","Small ($1MM-$10MM)","Medium-Small (50-199)","MQL","2026-04-14",51,24,""
"swift-inc.com","Swift Inc","Legal Services","Medium-Large ($50MM-$100MM)","Medium-Large (500-999)","Unaware","2026-09-02",2,1,""
"prime-net.com","Prime Net","Marketing and Advertising","Medium-Small ($10MM-$50MM)","Medium (200-499)","Engaged","2026-06-05",85,17,""
"cyber-corp.com","Cyber Corp","Consumer Goods","Medium-Small ($10MM-$50MM)","Medium (200-499)","Aware","2026-06-04",13,2,"fa17527205a41ded8761bcf4e7bc3249568be69e410677ce67df8c8e3c5c4f68"
"bright-labs.com","Bright Labs","Legal Services","Medium-Large ($50MM-$100MM)","Medium-Large (500-999)","Unaware","2026-07-22",1,1,"e08330919bb2f1e243026340cf22420c295d0afd77a22572caa008f0be84b915"
"peak-data.com","Peak Data","Software / Information Technology","Small ($1MM-$10MM)","Small (10-49)","Opportunity","2026-09-06",214,19,"732f7fca302bf741a38248bdc9e1334a89eea258c83ceffa0d9ee2fa63904639"
"atlas-cloud.com","Atlas Cloud","Financial Services","Large ($100MM-$200MM)","Large (1,000-4,999)","Aware","2026-05-01",18,4,""
"core-tech.com","Core Tech","Food & Beverages","Medium-Small ($10MM-$50MM)","Medium (200-499)","Unaware","2026-07-05",4,1,""
"vertex-data.com","Vertex Data","Software / Information Technology","Medium-Small ($10MM-$50MM)","Medium (200-499)","Aware","2026-07-18",6,5,""
"nova-works.com","Nova Works","Construction","Medium-Small ($10MM-$50MM)","Medium (200-499)","MQL","2026-05-21",215,16,"7e2f46494f3f494b183b70e1b46fca9dfa06efebef2fc38282a1427ff3520258"
"blue-cloud.com","Blue Cloud","Consumer Goods","Medium-Small ($10MM-$50MM)","Medium (200-499)","Aware","2026-03-30",13,5,""
"prime-net.com","Prime Net","Logistics and Supply Chain","Small ($1MM-$10MM)","Small (10-49)","Unaware","2026-06-24",2,1,"0a09a38fa3c4cb26720b0ddd9eca71b7b90fb4e9c932ca1129618f5d24e3115c"
"nova-data.com","Nova Data","Manufacturing","Micro ($0-$1MM)","Micro (1-9)","Aware","2026-08-01",21,3,"4313432f6f0f02402ce48b8e97485d11b8b7c3e71f0b06376fdc5815b19c5bd8"
"global-inc.com","Global Inc","E-Learning","Small ($1MM-$10MM)","Small (10-49)","Unaware","2026-06-22",5,1,"9878e1d13b35cb6010fe953fbdd46973a263190e660728ac337bfcc4d51256e0"
"nexus-labs.com","Nexus Labs","Logistics and Supply Chain","Small ($1MM-$10MM)","Small (10-49)","Engaged","2026-09-15",59,11,"4629b4be83eee2ce2ee21d3c57f8a2cda8a883bd420c9e7a06ad5cadf6b538f2"
"acme-tech.com","Acme Tech","Construction","Medium-Small ($10MM-$50MM)","Medium (200-499)","Aware","2026-05-03",15,4,"bb647f67acb6b211dccc013221db22143f82a53c871ea43282c606cc992db441"
"nexus-corp.com","Nexus Corp","Food & Beverages","XLarge ($200MM-$1B)","Large (1,000-4,999)","Unaware","2026-05-23",5,1,"051795b6fb087ab64abba6a2684cb8108da5c99bae9ec3a5afb4aac6ee58c2de"
"blue-net.com","Blue Net","Legal Services","XXLarge ($1B+)","XXLarge (10,000+)","Aware","2026-06-06",20,4,""
"bright-tech.com","Bright Tech","Marketing and Advertising","Medium-Small ($10MM-$50MM)","Medium (200-499)","Engaged","2026-09-12",71,9,"8a911a70b3680b75e51b82912c20a69e9fe2f9f8181467c643bb370d7cbc512c"
"rapid-corp.com","Rapid Corp","Software / Information Technology","Micro ($0-$1MM)","Small (10-49)","Unaware","2026-06-11",1,1,"c0e20b555b1f4ee442986aad2673604c360f0b16859a9e080eed04ffcf0e82ae"
"atlas-labs.com","Atlas Labs","Manufacturing","Medium-Large ($50MM-$100MM)","Medium-Large (500-999)","Engaged","2026-04-04",54,18,""
"vertex-systems.com","Vertex Systems","Financial Services","Large ($100MM-$200MM)","Medium-Large (500-999)","Aware","2026-08-01",21,2,"d80153ec4f545c28bac13d6462f8b1d64aaa5b86011afeb5a411f81cfaf788b3"
"nova-solutions.com","Nova Solutions","E-Learning","Large ($100MM-$200MM)","Large (1,000-4,999)","MQL","2026-06-06",74,19,"1e917078aefa5bff52a28b96d1df0affada52a7afce28eae9bbf134ea4fcc23a"
"peak-cloud.com","Peak Cloud","Financial Services","Large ($100MM-$200MM)","Medium-Large (500-999)","MQL","2026-05-24",134,5,"970c8c51b098b807ce2c7a6ea9eb3a8be9b5f3fc76e65af3c8039acb58cd495e"
"stellar-tech.com","Stellar Tech","Software / Information Technology","Medium-Small ($10MM-$50MM)","Medium-Small (50-199)","Engaged","2026-06-08",34,4,"692d370e40bc862674c2a67ef3604906dbedbad7b7e3782d6d3c232aa9bd15cc"
"prime-digital.com","Prime Digital","Automotive","Micro ($0-$1MM)","Micro (1-9)","Unaware","2026-08-19",3,1,""
"apex-net.com","Apex Net","Education Management","Small ($1MM-$10MM)","Medium-Small (50-199)","Engaged","2026-06-21",101,4,"c9395e6d167240033469e9361a2a167a3a0a5c60308141967536117a9c03c678"
"peak-net.com","Peak Net","Real Estate","Micro ($0-$1MM)","Micro (1-9)","Unaware","2026-04-07",1,1,""
"blue-labs.com","Blue Labs","Construction","Small ($1MM-$10MM)","Medium-Small (50-199)","Engaged","2026-08-05",70,4,"7e436d802d7a063cb6327ffe28eadd30adb21648487befd715774d3f39a73588"
"prime-hub.com","Prime Hub","Insurance","Medium-Small ($10MM-$50MM)","Medium (200-499)","Engaged","2026-08-26",29,10,"d2813212a9347b4f36ef9774eb727a37cbf0b8e0dcea39c910c65a298072e95e"
"core-cloud.com","Core Cloud","Management Consulting","XLarge ($200MM-$1B)","Large (1,000-4,999)","Unaware","2026-04-22",1,1,"dc9df8c72f60074452e1c2942792015cc4abf14a7b2d367accc970b7390965c5"
"bright-group.com","Bright Group","Construction","Micro ($0-$1MM)","Micro (1-9)","Engaged","2026-08-20",86,7,"c76858cd95e9db1acc16d02fbd35798043d565c5e2df1d448551edba53d2cc07"
"swift-solutions.com","Swift Solutions","Health, Wellness and Fitness","Micro ($0-$1MM)","Small (10-49)","Aware","2026-04-03",13,5,""
"atlas-labs.com","Atlas Labs","Marketing and Advertising","Micro ($0-$1MM)","Micro (1-9)","Unaware","2026-08-18",2,1,"522e8eaa219fcdf040d484c35140cd544795d90c2f87aaa00e74cf65e7288e2d"
"swift-cloud.com","Swift Cloud","Real Estate","Large ($100MM-$200MM)","Large (1,000-4,999)","Opportunity","2026-08-03",481,28,"8f776ff5315ba3dd71bfd5b66df426171e7761669bc83764e201f94f5ef049d6"
"global-inc.com","Global Inc","Telecommunications","Micro ($0-$1MM)","Micro (1-9)","Unaware","2026-06-24",3,1,""
"swift-hub.com","Swift Hub","Construction","Medium-Small ($10MM-$50MM)","Medium (200-499)","Unaware","2026-06-06",2,1,"46bba35deb8541f02cc6bfd4b60fdf804722a0d2e7575d0cff048c5aac0ffcd2"
"peak-io.com","Peak Io","E-Learning","Large ($100MM-$200MM)","Large (1,000-4,999)","Opportunity","2026-08-08",406,41,""
"blue-works.com","Blue Works","Management Consulting","Micro ($0-$1MM)","Micro (1-9)","Aware","2026-03-29",17,2,"5f98d5d7f3ae4f2965a1bf2d226ed73f8a91d2a6366fb05a3fb23f1b82b86ba0"
"prime-cloud.com","Prime Cloud","Health, Wellness and Fitness","Small ($1MM-$10MM)","Medium-Small (50-199)","Engaged","2026-09-14",53,17,""
"atlas-io.com","Atlas Io","Management Consulting","Small ($1MM-$10MM)","Small (10-49)","Unaware","2026-06-13",1,1,""
"bright-cloud.com","Bright Cloud","Legal Services","Small ($1MM-$10MM)","Medium-Small (50-199)","Engaged","2026-06-21",107,9,"9aafe471438b76bd89f75f7ac00c465296c8c61695d4d11962421b36d0163045"
"bright-data.com","Bright Data","Education Management","Large ($100MM-$200MM)","Medium-Large (500-999)","MQL","2026-04-08",194,10,"0e9304581e8cc9bd8b90c9b19a6fbb7608b3c4352b56b2e561a255690ea3a53a"
"core-corp.com","Core Corp","Hospital & Health Care","Medium-Small ($10MM-$50MM)","Medium (200-499)","Unaware","2026-07-15",2,1,""
"clear-labs.com","Clear Labs","Software / Information Technology","Micro ($0-$1MM)","Small (10-49)","Engaged","2026-04-14",61,12,"46cd7572c01d5a8fafdf917ada4390ba8ceba2f65025201457d09ae2391b6a48"
"clear-corp.com","Clear Corp","Marketing and Advertising","Medium-Large ($50MM-$100MM)","Medium (200-499)","Aware","2026-07-16",9,3,"a6f48f042e37351d508da8b31abd9121710ad66be91e0064dabc6de1f8e68b37"
"clear-media.com","Clear Media","Retail","Large ($100MM-$200MM)","Large (1,000-4,999)","Engaged","2026-04-09",28,13,""
"prime-cloud.com","Prime Cloud","Financial Services","Micro ($0-$1MM)","Micro (1-9)","Engaged","2026-05-28",27,3,"105efb8aa72fcc3379a759c5c563cfe1b101297a56fa8f8082e20376d7c2a861"
"smart-tech.com","Smart Tech","Manufacturing","Micro ($0-$1MM)","Micro (1-9)","Aware","2026-05-18",5,2,"6779988e5bda86ef38f1002215c8b0b99017e0527ba555b9259915729c99f71e"
"smart-solutions.com","Smart Solutions","Financial Services","Medium-Small ($10MM-$50MM)","Medium (200-499)","Unaware","2026-06-10",1,1,""
"nova-tech.com","Nova Tech","Health, Wellness and Fitness","Small ($1MM-$10MM)","Medium-Small (50-199)","Aware","2026-06-15",5,3,"6aeb68a4b3d4f1ea57f89310283738d12493554fe2bd71ba2edbd37bb0a65e23"
"vertex-labs.com","Vertex Labs","Legal Services","Micro ($0-$1MM)","Micro (1-9)","MQL","2026-05-19",179,21,""
"vertex-solutions.com","Vertex Solutions","Marketing and Advertising","Micro ($0-$1MM)","Micro (1-9)","Aware","2026-07-04",11,2,"73a6857a09185504b40f491de266814cc64fc79796ebfed6df8c2732bb7c012a"
"rapid-inc.com","Rapid Inc","Marketing and Advertising","Medium-Large ($50MM-$100MM)","Medium (200-499)","Engaged","2026-05-14",22,4,"42d7a4b78d8f4498925b744d3c50bc36fdf1c78236a664dbef716328955d05d6"
"nova-tech.com","Nova Tech","Automotive","Small ($1MM-$10MM)","Small (10-49)","Aware","2026-06-04",17,5,""
"clear-io.com","Clear Io","Automotive","Medium-Small ($10MM-$50MM)","Medium-Small (50-199)","Opportunity","2026-04-11",399,39,""
"swift-labs.com","Swift Labs","Software / Information Technology","Micro ($0-$1MM)","Micro (1-9)","Unaware","2026-07-26",4,1,"361ed1976e45594395da43b9bc01697d4734b610149e4a2a66311451be4b15bc"
"cyber-group.com","Cyber Group","Entertainment","Micro ($0-$1MM)","Micro (1-9)","MQL","2026-04-30",135,20,"8db056592ded92c950d1e3ad7add21cf14e5a913554210b12125997541c1094b"
"bright-tech.com","Bright Tech","Management Consulting","Small ($1MM-$10MM)","Medium-Small (50-199)","Aware","2026-06-24",19,3,"b3b99988e0db92701e2b298a26372c33326196088747d07fd243b85fc97d6162"
"nexus-cloud.com","Nexus Cloud","Entertainment","Medium-Large ($50MM-$100MM)","Medium-Large (500-999)","Aware","2026-08-13",8,1,"d086662f51cd31a59e01454670ef365785c631dcc17788cf23e2ce2460cb389f"
"smart-works.com","Smart Works","Logistics and Supply Chain","Small ($1MM-$10MM)","Small (10-49)","Unaware","2026-07-05",2,1,""
"stellar-cloud.com","Stellar Cloud","Software / Information Technology","Micro ($0-$1MM)","Micro (1-9)","Aware","2026-04-02",13,2,"a892b2f1552389b4870026f6325e52b91bfae50eecb6a21e15a1a1d55ca4d6b2"
"stellar-works.com","Stellar Works","Hospital & Health Care","Medium-Large ($50MM-$100MM)","Medium-Large (500-999)","Engaged","2026-05-12",63,12,""
"clear-systems.com","Clear Systems","Legal Services","Medium-Small ($10MM-$50MM)","Medium-Small (50-199)","Aware","2026-03-30",21,5,""
"swift-media.com","Swift Media","Manufacturing","Medium-Small ($10MM-$50MM)","Medium-Small (50-199)","Aware","2026-08-05",18,3,"897d8373099b74e7fbb3d222cfeadfe62dfe9fac8492f8fc3b6d0ed59fd0eeb3"
"blue-digital.com","Blue Digital","Software / Information Technology","Medium-Large ($50MM-$100MM)","Medium-Large (500-999)","Unaware","2026-07-11",1,1,"0e8b9e0d54a146556fd31bf87d7da4cdb9c7d1a8a367155562f201b8ad9c9a5e"
"global-io.com","Global Io","Construction","Large ($100MM-$200MM)","Medium-Large (500-999)","Unaware","2026-04-21",3,1,"64f9b9e8f75c8da34ccc33b2609f63d16253881bfef2f483ed01b8df42d1f3f2"
"atlas-media.com","Atlas Media","Software / Information Technology","Small ($1MM-$10MM)","Medium-Small (50-199)","Unaware","2026-09-17",2,1,"488ab45691262acd98102992b15fd19c6b6550aa549df40d078c5cc26885a478"
"core-io.com","Core Io","Software / Information Technology","Small ($1MM-$10MM)","Small (10-49)","Unaware","2026-09-16",5,1,"5910e53e0e1c94d57d5a3a140e84d5f4c6df8ccc0dde5e9b1a4b84228fd6c78e"
"atlas-data.com","Atlas Data","E-Learning","Micro ($0-$1MM)","Micro (1-9)","Engaged","2026-06-24",31,14,""
"core-net.com","Core Net","Marketing and Advertising","Medium-Small ($10MM-$50MM)","Medium (200-499)","Unaware","2026-05-20",2,1,"92b8faaeedaa513f222691c88066e2853c933ac207fbfe95a79b87592da344f9"
"blue-io.com","Blue Io","Marketing and Advertising","Medium-Small ($10MM-$50MM)","Medium-Small (50-199)","Engaged","2026-05-21",25,7,"02689e0ea8bcc9faa04ae7785f59622116b49b4bf3f71d8d75a7b422037bf975"
"global-media.com","Global Media","Telecommunications","Micro ($0-$1MM)","Micro (1-9)","Aware","2026-08-02",13,5,""
"rapid-labs.com","Rapid Labs","Consumer Goods","Medium-Small ($10MM-$50MM)","Medium (200-499)","Unaware","2026-04-19",3,1,""
"nexus-data.com","Nexus Data","Education Management","Micro ($0-$1MM)","Micro (1-9)","Engaged","2026-04-07",89,18,""
"rapid-corp.com","Rapid Corp","Software / Information Technology","Micro ($0-$1MM)","Micro (1-9)","Unaware","2026-05-13",5,1,"a4fe28a6211744272978c766437d570c57cd09dfec619296c426f54f4fe33d44"
"global-works.com","Global Works","Software / Information Technology","Small ($1MM-$10MM)","Medium-Small (50-199)","Aware","2026-09-22",18,2,"1f2bac5c92fec35128286697b3fbf3299221ef439b7ca9272dc845911651bc93"
"bright-corp.com","Bright Corp","Management Consulting","Small ($1MM-$10MM)","Small (10-49)","Unaware","2026-08-16",4,1,"e068b9b7f26ba9c268d334fcf052fd2e764a150b655076d29cba52973854a307"
"clear-corp.com","Clear Corp","Legal Services","XXLarge ($1B+)","XXLarge (10,000+)","Unaware","2026-03-29",4,1,"7fd8c505b13134907106c17bcf545b1d6c5f6e5f056134aa18a887674d6d364d"
"vertex-data.com","Vertex Data","Financial Services","Small ($1MM-$10MM)","Small (10-49)","Aware","2026-05-21",17,3,"e711c9adfc7118e1a14e9679052a1833e5fac9f2857e02f75d4410e00faeaefe"
"green-inc.com","Green Inc","Education Management","XLarge ($200MM-$1B)","Large (1,000-4,999)","Unaware","2026-07-15",2,1,""
"stellar-data.com","Stellar Data","Software / Information Technology","Medium-Large ($50MM-$100MM)","Medium (200-499)","Engaged","2026-06-07",62,16,""
"rapid-digital.com","Rapid Digital","Legal Services","Medium-Large ($50MM-$100MM)","Medium-Large (500-999)","Engaged","2026-07-23",60,6,"3740985118b1ca1257874bb9fcbfd110a53b4dcad3150022c16fb130bda4a8f6"
"cyber-io.com","Cyber Io","Education Management","Medium-Small ($10MM-$50MM)","Medium-Small (50-199)","Unaware","2026-04-20",5,1,""
"bright-solutions.com","Bright Solutions","Consumer Goods","Medium-Small ($10MM-$50MM)","Medium (200-499)","MQL","2026-04-01",178,21,""
"clear-inc.com","Clear Inc","Manufacturing","XLarge ($200MM-$1B)","Large (1,000-4,999)","Engaged","2026-07-27",10,5,"ace85bd21a0fb70724950f96592bfff5c6442160357b7aad016e666d453a2cf6"
"rapid-group.com","Rapid Group","Telecommunications","Medium-Small ($10MM-$50MM)","Medium-Small (50-199)","Unaware","2026-07-07",3,1,""
"peak-data.com","Peak Data","Real Estate","Large ($100MM-$200MM)","Large (1,000-4,999)","Unaware","2026-05-07",5,1,""
"cyber-tech.com","Cyber Tech","Marketing and Advertising","Micro ($0-$1MM)","Micro (1-9)","Aware","2026-06-09",22,6,""
"vertex-corp.com","Vertex Corp","Education Management","Large ($100MM-$200MM)","Medium-Large (500-999)","Engaged","2026-04-19",83,9,"037f8f5ee7f0e0f8efefe5d770e0744b8c6e84f22b42000ab7f203274503247f"
"prime-works.com","Prime Works","Insurance","Medium-Small ($10MM-$50MM)","Medium-Small (50-199)","Aware","2026-04-02",8,5,""
"iron-systems.com","Iron Systems","Real Estate","Large ($100MM-$200MM)","Large (1,000-4,999)","Unaware","2026-07-16",1,1,""
"core-corp.com","Core Corp","Software / Information Technology","Medium-Small ($10MM-$50MM)","Medium (200-499)","Unaware","2026-08-21",1,1,"d9ff29cbfd34369752dc62ff433af0244624ba8cc674580dabbebec92a0eba80"
"prime-cloud.com","Prime Cloud","Software / Information Technology","Large ($100MM-$200MM)","Medium-Large (500-999)","Aware","2026-04-23",17,4,"a67a486625a569ff1b18c615beb8e46c035e87bc5c060f84cf83f1cac98d6077"
"cyber-io.com","Cyber Io","Health, Wellness and Fitness","Large ($100MM-$200MM)","Large (1,000-4,999)","Engaged","2026-07-22",24,14,""
"prime-corp.com","Prime Corp","Manufacturing","Medium-Large ($50MM-$100MM)","Medium (200-499)","Aware","2026-06-24",16,5,""
"blue-group.com","Blue Group","Health, Wellness and Fitness","Micro ($0-$1MM)","Micro (1-9)","MQL","2026-07-31",215,28,""
"prime-systems.com","Prime Systems","Manufacturing","Small ($1MM-$10MM)","Small (10-49)","MQL","2026-05-06",66,17,"3e0aa52f29ef4608ce765732add79124d3f21b48b303c90b3a61fd7852129347"
"bright-solutions.com","Bright Solutions","Manufacturing","Small ($1MM-$10MM)","Medium-Small (50-199)","Unaware","2026-06-19",4,1,"87beb93f35f3f7ce2eeda6d0710c31ab8cb8c510540da4ed7ca0f029112d7a5d"
"atlas-io.com","Atlas Io","Marketing and Advertising","Micro ($0-$1MM)","Micro (1-9)","Unaware","2026-04-07",2,1,""
"core-io.com","Core Io","Manufacturing","Small ($1MM-$10MM)","Medium-Small (50-199)","Unaware","2026-04-08",1,1,""
"rapid-group.com","Rapid Group","Manufacturing","XLarge ($200MM-$1B)","Large (1,000-4,999)","Unaware","2026-05-20",2,1,"2b47f3525cdf6383e9a5cf172ffe4d7f5ffa24c946c109897378a33a6a6e1fb3"
"peak-works.com","Peak Works","Food & Beverages","Micro ($0-$1MM)","Micro (1-9)","Aware","2026-08-25",18,4,""
"green-group.com","Green Group","Marketing and Advertising","Medium-Small ($10MM-$50MM)","Medium (200-499)","Unaware","2026-07-02",5,1,""
"green-hub.com","Green Hub","Financial Services","Medium-Large ($50MM-$100MM)","Medium (200-499)","MQL","2026-07-05",42,11,"e1dcec59295345a26c94dec0983b311a3b3269c45757c2d38a90f46012831a1b"
"nova-hub.com","Nova Hub","Health, Wellness and Fitness","Small ($1MM-$10MM)","Medium-Small (50-199)","MQL","2026-05-12",48,30,""
"clear-io.com","Clear Io","Software / Information Technology","Micro ($0-$1MM)","Small (10-49)","MQL","2026-07-10",130,17,"b2f8c59ed077ea3649c2b4fadaff82933e1990e1711d73dc7ab158e8b8cbd5ef"
"cyber-tech.com","Cyber Tech","Retail","Medium-Small ($10MM-$50MM)","Medium (200-499)","Unaware","2026-08-14",1,1,"80946cdc960e97981f6e52bf23fd41eb3465c7421aa81b6e7dcae56ed1f5283d"
"nexus-media.com","Nexus Media","Retail","Medium-Large ($50MM-$100MM)","Medium (200-499)","Aware","2026-05-29",22,6,""
"iron-io.com","Iron Io","Marketing and Advertising","Large ($100MM-$200MM)","Large (1,000-4,999)","Unaware","2026-04-11",2,1,""
"blue-systems.com","Blue Systems","Health, Wellness and Fitness","Small ($1MM-$10MM)","Medium-Small (50-199)","Unaware","2026-07-31",1,1,""
"green-net.com","Green Net","Construction","Micro ($0-$1MM)","Micro (1-9)","Unaware","2026-05-01",3,1,"455d1a0dd4a98e44cb87147f1917d0374c20bc1d48434b1a6d8356f640deb8cb"
"nexus-group.com","Nexus Group","Consumer Goods","Small ($1MM-$10MM)","Medium-Small (50-199)","Unaware","2026-04-05",5,1,"e7b556385758028de46f6e6d5b9fdbbf2db096997a4d4d647b3cab74bb837ae4"
"vertex-labs.com","Vertex Labs","Software / Information Technology","Small ($1MM-$10MM)","Medium-Small (50-199)","Aware","2026-08-08",15,5,""
"global-solutions.com","Global Solutions","Software / Information Technology","Micro ($0-$1MM)","Micro (1-9)","MQL","2026-04-21",181,8,"44a76b45d82b4c077decf4f020abab982ab77bd4ef33e85aef99e20cb4a9d7a9"
"green-solutions.com","Green Solutions","Marketing and Advertising","Micro ($0-$1MM)","Small (10-49)","Unaware","2026-09-23",4,1,""
"blue-systems.com","Blue Systems","Entertainment","Medium-Small ($10MM-$50MM)","Medium-Small (50-199)","Unaware","2026-05-12",5,1,"5d69092414473f7be96283508dee6ee6de6ee8bdbe18806060a2bac98b80b145"
"stellar-labs.com","Stellar Labs","Construction","Medium-Large ($50MM-$100MM)","Medium (200-499)","Aware","2026-03-28",21,2,"057a2965a3a47d04869e625f226900e7b036d4c4142c4c67e07f260eaa09d52b"
"prime-inc.com","Prime Inc","Software / Information Technology","Micro ($0-$1MM)","Micro (1-9)","Unaware","2026-05-02",1,1,"a9c4bc1dc4d1753aaac7c37676839990baa9929185c75dc7e2b95824eb9d9f78"
"nexus-hub.com","Nexus Hub","Food & Beverages","Medium-Large ($50MM-$100MM)","Medium-Large (500-999)","Unaware","2026-07-04",2,1,""
"cyber-tech.com","Cyber Tech","Retail","Medium-Small ($10MM-$50MM)","Medium (200-499)","MQL","2026-07-23",124,29,""
"stellar-inc.com","Stellar Inc","Financial Services","Micro ($0-$1MM)","Small (10-49)","Engaged","2026-06-14",104,17,""
"green-systems.com","Green Systems","Construction","Micro ($0-$1MM)","Small (10-49)","Aware","2026-09-20",16,6,""
"nova-hub.com","Nova Hub","Construction","Small ($1MM-$10MM)","Small (10-49)","Aware","2026-06-03",12,2,"c91c599355449a3eb930d3de88a2972eb0799f6b6a55bf596b085bdf40ec2044"
"nexus-io.com","Nexus Io","Software / Information Technology","Large ($100MM-$200MM)","Large (1,000-4,999)","Aware","2026-08-06",7,1,"ed1168be3ad88f18ea053c1ab544c5a6cd04522151cc3660f136775a5954f3b0"
"apex-inc.com","Apex Inc","Entertainment","Large ($100MM-$200MM)","Large (1,000-4,999)","Unaware","2026-05-22",5,1,"a078bb5e2b8e4ef3ade488fc08dae6204759e7ee6de562ba42b5026c423a1a07"
"nova-hub.com","Nova Hub","Marketing and Advertising","Small ($1MM-$10MM)","Medium-Small (50-199)","Unaware","2026-06-10",4,1,"bc8757447067221db0017677a55d1cb690d475ec9d2535c0de5f10bd88b7f371"
"rapid-inc.com","Rapid Inc","Financial Services","Small ($1MM-$10MM)","Medium-Small (50-199)","Unaware","2026-05-10",2,1,"549f74b38a13678e4b1a6930ec4b2d058e5bc5d4d3603583cb706e5dc1fb2b74"
"iron-group.com","Iron Group","Software / Information Technology","Medium-Small ($10MM-$50MM)","Medium (200-499)","Aware","2026-08-13",16,3,"6fc4de087fe7c5ee47d2e744d161c7af03a360f1ddfe71856b4655ca7d4f0798"
"iron-labs.com","Iron Labs","Logistics and Supply Chain","Medium-Small ($10MM-$50MM)","Medium (200-499)","Aware","2026-09-10",13,2,"47215dc8cc52e7837f9c8441db39e53b7e24a3ddaa2afed0cd6711acbe027249"
"clear-tech.com","Clear Tech","Retail","Medium-Small ($10MM-$50MM)","Medium (200-499)","MQL","2026-06-28",213,21,""
"nexus-inc.com","Nexus Inc","Software / Information Technology","Medium-Large ($50MM-$100MM)","Medium-Large (500-999)","Engaged","2026-07-20",49,6,"eca33de7a9f3641a51b7c23d4b580499eba78bbae10a742737f6641d30a60fc8"
"swift-labs.com","Swift Labs","Marketing and Advertising","XLarge ($200MM-$1B)","Large (1,000-4,999)","MQL","2026-08-25",97,14,"fc78bbb3e3513fb560556a26efff738b82fdf8a5262200b10a3a1e40492f6a67"
"bright-group.com","Bright Group","Logistics and Supply Chain","XXLarge ($1B+)","XXLarge (10,000+)","Aware","2026-08-25",17,3,"33aae523a747b95ef9d2e6b131869d291c06a117621dc187a649a37db509f4f6"
"nexus-systems.com","Nexus Systems","Marketing and Advertising","Medium-Large ($50MM-$100MM)","Medium-Large (500-999)","Aware","2026-05-28",20,6,""
"cyber-works.com","Cyber Works","Manufacturing","Micro ($0-$1MM)","Micro (1-9)","MQL","2026-09-17",128,26,""
"core-cloud.com","Core Cloud","Marketing and Advertising","Small ($1MM-$10MM)","Medium-Small (50-199)","Aware","2026-08-03",4,4,""
"rapid-hub.com","Rapid Hub","Real Estate","Small ($1MM-$10MM)","Small (10-49)","MQL","2026-05-07",71,15,"a9fb5aaa7cc47c3e8c2b8f10b7ae1ef8371cf937332f1b07a15db061ec094cc9"
"global-inc.com","Global Inc","Hospital & Health Care","Medium-Large ($50MM-$100MM)","Medium-Large (500-999)","MQL","2026-04-07",134,27,""
"rapid-group.com","Rapid Group","E-Learning","Large ($100MM-$200MM)","Large (1,000-4,999)","Unaware","2026-08-05",1,1,"f0b79d2343e403a5fa4b54a13fc765b04d05fab2ae932af0bb549da90933ace2"
"clear-io.com","Clear Io","Logistics and Supply Chain","Micro ($0-$1MM)","Micro (1-9)","Opportunity","2026-04-12",67,39,""
"bright-systems.com","Bright Systems","Entertainment","Small ($1MM-$10MM)","Small (10-49)","Unaware","2026-08-16",3,1,""
"stellar-media.com","Stellar Media","Legal Services","Medium-Large ($50MM-$100MM)","Medium-Large (500-999)","Unaware","2026-08-02",4,1,""
"prime-tech.com","Prime Tech","Software / Information Technology","Medium-Small ($10MM-$50MM)","Medium-Small (50-199)","Unaware","2026-05-19",4,1,"6d4fdb3fe864a2724547e59b824524d56fb9a63343dc4bafaa849ea8fe523bb9"
"apex-group.com","Apex Group","Financial Services","XLarge ($200MM-$1B)","Large (1,000-4,999)","Engaged","2026-05-23",39,6,"6f0638e17b7010315d50728bc1eb5aec04707fdb5b57ae8a2ff0e51bc4e243d1"
"rapid-corp.com","Rapid Corp","Marketing and Advertising","XLarge ($200MM-$1B)","XLarge (5,000-10,000)","Aware","2026-05-31",7,3,"a34b751497683cdb8c8413ae0845ccfe31a2723e13f5fae660bbef0aa383d328"
"nexus-solutions.com","Nexus Solutions","Construction","Micro ($0-$1MM)","Micro (1-9)","Aware","2026-06-20",9,3,"f7c267f57ab274a2449ba50a78891cb1178d3b9f6d7dd8490da1f6e0abe0ee05"
"swift-inc.com","Swift Inc","Automotive","Small ($1MM-$10MM)","Small (10-49)","Aware","2026-06-30",3,1,"2d49f9a7f0f0eb46e382ebf5e6682f6579ef70f6cfcd56e3ce471623269dab5d"
"swift-corp.com","Swift Corp","Software / Information Technology","Large ($100MM-$200MM)","Large (1,000-4,999)","Unaware","2026-06-02",4,1,""
"peak-solutions.com","Peak Solutions","Retail","Micro ($0-$1MM)","Micro (1-9)","Unaware","2026-06-13",1,1,"9bcea85f140549eb4e6d11004c20cdff7de958d6539c1f5106995b7d868b7252"
"bright-inc.com","Bright Inc","Retail","XLarge ($200MM-$1B)","Large (1,000-4,999)","Unaware","2026-05-05",3,1,"80e8ea1185d299f294f57650ba568b0e0ec2b9f52046f37a22f648b6e53ddcb5"
"prime-solutions.com","Prime Solutions","Insurance","Medium-Large ($50MM-$100MM)","Medium (200-499)","Unaware","2026-09-07",1,1,"99ecea66fed71418907cd7145a10e0566881619d06f5c4cc6e35f18925603023"
"stellar-group.com","Stellar Group","Education Management","Micro ($0-$1MM)","Micro (1-9)","Unaware","2026-04-23",4,1,"f3027eeb0cada3bf0891bb86dc2a807e9f49054cedb5edef62efe53e52dcf638"
"apex-group.com","Apex Group","Entertainment","Micro ($0-$1MM)","Micro (1-9)","Aware","2026-05-20",17,5,""
"swift-solutions.com","Swift Solutions","Retail","Medium-Large ($50MM-$100MM)","Medium (200-499)","Unaware","2026-07-18",3,1,"ed9b608ec7de5eeaf09df63c2d73755656edff859954d44905952d4d5fc90b8f"
"blue-media.com","Blue Media","Health, Wellness and Fitness","Medium-Small ($10MM-$50MM)","Medium (200-499)","Aware","2026-05-02",21,1,"ffe44ba9f0c3c805f24ce35d97002f88c458fb075840012b353eaea2c1de1092"
"peak-media.com","Peak Media","E-Learning","Micro ($0-$1MM)","Micro (1-9)","Unaware","2026-08-01",5,1,"68ddf3fb9cd11b787077c91de47bd05f44882ab5c4115fee2290be3df362d5cc"
"peak-data.com","Peak Data","Marketing and Advertising","Micro ($0-$1MM)","Small (10-49)","Engaged","2026-07-01",15,5,"aceabeba77da21e7e3bd91fc0120d1430a7e5670318b71656a00696fbdf1c452"
"clear-hub.com","Clear Hub","Retail","Medium-Small ($10MM-$50MM)","Medium-Small (50-199)","Aware","2026-04-09",11,4,"235da07444d801da9ed968f47a39d9d4417c87dc414f57f98074c968e01fd1f8"
"atlas-works.com","Atlas Works","Management Consulting","XXLarge ($1B+)","XXLarge (10,000+)","Engaged","2026-06-24",22,3,"3427fe8019e14ece8eb2b9af16b52505bb7fe8a2f49b0b62aedbf5d4d2624880"
"rapid-hub.com","Rapid Hub","Telecommunications","XXLarge ($1B+)","XXLarge (10,000+)","Engaged","2026-04-15",106,7,"3e9c61ba3b667fe7d5284d8b5b1fb257971bab3cb635be6e57989ea1f5278ffc"
"cyber-systems.com","Cyber Systems","Manufacturing","Small ($1MM-$10MM)","Small (10-49)","Unaware","2026-09-02",2,1,""
"swift-io.com","Swift Io","Marketing and Advertising","Large ($100MM-$200MM)","Large (1,000-4,999)","Unaware","2026-04-02",5,1,""
"atlas-io.com","Atlas Io","Construction","Medium-Large ($50MM-$100MM)","Medium (200-499)","Engaged","2026-05-06",15,5,"04563ac1e5104a34f94c3fc3bb4b8d15892374fc96e962616eb0bdd491082b14"
"core-tech.com","Core Tech","Management Consulting","Micro ($0-$1MM)","Micro (1-9)","MQL","2026-08-24",139,9,"7dd3c6e484b546f0f17097a9a999ef56463edf76fc12a5295f2dd9f2df31ab4e"
"acme-solutions.com","Acme Solutions","Legal Services","Medium-Small ($10MM-$50MM)","Medium (200-499)","Unaware","2026-05-11",2,1,"c725c443062d45f740fdedb5995d1d3be14b3464ad50332323168459e81c50c6"
"peak-corp.com","Peak Corp","Insurance","Small ($1MM-$10MM)","Medium-Small (50-199)","Aware","2026-05-31",17,2,"7a02bad6b5c16ea939eed583ca5ca70de35bb54cb43a8cdc2c5e19a83bf6e1de"
"green-digital.com","Green Digital","Financial Services","Micro ($0-$1MM)","Micro (1-9)","Unaware","2026-09-01",3,1,""
"nexus-inc.com","Nexus Inc","E-Learning","Micro ($0-$1MM)","Micro (1-9)","Unaware","2026-08-22",3,1,""
"smart-digital.com","Smart Digital","Logistics and Supply Chain","Medium-Large ($50MM-$100MM)","Medium (200-499)","Unaware","2026-09-05",3,1,""
"apex-media.com","Apex Media","Software / Information Technology","Medium-Small ($10MM-$50MM)","Medium-Small (50-199)","Unaware","2026-06-22",3,1,"21a9bde97b751d7371287c2f06673384615f32ce9e8e2457dc22d2dadc83ec82"
"bright-works.com","Bright Works","Management Consulting","Micro ($0-$1MM)","Small (10-49)","Unaware","2026-06-26",4,1,""
"bright-data.com","Bright Data","Retail","Micro ($0-$1MM)","Small (10-49)","Aware","2026-04-29",6,4,"13c9474e3d873f15d231fbe72e1f8d25a4308cb34a3700370da1fb37c72597bd"
"acme-group.com","Acme Group","Retail","XLarge ($200MM-$1B)","XLarge (5,000-10,000)","Unaware","2026-09-16",1,1,"1d5998c1987848fe97daa9c40f98b8320bb646d9179589a23c5f7fc8b2bc572f"
"bright-corp.com","Bright Corp","Financial Services","Small ($1MM-$10MM)","Small (10-49)","Unaware","2026-09-05",3,1,""
"apex-solutions.com","Apex Solutions","Entertainment","Micro ($0-$1MM)","Micro (1-9)","MQL","2026-09-06",65,30,""
"acme-solutions.com","Acme Solutions","Food & Beverages","Micro ($0-$1MM)","Micro (1-9)","Unaware","2026-05-17",2,1,"d8caab75818e79ad3bcf17ef0619f6b5f7c8169f8f77e7f9b6535230f1f12e1c"
"swift-cloud.com","Swift Cloud","Health, Wellness and Fitness","Micro ($0-$1MM)","Small (10-49)","Unaware","2026-07-26",5,1,""
"peak-media.com","Peak Media","Automotive","Small ($1MM-$10MM)","Small (10-49)","Unaware","2026-03-30",3,1,""
"bright-corp.com","Bright Corp","Marketing and Advertising","Small ($1MM-$10MM)","Medium-Small (50-199)","Unaware","2026-09-19",4,1,"3da638373098070e9edc9bfb219ba731566591150b7e389892f3ab61cc437449"
"core-data.com","Core Data","Software / Information Technology","Medium-Small ($10MM-$50MM)","Medium (200-499)","Aware","2026-06-08",22,1,"4cf56de0235eb06912d41a1675456755bb33956beed2b4e61ba9484ebb653f35"
"prime-works.com","Prime Works","Health, Wellness and Fitness","Medium-Small ($10MM-$50MM)","Medium (200-499)","Unaware","2026-05-15",1,1,"a37b590d0ae48ef3afaa88adb60a8032e349c3c9006a0e56db823e3554bd3824"
"stellar-systems.com","Stellar Systems","Software / Information Technology","Medium-Small ($10MM-$50MM)","Medium (200-499)","Aware","2026-08-19",3,6,""
"acme-works.com","Acme Works","Logistics and Supply Chain","Micro ($0-$1MM)","Micro (1-9)","MQL","2026-09-17",120,28,""
"peak-labs.com","Peak Labs","Management Consulting","Medium-Large ($50MM-$100MM)","Medium-Large (500-999)","Aware","2026-08-08",19,5,""
"apex-group.com","Apex Group","Software / Information Technology","Medium-Large ($50MM-$100MM)","Medium-Large (500-999)","Unaware","2026-09-02",4,1,"7afe863fc92e988a7789b7460a088a5a27e2b2456018f5425b01bf764cc07d35"
"nexus-hub.com","Nexus Hub","Construction","Large ($100MM-$200MM)","Large (1,000-4,999)","Engaged","2026-05-07",60,12,"29dd1911088b8deed78bb9a8f7dd6958b205c52572145888caa4f0daa6580950"
"smart-labs.com","Smart Labs","Management Consulting","Medium-Large ($50MM-$100MM)","Medium-Large (500-999)","Engaged","2026-08-24",37,12,"c1aa65de304d4e0d75987363687d6acb56e917ec21207dc670382874ac559b9a"
"apex-tech.com","Apex Tech","Software / Information Technology","Small ($1MM-$10MM)","Small (10-49)","Unaware","2026-05-23",1,1,"7091743edd7023f1992c066950edb9fe337428a4b2aa2037871947fd681c1441"
"vertex-data.com","Vertex Data","Health, Wellness and Fitness","Large ($100MM-$200MM)","Medium-Large (500-999)","Unaware","2026-05-29",5,1,""
"nova-io.com","Nova Io","Software / Information Technology","XLarge ($200MM-$1B)","Large (1,000-4,999)","Aware","2026-07-15",20,3,"4a95495d0615a9a8b3de68c3660ae1b228476f0339732deaf79fbd7f9b49f6fa"
"swift-digital.com","Swift Digital","Software / Information Technology","Medium-Large ($50MM-$100MM)","Medium (200-499)","Unaware","2026-04-06",4,1,"ba93c16c97dbe667e76362baa3360bb982f92c27ed71a141a86406da8e8f3c0e"
"clear-inc.com","Clear Inc","Insurance","Large ($100MM-$200MM)","Large (1,000-4,999)","Aware","2026-07-23",9,2,"baa020fecb2aedaf20ea153f959a053f122a32619a5871d8e342d25a0f4c65c1"
"peak-works.com","Peak Works","E-Learning","Small ($1MM-$10MM)","Small (10-49)","Aware","2026-09-10",15,5,""
"apex-digital.com","Apex Digital","Real Estate","Medium-Small ($10MM-$50MM)","Medium-Small (50-199)","Unaware","2026-07-16",3,1,"d8364cf8a1e478b2cb88ff7f48a5088a9e003b83b9460ae85afc69e7affcee76"
"acme-cloud.com","Acme Cloud","Insurance","Large ($100MM-$200MM)","Large (1,000-4,999)","Unaware","2026-06-21",3,1,""
"iron-net.com","Iron Net","E-Learning","XLarge ($200MM-$1B)","Large (1,000-4,999)","Unaware","2026-08-21",5,1,"ed155087240d28fd64fb7b412154db1c7d3a828a4fb0dbd72fd707dada039139"
"green-net.com","Green Net","Manufacturing","Medium-Large ($50MM-$100MM)","Medium (200-499)","Unaware","2026-05-09",1,1,"dd8f2ad0dcd5dd8a4e0886a3f4d9e0d44bd56c78cb13d0ae9d15a4c14f3b72c5"
"rapid-systems.com","Rapid Systems","Software / Information Technology","Micro ($0-$1MM)","Small (10-49)","Aware","2026-05-24",15,5,""
"cyber-tech.com","Cyber Tech","Consumer Goods","Medium-Small ($10MM-$50MM)","Medium (200-499)","Unaware","2026-05-25",3,1,""
"iron-hub.com","Iron Hub","Legal Services","XXLarge ($1B+)","XXLarge (10,000+)","Unaware","2026-06-25",4,1,""
"peak-works.com","Peak Works","Hospital & Health Care","Medium-Small ($10MM-$50MM)","Medium (200-499)","Unaware","2026-08-20",5,1,""
"vertex-group.com","Vertex Group","Hospital & Health Care","Medium-Small ($10MM-$50MM)","Medium (200-499)","Unaware","2026-04-27",2,1,""
"cyber-net.com","Cyber Net","Education Management","Small ($1MM-$10MM)","Medium-Small (50-199)","Engaged","2026-07-23",85,10,"ce1e544700c3ab907ed0329e06150ded3e8eaf29a4f6a587a30b753b0a35fd30"
"rapid-tech.com","Rapid Tech","Software / Information Technology","Medium-Large ($50MM-$100MM)","Medium (200-499)","Unaware","2026-06-24",1,1,"47f3d8021de89d6ebd4e890963a04889c0c8148cec1333af19fb13ac3972b003"
"blue-hub.com","Blue Hub","Automotive","XLarge ($200MM-$1B)","XLarge (5,000-10,000)","Unaware","2026-07-19",4,1,"a1688c21b1235fb4feb6fd657dcbdb2fb1ffd79e33bebc0eee45880b0941122b"
"prime-data.com","Prime Data","Marketing and Advertising","Small ($1MM-$10MM)","Medium-Small (50-199)","Aware","2026-07-16",20,4,""
"clear-systems.com","Clear Systems","Entertainment","Large ($100MM-$200MM)","Large (1,000-4,999)","Aware","2026-08-09",20,3,"81962b7fc82752ecacf54256b3e7b8580e8e67b51fde33e631c9e498bece7b72"
"bright-group.com","Bright Group","Management Consulting","Micro ($0-$1MM)","Small (10-49)","Unaware","2026-05-07",5,1,"ddfffd102b5f56354a7d9e58840a078e635d3e839db4eb188e2a71b9ad4590c0"
"rapid-corp.com","Rapid Corp","Software / Information Technology","XXLarge ($1B+)","XXLarge (10,000+)","Unaware","2026-04-21",5,1,""
"global-cloud.com","Global Cloud","Logistics and Supply Chain","Micro ($0-$1MM)","Micro (1-9)","Engaged","2026-04-14",37,6,"6be2ab67147594f8f0de201dc49093ee231b134246ea11f4bd3e14c23fc60aaf"
"rapid-solutions.com","Rapid Solutions","Manufacturing","Micro ($0-$1MM)","Micro (1-9)","Engaged","2026-08-29",60,7,"78d62c6ce5ddd25b3dd87e2ea631c2a99552dc02063ea9cfeb56cd0a0e2c13a6"
"apex-media.com","Apex Media","Financial Services","Micro ($0-$1MM)","Micro (1-9)","Unaware","2026-05-29",4,1,"7a288e1b9debed4ccf1abdb159b9a9c575922ed98397782154c8990193117d4e"
"vertex-group.com","Vertex Group","Financial Services","Small ($1MM-$10MM)","Medium-Small (50-199)","Unaware","2026-06-22",5,1,""
"green-io.com","Green Io","Retail","Micro ($0-$1MM)","Micro (1-9)","Aware","2026-08-25",18,4,""
"nexus-data.com","Nexus Data","Hospital & Health Care","Medium-Large ($50MM-$100MM)","Medium-Large (500-999)","Unaware","2026-09-01",3,1,""
"swift-group.com","Swift Group","Entertainment","Medium-Large ($50MM-$100MM)","Medium-Large (500-999)","MQL","2026-05-15",64,29,""
"prime-group.com","Prime Group","Food & Beverages","Micro ($0-$1MM)","Micro (1-9)","Unaware","2026-04-07",3,1,"65801ffb1c55ad5e33d40bf9f9865ebe672456afe7e3147e2e6fbedb01e0f071"
"core-cloud.com","Core Cloud","Software / Information Technology","Micro ($0-$1MM)","Small (10-49)","Opportunity","2026-05-04",316,23,"2249406bdee14829cd5b49113e9411e4fa98b38a5b189d4a0f4996d5d3890bcc"
"cyber-data.com","Cyber Data","Marketing and Advertising","Large ($100MM-$200MM)","Large (1,000-4,999)","Aware","2026-07-05",18,1,"374cacea42ee737599e35b8e04a067aabea61a8472931f9771b373f4f1037238"
"green-hub.com","Green Hub","Retail","Large ($100MM-$200MM)","Medium-Large (500-999)","Engaged","2026-08-02",53,9,"2bd0e5178bdef9ca55ef1d7288bcba57ce05bfd65cd5d5bb000883d6c1fd76fc"
"cyber-tech.com","Cyber Tech","Hospital & Health Care","XLarge ($200MM-$1B)","Large (1,000-4,999)","Engaged","2026-04-06",86,12,"5505c8abc3a965627318da2de0de4c6332e5256bb017baf15064ece8f3b82d6e"
"core-io.com","Core Io","Health, Wellness and Fitness","Small ($1MM-$10MM)","Small (10-49)","Unaware","2026-05-17",1,1,""
"global-inc.com","Global Inc","Hospital & Health Care","Large ($100MM-$200MM)","Large (1,000-4,999)","Engaged","2026-09-13",103,3,"6cd1141d7b4312a2a6698093e8629d3fb0929754efab9b73b732b0bdf4b0c9a5"
"atlas-io.com","Atlas Io","Software / Information Technology","Micro ($0-$1MM)","Micro (1-9)","Aware","2026-04-06",3,2,"ff881cbb15929f83da0c55ae8d83cb673047b8202c04a9ec5dfebfa4a3adcd34"
"prime-hub.com","Prime Hub","Education Management","Medium-Large ($50MM-$100MM)","Medium-Large (500-999)","Aware","2026-08-19",18,3,"6254d8f5959c41229c254e0561dae0ffc75131805ef29dc55b31f608dfd70648"
"peak-systems.com","Peak Systems","Financial Services","Medium-Large ($50MM-$100MM)","Medium (200-499)","Aware","2026-07-20",11,3,"30372460b409e0aefbfb73538250c09b4ff4b2b1f4b613db5be445ea5f90a242"
"blue-io.com","Blue Io","Management Consulting","Medium-Small ($10MM-$50MM)","Medium-Small (50-199)","Aware","2026-05-21",6,4,""
"green-solutions.com","Green Solutions","Manufacturing","Small ($1MM-$10MM)","Medium-Small (50-199)","Unaware","2026-07-09",5,1,"63d7000bdeb6830127c65fe997d3132f654afedb09ed138c7e7b472f79872b20"
"prime-digital.com","Prime Digital","E-Learning","XLarge ($200MM-$1B)","Large (1,000-4,999)","Unaware","2026-09-21",2,1,"fab2e410e3a3bc9631098584d635c29e06bc1e085eabe52f39e637805bcd4ad4"
"prime-data.com","Prime Data","Retail","Large ($100MM-$200MM)","Large (1,000-4,999)","Unaware","2026-07-11",4,1,""
"blue-works.com","Blue Works","Entertainment","Medium-Small ($10MM-$50MM)","Medium-Small (50-199)","Unaware","2026-09-02",1,1,"d55e8e2bbfbe60c1291d0f45ca2fea326ef1fa4401355396f11a0a32540946f9"
"global-solutions.com","Global Solutions","Software / Information Technology","Small ($1MM-$10MM)","Medium-Small (50-199)","MQL","2026-05-07",207,12,"013197cdc74439f166ba2fa75559197139bb592095eb8f074217ff02281e7849"
"bright-cloud.com","Bright Cloud","Management Consulting","Small ($1MM-$10MM)","Small (10-49)","Aware","2026-06-07",14,3,"5792fcf991c197b62b8f5ec8fe74d23b9bfb04ddfdc4a53c75119b17d2de9ff3"
"bright-corp.com","Bright Corp","Software / Information Technology","Micro ($0-$1MM)","Micro (1-9)","Unaware","2026-08-13",5,1,"084b8c51486511ad7b24c798d2f3c7d1ddbc665931be4ab6e5f1c91b6ca8736a"
"global-hub.com","Global Hub","Insurance","Small ($1MM-$10MM)","Small (10-49)","Opportunity","2026-05-21",135,16,"b7324005248c8fbce1bd17f9009497a1e317e82d17a17f1e4dbdbd44a2df4113"
"blue-inc.com","Blue Inc","Education Management","Micro ($0-$1MM)","Small (10-49)","Aware","2026-08-26",9,2,"c650040428907394b8d04968e0a2dc5c39ed0cdd60ee4b71dece5ffa52a2100b"
"nexus-inc.com","Nexus Inc","Consumer Goods","Medium-Large ($50MM-$100MM)","Medium-Large (500-999)","Unaware","2026-04-21",5,1,"b62131053373bbdd8dd1f3f4414ba491509614d9d49306043cd23705f55cd3d4"
"rapid-corp.com","Rapid Corp","Marketing and Advertising","Large ($100MM-$200MM)","Large (1,000-4,999)","Engaged","2026-04-18",70,18,""
"bright-systems.com","Bright Systems","Insurance","Medium-Large ($50MM-$100MM)","Medium (200-499)","MQL","2026-06-19",149,12,"07335214a65a6fc3593d9856a408ecec8d441c8ca469e31fbc97676dd06a0bb9"
"atlas-net.com","Atlas Net","Telecommunications","Micro ($0-$1MM)","Micro (1-9)","Aware","2026-07-13",10,3,"f0479372faa446c5cac9569ac8be6b4fab5ed4881a23152c750df81d0c9ab145"
"smart-data.com","Smart Data","Manufacturing","Micro ($0-$1MM)","Micro (1-9)","Unaware","2026-05-31",4,1,"f0673c33ecdf4c1ec923a53dfea4c677144fd8660b5f8e1a84f8e98cd60cf900"
"nexus-labs.com","Nexus Labs","Software / Information Technology","Medium-Small ($10MM-$50MM)","Medium (200-499)","Engaged","2026-05-23",61,10,"e09cc253bb9d155a467141d70494153138021802736ce7ae46a385eb170476f6"
"smart-data.com","Smart Data","Logistics and Supply Chain","Medium-Large ($50MM-$100MM)","Medium-Large (500-999)","Engaged","2026-06-02",16,8,"4d82387089ab76fc77aa404f134d0a3572f6cdba8d408312c20b83abbbfd9a8a"
"apex-net.com","Apex Net","Construction","Medium-Small ($10MM-$50MM)","Medium (200-499)","Aware","2026-05-06",9,2,"5d66564298dc54f51ccecdced050d128335ac4ada65d90a65d4788c3998f5b0c"
"global-digital.com","Global Digital","Marketing and Advertising","Small ($1MM-$10MM)","Small (10-49)","Aware","2026-08-01",4,3,"d8cacc8337e846c6c7572004010da9e8fe76bd68fc06cb908a6365166d132ada"
"stellar-hub.com","Stellar Hub","Software / Information Technology","Micro ($0-$1MM)","Micro (1-9)","Opportunity","2026-05-28",145,27,"6ec356c56dd0967f2a4ae7f494829081fbb5ecdbe2f514fec56dc8002bddf98c"
"cyber-tech.com","Cyber Tech","Management Consulting","Medium-Small ($10MM-$50MM)","Medium-Small (50-199)","Unaware","2026-08-20",4,1,"a46431b52636a737fa388362162e7237b55d7429f6087cb47f1364ce0a3b1799"
"iron-io.com","Iron Io","Hospital & Health Care","Medium-Small ($10MM-$50MM)","Medium (200-499)","Opportunity","2026-07-24",157,46,""
"blue-media.com","Blue Media","Software / Information Technology","Large ($100MM-$200MM)","Medium-Large (500-999)","Unaware","2026-08-26",4,1,""
"green-data.com","Green Data","Consumer Goods","Small ($1MM-$10MM)","Medium-Small (50-199)","Opportunity","2026-08-12",303,16,"fb0af6e9f7833aaabbe32782ad9fd7e458e2ff0a1a8b79ce41eb989fe4a36e17"
"stellar-data.com","Stellar Data","Marketing and Advertising","Micro ($0-$1MM)","Micro (1-9)","Unaware","2026-04-04",5,1,"25053b11d0b0aac088077e2c90489918f3cd54f1ab128a7d0ba62d5293a27f3e"
"atlas-tech.com","Atlas Tech","E-Learning","Small ($1MM-$10MM)","Small (10-49)","Engaged","2026-08-13",17,12,"1ad2315d37a5733da62ed5a6b685c9c47f871b360a5410c862adb9a20b5e4b02"
"peak-hub.com","Peak Hub","Insurance","Medium-Small ($10MM-$50MM)","Medium-Small (50-199)","Opportunity","2026-04-26",256,48,""
"smart-labs.com","Smart Labs","Retail","Medium-Large ($50MM-$100MM)","Medium-Large (500-999)","Unaware","2026-06-26",3,1,"2d7c9bc2cdc42e139a7006a71523a96547a4551cbc63d00af9ab39e9f88bc424"
"apex-io.com","Apex Io","Consumer Goods","Medium-Large ($50MM-$100MM)","Medium-Large (500-999)","Unaware","2026-07-10",2,1,"3424e0fbb45d4f7f96de58df8796b938059fe09376e707c3e818e294bd2e4c2b"
"core-labs.com","Core Labs","Software / Information Technology","Large ($100MM-$200MM)","Medium-Large (500-999)","MQL","2026-08-20",84,6,"e64a668fd1e62432fcdb99f887f89e846302e71d790228852d3265ad135d1978"
"cyber-labs.com","Cyber Labs","Manufacturing","Medium-Small ($10MM-$50MM)","Medium (200-499)","Aware","2026-06-07",3,4,"3309c8778497f25e0b7e97fa60390880c9b749b0de3c3412756562f93aa5ca17"
"vertex-media.com","Vertex Media","Food & Beverages","Small ($1MM-$10MM)","Small (10-49)","MQL","2026-07-11",59,29,""
"peak-works.com","Peak Works","Telecommunications","Large ($100MM-$200MM)","Medium-Large (500-999)","Engaged","2026-06-07",22,16,""
"iron-digital.com","Iron Digital","Marketing and Advertising","Micro ($0-$1MM)","Micro (1-9)","Unaware","2026-04-08",3,1,"61967d99e92758dc637215fd990c4185381838f31106ed421ca4334aeed6cdcb"
"nexus-labs.com","Nexus Labs","Logistics and Supply Chain","Medium-Small ($10MM-$50MM)","Medium (200-499)","Unaware","2026-04-12",2,1,"9c5a07f2c619b04b337ace3f455edd8d6dcf02683c0511ef45a234aad3a586e5"
"rapid-media.com","Rapid Media","Software / Information Technology","Medium-Small ($10MM-$50MM)","Medium-Small (50-199)","Unaware","2026-05-01",2,1,""
"global-hub.com","Global Hub","Marketing and Advertising","Medium-Small ($10MM-$50MM)","Medium (200-499)","Aware","2026-04-28",22,4,""
"nexus-corp.com","Nexus Corp","Automotive","Large ($100MM-$200MM)","Medium-Large (500-999)","Opportunity","2026-08-01",167,41,""
"swift-solutions.com","Swift Solutions","Logistics and Supply Chain","Medium-Large ($50MM-$100MM)","Medium (200-499)","Opportunity","2026-08-16",405,49,""
"smart-works.com","Smart Works","Automotive","Medium-Large ($50MM-$100MM)","Medium-Large (500-999)","Unaware","2026-05-24",3,1,""
"atlas-io.com","Atlas Io","Automotive","Medium-Large ($50MM-$100MM)","Medium (200-499)","Aware","2026-04-13",5,4,"4ef154785ecf5e7f6cad1a87ae63876183a8c43218a31ffcbcdbdd5aaae9ab44"
"global-digital.com","Global Digital","Education Management","Micro ($0-$1MM)","Micro (1-9)","Unaware","2026-08-03",4,1,"63430a94b09994a696e31ff98ddcca45b1c152b58ab0221169773be98e2e5767"
"swift-systems.com","Swift Systems","Software / Information Technology","Medium-Small ($10MM-$50MM)","Medium-Small (50-199)","Unaware","2026-03-30",2,1,"df0cec9baf30afc51230cf202c3c08c1b612d18d53b8662c6a2c5434e60355a7"
"clear-digital.com","Clear Digital","Hospital & Health Care","XXLarge ($1B+)","XXLarge (10,000+)","Engaged","2026-07-20",13,7,"dc5e7ef216ff38c7127905f66304962e938350274dd8ce54789966e523ae3b8a"
"peak-corp.com","Peak Corp","Real Estate","Micro ($0-$1MM)","Small (10-49)","Unaware","2026-08-04",3,1,"3dc932e7912318f37de2bbf782b252beceec1e2c8f74384699b966a519f3e7e5"
"atlas-media.com","Atlas Media","Construction","Small ($1MM-$10MM)","Medium-Small (50-199)","MQL","2026-06-09",105,16,"2dde1b31e7c2167f2def8e8aa7e9a7340088bcc15191e3bbb52d170c23786d34"
"nexus-digital.com","Nexus Digital","Entertainment","Medium-Large ($50MM-$100MM)","Medium (200-499)","Unaware","2026-03-28",4,1,"2ab4720c34f900edf4885d7f26cac889994c5ee463935f8d506bb44c5c653f4c"
"nova-cloud.com","Nova Cloud","Consumer Goods","Micro ($0-$1MM)","Micro (1-9)","Unaware","2026-05-02",3,1,"88eb554f55664bd95a4286fe77768032128e35c8f135897dbb9629965d9f7592"
"vertex-group.com","Vertex Group","Real Estate","Large ($100MM-$200MM)","Medium-Large (500-999)","Unaware","2026-05-21",4,1,"da1b5f6537834b4ae95862d14a2cbe071c2802ef78441f280782636975bfc3c9"
"clear-hub.com","Clear Hub","Insurance","Medium-Large ($50MM-$100MM)","Medium-Large (500-999)","Aware","2026-04-30",20,3,"552f0f1d943a29e0d726f794ca58190b3821d9d981035d3f4bb5d7bf90ec8747"
"rapid-data.com","Rapid Data","Marketing and Advertising","Small ($1MM-$10MM)","Small (10-49)","Engaged","2026-03-30",28,12,"891cc54a86872abfac75c53822dbc6ec80f173fb5dfba90aecd885e591cbdb79"
"iron-cloud.com","Iron Cloud","Consumer Goods","Small ($1MM-$10MM)","Small (10-49)","Unaware","2026-08-18",5,1,"4ec9e156557dbb871d65ca7bcbe3e2bab5bf936222396416fd728ce44c0a76c1"
"blue-works.com","Blue Works","Marketing and Advertising","Medium-Small ($10MM-$50MM)","Medium (200-499)","Aware","2026-07-08",20,3,"d2532861b41f47c641d18d29827ea466dcff9a9b34bcaea05fd8072748ce546e"
"stellar-tech.com","Stellar Tech","Health, Wellness and Fitness","Micro ($0-$1MM)","Small (10-49)","Unaware","2026-09-10",2,1,"9ef2b587dd68505f4fefe14af41fc3bfc49c35e31a352286fcaf15557888ed90"
"clear-digital.com","Clear Digital","Software / Information Technology","Small ($1MM-$10MM)","Medium-Small (50-199)","Unaware","2026-06-23",4,1,"4efdec9317001827a3e5dcbe4400bb631ff1d14753f3ed829a5b11d9ec21bfdc"
"atlas-media.com","Atlas Media","Automotive","XXLarge ($1B+)","XXLarge (10,000+)","Engaged","2026-09-09",76,12,""
"vertex-corp.com","Vertex Corp","Education Management","Medium-Small ($10MM-$50MM)","Medium (200-499)","Engaged","2026-07-15",52,18,""
"nexus-inc.com","Nexus Inc","Logistics and Supply Chain","XLarge ($200MM-$1B)","Large (1,000-4,999)","Engaged","2026-04-02",60,7,"fc5c9a0a35e1f959b113a263833e993c8cbd64b79ede44aa7cb7cd12d06a77a4"
"iron-inc.com","Iron Inc","Retail","Medium-Small ($10MM-$50MM)","Medium-Small (50-199)","Unaware","2026-07-21",1,1,"8845c686e9a40f5b40367f44ae78d6b0363e9de73be12cb296993a8346e54c28"
"nova-tech.com","Nova Tech","Real Estate","Small ($1MM-$10MM)","Medium-Small (50-199)","Aware","2026-05-09",9,3,"4ca007f5fe14cc7564862c801ce294fd39531a7a5048631c88039d4556859c5a"
"smart-inc.com","Smart Inc","Software / Information Technology","Large ($100MM-$200MM)","Medium-Large (500-999)","Unaware","2026-08-10",5,1,""
"cyber-inc.com","Cyber Inc","Retail","Medium-Small ($10MM-$50MM)","Medium-Small (50-199)","MQL","2026-07-28",41,12,"bebc7a43b0435e4384f665eff6db0bd7687b454dcbb7716043bdefa24dc3e171"
"vertex-works.com","Vertex Works","Entertainment","Medium-Small ($10MM-$50MM)","Medium-Small (50-199)","MQL","2026-08-12",127,25,""
"global-corp.com","Global Corp","Legal Services","Small ($1MM-$10MM)","Medium-Small (50-199)","Engaged","2026-06-24",37,16,""
"global-hub.com","Global Hub","Hospital & Health Care","Micro ($0-$1MM)","Micro (1-9)","MQL","2026-08-01",42,19,"e02c3c5f8526f16465cd2f0a478a8e767f14abc59e394f82ce302ca78e40ff30"
"nexus-inc.com","Nexus Inc","Financial Services","Small ($1MM-$10MM)","Small (10-49)","MQL","2026-05-25",30,11,"72d2d303a806e1290c0ac1899e9b87c248c58baf2a299fe5311077eb54fb601d"
"smart-digital.com","Smart Digital","Construction","Large ($100MM-$200MM)","Large (1,000-4,999)","Unaware","2026-05-14",1,1,""
"smart-solutions.com","Smart Solutions","E-Learning","Small ($1MM-$10MM)","Small (10-49)","Engaged","2026-09-06",76,17,""
"nova-media.com","Nova Media","Retail","Micro ($0-$1MM)","Micro (1-9)","Unaware","2026-08-20",4,1,"522849e426c5a665a2fd2c2fc48f0fad303186f010a96ea072cd86eb6b746669"
"iron-solutions.com","Iron Solutions","Financial Services","Small ($1MM-$10MM)","Small (10-49)","MQL","2026-08-19",158,27,""
"nexus-cloud.com","Nexus Cloud","Retail","Small ($1MM-$10MM)","Small (10-49)","Engaged","2026-07-12",61,18,""
"clear-cloud.com","Clear Cloud","Financial Services","Medium-Large ($50MM-$100MM)","Medium (200-499)","Unaware","2026-04-12",3,1,""
"swift-works.com","Swift Works","Food & Beverages","Small ($1MM-$10MM)","Small (10-49)","Aware","2026-06-01",11,3,"34d344d4291ddfdfcd35e0efcb3157cf6d02afeac065ea9d8edb3eb090abdcae"
"green-digital.com","Green Digital","E-Learning","Micro ($0-$1MM)","Micro (1-9)","Aware","2026-05-05",6,4,""
"bright-works.com","Bright Works","Financial Services","Medium-Small ($10MM-$50MM)","Medium (200-499)","Unaware","2026-07-23",3,1,""
"core-group.com","Core Group","Entertainment","Medium-Large ($50MM-$100MM)","Medium-Large (500-999)","Unaware","2026-06-13",2,1,"1aa8d24870b6d2193272f17f31b73341b45a34003f0d89df16ca77b26b48065e"
"nova-cloud.com","Nova Cloud","E-Learning","Micro ($0-$1MM)","Micro (1-9)","Opportunity","2026-05-14",318,24,"8c45d9973744c0fe4dce17d48a4f43307c3bd2cde9d382664428c9c4279fb93b"
"nexus-cloud.com","Nexus Cloud","Software / Information Technology","Medium-Large ($50MM-$100MM)","Medium-Large (500-999)","Aware","2026-05-20",8,5,""
"stellar-cloud.com","Stellar Cloud","Marketing and Advertising","Small ($1MM-$10MM)","Medium-Small (50-199)","Aware","2026-03-28",16,3,"49eeb641805560660033cb3d7d4f7cef1d642eed9b69f399584faa6e789385e9"
"prime-systems.com","Prime Systems","Entertainment","Micro ($0-$1MM)","Micro (1-9)","Aware","2026-05-05",18,2,"130faf8afa7fb2bd94ca426a1ea64d1b6fd99b55e7a5a1b18e277433b9b00cf4"
"nexus-works.com","Nexus Works","Marketing and Advertising","XXLarge ($1B+)","XXLarge (10,000+)","MQL","2026-04-29",185,13,"ccfc61161a46e822bf384ea3bf8e7cb5f0d0948b2c58e18c66206b78e7b50c59"
"bright-media.com","Bright Media","Consumer Goods","Large ($100MM-$200MM)","Medium-Large (500-999)","Unaware","2026-05-26",3,1,"958fd47558780474609f628f2c66eb79a76eae3881b7c607510564f958c6d7d2"
"clear-inc.com","Clear Inc","Retail","Medium-Large ($50MM-$100MM)","Medium-Large (500-999)","Unaware","2026-08-02",1,1,"129b5cebf0db5e33b604a2b5e44a665642d42be258a07444c11bb198c4a02d4c"
"swift-data.com","Swift Data","Food & Beverages","Medium-Large ($50MM-$100MM)","Medium-Large (500-999)","Unaware","2026-04-21",5,1,"a8ae5964106a825c7231d58fa9dbdb905cdb3c6b2949ba73f2ccb60746598549"
"cyber-net.com","Cyber Net","Manufacturing","XXLarge ($1B+)","XXLarge (10,000+)","Aware","2026-03-28",15,5,""
"nova-digital.com","Nova Digital","Marketing and Advertising","Micro ($0-$1MM)","Small (10-49)","Engaged","2026-06-12",17,16,""
"swift-cloud.com","Swift Cloud","Software / Information Technology","XLarge ($200MM-$1B)","Large (1,000-4,999)","Unaware","2026-05-25",3,1,"5746ed93a125ae6dc8d5aae97a8efae32d5f3757d259b08dc4320bb3ddf71099"
"swift-net.com","Swift Net","Consumer Goods","Medium-Large ($50MM-$100MM)","Medium-Large (500-999)","Unaware","2026-07-19",5,1,"9713b361f016803d62d2f52b91c3a8e1bd735874142140788cbfc2c98a9401df"
"clear-systems.com","Clear Systems","Insurance","Micro ($0-$1MM)","Small (10-49)","Unaware","2026-07-05",4,1,"f900e7b1e0a8c3951e636fb63aaf08e40d474c7cc7620d17a9891c507211e737"
"nova-media.com","Nova Media","Software / Information Technology","XLarge ($200MM-$1B)","Large (1,000-4,999)","Unaware","2026-06-17",2,1,"e0b7b5bee697d9d07fedd4356d84183bddff0e569c80fd1a44d073f54061acd6"
"atlas-works.com","Atlas Works","Retail","Medium-Large ($50MM-$100MM)","Medium (200-499)","Unaware","2026-05-11",2,1,""
"prime-systems.com","Prime Systems","Telecommunications","Medium-Small ($10MM-$50MM)","Medium (200-499)","Aware","2026-05-15",19,1,"9084b86d3c403b7d69abc6a7a936cae287c1b9c8ed7d59147ec64f210680b163"
"atlas-data.com","Atlas Data","Software / Information Technology","Micro ($0-$1MM)","Micro (1-9)","Unaware","2026-07-25",3,1,"f3f0f3985427f71ec309aaa817b7c457c65f18ec0f7972e7c5f1b8f31afcc067"
"prime-systems.com","Prime Systems","Consumer Goods","Small ($1MM-$10MM)","Small (10-49)","Engaged","2026-05-06",47,17,""
"rapid-inc.com","Rapid Inc","Food & Beverages","Micro ($0-$1MM)","Small (10-49)","Aware","2026-06-19",11,6,""
"smart-labs.com","Smart Labs","Retail","XLarge ($200MM-$1B)","XLarge (5,000-10,000)","Aware","2026-05-29",7,4,"b92e9dbe9714b616363f07137dbcf9d863f77397a2456507cf47396ea8c7c70d"
"apex-inc.com","Apex Inc","Health, Wellness and Fitness","Medium-Small ($10MM-$50MM)","Medium-Small (50-199)","Engaged","2026-08-17",105,17,""
"apex-solutions.com","Apex Solutions","Entertainment","Small ($1MM-$10MM)","Small (10-49)","Aware","2026-05-31",15,2,"3e321592c103bf68646a134b95ca56efbc9a6aedbbf06559242e20a663961fff"
"green-systems.com","Green Systems","Software / Information Technology","Medium-Small ($10MM-$50MM)","Medium-Small (50-199)","Unaware","2026-07-26",1,1,"3742bb981a3b429cbff0e6934fd73d0b74f196e302ee09eca93821c8a05de6cc"
"iron-inc.com","Iron Inc","Marketing and Advertising","Medium-Small ($10MM-$50MM)","Medium (200-499)","Engaged","2026-04-27",13,10,"d6e7b184aed01f7c7c5db636dff186b44dee32a28c9a8100a4aca31fc930f804"
"smart-group.com","Smart Group","Software / Information Technology","Small ($1MM-$10MM)","Small (10-49)","Unaware","2026-06-10",2,1,"1e67e7f82e9ee86eb2e34661e68f2bd8d219520968b15c66ce86b408185054b1"
"stellar-io.com","Stellar Io","Software / Information Technology","Medium-Large ($50MM-$100MM)","Medium-Large (500-999)","Engaged","2026-06-21",27,4,"ea629691677069762d260c6beb5f218976b3fcf87685ac472f18d3470161e0e7"
"stellar-io.com","Stellar Io","Software / Information Technology","Medium-Small ($10MM-$50MM)","Medium (200-499)","Unaware","2026-07-23",1,1,""
"swift-works.com","Swift Works","Insurance","Micro ($0-$1MM)","Micro (1-9)","Unaware","2026-05-22",2,1,""
"core-corp.com","Core Corp","Consumer Goods","Micro ($0-$1MM)","Micro (1-9)","Unaware","2026-06-27",5,1,"87c42cbb9205ae1e51c968a5bbacbf2deda88077d11521983c7190e8a4b16577"
"clear-group.com","Clear Group","Insurance","Micro ($0-$1MM)","Micro (1-9)","Unaware","2026-03-31",2,1,""
"swift-data.com","Swift Data","Automotive","Medium-Large ($50MM-$100MM)","Medium-Large (500-999)","Engaged","2026-08-04",87,15,""
"green-io.com","Green Io","Marketing and Advertising","Small ($1MM-$10MM)","Small (10-49)","Engaged","2026-07-27",35,10,"6f2ec3bb507e01c2083560927c947b0e85091d0a8598fbd04454a3fe599498cc"
"nova-media.com","Nova Media","Retail","Medium-Large ($50MM-$100MM)","Medium (200-499)","Unaware","2026-08-09",4,1,"0cba942a7db413c32c80124b1df1982ed874a8fe9aaba9a211867b0e458c9de7"
"apex-data.com","Apex Data","Software / Information Technology","Medium-Large ($50MM-$100MM)","Medium (200-499)","Unaware","2026-05-24",2,1,"3e532848b3686e251c802c2a92c1b24540958c314b8b3b006ceca581490a4354"
"green-cloud.com","Green Cloud","Software / Information Technology","Micro ($0-$1MM)","Micro (1-9)","Aware","2026-05-01",21,5,""
"rapid-tech.com","Rapid Tech","Food & Beverages","Micro ($0-$1MM)","Micro (1-9)","Unaware","2026-05-01",1,1,"f714634d94fe3b7c908556d01859392ffcacf59d3c489076a4e322721d0f9a7a"
"clear-media.com","Clear Media","Health, Wellness and Fitness","Micro ($0-$1MM)","Small (10-49)","Aware","2026-07-24",14,6,""
"cyber-hub.com","Cyber Hub","Retail","Micro ($0-$1MM)","Small (10-49)","Engaged","2026-07-14",54,6,"5109527e2bdfdcd70f3727c08e66bc56212cdd2f4dce6ad611a922258b279cdd"
"blue-solutions.com","Blue Solutions","Hospital & Health Care","Medium-Small ($10MM-$50MM)","Medium (200-499)","Unaware","2026-08-21",2,1,"a138b9ce332328c2c8489a7e6145049306d8bfa064bd146a756d8e8460baf58d"
"atlas-inc.com","Atlas Inc","Marketing and Advertising","XXLarge ($1B+)","XXLarge (10,000+)","Unaware","2026-09-21",1,1,"4dc4e78f796add6a78d331bb26daa48035404c8a9d08196fb7f4012f432efd67"
"stellar-hub.com","Stellar Hub","Software / Information Technology","Small ($1MM-$10MM)","Medium-Small (50-199)","Unaware","2026-04-04",4,1,""
"atlas-net.com","Atlas Net","Legal Services","Small ($1MM-$10MM)","Small (10-49)","Unaware","2026-08-02",4,1,"9b8c35b35fa4fa2f34a34169aaab42368fbb4d1992e091493ef31e9e869ac88c"
"core-works.com","Core Works","Construction","XLarge ($200MM-$1B)","XLarge (5,000-10,000)","Aware","2026-08-16",8,2,"d11767a3bedf5834c2e787e79368822ea8910e425df9bf654245a5eb0081cea7"
"global-systems.com","Global Systems","Management Consulting","Small ($1MM-$10MM)","Small (10-49)","MQL","2026-06-08",188,12,"0e51e9f1cc8f63d68336b84dcbb1d0d62897792d4c77838ae60a69e28c75cdf3"
"vertex-labs.com","Vertex Labs","Software / Information Technology","Medium-Small ($10MM-$50MM)","Medium-Small (50-199)","Engaged","2026-05-10",70,4,"978ae7dc1fd5ba31c77aaf7d9e1b1158e4e3eb360a9ae79e6ba95668cda06add"
"core-works.com","Core Works","Software / Information Technology","Medium-Small ($10MM-$50MM)","Medium-Small (50-199)","Engaged","2026-04-14",85,6,"dfbd9016b279a5bf238fb1f3274fe758f20c4de8fd027592cb9ea857a2cb163e"
"bright-tech.com","Bright Tech","Marketing and Advertising","Medium-Small ($10MM-$50MM)","Medium (200-499)","Engaged","2026-09-19",74,9,"912ca41682301592a823d295f85c8abcf32ee77121968d32d92ae36d3c8e9083"
"iron-tech.com","Iron Tech","Legal Services","XXLarge ($1B+)","XXLarge (10,000+)","Unaware","2026-04-14",3,1,""
"vertex-net.com","Vertex Net","Education Management","Micro ($0-$1MM)","Micro (1-9)","Aware","2026-05-06",22,5,""
"smart-net.com","Smart Net","E-Learning","Large ($100MM-$200MM)","Medium-Large (500-999)","Aware","2026-08-17",12,2,"f43e4b38fa063df1d706ffc75374befc6b1df2ac7943e9a1e9fa618b939d0d79"
"acme-group.com","Acme Group","Financial Services","Medium-Small ($10MM-$50MM)","Medium (200-499)","Unaware","2026-08-04",4,1,"084d656f53c8b1d16272523687dc4c9ee997552a8ba07852f35cdb69cf07f9d7"
"vertex-digital.com","Vertex Digital","Hospital & Health Care","Micro ($0-$1MM)","Micro (1-9)","Aware","2026-07-10",4,5,""
"swift-inc.com","Swift Inc","Real Estate","Medium-Large ($50MM-$100MM)","Medium-Large (500-999)","Aware","2026-06-25",7,2,"abd6f4381856e52bf1a331b04214d10100da4722454112e18bc1114e189dc624"
"nexus-tech.com","Nexus Tech","Telecommunications","Medium-Small ($10MM-$50MM)","Medium-Small (50-199)","Aware","2026-07-29",13,4,"4c2745267d008e46249b62bf087587323616cfb29ab88fc3cc59565248946037"
"swift-corp.com","Swift Corp","Financial Services","Small ($1MM-$10MM)","Medium-Small (50-199)","Unaware","2026-05-25",1,1,""
"peak-cloud.com","Peak Cloud","Financial Services","Medium-Small ($10MM-$50MM)","Medium (200-499)","Aware","2026-08-24",16,2,"ae74b4cdf6d4b607e816de815680dac0a3f0566b646b9d06cdfd073330265929"
"iron-tech.com","Iron Tech","Logistics and Supply Chain","Medium-Large ($50MM-$100MM)","Medium (200-499)","Aware","2026-09-20",4,2,"563325a7fe19a442905e267b26d7a4984bdf6326333fc88059a29afc60ffd445"
"core-inc.com","Core Inc","Legal Services","Medium-Small ($10MM-$50MM)","Medium (200-499)","Unaware","2026-05-04",2,1,"094eede84bd29ad3be51338dd5e72ca4fddb345a9831aa9d9b85274084bf74f7"
"prime-works.com","Prime Works","Food & Beverages","XXLarge ($1B+)","XXLarge (10,000+)","MQL","2026-04-08",179,15,"2d29d1531ffed503cbdd175b953907aae53e8ef1833939fdc8b71fde4bb1d220"
"nexus-solutions.com","Nexus Solutions","Management Consulting","Medium-Large ($50MM-$100MM)","Medium (200-499)","Unaware","2026-06-15",2,1,""
"stellar-corp.com","Stellar Corp","Health, Wellness and Fitness","Small ($1MM-$10MM)","Medium-Small (50-199)","Unaware","2026-08-02",3,1,"3febffa70b0ec174ee52a779818bdb52e681835528a6177b0b40e0add2c31456"
"smart-solutions.com","Smart Solutions","Management Consulting","Large ($100MM-$200MM)","Large (1,000-4,999)","Opportunity","2026-08-18",53,30,"6c9444e9245e9e9c9eb2406a2117be14aadbef6af886bd9b27ea90487f7574b5"
"atlas-hub.com","Atlas Hub","Manufacturing","Medium-Large ($50MM-$100MM)","Medium-Large (500-999)","Aware","2026-04-30",9,2,"a6daf48fa221f5dd6005a583384dfc1ed5596adde98339259b9610a21f5b4b24"
"acme-cloud.com","Acme Cloud","Marketing and Advertising","Micro ($0-$1MM)","Small (10-49)","MQL","2026-05-11",156,19,"f59f24a7c5c2ff7c1f41754b684df6c2cb5418450b908c1e2dff43b4835e3b02"
"green-hub.com","Green Hub","Software / Information Technology","Micro ($0-$1MM)","Micro (1-9)","Aware","2026-04-17",20,4,"b27f612d539445b1d8e98b48232267fc12cfe74fa151bad8655fffd375e2fba8"
"stellar-hub.com","Stellar Hub","Logistics and Supply Chain","Medium-Large ($50MM-$100MM)","Medium-Large (500-999)","Aware","2026-06-13",11,4,"043e8ed25bb2b25e795907bf95a72096e93da31c9bf78b3716f077bdc1fe7184"
"global-solutions.com","Global Solutions","Health, Wellness and Fitness","XXLarge ($1B+)","XXLarge (10,000+)","Engaged","2026-09-13",93,10,"871663f3fc0414a21eb4e5d1d7507af86bd9af40adcdd70b6e51133b0c5392e4"
"apex-inc.com","Apex Inc","Hospital & Health Care","Large ($100MM-$200MM)","Large (1,000-4,999)","MQL","2026-09-23",158,19,"5a7f61caf7e5edf3474fc3dccab1bae43da0be31530f72d6eb1a95a56d4da3e0"
"bright-hub.com","Bright Hub","Retail","Micro ($0-$1MM)","Micro (1-9)","Unaware","2026-08-22",3,1,"465f0b372661eafffb6f550f42ae27d0a7f3fd1145199d98c5b4625d421b1a03"
"apex-labs.com","Apex Labs","Retail","Large ($100MM-$200MM)","Large (1,000-4,999)","MQL","2026-06-09",130,29,""
"swift-labs.com","Swift Labs","Software / Information Technology","Micro ($0-$1MM)","Micro (1-9)","Aware","2026-07-25",17,1,"53e636d6b7319a30ba82b84ec454c874134fef8b10fd9c195c9a5a6aa20cd919"
"nova-cloud.com","Nova Cloud","Marketing and Advertising","Micro ($0-$1MM)","Micro (1-9)","Unaware","2026-06-14",2,1,"16fd75d19905aa5000900fd5f7fccf3937b792e600c9f86a4b854aeea4592348"
"apex-inc.com","Apex Inc","Insurance","Large ($100MM-$200MM)","Large (1,000-4,999)","Aware","2026-09-08",21,4,""
"vertex-labs.com","Vertex Labs","Education Management","Medium-Large ($50MM-$100MM)","Medium (200-499)","Engaged","2026-06-16",61,16,""
"acme-hub.com","Acme Hub","Financial Services","Small ($1MM-$10MM)","Small (10-49)","Unaware","2026-09-17",2,1,""
"iron-digital.com","Iron Digital","Entertainment","Small ($1MM-$10MM)","Small (10-49)","Unaware","2026-04-12",5,1,"2d1c9d17f95e7d7654b18ebc2d8a0dffc5dcecefed25e0323de62889c6cf12d9"
"core-group.com","Core Group","Retail","Medium-Large ($50MM-$100MM)","Medium-Large (500-999)","Aware","2026-05-04",20,4,""
"green-media.com","Green Media","Software / Information Technology","Micro ($0-$1MM)","Micro (1-9)","Unaware","2026-05-27",5,1,"a0a1778b248c66106a037944dc008b1f15d201f787432b680d59facab37b781d"
"blue-inc.com","Blue Inc","E-Learning","Medium-Small ($10MM-$50MM)","Medium-Small (50-199)","Engaged","2026-05-12",71,14,""
"prime-inc.com","Prime Inc","Telecommunications","Medium-Large ($50MM-$100MM)","Medium-Large (500-999)","Unaware","2026-04-20",1,1,"50865eb0e6d18d3f14c3bae432518cc8c07e231b46757315f81a9bc9aad4a895"
"iron-labs.com","Iron Labs","Marketing and Advertising","Small ($1MM-$10MM)","Medium-Small (50-199)","Engaged","2026-05-09",15,15,""
"global-digital.com","Global Digital","Consumer Goods","Small ($1MM-$10MM)","Small (10-49)","MQL","2026-07-10",227,24,""
"peak-inc.com","Peak Inc","Construction","Small ($1MM-$10MM)","Medium-Small (50-199)","Aware","2026-08-02",19,5,""
"bright-systems.com","Bright Systems","Food & Beverages","Medium-Small ($10MM-$50MM)","Medium (200-499)","Aware","2026-05-30",4,2,"2c60a0522807566ef4e28cf85bf4c55e0eab5cc6c6bcb4411ce888d00a3367f5"
"prime-tech.com","Prime Tech","Software / Information Technology","XXLarge ($1B+)","XXLarge (10,000+)","Engaged","2026-09-05",24,8,"ad3a9e98a9e69672e255b1c951d8e762ae87fe16750aeda44299f6061afa64c1"
"vertex-systems.com","Vertex Systems","Hospital & Health Care","Medium-Small ($10MM-$50MM)","Medium-Small (50-199)","Engaged","2026-04-29",17,13,""
"atlas-media.com","Atlas Media","E-Learning","Medium-Small ($10MM-$50MM)","Medium (200-499)","MQL","2026-07-13",183,25,""
"global-group.com","Global Group","Legal Services","Medium-Small ($10MM-$50MM)","Medium (200-499)","Unaware","2026-09-02",4,1,"e2ada1456c70f1a8c3519139b080c2c6cfaa5f6730481a0c4252b1d3a259f457"
"global-hub.com","Global Hub","Software / Information Technology","Large ($100MM-$200MM)","Large (1,000-4,999)","Unaware","2026-06-09",2,1,"1f4579436c1840111e91258dccee39d44cd3230fd893651853fdb8cd4ba5c0cb"
"global-corp.com","Global Corp","Software / Information Technology","Micro ($0-$1MM)","Micro (1-9)","Unaware","2026-03-29",4,1,""
"swift-media.com","Swift Media","Marketing and Advertising","Medium-Small ($10MM-$50MM)","Medium (200-499)","Unaware","2026-04-26",3,1,"d1b5aecc7a0d7bd20cb8697c4d6d800911ed73cebc7664030c2bd6889fceb2eb"
"iron-tech.com","Iron Tech","Marketing and Advertising","Medium-Small ($10MM-$50MM)","Medium (200-499)","Engaged","2026-06-06",83,12,"a3e4bf8fa1610b0b0a0059a80a4ed5f295eb8a0443c7b87a82d5966e43f87855"
"atlas-corp.com","Atlas Corp","Logistics and Supply Chain","Micro ($0-$1MM)","Micro (1-9)","Aware","2026-07-30",8,3,"84004967f8d1563358ce91ae1ac37be8083341a8bd8a719b8d23650447bf21af"
"green-tech.com","Green Tech","Hospital & Health Care","Large ($100MM-$200MM)","Medium-Large (500-999)","Aware","2026-03-29",4,6,""
"smart-solutions.com","Smart Solutions","Real Estate","Medium-Small ($10MM-$50MM)","Medium (200-499)","MQL","2026-06-05",44,25,""
"rapid-media.com","Rapid Media","Health, Wellness and Fitness","Small ($1MM-$10MM)","Medium-Small (50-199)","Unaware","2026-05-15",3,1,"4887b5ee36f0d2b59accccdb13e02e5f30c048658fcfc2bd1a56a19cfdd750ee"
"core-solutions.com","Core Solutions","Logistics and Supply Chain","Medium-Small ($10MM-$50MM)","Medium (200-499)","Unaware","2026-08-28",4,1,"d07786d37a29fa9b4b92c96a42ab7a21b1db4ab7d2c71d144c83acf38a8c7603"
"green-systems.com","Green Systems","Management Consulting","Micro ($0-$1MM)","Micro (1-9)","MQL","2026-07-12",62,10,"d58124b5a40abc9c6670bde3911cf281c2b8325df8fe91280011b25632251b56"
"nova-io.com","Nova Io","Software / Information Technology","Micro ($0-$1MM)","Micro (1-9)","MQL","2026-07-25",98,17,"1ddcde6e293abe704d69a3e279c546dc02aff92dc13c85f8cb12092ad228d09b"
"nova-corp.com","Nova Corp","Retail","Micro ($0-$1MM)","Micro (1-9)","Aware","2026-07-20",22,5,""
"clear-digital.com","Clear Digital","Automotive","Micro ($0-$1MM)","Micro (1-9)","MQL","2026-09-22",168,17,"3550a701a71828268fd891d0b2d1667a1633b69bbd3d82a52cc294b6d5fb6d43"
"global-inc.com","Global Inc","Manufacturing","Micro ($0-$1MM)","Micro (1-9)","Unaware","2026-07-29",4,1,"1ea24a57ea3ae303f97547c0e3ac98c1bc02c42fb2b62a9aaeac93425180cd9f"
"stellar-group.com","Stellar Group","Construction","Micro ($0-$1MM)","Micro (1-9)","Aware","2026-06-30",22,3,"5e27defa6c49e7b40f265911ce6eea9d32fce5a824e8aa7f3d7bdc7bc5ec62ca"
"clear-systems.com","Clear Systems","Manufacturing","Medium-Large ($50MM-$100MM)","Medium (200-499)","MQL","2026-06-16",74,5,"dd7051e84b9506efc7d0d0205419987af75eb7531b4e233c9ed90290832e61df"
"prime-io.com","Prime Io","Software / Information Technology","Micro ($0-$1MM)","Micro (1-9)","Unaware","2026-06-06",3,1,"32771bdc78800fb5766ba0922904b0c339ea442d97227a6cf8e4e41ff28e6d21"
"peak-inc.com","Peak Inc","Education Management","Small ($1MM-$10MM)","Small (10-49)","Unaware","2026-08-07",4,1,"7cfa7029278a64e9468254b40668f5b140c2a0b1c9453c610102a361b115fd41"
"nexus-cloud.com","Nexus Cloud","Logistics and Supply Chain","Medium-Small ($10MM-$50MM)","Medium-Small (50-199)","Engaged","2026-06-17",53,13,""
"iron-tech.com","Iron Tech","Health, Wellness and Fitness","XXLarge ($1B+)","XXLarge (10,000+)","Unaware","2026-05-11",2,1,""
"green-tech.com","Green Tech","Management Consulting","Small ($1MM-$10MM)","Small (10-49)","Opportunity","2026-07-23",372,32,"5ace7e75759edacaad859c49110db217047fcc6c3c25c2698bca312f5866233f"
"iron-group.com","Iron Group","Construction","Micro ($0-$1MM)","Small (10-49)","Aware","2026-04-07",7,5,""
"smart-tech.com","Smart Tech","Retail","XXLarge ($1B+)","XXLarge (10,000+)","Opportunity","2026-06-07",95,30,"c3b00868de26e4d5570f3fa20429bd1cf0ce9bb1021c4a0748412c34bcbbcc9d"
"acme-inc.com","Acme Inc","Real Estate","Micro ($0-$1MM)","Micro (1-9)","Aware","2026-09-22",19,4,"9a20273be6e4a2acd3f8f5bba59946a873ebe8963ed7e8e05889a83304f1f8d3"
"cyber-media.com","Cyber Media","Marketing and Advertising","Small ($1MM-$10MM)","Medium-Small (50-199)","MQL","2026-07-18",134,17,"cd706614646a590501743f980fcc4209f044698b28472815207a4acc94e5d73b"
"atlas-group.com","Atlas Group","Marketing and Advertising","Small ($1MM-$10MM)","Small (10-49)","Unaware","2026-07-22",4,1,""
"vertex-solutions.com","Vertex Solutions","Real Estate","Micro ($0-$1MM)","Micro (1-9)","Engaged","2026-05-24",100,9,"7c750e24fcc1dc1c33eb6343d0a59b7e139b7c5a79aac19b560d73aecccefb0a"
"vertex-tech.com","Vertex Tech","Logistics and Supply Chain","XLarge ($200MM-$1B)","Large (1,000-4,999)","MQL","2026-08-23",164,8,"228bf9456797349484f88be61bc939f8ebdb1334e8539334b40dd93fafd62fa9"
"clear-tech.com","Clear Tech","Entertainment","Micro ($0-$1MM)","Small (10-49)","Aware","2026-07-01",18,5,""
"acme-media.com","Acme Media","Telecommunications","Medium-Small ($10MM-$50MM)","Medium (200-499)","Engaged","2026-06-15",54,17,""
