"DOMAIN","COMPANY_NAME","COMPANY_INDUSTRY","COMPANY_REVENUE","COMPANY_SIZE","JOURNEY_STAGE","TOTAL_VISITS","TOTAL_VISITORS","PURCHASE_SCORE","PREDICTED_ACCOUNT_VALUE","SCORE_TIER"
"rapid-works.com","Rapid Works","Health, Wellness and Fitness","Small ($1MM-$10MM)","Small (10-49)","Aware",6,5,0.162,154,"COLD"
"atlas-labs.com","Atlas Labs","Marketing and Advertising","Medium-Large ($50MM-$100MM)","Medium (200-499)","Unaware",5,1,0.060,186,"COLD"
"bright-corp.com","Bright Corp","Software / Information Technology","Medium-Small ($10MM-$50MM)","Medium (200-499)","Engaged",75,17,0.550,374,"WARM"
"cyber-labs.com","Cyber Labs","Manufacturing","Medium-Small ($10MM-$50MM)","Medium-Small (50-199)","Aware",3,6,0.156,105,"COLD"
"cyber-media.com","Cyber Media","Education Management","Medium-Large ($50MM-$100MM)","Medium-Large (500-999)","Engaged",56,10,0.412,302,"WARM"
"atlas-data.com","Atlas Data","Health, Wellness and Fitness","Micro ($0-$1MM)","Micro (1-9)","Unaware",2,1,0.054,82,"COLD"
"smart-net.com","Smart Net","Telecommunications","Small ($1MM-$10MM)","Small (10-49)","Aware",7,5,0.164,74,"COLD"
"green-hub.com","Green Hub","Food & Beverages","Medium-Large ($50MM-$100MM)","Medium (200-499)","MQL",195,17,0.750,584,"HOT"
"smart-io.com","Smart Io","E-Learning","Small ($1MM-$10MM)","Small (10-49)","Unaware",3,1,0.056,99,"COLD"
"vertex-io.com","Vertex Io","Telecommunications","Large ($100MM-$200MM)","Large (1,000-4,999)","Unaware",1,1,0.052,162,"COLD"
"apex-media.com","Apex Media","Software / Information Technology","Micro ($0-$1MM)","Micro (1-9)","Engaged",40,10,0.480,254,"WARM"
"bright-group.com","Bright Group","Software / Information Technology","XLarge ($200MM-$1B)","XLarge (5,000-10,000)","Engaged",12,13,0.424,763,"WARM"
"rapid-net.com","Rapid Net","Manufacturing","Small ($1MM-$10MM)","Small (10-49)","Aware",18,1,0.186,232,"COLD"
"cyber-inc.com","Cyber Inc","Consumer Goods","Medium-Large ($50MM-$100MM)","Medium-Large (500-999)","Engaged",105,13,0.510,387,"HOT"
"swift-io.com","Swift Io","Health, Wellness and Fitness","Large ($100MM-$200MM)","Large (1,000-4,999)","Aware",11,5,0.172,108,"COLD"
"rapid-systems.com","Rapid Systems","Management Consulting","XLarge ($200MM-$1B)","XLarge (5,000-10,000)","Unaware",4,1,0.058,599,"COLD"
"vertex-solutions.com","Vertex Solutions","E-Learning","XXLarge ($1B+)","XXLarge (10,000+)","Aware",12,3,0.174,599,"COLD"
"iron-digital.com","Iron Digital","Entertainment","Medium-Small ($10MM-$50MM)","Medium-Small (50-199)","Unaware",1,1,0.052,128,"COLD"
"core-solutions.com","Core Solutions","Entertainment","XXLarge ($1B+)","XXLarge (10,000+)","Unaware",3,1,0.056,700,"COLD"
"core-tech.com","Core Tech","Retail","Medium-Large ($50MM-$100MM)","Medium-Large (500-999)","Aware",14,3,0.278,113,"COLD"
"apex-io.com","Apex Io","Management Consulting","Micro ($0-$1MM)","Small (10-49)","Aware",14,2,0.178,232,"COLD"
"nova-tech.com","Nova Tech","Education Management","Small ($1MM-$10MM)","Small (10-49)","Aware",13,3,0.176,224,"COLD"
"nova-inc.com","Nova Inc","Automotive","Micro ($0-$1MM)","Micro (1-9)","Unaware",5,1,0.060,197,"COLD"
"swift-solutions.com","Swift Solutions","Marketing and Advertising","XLarge ($200MM-$1B)","Large (1,000-4,999)","Unaware",1,1,0.052,645,"COLD"
"bright-media.com","Bright Media","Marketing and Advertising","Medium-Large ($50MM-$100MM)","Medium (200-499)","Opportunity",342,43,0.750,886,"HOT"
"bright-data.com","Bright Data","Construction","Small ($1MM-$10MM)","Medium-Small (50-199)","Opportunity",425,18,0.750,974,"HOT"
"green-data.com","Green Data","Construction","Micro ($0-$1MM)","Micro (1-9)","Opportunity",231,17,0.750,602,"HOT"
"vertex-tech.com","Vertex Tech","Legal Services","Small ($1MM-$10MM)","Small (10-49)","Engaged",97,11,0.494,250,"WARM"
"clear-net.com","Clear Net","Education Management","Large ($100MM-$200MM)","Large (1,000-4,999)","Opportunity",423,38,0.750,922,"HOT"
"green-systems.com","Green Systems","Entertainment","Micro ($0-$1MM)","Micro (1-9)","Aware",18,5,0.186,246,"COLD"
"atlas-media.com","Atlas Media","Education Management","XLarge ($200MM-$1B)","Large (1,000-4,999)","Aware",9,3,0.168,743,"COLD"
"nexus-labs.com","Nexus Labs","Telecommunications","XLarge ($200MM-$1B)","XLarge (5,000-10,000)","Unaware",4,1,0.058,658,"COLD"
"core-hub.com","Core Hub","Financial Services","Small ($1MM-$10MM)","Medium-Small (50-199)","Unaware",5,1,0.060,61,"COLD"
"blue-works.com","Blue Works","Education Management","Small ($1MM-$10MM)","Small (10-49)","Engaged",18,9,0.336,215,"WARM"
"apex-net.com","Apex Net","Telecommunications","Small ($1MM-$10MM)","Small (10-49)","Aware",19,5,0.188,137,"COLD"
"clear-tech.com","Clear Tech","Legal Services","XXLarge ($1B+)","XXLarge (10,000+)","Unaware",2,1,0.054,657,"COLD"
"nova-solutions.com","Nova Solutions","Logistics and Supply Chain","Medium-Small ($10MM-$50MM)","Medium-Small (50-199)","Unaware",1,1,0.052,126,"COLD"
"blue-hub.com","Blue Hub","Automotive","Medium-Small ($10MM-$50MM)","Medium-Small (50-199)","Unaware",3,1,0.056,73,"COLD"
"bright-labs.com","Bright Labs","Retail","XXLarge ($1B+)","XXLarge (10,000+)","Unaware",1,1,0.152,616,"COLD"
"iron-net.com","Iron Net","Software / Information Technology","Micro ($0-$1MM)","Micro (1-9)","MQL",85,25,0.720,326,"HOT"
"vertex-labs.com","Vertex Labs","Software / Information Technology","Micro ($0-$1MM)","Small (10-49)","Unaware",2,1,0.154,212,"COLD"
"nexus-net.com","Nexus Net","Logistics and Supply Chain","Large ($100MM-$200MM)","Large (1,000-4,999)","Aware",4,3,0.158,211,"COLD"
"swift-inc.com","Swift Inc","E-Learning","Micro ($0-$1MM)","Micro (1-9)","Engaged",27,13,0.354,214,"WARM"
"acme-cloud.com","Acme Cloud","Health, Wellness and Fitness","Small ($1MM-$10MM)","Medium-Small (50-199)","Aware",18,1,0.186,227,"COLD"
"smart-systems.com","Smart Systems","Health, Wellness and Fitness","Micro ($0-$1MM)","Micro (1-9)","Unaware",4,1,0.058,126,"COLD"
"cyber-digital.com","Cyber Digital","Software / Information Technology","Large ($100MM-$200MM)","Medium-Large (500-999)","Aware",12,5,0.274,247,"COLD"
"blue-corp.com","Blue Corp","Hospital & Health Care","Small ($1MM-$10MM)","Medium-Small (50-199)","Aware",21,5,0.192,92,"COLD"
"nexus-group.com","Nexus Group","Marketing and Advertising","Medium-Small ($10MM-$50MM)","Medium-Small (50-199)","Unaware",5,1,0.060,121,"COLD"
"bright-tech.com","Bright Tech","Entertainment","Medium-Large ($50MM-$100MM)","Medium-Large (500-999)","Unaware",2,1,0.054,179,"COLD"
"cyber-net.com","Cyber Net","Marketing and Advertising","XXLarge ($1B+)","XXLarge (10,000+)","Unaware",3,1,0.056,600,"COLD"
"rapid-works.com","Rapid Works","Financial Services","Micro ($0-$1MM)","Micro (1-9)","MQL",87,21,0.624,316,"HOT"
"stellar-cloud.com","Stellar Cloud","Marketing and Advertising","Medium-Small ($10MM-$50MM)","Medium-Small (50-199)","MQL",192,29,0.750,447,"HOT"
"smart-inc.com","Smart Inc","Software / Information Technology","Micro ($0-$1MM)","Micro (1-9)","Aware",3,3,0.256,146,"COLD"
"nexus-corp.com","Nexus Corp","Financial Services","Micro ($0-$1MM)","Small (10-49)","Aware",6,4,0.162,149,"COLD"
"clear-solutions.com","Clear Solutions","Consumer Goods","Micro ($0-$1MM)","Micro (1-9)","Opportunity",479,21,0.750,1014,"HOT"
"bright-digital.com","Bright Digital","Health, Wellness and Fitness","Large ($100MM-$200MM)","Large (1,000-4,999)","Unaware",4,1,0.058,132,"COLD"
"rapid-io.com","Rapid Io","Software / Information Technology","Small ($1MM-$10MM)","Small (10-49)","Unaware",1,1,0.152,122,"COLD"
"apex-corp.com","Apex Corp","Health, Wellness and Fitness","Small ($1MM-$10MM)","Small (10-49)","MQL",114,9,0.678,304,"HOT"
"cyber-solutions.com","Cyber Solutions","Software / Information Technology","Medium-Large ($50MM-$100MM)","Medium (200-499)","MQL",58,12,0.666,303,"HOT"
"global-net.com","Global Net","Real Estate","Large ($100MM-$200MM)","Medium-Large (500-999)","Unaware",3,1,0.056,126,"COLD"
"global-media.com","Global Media","Marketing and Advertising","Medium-Large ($50MM-$100MM)","Medium-Large (500-999)","Engaged",80,5,0.460,231,"WARM"
"peak-systems.com","Peak Systems","Food & Beverages","Small ($1MM-$10MM)","Small (10-49)","Engaged",81,17,0.462,303,"WARM"
"bright-media.com","Bright Media","Health, Wellness and Fitness","Small ($1MM-$10MM)","Small (10-49)","Aware",16,2,0.182,234,"COLD"
"acme-digital.com","Acme Digital","Manufacturing","Small ($1MM-$10MM)","Medium-Small (50-199)","Opportunity",426,37,0.750,1068,"HOT"
"smart-inc.com","Smart Inc","Consumer Goods","Medium-Small ($10MM-$50MM)","Medium-Small (50-199)","Aware",19,1,0.188,178,"COLD"
"smart-systems.com","Smart Systems","Telecommunications","Small ($1MM-$10MM)","Small (10-49)","Aware",16,4,0.182,150,"COLD"
"apex-media.com","Apex Media","Health, Wellness and Fitness","Small ($1MM-$10MM)","Medium-Small (50-199)","Engaged",14,15,0.328,202,"WARM"
"rapid-data.com","Rapid Data","Software / Information Technology","Small ($1MM-$10MM)","Small (10-49)","Unaware",5,1,0.160,198,"COLD"
"iron-io.com","Iron Io","Health, Wellness and Fitness","Micro ($0-$1MM)","Small (10-49)","Unaware",4,1,0.058,116,"COLD"
"nexus-data.com","Nexus Data","Manufacturing","Small ($1MM-$10MM)","Medium-Small (50-199)","MQL",73,21,0.596,291,"HOT"
"peak-labs.com","Peak Labs","Financial Services","Small ($1MM-$10MM)","Small (10-49)","Aware",15,5,0.180,256,"COLD"
"apex-io.com","Apex Io","Health, Wellness and Fitness","Medium-Small ($10MM-$50MM)","Medium (200-499)","Unaware",3,1,0.056,210,"COLD"
"blue-media.com","Blue Media","Software / Information Technology","Medium-Small ($10MM-$50MM)","Medium-Small (50-199)","Aware",9,5,0.268,71,"COLD"
"swift-cloud.com","Swift Cloud","Insurance","Medium-Small ($10MM-$50MM)","Medium (200-499)","Unaware",3,1,0.056,252,"COLD"
"acme-digital.com","Acme Digital","Telecommunications","Medium-Small ($10MM-$50MM)","Medium (200-499)","MQL",145,16,0.740,506,"HOT"
"green-labs.com","Green Labs","Marketing and Advertising","Micro ($0-$1MM)","Micro (1-9)","Unaware",1,1,0.052,235,"COLD"
"acme-inc.com","Acme Inc","Retail","Medium-Large ($50MM-$100MM)","Medium (200-499)","Aware",19,1,0.288,274,"COLD"
"clear-net.com","Clear Net","Health, Wellness and Fitness","Large ($100MM-$200MM)","Medium-Large (500-999)","MQL",140,15,0.730,356,"HOT"
"stellar-io.com","Stellar Io","Telecommunications","Micro ($0-$1MM)","Micro (1-9)","Aware",4,3,0.158,198,"COLD"
"nexus-labs.com","Nexus Labs","Retail","Small ($1MM-$10MM)","Medium-Small (50-199)","Aware",22,3,0.294,194,"COLD"
"core-labs.com","Core Labs","Health, Wellness and Fitness","Micro ($0-$1MM)","Micro (1-9)","Unaware",5,1,0.060,175,"COLD"
"cyber-digital.com","Cyber Digital","Real Estate","Small ($1MM-$10MM)","Small (10-49)","Unaware",1,1,0.052,225,"COLD"
"swift-digital.com","Swift Digital","E-Learning","Micro ($0-$1MM)","Micro (1-9)","Unaware",2,1,0.054,103,"COLD"
"clear-data.com","Clear Data","Consumer Goods","Medium-Small ($10MM-$50MM)","Medium (200-499)","Engaged",44,15,0.388,143,"WARM"
"nova-labs.com","Nova Labs","Food & Beverages","Micro ($0-$1MM)","Micro (1-9)","Aware",18,3,0.186,143,"COLD"
"smart-tech.com","Smart Tech","Software / Information Technology","Medium-Small ($10MM-$50MM)","Medium-Small (50-199)","Aware",11,4,0.272,179,"COLD"
"bright-digital.com","Bright Digital","Retail","Large ($100MM-$200MM)","Large (1,000-4,999)","Engaged",30,14,0.460,184,"WARM"
"nexus-works.com","Nexus Works","Financial Services","Small ($1MM-$10MM)","Medium-Small (50-199)","MQL",63,13,0.576,265,"HOT"
"blue-hub.com","Blue Hub","E-Learning","Small ($1MM-$10MM)","Medium-Small (50-199)","Aware",16,5,0.182,99,"COLD"
"rapid-group.com","Rapid Group","Legal Services","XLarge ($200MM-$1B)","XLarge (5,000-10,000)","MQL",226,28,0.750,1175,"HOT"
"prime-corp.com","Prime Corp","Management Consulting","Micro ($0-$1MM)","Micro (1-9)","Unaware",3,1,0.056,116,"COLD"
"rapid-inc.com","Rapid Inc","Software / Information Technology","Medium-Small ($10MM-$50MM)","Medium-Small (50-199)","Unaware",3,1,0.156,131,"COLD"
"smart-works.com","Smart Works","Education Management","Large ($100MM-$200MM)","Large (1,000-4,999)","MQL",216,29,0.750,644,"HOT"
"rapid-media.com","Rapid Media","Retail","Micro ($0-$1MM)","Micro (1-9)","Engaged",102,14,0.604,268,"HOT"
"bright-digital.com","Bright Digital","Financial Services","Small ($1MM-$10MM)","Medium-Small (50-199)","Aware",13,4,0.176,150,"COLD"
"clear-solutions.com","Clear Solutions","Marketing and Advertising","XXLarge ($1B+)","XXLarge (10,000+)","MQL",186,16,0.750,928,"HOT"
"apex-tech.com","Apex Tech","Automotive","Large ($100MM-$200MM)","Medium-Large (500-999)","Engaged",38,6,0.376,201,"WARM"
"smart-corp.com","Smart Corp","Entertainment","Micro ($0-$1MM)","Micro (1-9)","Engaged",95,17,0.490,284,"WARM"
"nexus-inc.com","Nexus Inc","Manufacturing","Medium-Large ($50MM-$100MM)","Medium-Large (500-999)","Unaware",4,1,0.058,198,"COLD"
"acme-works.com","Acme Works","Marketing and Advertising","XXLarge ($1B+)","XXLarge (10,000+)","Engaged",74,16,0.448,858,"WARM"
"nexus-net.com","Nexus Net","Manufacturing","Micro ($0-$1MM)","Micro (1-9)","Aware",18,2,0.186,239,"COLD"
"prime-tech.com","Prime Tech","Entertainment","Large ($100MM-$200MM)","Large (1,000-4,999)","Unaware",2,1,0.054,71,"COLD"
"iron-works.com","Iron Works","Marketing and Advertising","Small ($1MM-$10MM)","Medium-Small (50-199)","Engaged",23,13,0.346,128,"WARM"
"smart-net.com","Smart Net","Hospital & Health Care","Micro ($0-$1MM)","Small (10-49)","Engaged",23,13,0.346,106,"WARM"
"vertex-systems.com","Vertex Systems","Software / Information Technology","Medium-Small ($10MM-$50MM)","Medium (200-499)","Engaged",71,18,0.542,356,"WARM"
"clear-inc.com","Clear Inc","Automotive","XLarge ($200MM-$1B)","Large (1,000-4,999)","Unaware",1,1,0.052,739,"COLD"
"blue-inc.com","Blue Inc","Retail","Small ($1MM-$10MM)","Small (10-49)","Aware",20,6,0.290,175,"COLD"
"smart-corp.com","Smart Corp","Financial Services","Micro ($0-$1MM)","Small (10-49)","Unaware",3,1,0.056,100,"COLD"
"global-tech.com","Global Tech","E-Learning","Medium-Large ($50MM-$100MM)","Medium-Large (500-999)","Opportunity",224,15,0.750,671,"HOT"
"bright-cloud.com","Bright Cloud","Software / Information Technology","Medium-Small ($10MM-$50MM)","Medium-Small (50-199)","Opportunity",138,37,0.826,391,"HOT"
"nova-net.com","Nova Net","Management Consulting","Medium-Large ($50MM-$100MM)","Medium-Large (500-999)","Engaged",44,15,0.388,243,"WARM"
"apex-group.com","Apex Group","Software / Information Technology","Medium-Small ($10MM-$50MM)","Medium (200-499)","Aware",4,5,0.258,107,"COLD"
"stellar-net.com","Stellar Net","Marketing and Advertising","Medium-Small ($10MM-$50MM)","Medium (200-499)","Aware",10,5,0.170,99,"COLD"
"iron-systems.com","Iron Systems","Marketing and Advertising","Large ($100MM-$200MM)","Large (1,000-4,999)","Opportunity",197,38,0.750,566,"HOT"
"prime-cloud.com","Prime Cloud","Retail","Medium-Large ($50MM-$100MM)","Medium (200-499)","Engaged",37,4,0.474,263,"WARM"
"core-inc.com","Core Inc","Logistics and Supply Chain","Micro ($0-$1MM)","Micro (1-9)","Unaware",1,1,0.052,162,"COLD"
"nexus-inc.com","Nexus Inc","Logistics and Supply Chain","Medium-Large ($50MM-$100MM)","Medium-Large (500-999)","MQL",173,20,0.750,536,"HOT"
"atlas-solutions.com","Atlas Solutions","Marketing and Advertising","Micro ($0-$1MM)","Micro (1-9)","Aware",4,5,0.158,62,"COLD"
"peak-hub.com","Peak Hub","Food & Beverages","Medium-Large ($50MM-$100MM)","Medium-Large (500-999)","MQL",53,25,0.556,325,"HOT"
"global-solutions.com","Global Solutions","Marketing and Advertising","Micro ($0-$1MM)","Small (10-49)","Unaware",1,1,0.052,66,"COLD"
"swift-tech.com","Swift Tech","Insurance","Large ($100MM-$200MM)","Large (1,000-4,999)","Unaware",4,1,0.058,148,"COLD"
"atlas-tech.com","Atlas Tech","Food & Beverages","Medium-Small ($10MM-$50MM)","Medium (200-499)","Engaged",28,13,0.356,110,"WARM"
"nexus-labs.com","Nexus Labs","Software / Information Technology","Medium-Large ($50MM-$100MM)","Medium-Large (500-999)","Unaware",5,1,0.160,160,"COLD"
"apex-io.com","Apex Io","Real Estate","Large ($100MM-$200MM)","Large (1,000-4,999)","Unaware",3,1,0.056,210,"COLD"
"prime-media.com","Prime Media","Entertainment","Small ($1MM-$10MM)","Medium-Small (50-199)","Unaware",5,1,0.060,195,"COLD"
"clear-cloud.com","Clear Cloud","Education Management","Small ($1MM-$10MM)","Medium-Small (50-199)","Engaged",73,14,0.446,290,"WARM"
"clear-digital.com","Clear Digital","Retail","Medium-Small ($10MM-$50MM)","Medium (200-499)","Unaware",4,1,0.158,60,"COLD"
"swift-net.com","Swift Net","Software / Information Technology","Medium-Small ($10MM-$50MM)","Medium-Small (50-199)","Unaware",3,1,0.156,230,"COLD"
"prime-inc.com","Prime Inc","Management Consulting","Large ($100MM-$200MM)","Large (1,000-4,999)","Opportunity",177,38,0.750,440,"HOT"
"rapid-inc.com","Rapid Inc","Retail","Small ($1MM-$10MM)","Small (10-49)","Engaged",29,14,0.458,183,"WARM"
"apex-media.com","Apex Media","Legal Services","Micro ($0-$1MM)","Micro (1-9)","MQL",111,18,0.672,396,"HOT"
"peak-tech.com","Peak Tech","Construction","Medium-Small ($10MM-$50MM)","Medium-Small (50-199)","Engaged",58,13,0.416,229,"WARM"
"nexus-group.com","Nexus Group","Construction","XLarge ($200MM-$1B)","XLarge (5,000-10,000)","Aware",14,5,0.178,639,"COLD"
"apex-digital.com","Apex Digital","Legal Services","Large ($100MM-$200MM)","Large (1,000-4,999)","Unaware",5,1,0.060,62,"COLD"
"nexus-io.com","Nexus Io","Marketing and Advertising","Medium-Large ($50MM-$100MM)","Medium (200-499)","Unaware",3,1,0.056,185,"COLD"
"core-inc.com","Core Inc","Real Estate","Medium-Large ($50MM-$100MM)","Medium-Large (500-999)","Aware",22,5,0.194,204,"COLD"
"green-hub.com","Green Hub","Financial Services","Medium-Large ($50MM-$100MM)","Medium (200-499)","Aware",14,6,0.178,222,"COLD"
"nova-data.com","Nova Data","Hospital & Health Care","Medium-Large ($50MM-$100MM)","Medium-Large (500-999)","Engaged",102,15,0.504,377,"HOT"
"smart-data.com","Smart Data","Financial Services","Small ($1MM-$10MM)","Medium-Small (50-199)","Engaged",16,6,0.332,248,"WARM"
"apex-media.com","Apex Media","Retail","Micro ($0-$1MM)","Small (10-49)","Unaware",2,1,0.154,178,"COLD"
"cyber-inc.com","Cyber Inc","Entertainment","Medium-Large ($50MM-$100MM)","Medium (200-499)","Unaware",5,1,0.060,187,"COLD"
"stellar-net.com","Stellar Net","Insurance","Micro ($0-$1MM)","Micro (1-9)","Unaware",4,1,0.058,87,"COLD"
"swift-labs.com","Swift Labs","Entertainment","Micro ($0-$1MM)","Small (10-49)","Aware",11,5,0.172,77,"COLD"
"apex-labs.com","Apex Labs","Software / Information Technology","Large ($100MM-$200MM)","Large (1,000-4,999)","Aware",9,5,0.268,72,"COLD"
"nexus-tech.com","Nexus Tech","Manufacturing","Medium-Small ($10MM-$50MM)","Medium-Small (50-199)","Engaged",74,18,0.448,381,"WARM"
"vertex-tech.com","Vertex Tech","Health, Wellness and Fitness","Micro ($0-$1MM)","Micro (1-9)","MQL",180,18,0.750,416,"HOT"
"bright-io.com","Bright Io","Entertainment","Medium-Small ($10MM-$50MM)","Medium-Small (50-199)","Aware",3,6,0.156,218,"COLD"
"prime-io.com","Prime Io","Management Consulting","Large ($100MM-$200MM)","Medium-Large (500-999)","Engaged",65,12,0.430,232,"WARM"
"acme-net.com","Acme Net","E-Learning","Micro ($0-$1MM)","Small (10-49)","Aware",13,5,0.176,189,"COLD"
"cyber-solutions.com","Cyber Solutions","Financial Services","Micro ($0-$1MM)","Micro (1-9)","Engaged",13,11,0.326,213,"WARM"
"stellar-data.com","Stellar Data","Software / Information Technology","Large ($100MM-$200MM)","Large (1,000-4,999)","Aware",19,5,0.288,249,"COLD"
"apex-labs.com","Apex Labs","Education Management","Small ($1MM-$10MM)","Medium-Small (50-199)","MQL",113,28,0.676,280,"HOT"
"nova-works.com","Nova Works","Real Estate","Small ($1MM-$10MM)","Medium-Small (50-199)","Unaware",2,1,0.054,229,"COLD"
"vertex-tech.com","Vertex Tech","Telecommunications","Micro ($0-$1MM)","Micro (1-9)","MQL",41,17,0.532,138,"HOT"
"blue-inc.com","Blue Inc","Software / Information Technology","Small ($1MM-$10MM)","Small (10-49)","Aware",20,3,0.290,175,"COLD"
"blue-digital.com","Blue Digital","Telecommunications","XLarge ($200MM-$1B)","XLarge (5,000-10,000)","Unaware",4,1,0.058,746,"COLD"
"peak-cloud.com","Peak Cloud","Entertainment","Large ($100MM-$200MM)","Large (1,000-4,999)","Aware",7,4,0.164,85,"COLD"
"green-cloud.com","Green Cloud","E-Learning","Small ($1MM-$10MM)","Small (10-49)","Aware",15,1,0.180,209,"COLD"
"green-media.com","Green Media","Insurance","Large ($100MM-$200MM)","Medium-Large (500-999)","Aware",19,4,0.188,190,"COLD"
"green-inc.com","Green Inc","Financial Services","Small ($1MM-$10MM)","Medium-Small (50-199)","MQL",156,12,0.750,378,"HOT"
"peak-digital.com","Peak Digital","Insurance","Medium-Large ($50MM-$100MM)","Medium (200-499)","Opportunity",394,34,0.750,902,"HOT"
"atlas-group.com","Atlas Group","Health, Wellness and Fitness","Micro ($0-$1MM)","Micro (1-9)","Unaware",1,1,0.052,85,"COLD"
"atlas-net.com","Atlas Net","Education Management","Micro ($0-$1MM)","Micro (1-9)","Aware",3,2,0.156,158,"COLD"
"iron-tech.com","Iron Tech","Health, Wellness and Fitness","Large ($100MM-$200MM)","Large (1,000-4,999)","Aware",18,6,0.186,181,"COLD"
"acme-cloud.com","Acme Cloud","Software / Information Technology","Medium-Large ($50MM-$100MM)","Medium (200-499)","Unaware",2,1,0.154,195,"COLD"
"peak-media.com","Peak Media","Food & Beverages","Micro ($0-$1MM)","Micro (1-9)","Unaware",4,1,0.058,58,"COLD"
"apex-digital.com","Apex Digital","Manufacturing","Large ($100MM-$200MM)","Medium-Large (500-999)","Unaware",5,1,0.060,62,"COLD"
"nova-tech.com","Nova Tech","Construction","Medium-Small ($10MM-$50MM)","Medium (200-499)","Unaware",2,1,0.054,202,"COLD"
"core-group.com","Core Group","Food & Beverages","Large ($100MM-$200MM)","Medium-Large (500-999)","Unaware",3,1,0.056,122,"COLD"
"clear-works.com","Clear Works","Telecommunications","XLarge ($200MM-$1B)","XLarge (5,000-10,000)","Aware",7,3,0.164,740,"COLD"
"peak-labs.com","Peak Labs","Health, Wellness and Fitness","Micro ($0-$1MM)","Micro (1-9)","Unaware",3,1,0.056,232,"COLD"
"swift-io.com","Swift Io","Management Consulting","XXLarge ($1B+)","XXLarge (10,000+)","Unaware",1,1,0.052,588,"COLD"
"atlas-inc.com","Atlas Inc","Education Management","Large ($100MM-$200MM)","Medium-Large (500-999)","Engaged",11,18,0.322,150,"WARM"
"rapid-systems.com","Rapid Systems","Legal Services","Micro ($0-$1MM)","Micro (1-9)","MQL",127,16,0.704,345,"HOT"
"bright-media.com","Bright Media","Real Estate","Medium-Large ($50MM-$100MM)","Medium-Large (500-999)","Unaware",4,1,0.058,210,"COLD"
"smart-labs.com","Smart Labs","Retail","XXLarge ($1B+)","XXLarge (10,000+)","Opportunity",360,32,0.850,1397,"HOT"
"smart-cloud.com","Smart Cloud","Marketing and Advertising","XXLarge ($1B+)","XXLarge (10,000+)","Unaware",5,1,0.060,600,"COLD"
"vertex-inc.com","Vertex Inc","Software / Information Technology","Medium-Large ($50MM-$100MM)","Medium-Large (500-999)","Unaware",5,1,0.160,243,"COLD"
"core-solutions.com","Core Solutions","Retail","Micro ($0-$1MM)","Micro (1-9)","Aware",12,6,0.274,218,"COLD"
"smart-cloud.com","Smart Cloud","Logistics and Supply Chain","Micro ($0-$1MM)","Micro (1-9)","Aware",12,5,0.174,114,"COLD"
"clear-corp.com","Clear Corp","Insurance","Small ($1MM-$10MM)","Small (10-49)","Aware",7,3,0.164,259,"COLD"
"nexus-media.com","Nexus Media","Telecommunications","Medium-Small ($10MM-$50MM)","Medium (200-499)","Unaware",1,1,0.052,166,"COLD"
"apex-systems.com","Apex Systems","Software / Information Technology","Micro ($0-$1MM)","Micro (1-9)","Opportunity",163,20,0.850,540,"HOT"
"cyber-hub.com","Cyber Hub","Legal Services","Micro ($0-$1MM)","Small (10-49)","Opportunity",168,10,0.750,435,"HOT"
"core-group.com","Core Group","Retail","Micro ($0-$1MM)","Small (10-49)","Engaged",52,8,0.504,220,"WARM"
"clear-labs.com","Clear Labs","Food & Beverages","Large ($100MM-$200MM)","Large (1,000-4,999)","Engaged",83,18,0.466,399,"WARM"
"acme-works.com","Acme Works","Logistics and Supply Chain","Medium-Large ($50MM-$100MM)","Medium (200-499)","Unaware",1,1,0.052,212,"COLD"
"clear-media.com","Clear Media","Hospital & Health Care","Medium-Large ($50MM-$100MM)","Medium-Large (500-999)","Aware",13,5,0.176,103,"COLD"
"vertex-digital.com","Vertex Digital","Software / Information Technology","Small ($1MM-$10MM)","Medium-Small (50-199)","MQL",133,25,0.816,432,"HOT"
"bright-hub.com","Bright Hub","E-Learning","Medium-Small ($10MM-$50MM)","Medium-Small (50-199)","Unaware",5,1,0.060,190,"COLD"
"bright-data.com","Bright Data","Financial Services","Small ($1MM-$10MM)","Small (10-49)","MQL",146,23,0.742,416,"HOT"
"apex-group.com","Apex Group","Software / Information Technology","Medium-Large ($50MM-$100MM)","Medium (200-499)","Opportunity",459,46,0.850,1017,"HOT"
"smart-cloud.com","Smart Cloud","Health, Wellness and Fitness","Micro ($0-$1MM)","Micro (1-9)","Unaware",4,1,0.058,98,"COLD"
"vertex-corp.com","Vertex Corp","Financial Services","Micro ($0-$1MM)","Small (10-49)","Aware",7,2,0.164,146,"COLD"
"clear-inc.com","Clear Inc","Automotive","Medium-Large ($50MM-$100MM)","Medium (200-499)","Engaged",77,15,0.454,391,"WARM"
"cyber-solutions.com","Cyber Solutions","Logistics and Supply Chain","Small ($1MM-$10MM)","Small (10-49)","Unaware",1,1,0.052,189,"COLD"
"vertex-hub.com","Vertex Hub","Marketing and Advertising","Small ($1MM-$10MM)","Medium-Small (50-199)","Unaware",2,1,0.054,124,"COLD"
"core-group.com","Core Group","Hospital & Health Care","Medium-Large ($50MM-$100MM)","Medium-Large (500-999)","Aware",8,3,0.166,132,"COLD"
"blue-digital.com","Blue Digital","Legal Services","XLarge ($200MM-$1B)","Large (1,000-4,999)","Engaged",68,5,0.436,874,"WARM"
"peak-group.com","Peak Group","Software / Information Technology","Medium-Small ($10MM-$50MM)","Medium (200-499)","Opportunity",359,19,0.850,844,"HOT"
"core-media.com","Core Media","Automotive","Medium-Small ($10MM-$50MM)","Medium-Small (50-199)","Unaware",1,1,0.052,164,"COLD"
"nova-media.com","Nova Media","Management Consulting","Large ($100MM-$200MM)","Medium-Large (500-999)","Engaged",70,9,0.440,219,"WARM"
"clear-digital.com","Clear Digital","Education Management","XLarge ($200MM-$1B)","XLarge (5,000-10,000)","Unaware",4,1,0.058,560,"COLD"
"bright-solutions.com","Bright Solutions","E-Learning","Medium-Small ($10MM-$50MM)","Medium-Small (50-199)","Unaware",2,1,0.054,189,"COLD"
"cyber-labs.com","Cyber Labs","Health, Wellness and Fitness","Small ($1MM-$10MM)","Medium-Small (50-199)","Unaware",3,1,0.056,105,"COLD"
"global-digital.com","Global Digital","Retail","Medium-Small ($10MM-$50MM)","Medium (200-499)","Engaged",14,4,0.428,209,"WARM"
"peak-digital.com","Peak Digital","Logistics and Supply Chain","XLarge ($200MM-$1B)","Large (1,000-4,999)","Aware",10,5,0.170,634,"COLD"
"cyber-labs.com","Cyber Labs","Marketing and Advertising","XLarge ($200MM-$1B)","XLarge (5,000-10,000)","Opportunity",400,40,0.750,1399,"HOT"
"acme-solutions.com","Acme Solutions","Marketing and Advertising","Medium-Small ($10MM-$50MM)","Medium (200-499)","Unaware",2,1,0.054,71,"COLD"
"nexus-net.com","Nexus Net","Financial Services","Micro ($0-$1MM)","Small (10-49)","Unaware",1,1,0.052,205,"COLD"
"clear-media.com","Clear Media","Logistics and Supply Chain","Medium-Large ($50MM-$100MM)","Medium (200-499)","Unaware",2,1,0.054,81,"COLD"
"green-solutions.com","Green Solutions","Marketing and Advertising","Medium-Small ($10MM-$50MM)","Medium (200-499)","Unaware",1,1,0.052,247,"COLD"
"smart-data.com","Smart Data","Software / Information Technology","Medium-Small ($10MM-$50MM)","Medium (200-499)","Aware",17,5,0.284,250,"COLD"
"atlas-media.com","Atlas Media","Marketing and Advertising","XLarge ($200MM-$1B)","XLarge (5,000-10,000)","Opportunity",389,40,0.750,1503,"HOT"
"green-digital.com","Green Digital","Hospital & Health Care","Small ($1MM-$10MM)","Small (10-49)","Aware",14,4,0.178,141,"COLD"
"global-group.com","Global Group","Marketing and Advertising","Medium-Small ($10MM-$50MM)","Medium (200-499)","Unaware",1,1,0.052,163,"COLD"
"core-solutions.com","Core Solutions","Food & Beverages","Micro ($0-$1MM)","Micro (1-9)","Aware",9,5,0.168,212,"COLD"
"nova-systems.com","Nova Systems","Marketing and Advertising","Small ($1MM-$10MM)","Small (10-49)","MQL",128,25,0.706,385,"HOT"
"prime-corp.com","Prime Corp","Financial Services","Micro ($0-$1MM)","Micro (1-9)","Aware",11,5,0.172,132,"COLD"
"blue-solutions.com","Blue Solutions","Retail","Micro ($0-$1MM)","Micro (1-9)","Aware",13,3,0.276,241,"COLD"
"smart-io.com","Smart Io","Hospital & Health Care","Small ($1MM-$10MM)","Medium-Small (50-199)","Unaware",3,1,0.056,99,"COLD"
"core-hub.com","Core Hub","Marketing and Advertising","Medium-Large ($50MM-$100MM)","Medium (200-499)","Aware",13,3,0.176,77,"COLD"
"rapid-inc.com","Rapid Inc","Software / Information Technology","Small ($1MM-$10MM)","Small (10-49)","Unaware",4,1,0.158,133,"COLD"
"blue-group.com","Blue Group","Entertainment","Small ($1MM-$10MM)","Medium-Small (50-199)","Aware",11,2,0.172,131,"COLD"
"clear-group.com","Clear Group","Construction","Micro ($0-$1MM)","Small (10-49)","Unaware",5,1,0.060,178,"COLD"
"apex-solutions.com","Apex Solutions","Automotive","Medium-Large ($50MM-$100MM)","Medium (200-499)","Aware",7,3,0.164,228,"COLD"
"prime-corp.com","Prime Corp","Food & Beverages","Medium-Small ($10MM-$50MM)","Medium (200-499)","MQL",143,30,0.736,396,"HOT"
"bright-net.com","Bright Net","Education Management","Medium-Large ($50MM-$100MM)","Medium-Large (500-999)","Unaware",2,1,0.054,58,"COLD"
"clear-io.com","Clear Io","Education Management","Micro ($0-$1MM)","Micro (1-9)","Engaged",85,13,0.470,368,"WARM"
"peak-inc.com","Peak Inc","Hospital & Health Care","Micro ($0-$1MM)","Micro (1-9)","Unaware",3,1,0.056,102,"COLD"
"nova-works.com","Nova Works","Education Management","Small ($1MM-$10MM)","Medium-Small (50-199)","Engaged",47,7,0.394,319,"WARM"
"core-group.com","Core Group","Marketing and Advertising","Small ($1MM-$10MM)","Medium-Small (50-199)","Unaware",2,1,0.054,120,"COLD"
"nexus-io.com","Nexus Io","Hospital & Health Care","Micro ($0-$1MM)","Small (10-49)","MQL",177,8,0.750,533,"HOT"
"vertex-cloud.com","Vertex Cloud","Hospital & Health Care","Medium-Large ($50MM-$100MM)","Medium (200-499)","Unaware",5,1,0.060,105,"COLD"
"green-data.com","Green Data","Software / Information Technology","Micro ($0-$1MM)","Micro (1-9)","MQL",34,25,0.618,208,"HOT"
"global-solutions.com","Global Solutions","Health, Wellness and Fitness","Micro ($0-$1MM)","Micro (1-9)","Unaware",2,1,0.054,68,"COLD"
"blue-net.com","Blue Net","Legal Services","Medium-Large ($50MM-$100MM)","Medium (200-499)","Unaware",4,1,0.058,203,"COLD"
"atlas-io.com","Atlas Io","Education Management","Small ($1MM-$10MM)","Medium-Small (50-199)","Unaware",5,1,0.060,257,"COLD"
"smart-inc.com","Smart Inc","Marketing and Advertising","Small ($1MM-$10MM)","Small (10-49)","Aware",13,3,0.176,166,"COLD"
"peak-digital.com","Peak Digital","Retail","Medium-Small ($10MM-$50MM)","Medium (200-499)","Unaware",2,1,0.154,118,"COLD"
"cyber-cloud.com","Cyber Cloud","Real Estate","XXLarge ($1B+)","XXLarge (10,000+)","Opportunity",458,13,0.750,1467,"HOT"
"clear-corp.com","Clear Corp","Software / Information Technology","Medium-Large ($50MM-$100MM)","Medium (200-499)","Engaged",10,13,0.420,265,"WARM"
"atlas-media.com","Atlas Media","Marketing and Advertising","Micro ($0-$1MM)","Micro (1-9)","Unaware",3,1,0.056,231,"COLD"
"rapid-data.com","Rapid Data","Retail","Small ($1MM-$10MM)","Medium-Small (50-199)","Aware",22,1,0.294,232,"COLD"
"peak-corp.com","Peak Corp","Health, Wellness and Fitness","Medium-Small ($10MM-$50MM)","Medium (200-499)","MQL",194,28,0.750,552,"HOT"
"green-digital.com","Green Digital","Logistics and Supply Chain","Micro ($0-$1MM)","Small (10-49)","MQL",165,23,0.750,443,"HOT"
"nexus-media.com","Nexus Media","Consumer Goods","Medium-Small ($10MM-$50MM)","Medium-Small (50-199)","Aware",16,2,0.182,196,"COLD"
"nova-labs.com","Nova Labs","Automotive","Micro ($0-$1MM)","Micro (1-9)","Unaware",3,1,0.056,113,"COLD"
"acme-corp.com","Acme Corp","Manufacturing","Small ($1MM-$10MM)","Medium-Small (50-199)","Opportunity",140,33,0.730,367,"HOT"
"blue-hub.com","Blue Hub","Entertainment","Small ($1MM-$10MM)","Medium-Small (50-199)","Engaged",16,15,0.332,99,"WARM"
"rapid-group.com","Rapid Group","Management Consulting","Medium-Large ($50MM-$100MM)","Medium-Large (500-999)","Unaware",5,1,0.060,233,"COLD"
"clear-solutions.com","Clear Solutions","Marketing and Advertising","Medium-Large ($50MM-$100MM)","Medium (200-499)","Aware",21,4,0.192,98,"COLD"
"core-works.com","Core Works","Software / Information Technology","Medium-Small ($10MM-$50MM)","Medium (200-499)","Unaware",5,1,0.160,113,"COLD"
"green-hub.com","Green Hub","Consumer Goods","Medium-Small ($10MM-$50MM)","Medium-Small (50-199)","Unaware",1,1,0.052,196,"COLD"
"apex-digital.com","Apex Digital","Automotive","Small ($1MM-$10MM)","Small (10-49)","Unaware",2,1,0.054,56,"COLD"
"nexus-group.com","Nexus Group","Hospital & Health Care","Medium-Small ($10MM-$50MM)","Medium-Small (50-199)","Aware",19,2,0.188,149,"COLD"
"smart-hub.com","Smart Hub","Financial Services","Small ($1MM-$10MM)","Medium-Small (50-199)","MQL",110,8,0.670,340,"HOT"
"iron-corp.com","Iron Corp","Education Management","Small ($1MM-$10MM)","Small (10-49)","MQL",169,21,0.750,518,"HOT"
"nexus-net.com","Nexus Net","Real Estate","Micro ($0-$1MM)","Micro (1-9)","Unaware",5,1,0.060,213,"COLD"
"atlas-digital.com","Atlas Digital","E-Learning","Small ($1MM-$10MM)","Medium-Small (50-199)","Engaged",28,11,0.356,232,"WARM"
"blue-media.com","Blue Media","Legal Services","Small ($1MM-$10MM)","Medium-Small (50-199)","Aware",5,2,0.160,63,"COLD"
"clear-media.com","Clear Media","Logistics and Supply Chain","Small ($1MM-$10MM)","Small (10-49)","Unaware",2,1,0.054,81,"COLD"
"iron-digital.com","Iron Digital","Automotive","Large ($100MM-$200MM)","Large (1,000-4,999)","Aware",6,2,0.162,138,"COLD"
"cyber-tech.com","Cyber Tech","Management Consulting","Small ($1MM-$10MM)","Small (10-49)","Aware",7,5,0.164,240,"COLD"
"peak-hub.com","Peak Hub","Telecommunications","XLarge ($200MM-$1B)","XLarge (5,000-10,000)","MQL",34,24,0.518,787,"HOT"
"apex-solutions.com","Apex Solutions","Logistics and Supply Chain","Small ($1MM-$10MM)","Medium-Small (50-199)","Unaware",1,1,0.052,216,"COLD"
"global-corp.com","Global Corp","Manufacturing","XXLarge ($1B+)","XXLarge (10,000+)","Engaged",38,5,0.376,752,"WARM"
"global-solutions.com","Global Solutions","Marketing and Advertising","Micro ($0-$1MM)","Micro (1-9)","MQL",133,20,0.716,330,"HOT"
"apex-solutions.com","Apex Solutions","Telecommunications","Micro ($0-$1MM)","Micro (1-9)","Unaware",5,1,0.060,224,"COLD"
"swift-cloud.com","Swift Cloud","Health, Wellness and Fitness","Micro ($0-$1MM)","Micro (1-9)","Unaware",2,1,0.054,250,"COLD"
"cyber-media.com","Cyber Media","Construction","Micro ($0-$1MM)","Micro (1-9)","MQL",138,6,0.726,466,"HOT"
"vertex-data.com","Vertex Data","Software / Information Technology","Medium-Small ($10MM-$50MM)","Medium (200-499)","Aware",4,4,0.258,159,"COLD"
"vertex-inc.com","Vertex Inc","Manufacturing","Medium-Large ($50MM-$100MM)","Medium-Large (500-999)","Aware",20,4,0.190,273,"COLD"
"bright-net.com","Bright Net","Marketing and Advertising","Micro ($0-$1MM)","Small (10-49)","Engaged",29,3,0.358,112,"WARM"
"nova-group.com","Nova Group","Legal Services","Micro ($0-$1MM)","Small (10-49)","Unaware",2,1,0.054,153,"COLD"
"clear-tech.com","Clear Tech","Software / Information Technology","XLarge ($200MM-$1B)","XLarge (5,000-10,000)","Engaged",44,14,0.488,741,"WARM"
"cyber-group.com","Cyber Group","Construction","Small ($1MM-$10MM)","Small (10-49)","Aware",8,4,0.166,77,"COLD"
"nexus-media.com","Nexus Media","Telecommunications","Large ($100MM-$200MM)","Large (1,000-4,999)","Engaged",30,15,0.360,224,"WARM"
"swift-hub.com","Swift Hub","Hospital & Health Care","Micro ($0-$1MM)","Micro (1-9)","Engaged",86,7,0.472,367,"WARM"
"atlas-digital.com","Atlas Digital","Insurance","Medium-Small ($10MM-$50MM)","Medium-Small (50-199)","MQL",197,13,0.750,570,"HOT"
"atlas-io.com","Atlas Io","Marketing and Advertising","Medium-Large ($50MM-$100MM)","Medium-Large (500-999)","Engaged",67,17,0.434,381,"WARM"
"nova-works.com","Nova Works","Construction","Micro ($0-$1MM)","Micro (1-9)","Unaware",3,1,0.056,231,"COLD"
"acme-systems.com","Acme Systems","E-Learning","XXLarge ($1B+)","XXLarge (10,000+)","Engaged",60,5,0.420,806,"WARM"
"clear-cloud.com","Clear Cloud","Construction","Micro ($0-$1MM)","Micro (1-9)","Unaware",4,1,0.058,152,"COLD"
"nexus-io.com","Nexus Io","Retail","Small ($1MM-$10MM)","Small (10-49)","Unaware",4,1,0.158,187,"COLD"
"green-systems.com","Green Systems","Insurance","Small ($1MM-$10MM)","Small (10-49)","Aware",20,5,0.190,250,"COLD"
"smart-systems.com","Smart Systems","Food & Beverages","Micro ($0-$1MM)","Micro (1-9)","Unaware",5,1,0.060,128,"COLD"
"apex-hub.com","Apex Hub","E-Learning","Medium-Large ($50MM-$100MM)","Medium (200-499)","Aware",22,5,0.194,130,"COLD"
"swift-systems.com","Swift Systems","Entertainment","Micro ($0-$1MM)","Micro (1-9)","Aware",9,2,0.168,265,"COLD"
"blue-systems.com","Blue Systems","Health, Wellness and Fitness","Medium-Large ($50MM-$100MM)","Medium-Large (500-999)","Engaged",65,13,0.430,266,"WARM"
"vertex-data.com","Vertex Data","Retail","XXLarge ($1B+)","XXLarge (10,000+)","Aware",21,1,0.292,693,"COLD"
"green-group.com","Green Group","Financial Services","Small ($1MM-$10MM)","Medium-Small (50-199)","Unaware",1,1,0.052,244,"COLD"
"stellar-group.com","Stellar Group","Consumer Goods","Large ($100MM-$200MM)","Medium-Large (500-999)","Unaware",1,1,0.052,156,"COLD"
"rapid-tech.com","Rapid Tech","Education Management","Micro ($0-$1MM)","Micro (1-9)","Engaged",100,5,0.500,347,"WARM"
"peak-net.com","Peak Net","Marketing and Advertising","Medium-Small ($10MM-$50MM)","Medium (200-499)","Engaged",80,11,0.460,286,"WARM"
"global-net.com","Global Net","Health, Wellness and Fitness","Medium-Small ($10MM-$50MM)","Medium (200-499)","Opportunity",467,25,0.750,1054,"HOT"
"apex-cloud.com","Apex Cloud","Retail","XXLarge ($1B+)","XXLarge (10,000+)","Unaware",3,1,0.156,643,"COLD"
"nova-hub.com","Nova Hub","Consumer Goods","Large ($100MM-$200MM)","Large (1,000-4,999)","Engaged",42,17,0.384,272,"WARM"
"iron-works.com","Iron Works","Entertainment","Small ($1MM-$10MM)","Medium-Small (50-199)","Unaware",1,1,0.052,84,"COLD"
"atlas-labs.com","Atlas Labs","Software / Information Technology","XLarge ($200MM-$1B)","Large (1,000-4,999)","Unaware",4,1,0.158,684,"COLD"
"green-tech.com","Green Tech","Logistics and Supply Chain","Medium-Small ($10MM-$50MM)","Medium (200-499)","Unaware",1,1,0.052,183,"COLD"
"apex-inc.com","Apex Inc","Telecommunications","Medium-Small ($10MM-$50MM)","Medium (200-499)","Aware",18,6,0.186,284,"COLD"
"core-cloud.com","Core Cloud","Manufacturing","XXLarge ($1B+)","XXLarge (10,000+)","Unaware",5,1,0.060,590,"COLD"
"core-io.com","Core Io","Financial Services","Micro ($0-$1MM)","Micro (1-9)","Unaware",1,1,0.052,173,"COLD"
"acme-corp.com","Acme Corp","Automotive","Micro ($0-$1MM)","Micro (1-9)","Unaware",2,1,0.054,91,"COLD"
"global-systems.com","Global Systems","Food & Beverages","Medium-Large ($50MM-$100MM)","Medium-Large (500-999)","Unaware",3,1,0.056,233,"COLD"
"vertex-group.com","Vertex Group","Software / Information Technology","Medium-Small ($10MM-$50MM)","Medium-Small (50-199)","Aware",8,3,0.266,235,"COLD"
"apex-cloud.com","Apex Cloud","Telecommunications","Small ($1MM-$10MM)","Small (10-49)","MQL",227,28,0.750,591,"HOT"
"peak-cloud.com","Peak Cloud","Education Management","Large ($100MM-$200MM)","Large (1,000-4,999)","Unaware",2,1,0.054,75,"COLD"
"core-hub.com","Core Hub","Retail","Medium-Large ($50MM-$100MM)","Medium-Large (500-999)","Opportunity",296,33,0.850,643,"HOT"
"clear-labs.com","Clear Labs","Telecommunications","Micro ($0-$1MM)","Micro (1-9)","Engaged",56,10,0.412,345,"WARM"
"nexus-solutions.com","Nexus Solutions","Legal Services","Small ($1MM-$10MM)","Medium-Small (50-199)","Unaware",3,1,0.056,145,"COLD"
"smart-tech.com","Smart Tech","Financial Services","Medium-Small ($10MM-$50MM)","Medium-Small (50-199)","Engaged",69,14,0.438,295,"WARM"
"iron-solutions.com","Iron Solutions","Software / Information Technology","Medium-Large ($50MM-$100MM)","Medium (200-499)","Unaware",4,1,0.158,256,"COLD"
"bright-hub.com","Bright Hub","Retail","Medium-Small ($10MM-$50MM)","Medium-Small (50-199)","Engaged",53,4,0.506,286,"WARM"
"acme-cloud.com","Acme Cloud","Education Management","Small ($1MM-$10MM)","Medium-Small (50-199)","Unaware",1,1,0.052,193,"COLD"
"atlas-hub.com","Atlas Hub","Financial Services","Medium-Small ($10MM-$50MM)","Medium (200-499)","Aware",19,3,0.188,178,"COLD"
"peak-solutions.com","Peak Solutions","Retail","Micro ($0-$1MM)","Micro (1-9)","Aware",9,5,0.268,118,"COLD"
"peak-net.com","Peak Net","Automotive","Micro ($0-$1MM)","Micro (1-9)","Engaged",28,6,0.356,182,"WARM"
"blue-data.com","Blue Data","Financial Services","XXLarge ($1B+)","XXLarge (10,000+)","Unaware",4,1,0.058,665,"COLD"
"peak-net.com","Peak Net","Health, Wellness and Fitness","Large ($100MM-$200MM)","Medium-Large (500-999)","Engaged",70,7,0.440,266,"WARM"
"smart-tech.com","Smart Tech","Financial Services","Micro ($0-$1MM)","Micro (1-9)","Unaware",5,1,0.060,167,"COLD"
"atlas-solutions.com","Atlas Solutions","Financial Services","Large ($100MM-$200MM)","Large (1,000-4,999)","Aware",21,3,0.192,96,"COLD"
"nova-data.com","Nova Data","Entertainment","Micro ($0-$1MM)","Small (10-49)","Aware",7,4,0.164,187,"COLD"
"iron-tech.com","Iron Tech","Marketing and Advertising","Large ($100MM-$200MM)","Large (1,000-4,999)","Aware",4,3,0.158,153,"COLD"
"acme-data.com","Acme Data","Retail","Small ($1MM-$10MM)","Small (10-49)","Unaware",3,1,0.156,235,"COLD"
"acme-io.com","Acme Io","Health, Wellness and Fitness","Micro ($0-$1MM)","Small (10-49)","Aware",3,4,0.156,215,"COLD"
"rapid-inc.com","Rapid Inc","Financial Services","XLarge ($200MM-$1B)","XLarge (5,000-10,000)","Unaware",3,1,0.056,631,"COLD"
"green-systems.com","Green Systems","Marketing and Advertising","Small ($1MM-$10MM)","Medium-Small (50-199)","Aware",18,4,0.186,246,"COLD"
"peak-corp.com","Peak Corp","Health, Wellness and Fitness","Micro ($0-$1MM)","Micro (1-9)","Unaware",1,1,0.052,166,"COLD"
"stellar-hub.com","Stellar Hub","Marketing and Advertising","Large ($100MM-$200MM)","Large (1,000-4,999)","Unaware",4,1,0.058,117,"COLD"
"core-solutions.com","Core Solutions","Financial Services","Medium-Large ($50MM-$100MM)","Medium-Large (500-999)","Engaged",89,17,0.478,372,"WARM"
"rapid-cloud.com","Rapid Cloud","Construction","Micro ($0-$1MM)","Small (10-49)","MQL",185,15,0.750,594,"HOT"
"nexus-data.com","Nexus Data","Marketing and Advertising","Medium-Large ($50MM-$100MM)","Medium-Large (500-999)","Opportunity",306,42,0.750,757,"HOT"
"rapid-systems.com","Rapid Systems","Education Management","Micro ($0-$1MM)","Micro (1-9)","Unaware",4,1,0.058,99,"COLD"
"atlas-tech.com","Atlas Tech","Marketing and Advertising","Medium-Small ($10MM-$50MM)","Medium (200-499)","Unaware",3,1,0.056,60,"COLD"
"swift-hub.com","Swift Hub","Retail","Small ($1MM-$10MM)","Medium-Small (50-199)","Engaged",94,3,0.588,383,"WARM"
"atlas-solutions.com","Atlas Solutions","Software / Information Technology","Medium-Small ($10MM-$50MM)","Medium (200-499)","Unaware",2,1,0.154,58,"COLD"
"smart-solutions.com","Smart Solutions","Marketing and Advertising","Micro ($0-$1MM)","Small (10-49)","Opportunity",52,30,0.554,266,"HOT"
"global-digital.com","Global Digital","E-Learning","Small ($1MM-$10MM)","Medium-Small (50-199)","Unaware",1,1,0.052,183,"COLD"
"swift-systems.com","Swift Systems","Manufacturing","Micro ($0-$1MM)","Micro (1-9)","Engaged",21,13,0.342,289,"WARM"
"clear-solutions.com","Clear Solutions","Insurance","Small ($1MM-$10MM)","Small (10-49)","Unaware",5,1,0.060,66,"COLD"
"green-cloud.com","Green Cloud","Retail","Small ($1MM-$10MM)","Small (10-49)","Unaware",5,1,0.160,189,"COLD"
"cyber-inc.com","Cyber Inc","Telecommunications","Small ($1MM-$10MM)","Small (10-49)","Unaware",2,1,0.054,181,"COLD"
"swift-io.com","Swift Io","Financial Services","Medium-Small ($10MM-$50MM)","Medium (200-499)","Aware",6,5,0.162,98,"COLD"
"core-labs.com","Core Labs","Retail","Micro ($0-$1MM)","Small (10-49)","Engaged",100,16,0.600,365,"WARM"
"cyber-corp.com","Cyber Corp","Software / Information Technology","Micro ($0-$1MM)","Micro (1-9)","Engaged",52,3,0.504,247,"WARM"
"vertex-labs.com","Vertex Labs","Financial Services","Small ($1MM-$10MM)","Medium-Small (50-199)","Unaware",4,1,0.058,216,"COLD"
"smart-systems.com","Smart Systems","Automotive","XLarge ($200MM-$1B)","XLarge (5,000-10,000)","Engaged",66,16,0.432,750,"WARM"
"global-corp.com","Global Corp","Manufacturing","Micro ($0-$1MM)","Micro (1-9)","Aware",9,5,0.168,194,"COLD"
"rapid-digital.com","Rapid Digital","Logistics and Supply Chain","Medium-Small ($10MM-$50MM)","Medium-Small (50-199)","Unaware",5,1,0.060,253,"COLD"
"nexus-media.com","Nexus Media","Financial Services","Micro ($0-$1MM)","Micro (1-9)","Unaware",5,1,0.060,174,"COLD"
"vertex-corp.com","Vertex Corp","Software / Information Technology","Micro ($0-$1MM)","Micro (1-9)","Aware",17,5,0.284,166,"COLD"
"cyber-solutions.com","Cyber Solutions","Software / Information Technology","Micro ($0-$1MM)","Micro (1-9)","Unaware",3,1,0.156,193,"COLD"
"iron-systems.com","Iron Systems","Automotive","Medium-Large ($50MM-$100MM)","Medium-Large (500-999)","Unaware",4,1,0.058,180,"COLD"
"green-group.com","Green Group","Entertainment","XXLarge ($1B+)","XXLarge (10,000+)","Aware",7,2,0.164,756,"COLD"
"smart-net.com","Smart Net","Insurance","Small ($1MM-$10MM)","Small (10-49)","Unaware",3,1,0.056,66,"COLD"
"cyber-works.com","Cyber Works","Telecommunications","Micro ($0-$1MM)","Micro (1-9)","Unaware",4,1,0.058,257,"COLD"
"clear-media.com","Clear Media","Software / Information Technology","Small ($1MM-$10MM)","Medium-Small (50-199)","Unaware",1,1,0.152,79,"COLD"
"clear-net.com","Clear Net","Software / Information Technology","Large ($100MM-$200MM)","Large (1,000-4,999)","Aware",17,4,0.284,110,"COLD"
"blue-digital.com","Blue Digital","Logistics and Supply Chain","XXLarge ($1B+)","XXLarge (10,000+)","MQL",83,20,0.616,904,"HOT"
"blue-group.com","Blue Group","Entertainment","Micro ($0-$1MM)","Small (10-49)","Unaware",5,1,0.060,119,"COLD"
"rapid-corp.com","Rapid Corp","Retail","Large ($100MM-$200MM)","Large (1,000-4,999)","Engaged",85,14,0.570,387,"WARM"
"apex-net.com","Apex Net","E-Learning","Small ($1MM-$10MM)","Small (10-49)","Unaware",2,1,0.054,103,"COLD"
"swift-group.com","Swift Group","Logistics and Supply Chain","XLarge ($200MM-$1B)","XLarge (5,000-10,000)","Unaware",4,1,0.058,753,"COLD"
"nexus-works.com","Nexus Works","Insurance","Medium-Small ($10MM-$50MM)","Medium-Small (50-199)","Aware",17,3,0.184,173,"COLD"
"apex-tech.com","Apex Tech","Automotive","Small ($1MM-$10MM)","Medium-Small (50-199)","Aware",9,1,0.168,143,"COLD"
"blue-solutions.com","Blue Solutions","Software / Information Technology","Small ($1MM-$10MM)","Medium-Small (50-199)","Engaged",68,8,0.536,351,"WARM"
"core-data.com","Core Data","Logistics and Supply Chain","Micro ($0-$1MM)","Small (10-49)","Aware",13,3,0.176,180,"COLD"
"cyber-corp.com","Cyber Corp","Legal Services","Micro ($0-$1MM)","Micro (1-9)","Unaware",5,1,0.060,153,"COLD"
"iron-net.com","Iron Net","Legal Services","Medium-Large ($50MM-$100MM)","Medium (200-499)","Unaware",4,1,0.058,164,"COLD"
"peak-tech.com","Peak Tech","Financial Services","Micro ($0-$1MM)","Micro (1-9)","Aware",19,5,0.188,151,"COLD"
"apex-digital.com","Apex Digital","Marketing and Advertising","Medium-Small ($10MM-$50MM)","Medium-Small (50-199)","Aware",9,3,0.168,70,"COLD"
"apex-io.com","Apex Io","Retail","Micro ($0-$1MM)","Micro (1-9)","Aware",21,3,0.292,246,"COLD"
"global-group.com","Global Group","Telecommunications","Medium-Large ($50MM-$100MM)","Medium (200-499)","Unaware",2,1,0.054,165,"COLD"
"stellar-systems.com","Stellar Systems","Health, Wellness and Fitness","XXLarge ($1B+)","XXLarge (10,000+)","Engaged",14,5,0.328,681,"WARM"
"peak-corp.com","Peak Corp","Retail","Small ($1MM-$10MM)","Medium-Small (50-199)","Aware",12,5,0.274,188,"COLD"
"stellar-cloud.com","Stellar Cloud","E-Learning","Medium-Small ($10MM-$50MM)","Medium (200-499)","Engaged",54,11,0.408,171,"WARM"
"green-labs.com","Green Labs","Education Management","Medium-Large ($50MM-$100MM)","Medium (200-499)","Unaware",2,1,0.054,237,"COLD"
"prime-group.com","Prime Group","Hospital & Health Care","Medium-Large ($50MM-$100MM)","Medium (200-499)","Unaware",3,1,0.056,132,"COLD"
"green-net.com","Green Net","Telecommunications","Medium-Large ($50MM-$100MM)","Medium-Large (500-999)","Engaged",78,14,0.456,311,"WARM"
"vertex-labs.com","Vertex Labs","Software / Information Technology","Small ($1MM-$10MM)","Medium-Small (50-199)","Engaged",36,9,0.472,280,"WARM"
"iron-cloud.com","Iron Cloud","Software / Information Technology","XXLarge ($1B+)","XXLarge (10,000+)","Engaged",57,17,0.514,685,"WARM"
"atlas-digital.com","Atlas Digital","Health, Wellness and Fitness","Medium-Small ($10MM-$50MM)","Medium (200-499)","Unaware",2,1,0.054,180,"COLD"
"nexus-solutions.com","Nexus Solutions","Software / Information Technology","Micro ($0-$1MM)","Micro (1-9)","Aware",21,4,0.292,181,"COLD"
"prime-solutions.com","Prime Solutions","Logistics and Supply Chain","Medium-Large ($50MM-$100MM)","Medium-Large (500-999)","Aware",17,5,0.184,260,"COLD"
"swift-net.com","Swift Net","Insurance","Micro ($0-$1MM)","Micro (1-9)","Engaged",41,17,0.382,306,"WARM"
"global-io.com","Global Io","Health, Wellness and Fitness","Micro ($0-$1MM)","Micro (1-9)","Unaware",4,1,0.058,65,"COLD"
"iron-media.com","Iron Media","Telecommunications","XXLarge ($1B+)","XXLarge (10,000+)","Aware",6,3,0.162,675,"COLD"
"smart-labs.com","Smart Labs","Construction","Micro ($0-$1MM)","Small (10-49)","Aware",3,3,0.156,183,"COLD"
"prime-solutions.com","Prime Solutions","Software / Information Technology","Medium-Large ($50MM-$100MM)","Medium-Large (500-999)","Unaware",5,1,0.160,236,"COLD"
"global-io.com","Global Io","Software / Information Technology","Large ($100MM-$200MM)","Large (1,000-4,999)","Unaware",3,1,0.156,63,"COLD"
"atlas-labs.com","Atlas Labs","Food & Beverages","Small ($1MM-$10MM)","Small (10-49)","MQL",86,7,0.622,348,"HOT"
"smart-works.com","Smart Works","Hospital & Health Care","Micro ($0-$1MM)","Micro (1-9)","MQL",176,27,0.750,564,"HOT"
"prime-digital.com","Prime Digital","Software / Information Technology","Medium-Small ($10MM-$50MM)","Medium-Small (50-199)","Engaged",51,14,0.502,318,"WARM"
"peak-hub.com","Peak Hub","Entertainment","Large ($100MM-$200MM)","Large (1,000-4,999)","Unaware",1,1,0.052,221,"COLD"
"clear-group.com","Clear Group","Manufacturing","Large ($100MM-$200MM)","Medium-Large (500-999)","Engaged",81,17,0.462,330,"WARM"
"rapid-net.com","Rapid Net","Hospital & Health Care","Large ($100MM-$200MM)","Large (1,000-4,999)","Aware",15,5,0.180,226,"COLD"
"blue-io.com","Blue Io","Logistics and Supply Chain","Micro ($0-$1MM)","Micro (1-9)","Engaged",58,6,0.416,191,"WARM"
"nova-media.com","Nova Media","Telecommunications","Small ($1MM-$10MM)","Medium-Small (50-199)","Aware",13,4,0.176,105,"COLD"
"prime-works.com","Prime Works","Retail","Large ($100MM-$200MM)","Large (1,000-4,999)","Aware",15,6,0.280,109,"COLD"
"nexus-data.com","Nexus Data","Automotive","Medium-Small ($10MM-$50MM)","Medium (200-499)","Opportunity",306,22,0.750,757,"HOT"
"green-solutions.com","Green Solutions","Automotive","Large ($100MM-$200MM)","Large (1,000-4,999)","Aware",8,3,0.166,261,"COLD"
"acme-data.com","Acme Data","Food & Beverages","Medium-Small ($10MM-$50MM)","Medium-Small (50-199)","Unaware",2,1,0.054,233,"COLD"
"cyber-corp.com","Cyber Corp","Education Management","Medium-Small ($10MM-$50MM)","Medium-Small (50-199)","Engaged",38,7,0.376,219,"WARM"
"green-net.com","Green Net","E-Learning","Micro ($0-$1MM)","Small (10-49)","Aware",16,4,0.182,187,"COLD"
"atlas-io.com","Atlas Io","Financial Services","Large ($100MM-$200MM)","Large (1,000-4,999)","Aware",13,5,0.176,273,"COLD"
"nova-group.com","Nova Group","Management Consulting","Small ($1MM-$10MM)","Small (10-49)","Engaged",106,6,0.512,361,"HOT"
"smart-data.com","Smart Data","Health, Wellness and Fitness","Small ($1MM-$10MM)","Small (10-49)","Aware",12,4,0.174,240,"COLD"
"core-digital.com","Core Digital","Hospital & Health Care","Micro ($0-$1MM)","Micro (1-9)","MQL",104,12,0.658,349,"HOT"
"cyber-digital.com","Cyber Digital","Automotive","Medium-Large ($50MM-$100MM)","Medium-Large (500-999)","MQL",217,10,0.750,657,"HOT"
"stellar-solutions.com","Stellar Solutions","Financial Services","Micro ($0-$1MM)","Small (10-49)","Aware",4,3,0.158,250,"COLD"
"nexus-digital.com","Nexus Digital","Entertainment","Medium-Small ($10MM-$50MM)","Medium (200-499)","Unaware",3,1,0.056,165,"COLD"
"vertex-solutions.com","Vertex Solutions","Telecommunications","Micro ($0-$1MM)","Micro (1-9)","Aware",13,5,0.176,101,"COLD"
"atlas-systems.com","Atlas Systems","Software / Information Technology","Micro ($0-$1MM)","Micro (1-9)","Unaware",5,1,0.160,131,"COLD"
"green-cloud.com","Green Cloud","Telecommunications","Small ($1MM-$10MM)","Small (10-49)","Unaware",4,1,0.058,187,"COLD"
"smart-labs.com","Smart Labs","Logistics and Supply Chain","Medium-Small ($10MM-$50MM)","Medium-Small (50-199)","Unaware",5,1,0.060,187,"COLD"
"apex-cloud.com","Apex Cloud","Management Consulting","Medium-Large ($50MM-$100MM)","Medium-Large (500-999)","Unaware",1,1,0.052,139,"COLD"
"prime-labs.com","Prime Labs","Real Estate","Small ($1MM-$10MM)","Small (10-49)","Unaware",2,1,0.054,70,"COLD"
"nexus-io.com","Nexus Io","Telecommunications","Medium-Small ($10MM-$50MM)","Medium (200-499)","Aware",10,5,0.170,199,"COLD"
"acme-data.com","Acme Data","Marketing and Advertising","Medium-Large ($50MM-$100MM)","Medium (200-499)","Aware",14,5,0.178,257,"COLD"
"blue-inc.com","Blue Inc","Software / Information Technology","Medium-Small ($10MM-$50MM)","Medium-Small (50-199)","Unaware",5,1,0.160,145,"COLD"
"acme-solutions.com","Acme Solutions","Financial Services","Micro ($0-$1MM)","Small (10-49)","Aware",14,5,0.178,95,"COLD"
"iron-digital.com","Iron Digital","Telecommunications","Micro ($0-$1MM)","Small (10-49)","Unaware",4,1,0.058,134,"COLD"
"smart-io.com","Smart Io","Legal Services","Micro ($0-$1MM)","Small (10-49)","MQL",183,24,0.750,459,"HOT"
"nexus-works.com","Nexus Works","Logistics and Supply Chain","Medium-Large ($50MM-$100MM)","Medium-Large (500-999)","Engaged",70,6,0.440,279,"WARM"
"stellar-solutions.com","Stellar Solutions","Financial Services","Medium-Large ($50MM-$100MM)","Medium-Large (500-999)","Aware",15,5,0.180,272,"COLD"
"stellar-corp.com","Stellar Corp","Retail","XXLarge ($1B+)","XXLarge (10,000+)","Aware",22,5,0.294,772,"COLD"
"core-media.com","Core Media","Health, Wellness and Fitness","Medium-Large ($50MM-$100MM)","Medium-Large (500-999)","Aware",16,5,0.182,194,"COLD"
"green-hub.com","Green Hub","Telecommunications","Micro ($0-$1MM)","Small (10-49)","Aware",22,5,0.194,238,"COLD"
"vertex-media.com","Vertex Media","Insurance","Micro ($0-$1MM)","Micro (1-9)","Unaware",1,1,0.052,81,"COLD"
"atlas-inc.com","Atlas Inc","Entertainment","Medium-Small ($10MM-$50MM)","Medium (200-499)","MQL",221,13,0.750,570,"HOT"
"peak-corp.com","Peak Corp","Entertainment","Large ($100MM-$200MM)","Large (1,000-4,999)","Aware",8,6,0.166,180,"COLD"
"prime-inc.com","Prime Inc","Real Estate","Large ($100MM-$200MM)","Large (1,000-4,999)","Engaged",75,9,0.450,236,"WARM"
"global-labs.com","Global Labs","Retail","Small ($1MM-$10MM)","Medium-Small (50-199)","Engaged",99,11,0.598,343,"WARM"
"nexus-inc.com","Nexus Inc","Automotive","Medium-Small ($10MM-$50MM)","Medium (200-499)","Unaware",4,1,0.058,198,"COLD"
"blue-io.com","Blue Io","Software / Information Technology","Micro ($0-$1MM)","Micro (1-9)","Unaware",3,1,0.156,81,"COLD"
"apex-digital.com","Apex Digital","Food & Beverages","Small ($1MM-$10MM)","Medium-Small (50-199)","Unaware",3,1,0.056,58,"COLD"
"apex-digital.com","Apex Digital","Marketing and Advertising","Small ($1MM-$10MM)","Medium-Small (50-199)","Unaware",3,1,0.056,58,"COLD"
"core-tech.com","Core Tech","Marketing and Advertising","Medium-Small ($10MM-$50MM)","Medium-Small (50-199)","Engaged",80,9,0.460,245,"WARM"
"smart-cloud.com","Smart Cloud","Software / Information Technology","Medium-Large ($50MM-$100MM)","Medium (200-499)","Aware",11,6,0.272,112,"COLD"
"cyber-cloud.com","Cyber Cloud","Software / Information Technology","Small ($1MM-$10MM)","Medium-Small (50-199)","Aware",15,6,0.280,81,"COLD"
"stellar-systems.com","Stellar Systems","Software / Information Technology","Medium-Large ($50MM-$100MM)","Medium-Large (500-999)","Aware",7,5,0.264,167,"COLD"
"cyber-data.com","Cyber Data","Manufacturing","XXLarge ($1B+)","XXLarge (10,000+)","Engaged",85,15,0.470,812,"WARM"
"core-inc.com","Core Inc","Education Management","Small ($1MM-$10MM)","Medium-Small (50-199)","Unaware",5,1,0.060,170,"COLD"
"green-digital.com","Green Digital","Real Estate","Medium-Small ($10MM-$50MM)","Medium (200-499)","Unaware",5,1,0.060,123,"COLD"
"clear-tech.com","Clear Tech","Financial Services","Small ($1MM-$10MM)","Medium-Small (50-199)","Opportunity",134,20,0.718,421,"HOT"
"stellar-solutions.com","Stellar Solutions","Food & Beverages","Medium-Large ($50MM-$100MM)","Medium (200-499)","Aware",15,5,0.180,272,"COLD"
"core-solutions.com","Core Solutions","Software / Information Technology","Small ($1MM-$10MM)","Small (10-49)","Unaware",2,1,0.154,198,"COLD"
"apex-media.com","Apex Media","Software / Information Technology","XLarge ($200MM-$1B)","Large (1,000-4,999)","Aware",3,5,0.256,680,"COLD"
"acme-io.com","Acme Io","Marketing and Advertising","Large ($100MM-$200MM)","Large (1,000-4,999)","Unaware",1,1,0.052,211,"COLD"
"apex-systems.com","Apex Systems","Software / Information Technology","Small ($1MM-$10MM)","Small (10-49)","Aware",17,3,0.284,248,"COLD"
"smart-digital.com","Smart Digital","Health, Wellness and Fitness","Small ($1MM-$10MM)","Medium-Small (50-199)","Aware",17,2,0.184,165,"COLD"
"blue-works.com","Blue Works","Software / Information Technology","Small ($1MM-$10MM)","Small (10-49)","Unaware",3,1,0.156,185,"COLD"
"global-hub.com","Global Hub","Consumer Goods","Medium-Large ($50MM-$100MM)","Medium-Large (500-999)","Opportunity",245,14,0.750,597,"HOT"
"apex-inc.com","Apex Inc","E-Learning","Micro ($0-$1MM)","Small (10-49)","MQL",189,6,0.750,626,"HOT"
"clear-labs.com","Clear Labs","Retail","XXLarge ($1B+)","XXLarge (10,000+)","Engaged",68,13,0.536,869,"WARM"
"iron-inc.com","Iron Inc","Retail","Small ($1MM-$10MM)","Medium-Small (50-199)","Aware",5,1,0.260,114,"COLD"
"nova-inc.com","Nova Inc","Automotive","Small ($1MM-$10MM)","Medium-Small (50-199)","Aware",13,5,0.176,213,"COLD"
"green-group.com","Green Group","Marketing and Advertising","Micro ($0-$1MM)","Small (10-49)","Aware",11,4,0.172,264,"COLD"
"nexus-io.com","Nexus Io","Marketing and Advertising","Medium-Small ($10MM-$50MM)","Medium (200-499)","Unaware",1,1,0.052,181,"COLD"
"cyber-data.com","Cyber Data","Management Consulting","Large ($100MM-$200MM)","Medium-Large (500-999)","Unaware",4,1,0.058,150,"COLD"
"iron-group.com","Iron Group","Marketing and Advertising","Medium-Small ($10MM-$50MM)","Medium (200-499)","Unaware",2,1,0.054,199,"COLD"
"smart-works.com","Smart Works","Construction","XLarge ($200MM-$1B)","XLarge (5,000-10,000)","Engaged",17,12,0.334,746,"WARM"
"global-io.com","Global Io","Marketing and Advertising","Small ($1MM-$10MM)","Medium-Small (50-199)","Unaware",5,1,0.060,67,"COLD"
"global-tech.com","Global Tech","Software / Information Technology","Large ($100MM-$200MM)","Large (1,000-4,999)","Aware",11,6,0.272,245,"COLD"
"peak-corp.com","Peak Corp","Software / Information Technology","Large ($100MM-$200MM)","Large (1,000-4,999)","Unaware",3,1,0.156,170,"COLD"
"cyber-labs.com","Cyber Labs","Education Management","Micro ($0-$1MM)","Micro (1-9)","Aware",20,2,0.190,139,"COLD"
"atlas-hub.com","Atlas Hub","Education Management","Micro ($0-$1MM)","Micro (1-9)","Unaware",2,1,0.054,144,"COLD"
"green-digital.com","Green Digital","Legal Services","Small ($1MM-$10MM)","Small (10-49)","MQL",201,19,0.750,515,"HOT"
"rapid-cloud.com","Rapid Cloud","Construction","Small ($1MM-$10MM)","Medium-Small (50-199)","Unaware",3,1,0.056,230,"COLD"
"rapid-io.com","Rapid Io","Marketing and Advertising","Small ($1MM-$10MM)","Small (10-49)","Engaged",49,10,0.398,218,"WARM"
"core-digital.com","Core Digital","Consumer Goods","Medium-Small ($10MM-$50MM)","Medium (200-499)","Unaware",2,1,0.054,145,"COLD"
"stellar-corp.com","Stellar Corp","Retail","Large ($100MM-$200MM)","Large (1,000-4,999)","Unaware",4,1,0.158,236,"COLD"
"swift-corp.com","Swift Corp","Real Estate","Micro ($0-$1MM)","Micro (1-9)","Unaware",4,1,0.058,130,"COLD"
"clear-solutions.com","Clear Solutions","Food & Beverages","Large ($100MM-$200MM)","Large (1,000-4,999)","MQL",166,22,0.750,388,"HOT"
"acme-solutions.com","Acme Solutions","Software / Information Technology","Medium-Small ($10MM-$50MM)","Medium (200-499)","Opportunity",182,32,0.850,431,"HOT"
"acme-systems.com","Acme Systems","Retail","Micro ($0-$1MM)","Micro (1-9)","Unaware",3,1,0.156,192,"COLD"
"green-media.com","Green Media","Financial Services","Small ($1MM-$10MM)","Small (10-49)","Unaware",4,1,0.058,160,"COLD"
"green-net.com","Green Net","Marketing and Advertising","Micro ($0-$1MM)","Micro (1-9)","Unaware",2,1,0.054,159,"COLD"
"stellar-tech.com","Stellar Tech","Automotive","XLarge ($200MM-$1B)","Large (1,000-4,999)","Unaware",4,1,0.058,564,"COLD"
"smart-data.com","Smart Data","Software / Information Technology","Large ($100MM-$200MM)","Large (1,000-4,999)","MQL",152,27,0.850,520,"HOT"
"atlas-tech.com","Atlas Tech","Retail","XLarge ($200MM-$1B)","XLarge (5,000-10,000)","MQL",162,18,0.850,878,"HOT"
"rapid-inc.com","Rapid Inc","Entertainment","Medium-Large ($50MM-$100MM)","Medium (200-499)","Aware",12,2,0.174,149,"COLD"
"apex-net.com","Apex Net","Consumer Goods","Medium-Small ($10MM-$50MM)","Medium (200-499)","Aware",20,3,0.190,139,"COLD"
"bright-works.com","Bright Works","Software / Information Technology","Small ($1MM-$10MM)","Small (10-49)","Unaware",3,1,0.156,122,"COLD"
"core-systems.com","Core Systems","Automotive","XXLarge ($1B+)","XXLarge (10,000+)","Unaware",5,1,0.060,621,"COLD"
"cyber-works.com","Cyber Works","Legal Services","Medium-Small ($10MM-$50MM)","Medium (200-499)","Unaware",1,1,0.052,251,"COLD"
"nexus-corp.com","Nexus Corp","Construction","Micro ($0-$1MM)","Micro (1-9)","Aware",3,4,0.156,143,"COLD"
"peak-solutions.com","Peak Solutions","Financial Services","Large ($100MM-$200MM)","Medium-Large (500-999)","Engaged",98,18,0.496,296,"WARM"
"stellar-corp.com","Stellar Corp","Software / Information Technology","Micro ($0-$1MM)","Small (10-49)","Unaware",1,1,0.152,230,"COLD"
"stellar-corp.com","Stellar Corp","Health, Wellness and Fitness","Large ($100MM-$200MM)","Medium-Large (500-999)","Unaware",1,1,0.052,230,"COLD"
"apex-cloud.com","Apex Cloud","Legal Services","Micro ($0-$1MM)","Small (10-49)","Aware",3,5,0.156,143,"COLD"
"acme-media.com","Acme Media","Software / Information Technology","Micro ($0-$1MM)","Small (10-49)","Unaware",3,1,0.156,127,"COLD"
"rapid-labs.com","Rapid Labs","Automotive","Micro ($0-$1MM)","Micro (1-9)","Aware",17,4,0.184,257,"COLD"
"rapid-solutions.com","Rapid Solutions","Retail","XXLarge ($1B+)","XXLarge (10,000+)","Unaware",1,1,0.152,718,"COLD"
"green-group.com","Green Group","Food & Beverages","Small ($1MM-$10MM)","Small (10-49)","MQL",164,16,0.750,570,"HOT"
"bright-hub.com","Bright Hub","Software / Information Technology","Small ($1MM-$10MM)","Small (10-49)","Engaged",14,11,0.428,208,"WARM"
"apex-tech.com","Apex Tech","Legal Services","Small ($1MM-$10MM)","Medium-Small (50-199)","Aware",19,4,0.188,163,"COLD"
"bright-media.com","Bright Media","E-Learning","Large ($100MM-$200MM)","Medium-Large (500-999)","Unaware",2,1,0.054,206,"COLD"
"nova-hub.com","Nova Hub","Manufacturing","Small ($1MM-$10MM)","Medium-Small (50-199)","Aware",21,2,0.192,230,"COLD"
"core-corp.com","Core Corp","Software / Information Technology","Micro ($0-$1MM)","Micro (1-9)","Unaware",5,1,0.160,246,"COLD"
"peak-hub.com","Peak Hub","Consumer Goods","Small ($1MM-$10MM)","Small (10-49)","Aware",8,3,0.166,235,"COLD"
"clear-labs.com","Clear Labs","Financial Services","Medium-Large ($50MM-$100MM)","Medium-Large (500-999)","Unaware",3,1,0.056,239,"COLD"
"swift-inc.com","Swift Inc","Education Management","Medium-Small ($10MM-$50MM)","Medium (200-499)","Unaware",2,1,0.054,164,"COLD"
"apex-data.com","Apex Data","Legal Services","Micro ($0-$1MM)","Micro (1-9)","Unaware",3,1,0.056,169,"COLD"
"apex-net.com","Apex Net","Hospital & Health Care","Small ($1MM-$10MM)","Medium-Small (50-199)","Aware",19,3,0.188,137,"COLD"
"nexus-io.com","Nexus Io","Marketing and Advertising","Small ($1MM-$10MM)","Small (10-49)","Unaware",4,1,0.058,187,"COLD"
"nova-solutions.com","Nova Solutions","Marketing and Advertising","Micro ($0-$1MM)","Micro (1-9)","Aware",6,2,0.162,136,"COLD"
"apex-net.com","Apex Net","Legal Services","Medium-Large ($50MM-$100MM)","Medium-Large (500-999)","Aware",7,1,0.164,113,"COLD"
"nexus-inc.com","Nexus Inc","Manufacturing","Small ($1MM-$10MM)","Small (10-49)","Unaware",5,1,0.060,200,"COLD"
"swift-works.com","Swift Works","Telecommunications","Small ($1MM-$10MM)","Small (10-49)","Engaged",65,17,0.430,204,"WARM"
"nexus-io.com","Nexus Io","Food & Beverages","Micro ($0-$1MM)","Micro (1-9)","Opportunity",330,31,0.750,839,"HOT"
"global-solutions.com","Global Solutions","Marketing and Advertising","Medium-Small ($10MM-$50MM)","Medium-Small (50-199)","Unaware",3,1,0.056,70,"COLD"
"blue-digital.com","Blue Digital","Software / Information Technology","Medium-Large ($50MM-$100MM)","Medium (200-499)","Unaware",4,1,0.158,246,"COLD"
"swift-systems.com","Swift Systems","Marketing and Advertising","Micro ($0-$1MM)","Micro (1-9)","Unaware",2,1,0.054,251,"COLD"
"bright-digital.com","Bright Digital","Retail","Medium-Large ($50MM-$100MM)","Medium-Large (500-999)","MQL",160,22,0.850,444,"HOT"
"green-net.com","Green Net","Software / Information Technology","XLarge ($200MM-$1B)","XLarge (5,000-10,000)","Unaware",1,1,0.152,657,"COLD"
"rapid-cloud.com","Rapid Cloud","Retail","Micro ($0-$1MM)","Micro (1-9)","Aware",21,1,0.292,266,"COLD"
"iron-systems.com","Iron Systems","Hospital & Health Care","Medium-Small ($10MM-$50MM)","Medium (200-499)","Opportunity",233,16,0.750,638,"HOT"
"cyber-solutions.com","Cyber Solutions","Retail","Small ($1MM-$10MM)","Small (10-49)","Opportunity",205,40,0.850,597,"HOT"
"global-systems.com","Global Systems","Retail","Micro ($0-$1MM)","Small (10-49)","MQL",182,10,0.850,591,"HOT"
"green-group.com","Green Group","Logistics and Supply Chain","Large ($100MM-$200MM)","Large (1,000-4,999)","Aware",20,2,0.190,282,"COLD"
"atlas-hub.com","Atlas Hub","Real Estate","XLarge ($200MM-$1B)","Large (1,000-4,999)","Aware",10,4,0.170,660,"COLD"
"green-cloud.com","Green Cloud","Entertainment","Small ($1MM-$10MM)","Medium-Small (50-199)","Aware",15,3,0.180,209,"COLD"
"bright-digital.com","Bright Digital","Food & Beverages","Micro ($0-$1MM)","Micro (1-9)","Unaware",4,1,0.058,132,"COLD"
"atlas-systems.com","Atlas Systems","Marketing and Advertising","XLarge ($200MM-$1B)","Large (1,000-4,999)","MQL",223,27,0.750,1067,"HOT"
"peak-systems.com","Peak Systems","Health, Wellness and Fitness","Micro ($0-$1MM)","Small (10-49)","Unaware",5,1,0.060,151,"COLD"
"peak-labs.com","Peak Labs","Retail","Small ($1MM-$10MM)","Small (10-49)","Aware",7,5,0.264,240,"COLD"
"bright-data.com","Bright Data","Health, Wellness and Fitness","Medium-Small ($10MM-$50MM)","Medium-Small (50-199)","Unaware",4,1,0.058,132,"COLD"
"global-systems.com","Global Systems","Retail","Micro ($0-$1MM)","Micro (1-9)","Unaware",4,1,0.158,235,"COLD"
"prime-inc.com","Prime Inc","Automotive","Small ($1MM-$10MM)","Small (10-49)","Aware",8,4,0.166,102,"COLD"
"rapid-tech.com","Rapid Tech","Entertainment","Medium-Large ($50MM-$100MM)","Medium (200-499)","Aware",20,6,0.190,187,"COLD"
"global-tech.com","Global Tech","Consumer Goods","Micro ($0-$1MM)","Micro (1-9)","Engaged",72,12,0.444,367,"WARM"
"green-systems.com","Green Systems","Software / Information Technology","Micro ($0-$1MM)","Micro (1-9)","Aware",16,6,0.282,242,"COLD"
"iron-data.com","Iron Data","Legal Services","Micro ($0-$1MM)","Micro (1-9)","Unaware",1,1,0.052,127,"COLD"
"apex-digital.com","Apex Digital","Manufacturing","Medium-Small ($10MM-$50MM)","Medium (200-499)","Unaware",3,1,0.056,58,"COLD"
"green-systems.com","Green Systems","Food & Beverages","Micro ($0-$1MM)","Small (10-49)","MQL",65,10,0.580,340,"HOT"
"blue-tech.com","Blue Tech","Entertainment","Large ($100MM-$200MM)","Large (1,000-4,999)","Aware",5,3,0.160,130,"COLD"
"acme-group.com","Acme Group","Logistics and Supply Chain","Medium-Large ($50MM-$100MM)","Medium (200-499)","Unaware",3,1,0.056,159,"COLD"
"stellar-labs.com","Stellar Labs","Software / Information Technology","Medium-Small ($10MM-$50MM)","Medium (200-499)","Unaware",5,1,0.160,200,"COLD"
"acme-works.com","Acme Works","Legal Services","Medium-Large ($50MM-$100MM)","Medium-Large (500-999)","Engaged",25,16,0.350,260,"WARM"
"acme-works.com","Acme Works","Software / Information Technology","Medium-Small ($10MM-$50MM)","Medium-Small (50-199)","Aware",19,5,0.288,248,"COLD"
"cyber-solutions.com","Cyber Solutions","Insurance","Micro ($0-$1MM)","Micro (1-9)","MQL",192,30,0.750,571,"HOT"
"smart-systems.com","Smart Systems","Software / Information Technology","Micro ($0-$1MM)","Micro (1-9)","Aware",13,5,0.276,144,"COLD"
"acme-works.com","Acme Works","Health, Wellness and Fitness","Micro ($0-$1MM)","Micro (1-9)","Unaware",2,1,0.054,214,"COLD"
"apex-tech.com","Apex Tech","Management Consulting","Small ($1MM-$10MM)","Medium-Small (50-199)","Aware",18,4,0.186,161,"COLD"
"prime-io.com","Prime Io","Automotive","Medium-Large ($50MM-$100MM)","Medium (200-499)","Unaware",4,1,0.058,110,"COLD"
"clear-corp.com","Clear Corp","Legal Services","Large ($100MM-$200MM)","Medium-Large (500-999)","Unaware",2,1,0.054,249,"COLD"
"blue-corp.com","Blue Corp","Health, Wellness and Fitness","Medium-Small ($10MM-$50MM)","Medium (200-499)","Unaware",2,1,0.054,54,"COLD"
"swift-net.com","Swift Net","Marketing and Advertising","Large ($100MM-$200MM)","Large (1,000-4,999)","MQL",175,25,0.750,574,"HOT"
"prime-solutions.com","Prime Solutions","Marketing and Advertising","Small ($1MM-$10MM)","Medium-Small (50-199)","Engaged",69,13,0.438,364,"WARM"
"blue-net.com","Blue Net","Marketing and Advertising","Medium-Small ($10MM-$50MM)","Medium-Small (50-199)","Unaware",2,1,0.054,199,"COLD"
"cyber-solutions.com","Cyber Solutions","Consumer Goods","Micro ($0-$1MM)","Small (10-49)","Unaware",3,1,0.056,193,"COLD"
"prime-systems.com","Prime Systems","Entertainment","Medium-Large ($50MM-$100MM)","Medium-Large (500-999)","Engaged",82,8,0.464,255,"WARM"
"nexus-tech.com","Nexus Tech","Marketing and Advertising","Small ($1MM-$10MM)","Medium-Small (50-199)","Engaged",70,9,0.440,373,"WARM"
"acme-digital.com","Acme Digital","Marketing and Advertising","Micro ($0-$1MM)","Small (10-49)","Unaware",1,1,0.052,218,"COLD"
"prime-corp.com","Prime Corp","Logistics and Supply Chain","Medium-Large ($50MM-$100MM)","Medium-Large (500-999)","Aware",13,5,0.176,136,"COLD"
"atlas-labs.com","Atlas Labs","Retail","Large ($100MM-$200MM)","Medium-Large (500-999)","Opportunity",267,39,0.850,710,"HOT"
"rapid-works.com","Rapid Works","Entertainment","Medium-Large ($50MM-$100MM)","Medium (200-499)","Unaware",3,1,0.056,148,"COLD"
"peak-io.com","Peak Io","Software / Information Technology","Medium-Large ($50MM-$100MM)","Medium (200-499)","MQL",163,7,0.850,484,"HOT"
"nova-group.com","Nova Group","Entertainment","XLarge ($200MM-$1B)","Large (1,000-4,999)","Aware",22,2,0.194,693,"COLD"
"nova-cloud.com","Nova Cloud","Entertainment","Small ($1MM-$10MM)","Small (10-49)","Aware",9,5,0.168,86,"COLD"
"global-inc.com","Global Inc","Financial Services","Micro ($0-$1MM)","Small (10-49)","Opportunity",107,46,0.664,357,"HOT"
"smart-group.com","Smart Group","Management Consulting","Medium-Large ($50MM-$100MM)","Medium (200-499)","Unaware",3,1,0.056,77,"COLD"
"green-group.com","Green Group","Real Estate","Medium-Large ($50MM-$100MM)","Medium (200-499)","Unaware",3,1,0.056,248,"COLD"
"stellar-inc.com","Stellar Inc","Software / Information Technology","Medium-Small ($10MM-$50MM)","Medium-Small (50-199)","Unaware",1,1,0.152,142,"COLD"
"prime-data.com","Prime Data","Software / Information Technology","Medium-Small ($10MM-$50MM)","Medium-Small (50-199)","Unaware",5,1,0.160,259,"COLD"
"stellar-hub.com","Stellar Hub","Retail","Micro ($0-$1MM)","Micro (1-9)","Opportunity",74,48,0.698,257,"HOT"
"nova-cloud.com","Nova Cloud","Retail","Micro ($0-$1MM)","Micro (1-9)","Engaged",27,7,0.454,122,"WARM"
"prime-group.com","Prime Group","Software / Information Technology","XXLarge ($1B+)","XXLarge (10,000+)","Unaware",1,1,0.152,628,"COLD"
"iron-digital.com","Iron Digital","Marketing and Advertising","Large ($100MM-$200MM)","Large (1,000-4,999)","MQL",204,14,0.750,534,"HOT"
"smart-group.com","Smart Group","Hospital & Health Care","Medium-Small ($10MM-$50MM)","Medium-Small (50-199)","Unaware",4,1,0.058,79,"COLD"
"apex-io.com","Apex Io","Entertainment","Small ($1MM-$10MM)","Medium-Small (50-199)","Aware",5,1,0.160,214,"COLD"
"clear-works.com","Clear Works","Automotive","Large ($100MM-$200MM)","Large (1,000-4,999)","Aware",4,1,0.158,234,"COLD"
"blue-systems.com","Blue Systems","Education Management","Medium-Large ($50MM-$100MM)","Medium (200-499)","Engaged",85,7,0.470,306,"WARM"
"smart-net.com","Smart Net","Software / Information Technology","Small ($1MM-$10MM)","Medium-Small (50-199)","Unaware",5,1,0.160,70,"COLD"
"bright-corp.com","Bright Corp","Legal Services","Large ($100MM-$200MM)","Medium-Large (500-999)","Engaged",47,12,0.394,318,"WARM"
"rapid-digital.com","Rapid Digital","Marketing and Advertising","Small ($1MM-$10MM)","Medium-Small (50-199)","Aware",8,5,0.166,259,"COLD"
"atlas-digital.com","Atlas Digital","Construction","Large ($100MM-$200MM)","Large (1,000-4,999)","Unaware",2,1,0.054,180,"COLD"
"green-io.com","Green Io","Telecommunications","Small ($1MM-$10MM)","Medium-Small (50-199)","Engaged",41,9,0.382,169,"WARM"
"rapid-hub.com","Rapid Hub","Software / Information Technology","Small ($1MM-$10MM)","Small (10-49)","Aware",12,3,0.274,264,"COLD"
"prime-inc.com","Prime Inc","Financial Services","Small ($1MM-$10MM)","Medium-Small (50-199)","Unaware",1,1,0.052,88,"COLD"
"iron-media.com","Iron Media","Software / Information Technology","Medium-Large ($50MM-$100MM)","Medium (200-499)","Engaged",35,13,0.470,233,"WARM"
"stellar-hub.com","Stellar Hub","Financial Services","Small ($1MM-$10MM)","Small (10-49)","Unaware",2,1,0.054,113,"COLD"
"apex-media.com","Apex Media","Software / Information Technology","Medium-Large ($50MM-$100MM)","Medium (200-499)","Engaged",101,12,0.602,376,"HOT"
"cyber-cloud.com","Cyber Cloud","Telecommunications","Medium-Small ($10MM-$50MM)","Medium-Small (50-199)","MQL",186,16,0.750,423,"HOT"
"clear-cloud.com","Clear Cloud","Insurance","Small ($1MM-$10MM)","Medium-Small (50-199)","Aware",7,5,0.164,158,"COLD"
"vertex-corp.com","Vertex Corp","Education Management","Medium-Large ($50MM-$100MM)","Medium-Large (500-999)","Unaware",4,1,0.058,140,"COLD"
"stellar-digital.com","Stellar Digital","Manufacturing","Medium-Small ($10MM-$50MM)","Medium (200-499)","Aware",19,2,0.188,145,"COLD"
"apex-hub.com","Apex Hub","Entertainment","Micro ($0-$1MM)","Micro (1-9)","MQL",168,29,0.750,422,"HOT"
"core-tech.com","Core Tech","Insurance","Micro ($0-$1MM)","Micro (1-9)","Engaged",75,15,0.450,235,"WARM"
"rapid-tech.com","Rapid Tech","Entertainment","Medium-Small ($10MM-$50MM)","Medium (200-499)","Engaged",90,10,0.480,327,"WARM"
"vertex-cloud.com","Vertex Cloud","Marketing and Advertising","Micro ($0-$1MM)","Small (10-49)","Aware",15,2,0.180,125,"COLD"
"rapid-media.com","Rapid Media","Marketing and Advertising","Micro ($0-$1MM)","Micro (1-9)","Unaware",1,1,0.052,66,"COLD"
"clear-data.com","Clear Data","Marketing and Advertising","Small ($1MM-$10MM)","Medium-Small (50-199)","Engaged",35,12,0.370,125,"WARM"
"cyber-io.com","Cyber Io","Software / Information Technology","Small ($1MM-$10MM)","Small (10-49)","Aware",18,2,0.286,275,"COLD"
"global-digital.com","Global Digital","Marketing and Advertising","Medium-Large ($50MM-$100MM)","Medium (200-499)","Unaware",4,1,0.058,189,"COLD"
"cyber-data.com","Cyber Data","Financial Services","Medium-Small ($10MM-$50MM)","Medium-Small (50-199)","Unaware",5,1,0.060,152,"COLD"
"global-media.com","Global Media","Food & Beverages","Micro ($0-$1MM)","Micro (1-9)","Aware",7,2,0.164,85,"COLD"
"iron-inc.com","Iron Inc","Entertainment","Large ($100MM-$200MM)","Large (1,000-4,999)","Engaged",38,14,0.376,180,"WARM"
"core-cloud.com","Core Cloud","Software / Information Technology","Medium-Small ($10MM-$50MM)","Medium (200-499)","Engaged",59,15,0.518,198,"WARM"
"prime-hub.com","Prime Hub","Software / Information Technology","Micro ($0-$1MM)","Micro (1-9)","Engaged",101,4,0.602,413,"HOT"
"core-io.com","Core Io","Software / Information Technology","Medium-Small ($10MM-$50MM)","Medium-Small (50-199)","Opportunity",204,12,0.850,579,"HOT"
"swift-inc.com","Swift Inc","Logistics and Supply Chain","Micro ($0-$1MM)","Micro (1-9)","Unaware",5,1,0.060,170,"COLD"
"clear-systems.com","Clear Systems","Management Consulting","Small ($1MM-$10MM)","Medium-Small (50-199)","Aware",14,4,0.178,254,"COLD"
"acme-tech.com","Acme Tech","Hospital & Health Care","Medium-Small ($10MM-$50MM)","Medium (200-499)","Engaged",46,9,0.392,158,"WARM"
"clear-works.com","Clear Works","Logistics and Supply Chain","Medium-Large ($50MM-$100MM)","Medium-Large (500-999)","MQL",203,28,0.750,632,"HOT"
"cyber-hub.com","Cyber Hub","Automotive","Micro ($0-$1MM)","Micro (1-9)","Engaged",90,10,0.480,279,"WARM"
"cyber-digital.com","Cyber Digital","Health, Wellness and Fitness","Medium-Small ($10MM-$50MM)","Medium (200-499)","Opportunity",128,34,0.706,479,"HOT"
"green-media.com","Green Media","Software / Information Technology","Small ($1MM-$10MM)","Medium-Small (50-199)","Unaware",5,1,0.160,162,"COLD"
"bright-net.com","Bright Net","Software / Information Technology","Medium-Large ($50MM-$100MM)","Medium (200-499)","Unaware",2,1,0.154,58,"COLD"
"blue-tech.com","Blue Tech","Hospital & Health Care","Micro ($0-$1MM)","Micro (1-9)","Unaware",1,1,0.052,122,"COLD"
"blue-hub.com","Blue Hub","Software / Information Technology","Medium-Small ($10MM-$50MM)","Medium-Small (50-199)","Engaged",85,8,0.570,237,"WARM"
"iron-works.com","Iron Works","Management Consulting","Medium-Small ($10MM-$50MM)","Medium (200-499)","Engaged",19,13,0.338,120,"WARM"
"cyber-cloud.com","Cyber Cloud","Hospital & Health Care","Small ($1MM-$10MM)","Medium-Small (50-199)","Engaged",17,12,0.334,85,"WARM"
"prime-systems.com","Prime Systems","Automotive","XLarge ($200MM-$1B)","Large (1,000-4,999)","Unaware",3,1,0.056,597,"COLD"
"blue-net.com","Blue Net","Entertainment","Small ($1MM-$10MM)","Medium-Small (50-199)","Unaware",4,1,0.058,203,"COLD"
"smart-net.com","Smart Net","Logistics and Supply Chain","Micro ($0-$1MM)","Micro (1-9)","Unaware",3,1,0.056,66,"COLD"
"iron-systems.com","Iron Systems","Retail","Small ($1MM-$10MM)","Small (10-49)","Unaware",5,1,0.160,182,"COLD"
"nexus-hub.com","Nexus Hub","Health, Wellness and Fitness","Micro ($0-$1MM)","Micro (1-9)","Unaware",5,1,0.060,104,"COLD"
"bright-io.com","Bright Io","Construction","Micro ($0-$1MM)","Small (10-49)","Aware",4,4,0.158,220,"COLD"
"bright-works.com","Bright Works","Financial Services","Small ($1MM-$10MM)","Medium-Small (50-199)","Aware",17,5,0.184,150,"COLD"
"swift-tech.com","Swift Tech","Health, Wellness and Fitness","Large ($100MM-$200MM)","Large (1,000-4,999)","Engaged",11,16,0.322,162,"WARM"
"peak-group.com","Peak Group","Software / Information Technology","Medium-Large ($50MM-$100MM)","Medium (200-499)","Aware",10,3,0.270,146,"COLD"
"core-net.com","Core Net","Marketing and Advertising","Micro ($0-$1MM)","Micro (1-9)","Engaged",79,7,0.458,244,"WARM"
"nexus-digital.com","Nexus Digital","Financial Services","Small ($1MM-$10MM)","Medium-Small (50-199)","Aware",8,5,0.166,175,"COLD"
"nexus-works.com","Nexus Works","Marketing and Advertising","XLarge ($200MM-$1B)","Large (1,000-4,999)","Unaware",1,1,0.052,641,"COLD"
"green-solutions.com","Green Solutions","E-Learning","Small ($1MM-$10MM)","Medium-Small (50-199)","Aware",16,5,0.182,277,"COLD"
"peak-data.com","Peak Data","Health, Wellness and Fitness","XXLarge ($1B+)","XXLarge (10,000+)","MQL",65,22,0.580,764,"HOT"
"cyber-media.com","Cyber Media","Manufacturing","Medium-Small ($10MM-$50MM)","Medium-Small (50-199)","Engaged",47,9,0.394,284,"WARM"
"atlas-works.com","Atlas Works","Financial Services","Medium-Large ($50MM-$100MM)","Medium (200-499)","Unaware",1,1,0.052,244,"COLD"
"green-tech.com","Green Tech","Hospital & Health Care","Small ($1MM-$10MM)","Small (10-49)","MQL",178,12,0.750,537,"HOT"
"blue-works.com","Blue Works","Insurance","Small ($1MM-$10MM)","Medium-Small (50-199)","Engaged",12,8,0.324,203,"WARM"
"peak-data.com","Peak Data","Hospital & Health Care","Large ($100MM-$200MM)","Medium-Large (500-999)","Aware",3,2,0.156,140,"COLD"
"green-inc.com","Green Inc","Health, Wellness and Fitness","Medium-Large ($50MM-$100MM)","Medium-Large (500-999)","Unaware",4,1,0.058,74,"COLD"
"core-tech.com","Core Tech","Legal Services","Micro ($0-$1MM)","Micro (1-9)","MQL",125,30,0.700,335,"HOT"
"rapid-tech.com","Rapid Tech","Financial Services","Medium-Small ($10MM-$50MM)","Medium-Small (50-199)","Unaware",5,1,0.060,157,"COLD"
"nexus-systems.com","Nexus Systems","Health, Wellness and Fitness","Micro ($0-$1MM)","Small (10-49)","Unaware",4,1,0.058,67,"COLD"
"vertex-media.com","Vertex Media","Management Consulting","XXLarge ($1B+)","XXLarge (10,000+)","Aware",8,2,0.166,595,"COLD"
"acme-data.com","Acme Data","Retail","Micro ($0-$1MM)","Micro (1-9)","Unaware",4,1,0.158,237,"COLD"
"rapid-works.com","Rapid Works","Food & Beverages","Micro ($0-$1MM)","Micro (1-9)","MQL",89,13,0.628,320,"HOT"
"green-corp.com","Green Corp","Legal Services","Medium-Large ($50MM-$100MM)","Medium-Large (500-999)","Engaged",47,11,0.394,235,"WARM"
"nova-digital.com","Nova Digital","Real Estate","Medium-Large ($50MM-$100MM)","Medium (200-499)","Unaware",2,1,0.054,124,"COLD"
"swift-hub.com","Swift Hub","Education Management","XLarge ($200MM-$1B)","XLarge (5,000-10,000)","Aware",14,5,0.178,723,"COLD"
"green-hub.com","Green Hub","Software / Information Technology","Large ($100MM-$200MM)","Large (1,000-4,999)","Unaware",4,1,0.158,202,"COLD"
"nexus-corp.com","Nexus Corp","Food & Beverages","Micro ($0-$1MM)","Small (10-49)","Unaware",5,1,0.060,147,"COLD"
"vertex-group.com","Vertex Group","Food & Beverages","Micro ($0-$1MM)","Micro (1-9)","Aware",20,2,0.190,259,"COLD"
"apex-labs.com","Apex Labs","Logistics and Supply Chain","Micro ($0-$1MM)","Micro (1-9)","Unaware",2,1,0.054,58,"COLD"
"vertex-works.com","Vertex Works","Food & Beverages","Small ($1MM-$10MM)","Small (10-49)","Unaware",5,1,0.060,142,"COLD"
"acme-labs.com","Acme Labs","Entertainment","Medium-Small ($10MM-$50MM)","Medium-Small (50-199)","Aware",21,4,0.192,134,"COLD"
"swift-digital.com","Swift Digital","Real Estate","Medium-Large ($50MM-$100MM)","Medium (200-499)","Engaged",70,7,0.440,239,"WARM"
"vertex-systems.com","Vertex Systems","Health, Wellness and Fitness","Micro ($0-$1MM)","Small (10-49)","Unaware",3,1,0.056,220,"COLD"
"nova-tech.com","Nova Tech","Software / Information Technology","Micro ($0-$1MM)","Micro (1-9)","Aware",6,4,0.262,210,"COLD"
"acme-io.com","Acme Io","Hospital & Health Care","Small ($1MM-$10MM)","Small (10-49)","MQL",127,15,0.704,463,"HOT"
"swift-net.com","Swift Net","Manufacturing","Large ($100MM-$200MM)","Medium-Large (500-999)","Aware",6,4,0.162,236,"COLD"
"blue-inc.com","Blue Inc","Education Management","Medium-Small ($10MM-$50MM)","Medium-Small (50-199)","Unaware",3,1,0.056,141,"COLD"
"prime-cloud.com","Prime Cloud","Food & Beverages","Small ($1MM-$10MM)","Medium-Small (50-199)","MQL",186,11,0.750,561,"HOT"
"core-labs.com","Core Labs","Financial Services","XLarge ($200MM-$1B)","Large (1,000-4,999)","Engaged",20,14,0.340,705,"WARM"
"iron-io.com","Iron Io","Software / Information Technology","Medium-Small ($10MM-$50MM)","Medium (200-499)","Unaware",5,1,0.160,118,"COLD"
"acme-net.com","Acme Net","Marketing and Advertising","Large ($100MM-$200MM)","Large (1,000-4,999)","Aware",15,4,0.180,193,"COLD"
"swift-group.com","Swift Group","Logistics and Supply Chain","Micro ($0-$1MM)","Small (10-49)","Engaged",72,17,0.444,389,"WARM"
"peak-hub.com","Peak Hub","Hospital & Health Care","Small ($1MM-$10MM)","Small (10-49)","Unaware",5,1,0.060,229,"COLD"
"cyber-hub.com","Cyber Hub","Software / Information Technology","Medium-Small ($10MM-$50MM)","Medium (200-499)","Unaware",5,1,0.160,109,"COLD"
"smart-corp.com","Smart Corp","Food & Beverages","Medium-Large ($50MM-$100MM)","Medium-Large (500-999)","Unaware",1,1,0.052,96,"COLD"
"apex-hub.com","Apex Hub","Software / Information Technology","Small ($1MM-$10MM)","Small (10-49)","Unaware",3,1,0.156,92,"COLD"
"apex-inc.com","Apex Inc","Software / Information Technology","Medium-Large ($50MM-$100MM)","Medium-Large (500-999)","MQL",59,11,0.668,366,"HOT"
"swift-tech.com","Swift Tech","Retail","Micro ($0-$1MM)","Micro (1-9)","Engaged",31,17,0.462,202,"WARM"
"smart-inc.com","Smart Inc","Entertainment","Small ($1MM-$10MM)","Small (10-49)","Aware",13,3,0.176,166,"COLD"
"vertex-media.com","Vertex Media","Consumer Goods","Small ($1MM-$10MM)","Medium-Small (50-199)","Unaware",2,1,0.054,83,"COLD"
"bright-net.com","Bright Net","Telecommunications","Medium-Small ($10MM-$50MM)","Medium-Small (50-199)","Unaware",1,1,0.052,56,"COLD"
"clear-hub.com","Clear Hub","Retail","Large ($100MM-$200MM)","Medium-Large (500-999)","MQL",37,21,0.624,182,"HOT"
"smart-group.com","Smart Group","Financial Services","Medium-Small ($10MM-$50MM)","Medium (200-499)","Unaware",2,1,0.054,75,"COLD"
"smart-corp.com","Smart Corp","Education Management","Micro ($0-$1MM)","Small (10-49)","Unaware",4,1,0.058,102,"COLD"
"acme-hub.com","Acme Hub","Real Estate","Small ($1MM-$10MM)","Small (10-49)","Opportunity",398,30,0.750,942,"HOT"
"blue-systems.com","Blue Systems","Software / Information Technology","Medium-Small ($10MM-$50MM)","Medium (200-499)","Aware",5,5,0.260,146,"COLD"
"nexus-tech.com","Nexus Tech","Automotive","Small ($1MM-$10MM)","Small (10-49)","Aware",3,3,0.156,239,"COLD"
"iron-io.com","Iron Io","Financial Services","Large ($100MM-$200MM)","Large (1,000-4,999)","Unaware",4,1,0.058,116,"COLD"
"smart-data.com","Smart Data","Entertainment","Large ($100MM-$200MM)","Large (1,000-4,999)","Engaged",42,6,0.384,300,"WARM"
"bright-io.com","Bright Io","Food & Beverages","Micro ($0-$1MM)","Micro (1-9)","Unaware",4,1,0.058,220,"COLD"
"stellar-works.com","Stellar Works","Marketing and Advertising","Large ($100MM-$200MM)","Medium-Large (500-999)","Unaware",3,1,0.056,77,"COLD"
"iron-digital.com","Iron Digital","Management Consulting","XLarge ($200MM-$1B)","XLarge (5,000-10,000)","Unaware",2,1,0.054,630,"COLD"
"vertex-media.com","Vertex Media","Retail","Micro ($0-$1MM)","Micro (1-9)","Engaged",88,14,0.576,255,"WARM"
"clear-hub.com","Clear Hub","Construction","Medium-Large ($50MM-$100MM)","Medium (200-499)","Unaware",3,1,0.056,114,"COLD"
"nexus-works.com","Nexus Works","Hospital & Health Care","Micro ($0-$1MM)","Micro (1-9)","Unaware",3,1,0.056,145,"COLD"
"atlas-cloud.com","Atlas Cloud","Marketing and Advertising","Medium-Large ($50MM-$100MM)","Medium-Large (500-999)","Engaged",27,7,0.354,248,"WARM"
"bright-solutions.com","Bright Solutions","Retail","Medium-Large ($50MM-$100MM)","Medium-Large (500-999)","Aware",7,6,0.264,199,"COLD"
"bright-solutions.com","Bright Solutions","Insurance","XLarge ($200MM-$1B)","XLarge (5,000-10,000)","Unaware",5,1,0.060,695,"COLD"
"green-media.com","Green Media","Consumer Goods","Medium-Large ($50MM-$100MM)","Medium-Large (500-999)","Opportunity",306,43,0.750,764,"HOT"
"bright-solutions.com","Bright Solutions","Logistics and Supply Chain","Micro ($0-$1MM)","Micro (1-9)","Aware",3,3,0.156,191,"COLD"
"nova-digital.com","Nova Digital","Legal Services","Small ($1MM-$10MM)","Small (10-49)","Aware",13,1,0.176,146,"COLD"
"bright-labs.com","Bright Labs","Financial Services","Medium-Large ($50MM-$100MM)","Medium (200-499)","Engaged",67,13,0.434,248,"WARM"
"stellar-hub.com","Stellar Hub","Software / Information Technology","Medium-Large ($50MM-$100MM)","Medium-Large (500-999)","Engaged",83,14,0.566,275,"WARM"
"atlas-net.com","Atlas Net","Retail","Micro ($0-$1MM)","Micro (1-9)","Unaware",2,1,0.154,156,"COLD"
"cyber-inc.com","Cyber Inc","Construction","Small ($1MM-$10MM)","Medium-Small (50-199)","Unaware",4,1,0.058,185,"COLD"
"green-corp.com","Green Corp","Hospital & Health Care","Medium-Small ($10MM-$50MM)","Medium-Small (50-199)","Unaware",3,1,0.056,147,"COLD"
"peak-solutions.com","Peak Solutions","Software / Information Technology","Small ($1MM-$10MM)","Medium-Small (50-199)","Aware",17,2,0.284,134,"COLD"
"acme-works.com","Acme Works","Software / Information Technology","Micro ($0-$1MM)","Micro (1-9)","Opportunity",157,44,0.850,524,"HOT"
"swift-inc.com","Swift Inc","Retail","XXLarge ($1B+)","XXLarge (10,000+)","Opportunity",132,37,0.814,924,"HOT"
"nexus-works.com","Nexus Works","Insurance","Small ($1MM-$10MM)","Medium-Small (50-199)","Unaware",2,1,0.054,143,"COLD"
"vertex-systems.com","Vertex Systems","Retail","Micro ($0-$1MM)","Micro (1-9)","Unaware",5,1,0.160,224,"COLD"
"nexus-media.com","Nexus Media","Financial Services","Micro ($0-$1MM)","Micro (1-9)","Unaware",1,1,0.052,166,"COLD"
"prime-systems.com","Prime Systems","Automotive","Medium-Large ($50MM-$100MM)","Medium (200-499)","MQL",57,16,0.564,205,"HOT"
"acme-media.com","Acme Media","Telecommunications","Micro ($0-$1MM)","Micro (1-9)","Unaware",2,1,0.054,125,"COLD"
"stellar-digital.com","Stellar Digital","Hospital & Health Care","XLarge ($200MM-$1B)","Large (1,000-4,999)","Opportunity",65,46,0.580,737,"HOT"
"apex-net.com","Apex Net","Financial Services","Small ($1MM-$10MM)","Small (10-49)","Aware",12,4,0.174,123,"COLD"
"atlas-corp.com","Atlas Corp","Marketing and Advertising","XXLarge ($1B+)","XXLarge (10,000+)","Unaware",3,1,0.056,702,"COLD"
"nexus-digital.com","Nexus Digital","Legal Services","Small ($1MM-$10MM)","Medium-Small (50-199)","Unaware",2,1,0.054,163,"COLD"
"clear-works.com","Clear Works","Retail","XXLarge ($1B+)","XXLarge (10,000+)","Unaware",4,1,0.158,734,"COLD"
"cyber-tech.com","Cyber Tech","Software / Information Technology","Micro ($0-$1MM)","Micro (1-9)","Unaware",3,1,0.156,232,"COLD"
"vertex-io.com","Vertex Io","Insurance","Micro ($0-$1MM)","Small (10-49)","Unaware",4,1,0.058,168,"COLD"
"core-inc.com","Core Inc","Retail","Small ($1MM-$10MM)","Small (10-49)","Engaged",32,6,0.464,224,"WARM"
"swift-corp.com","Swift Corp","Retail","Small ($1MM-$10MM)","Small (10-49)","Engaged",20,13,0.440,162,"WARM"
"acme-corp.com","Acme Corp","E-Learning","Micro ($0-$1MM)","Micro (1-9)","Unaware",4,1,0.058,95,"COLD"
"rapid-labs.com","Rapid Labs","Entertainment","Small ($1MM-$10MM)","Medium-Small (50-199)","MQL",224,7,0.750,671,"HOT"
"clear-cloud.com","Clear Cloud","Legal Services","Micro ($0-$1MM)","Micro (1-9)","Unaware",3,1,0.056,150,"COLD"
"iron-systems.com","Iron Systems","Entertainment","Small ($1MM-$10MM)","Medium-Small (50-199)","Aware",4,4,0.158,180,"COLD"
"atlas-inc.com","Atlas Inc","Education Management","Medium-Small ($10MM-$50MM)","Medium (200-499)","Engaged",41,15,0.382,210,"WARM"
"core-works.com","Core Works","Insurance","Micro ($0-$1MM)","Small (10-49)","Engaged",35,13,0.370,173,"WARM"
"apex-media.com","Apex Media","Consumer Goods","Medium-Small ($10MM-$50MM)","Medium (200-499)","Unaware",5,1,0.060,184,"COLD"
"atlas-inc.com","Atlas Inc","Marketing and Advertising","Medium-Large ($50MM-$100MM)","Medium-Large (500-999)","Aware",17,4,0.184,162,"COLD"
"nova-works.com","Nova Works","Food & Beverages","XXLarge ($1B+)","XXLarge (10,000+)","Unaware",1,1,0.052,727,"COLD"
"swift-inc.com","Swift Inc","Real Estate","Medium-Large ($50MM-$100MM)","Medium (200-499)","MQL",213,8,0.750,586,"HOT"
"clear-hub.com","Clear Hub","Retail","Small ($1MM-$10MM)","Small (10-49)","Unaware",4,1,0.158,116,"COLD"
"nova-tech.com","Nova Tech","Marketing and Advertising","Medium-Small ($10MM-$50MM)","Medium (200-499)","Unaware",1,1,0.052,200,"COLD"
"core-solutions.com","Core Solutions","Entertainment","Medium-Small ($10MM-$50MM)","Medium (200-499)","Engaged",48,8,0.396,290,"WARM"
"acme-media.com","Acme Media","Retail","Medium-Large ($50MM-$100MM)","Medium-Large (500-999)","Aware",16,1,0.282,153,"COLD"
"acme-group.com","Acme Group","Hospital & Health Care","Micro ($0-$1MM)","Micro (1-9)","Engaged",109,9,0.518,371,"HOT"
"vertex-corp.com","Vertex Corp","Retail","Micro ($0-$1MM)","Micro (1-9)","Opportunity",315,29,0.850,762,"HOT"
"global-cloud.com","Global Cloud","Construction","Medium-Small ($10MM-$50MM)","Medium (200-499)","MQL",219,26,0.750,529,"HOT"
"smart-labs.com","Smart Labs","Real Estate","Small ($1MM-$10MM)","Medium-Small (50-199)","Engaged",80,7,0.460,337,"WARM"
"nova-group.com","Nova Group","Telecommunications","Micro ($0-$1MM)","Micro (1-9)","Aware",20,2,0.190,189,"COLD"
"atlas-hub.com","Atlas Hub","Real Estate","Large ($100MM-$200MM)","Medium-Large (500-999)","Unaware",3,1,0.056,146,"COLD"
"cyber-hub.com","Cyber Hub","Real Estate","Medium-Small ($10MM-$50MM)","Medium (200-499)","Unaware",3,1,0.056,105,"COLD"
"swift-labs.com","Swift Labs","Manufacturing","Small ($1MM-$10MM)","Small (10-49)","Aware",16,4,0.182,87,"COLD"
"nova-hub.com","Nova Hub","Marketing and Advertising","Small ($1MM-$10MM)","Medium-Small (50-199)","Unaware",1,1,0.052,190,"COLD"
"bright-io.com","Bright Io","Software / Information Technology","Medium-Small ($10MM-$50MM)","Medium (200-499)","Unaware",2,1,0.154,216,"COLD"
"peak-tech.com","Peak Tech","Marketing and Advertising","Medium-Small ($10MM-$50MM)","Medium-Small (50-199)","Aware",8,5,0.166,129,"COLD"
"green-inc.com","Green Inc","Hospital & Health Care","XLarge ($200MM-$1B)","Large (1,000-4,999)","Engaged",52,3,0.404,670,"WARM"
"core-labs.com","Core Labs","Logistics and Supply Chain","Medium-Small ($10MM-$50MM)","Medium (200-499)","Aware",8,3,0.166,181,"COLD"
"global-cloud.com","Global Cloud","Food & Beverages","Micro ($0-$1MM)","Micro (1-9)","Unaware",5,1,0.060,101,"COLD"
"rapid-io.com","Rapid Io","Education Management","Small ($1MM-$10MM)","Small (10-49)","Unaware",2,1,0.054,124,"COLD"
"green-media.com","Green Media","Legal Services","Small ($1MM-$10MM)","Small (10-49)","Unaware",3,1,0.056,158,"COLD"
"swift-hub.com","Swift Hub","Hospital & Health Care","Large ($100MM-$200MM)","Large (1,000-4,999)","MQL",162,22,0.750,519,"HOT"
"vertex-works.com","Vertex Works","Software / Information Technology","XXLarge ($1B+)","XXLarge (10,000+)","Aware",16,3,0.282,664,"COLD"
"clear-net.com","Clear Net","Retail","XLarge ($200MM-$1B)","Large (1,000-4,999)","Aware",3,5,0.256,582,"COLD"
"iron-inc.com","Iron Inc","Retail","Small ($1MM-$10MM)","Medium-Small (50-199)","Opportunity",389,25,0.850,882,"HOT"
"swift-io.com","Swift Io","Real Estate","Micro ($0-$1MM)","Micro (1-9)","Aware",4,1,0.158,94,"COLD"
"nexus-data.com","Nexus Data","Marketing and Advertising","Micro ($0-$1MM)","Micro (1-9)","Unaware",4,1,0.058,153,"COLD"
"iron-io.com","Iron Io","Financial Services","Large ($100MM-$200MM)","Large (1,000-4,999)","Unaware",5,1,0.060,118,"COLD"
"clear-group.com","Clear Group","Financial Services","Micro ($0-$1MM)","Micro (1-9)","Unaware",2,1,0.054,172,"COLD"
"apex-net.com","Apex Net","Financial Services","Large ($100MM-$200MM)","Medium-Large (500-999)","Unaware",3,1,0.056,105,"COLD"
"nexus-works.com","Nexus Works","Software / Information Technology","Small ($1MM-$10MM)","Medium-Small (50-199)","Unaware",2,1,0.154,143,"COLD"
"global-works.com","Global Works","Manufacturing","Micro ($0-$1MM)","Small (10-49)","Aware",14,3,0.178,151,"COLD"
"acme-works.com","Acme Works","Consumer Goods","XXLarge ($1B+)","XXLarge (10,000+)","Unaware",3,1,0.056,716,"COLD"
"stellar-solutions.com","Stellar Solutions","Manufacturing","XLarge ($200MM-$1B)","XLarge (5,000-10,000)","Aware",21,4,0.192,784,"COLD"
"blue-data.com","Blue Data","Legal Services","Medium-Large ($50MM-$100MM)","Medium (200-499)","Unaware",5,1,0.060,167,"COLD"
"core-media.com","Core Media","Financial Services","Medium-Small ($10MM-$50MM)","Medium (200-499)","Aware",8,4,0.166,178,"COLD"
"cyber-labs.com","Cyber Labs","Manufacturing","Micro ($0-$1MM)","Micro (1-9)","Aware",4,5,0.158,107,"COLD"
"global-data.com","Global Data","Logistics and Supply Chain","Medium-Small ($10MM-$50MM)","Medium (200-499)","Engaged",22,6,0.344,252,"WARM"
"smart-solutions.com","Smart Solutions","Software / Information Technology","XLarge ($200MM-$1B)","XLarge (5,000-10,000)","Opportunity",140,21,0.830,942,"HOT"
"global-works.com","Global Works","Retail","Large ($100MM-$200MM)","Medium-Large (500-999)","Opportunity",203,24,0.850,529,"HOT"
"core-cloud.com","Core Cloud","Legal Services","Medium-Large ($50MM-$100MM)","Medium-Large (500-999)","Unaware",4,1,0.058,88,"COLD"
"iron-group.com","Iron Group","Health, Wellness and Fitness","Micro ($0-$1MM)","Micro (1-9)","Unaware",5,1,0.060,205,"COLD"
"iron-labs.com","Iron Labs","Consumer Goods","Large ($100MM-$200MM)","Large (1,000-4,999)","Aware",15,3,0.180,257,"COLD"
"green-media.com","Green Media","Software / Information Technology","Medium-Small ($10MM-$50MM)","Medium (200-499)","Unaware",2,1,0.154,156,"COLD"
"core-data.com","Core Data","Software / Information Technology","Large ($100MM-$200MM)","Large (1,000-4,999)","Unaware",4,1,0.158,162,"COLD"
"apex-group.com","Apex Group","Marketing and Advertising","XXLarge ($1B+)","XXLarge (10,000+)","Aware",6,1,0.162,611,"COLD"
"nova-inc.com","Nova Inc","Retail","Small ($1MM-$10MM)","Small (10-49)","Unaware",3,1,0.156,193,"COLD"
"swift-digital.com","Swift Digital","Telecommunications","Micro ($0-$1MM)","Micro (1-9)","Unaware",2,1,0.054,103,"COLD"
"cyber-tech.com","Cyber Tech","Financial Services","Small ($1MM-$10MM)","Small (10-49)","Unaware",1,1,0.052,228,"COLD"
"iron-tech.com","Iron Tech","Food & Beverages","Small ($1MM-$10MM)","Medium-Small (50-199)","MQL",155,15,0.750,455,"HOT"
"nexus-io.com","Nexus Io","Retail","Small ($1MM-$10MM)","Small (10-49)","Engaged",103,13,0.606,385,"HOT"
"atlas-group.com","Atlas Group","Marketing and Advertising","XXLarge ($1B+)","XXLarge (10,000+)","Engaged",27,4,0.354,637,"WARM"
"nexus-labs.com","Nexus Labs","Health, Wellness and Fitness","Medium-Small ($10MM-$50MM)","Medium-Small (50-199)","Unaware",4,1,0.058,158,"COLD"
"clear-works.com","Clear Works","Marketing and Advertising","Micro ($0-$1MM)","Micro (1-9)","MQL",125,23,0.700,476,"HOT"
"bright-media.com","Bright Media","Retail","XLarge ($200MM-$1B)","XLarge (5,000-10,000)","Aware",14,3,0.278,730,"COLD"
"swift-net.com","Swift Net","Telecommunications","Micro ($0-$1MM)","Micro (1-9)","Aware",9,3,0.168,242,"COLD"
"rapid-corp.com","Rapid Corp","Financial Services","Medium-Large ($50MM-$100MM)","Medium-Large (500-999)","Engaged",80,6,0.460,377,"WARM"
"vertex-media.com","Vertex Media","Marketing and Advertising","Medium-Small ($10MM-$50MM)","Medium (200-499)","MQL",58,12,0.566,195,"HOT"
"global-corp.com","Global Corp","Retail","Medium-Large ($50MM-$100MM)","Medium (200-499)","Opportunity",95,42,0.740,366,"HOT"
"vertex-media.com","Vertex Media","Hospital & Health Care","Medium-Small ($10MM-$50MM)","Medium (200-499)","Unaware",1,1,0.052,81,"COLD"
"vertex-labs.com","Vertex Labs","Construction","Medium-Small ($10MM-$50MM)","Medium (200-499)","Unaware",2,1,0.054,212,"COLD"
"stellar-systems.com","Stellar Systems","Consumer Goods","Small ($1MM-$10MM)","Small (10-49)","Aware",12,4,0.174,177,"COLD"
"prime-group.com","Prime Group","Software / Information Technology","Small ($1MM-$10MM)","Medium-Small (50-199)","Aware",15,2,0.280,156,"COLD"
"stellar-works.com","Stellar Works","Software / Information Technology","XLarge ($200MM-$1B)","XLarge (5,000-10,000)","Aware",9,2,0.268,589,"COLD"
"core-group.com","Core Group","Telecommunications","Micro ($0-$1MM)","Micro (1-9)","Unaware",2,1,0.054,120,"COLD"
"clear-hub.com","Clear Hub","Logistics and Supply Chain","Small ($1MM-$10MM)","Small (10-49)","Engaged",92,8,0.484,292,"WARM"
"bright-corp.com","Bright Corp","Legal Services","Large ($100MM-$200MM)","Large (1,000-4,999)","Aware",11,2,0.172,246,"COLD"
"vertex-tech.com","Vertex Tech","Software / Information Technology","Small ($1MM-$10MM)","Medium-Small (50-199)","Unaware",4,1,0.158,64,"COLD"
"peak-inc.com","Peak Inc","Management Consulting","Micro ($0-$1MM)","Small (10-49)","Aware",17,3,0.184,130,"COLD"
"iron-systems.com","Iron Systems","Education Management","Medium-Small ($10MM-$50MM)","Medium-Small (50-199)","Engaged",27,16,0.354,226,"WARM"
"cyber-group.com","Cyber Group","Automotive","Small ($1MM-$10MM)","Medium-Small (50-199)","Aware",21,5,0.192,103,"COLD"
"core-corp.com","Core Corp","Marketing and Advertising","Medium-Small ($10MM-$50MM)","Medium-Small (50-199)","MQL",30,16,0.510,296,"HOT"
"vertex-io.com","Vertex Io","Entertainment","Micro ($0-$1MM)","Micro (1-9)","MQL",219,24,0.750,598,"HOT"
"cyber-works.com","Cyber Works","Marketing and Advertising","Small ($1MM-$10MM)","Medium-Small (50-199)","Opportunity",222,19,0.750,693,"HOT"
"peak-data.com","Peak Data","Food & Beverages","XLarge ($200MM-$1B)","XLarge (5,000-10,000)","Aware",5,3,0.160,644,"COLD"
"global-works.com","Global Works","Legal Services","Small ($1MM-$10MM)","Small (10-49)","Unaware",5,1,0.060,133,"COLD"
"swift-systems.com","Swift Systems","Marketing and Advertising","Medium-Large ($50MM-$100MM)","Medium (200-499)","Unaware",4,1,0.058,255,"COLD"
"peak-labs.com","Peak Labs","E-Learning","Small ($1MM-$10MM)","Small (10-49)","Aware",19,4,0.188,264,"COLD"
"stellar-corp.com","Stellar Corp","Education Management","Medium-Small ($10MM-$50MM)","Medium (200-499)","Engaged",21,9,0.342,270,"WARM"
"nova-tech.com","Nova Tech","Construction","Small ($1MM-$10MM)","Small (10-49)","Aware",18,6,0.186,234,"COLD"
"cyber-corp.com","Cyber Corp","Insurance","Medium-Small ($10MM-$50MM)","Medium-Small (50-199)","Unaware",4,1,0.058,151,"COLD"
"atlas-tech.com","Atlas Tech","Management Consulting","Large ($100MM-$200MM)","Large (1,000-4,999)","Unaware",5,1,0.060,64,"COLD"
"acme-inc.com","Acme Inc","Software / Information Technology","Small ($1MM-$10MM)","Medium-Small (50-199)","Unaware",4,1,0.158,244,"COLD"
"rapid-group.com","Rapid Group","Health, Wellness and Fitness","Micro ($0-$1MM)","Micro (1-9)","Engaged",76,16,0.452,375,"WARM"
"atlas-inc.com","Atlas Inc","Software / Information Technology","Micro ($0-$1MM)","Micro (1-9)","Opportunity",125,48,0.800,378,"HOT"
"nexus-corp.com","Nexus Corp","Marketing and Advertising","Micro ($0-$1MM)","Micro (1-9)","MQL",152,20,0.750,441,"HOT"
"prime-inc.com","Prime Inc","Logistics and Supply Chain","Medium-Small ($10MM-$50MM)","Medium-Small (50-199)","Unaware",1,1,0.052,88,"COLD"
"global-data.com","Global Data","Automotive","Medium-Small ($10MM-$50MM)","Medium (200-499)","Unaware",2,1,0.054,212,"COLD"
"vertex-solutions.com","Vertex Solutions","Consumer Goods","Medium-Large ($50MM-$100MM)","Medium (200-499)","Engaged",101,12,0.502,277,"HOT"
"peak-inc.com","Peak Inc","Real Estate","Micro ($0-$1MM)","Micro (1-9)","Unaware",1,1,0.052,98,"COLD"
"vertex-systems.com","Vertex Systems","Education Management","Micro ($0-$1MM)","Micro (1-9)","Engaged",80,6,0.460,374,"WARM"
"swift-labs.com","Swift Labs","Manufacturing","Small ($1MM-$10MM)","Medium-Small (50-199)","Aware",8,2,0.166,71,"COLD"
"green-systems.com","Green Systems","E-Learning","Medium-Small ($10MM-$50MM)","Medium-Small (50-199)","Engaged",53,3,0.406,316,"WARM"
"stellar-net.com","Stellar Net","Health, Wellness and Fitness","XLarge ($200MM-$1B)","XLarge (5,000-10,000)","Unaware",3,1,0.056,585,"COLD"
"atlas-inc.com","Atlas Inc","Construction","Medium-Large ($50MM-$100MM)","Medium (200-499)","Unaware",3,1,0.056,134,"COLD"
"bright-labs.com","Bright Labs","Software / Information Technology","XLarge ($200MM-$1B)","Large (1,000-4,999)","Unaware",2,1,0.154,618,"COLD"
"bright-works.com","Bright Works","Automotive","Small ($1MM-$10MM)","Small (10-49)","Unaware",5,1,0.060,126,"COLD"
"prime-data.com","Prime Data","Insurance","XLarge ($200MM-$1B)","XLarge (5,000-10,000)","Aware",8,3,0.166,765,"COLD"
"acme-group.com","Acme Group","Manufacturing","Medium-Small ($10MM-$50MM)","Medium-Small (50-199)","Aware",11,2,0.172,175,"COLD"
"smart-inc.com","Smart Inc","Food & Beverages","Micro ($0-$1MM)","Micro (1-9)","Engaged",52,16,0.404,244,"WARM"
"smart-inc.com","Smart Inc","Health, Wellness and Fitness","Small ($1MM-$10MM)","Small (10-49)","Aware",21,2,0.192,182,"COLD"
"rapid-systems.com","Rapid Systems","Manufacturing","Micro ($0-$1MM)","Small (10-49)","MQL",122,27,0.694,335,"HOT"
"core-io.com","Core Io","Education Management","Micro ($0-$1MM)","Micro (1-9)","Engaged",103,12,0.506,377,"HOT"
"peak-systems.com","Peak Systems","Telecommunications","Large ($100MM-$200MM)","Medium-Large (500-999)","Engaged",65,7,0.430,271,"WARM"
"apex-data.com","Apex Data","Food & Beverages","XLarge ($200MM-$1B)","Large (1,000-4,999)","Engaged",108,8,0.516,879,"HOT"
"nova-group.com","Nova Group","Food & Beverages","Medium-Small ($10MM-$50MM)","Medium (200-499)","Engaged",25,7,0.350,199,"WARM"
"green-labs.com","Green Labs","Telecommunications","XLarge ($200MM-$1B)","Large (1,000-4,999)","Unaware",4,1,0.058,741,"COLD"
"stellar-net.com","Stellar Net","Marketing and Advertising","Medium-Large ($50MM-$100MM)","Medium (200-499)","Unaware",4,1,0.058,87,"COLD"
"smart-inc.com","Smart Inc","Marketing and Advertising","Medium-Small ($10MM-$50MM)","Medium-Small (50-199)","Unaware",3,1,0.056,146,"COLD"
"prime-systems.com","Prime Systems","E-Learning","Micro ($0-$1MM)","Micro (1-9)","Engaged",92,14,0.484,275,"WARM"
"cyber-works.com","Cyber Works","Financial Services","Micro ($0-$1MM)","Micro (1-9)","Aware",22,4,0.194,293,"COLD"
"global-works.com","Global Works","Insurance","Micro ($0-$1MM)","Small (10-49)","Engaged",71,8,0.442,265,"WARM"
"bright-works.com","Bright Works","Financial Services","Large ($100MM-$200MM)","Medium-Large (500-999)","Unaware",5,1,0.060,126,"COLD"
"cyber-solutions.com","Cyber Solutions","Health, Wellness and Fitness","Small ($1MM-$10MM)","Medium-Small (50-199)","Aware",5,2,0.160,197,"COLD"
"clear-data.com","Clear Data","Retail","Micro ($0-$1MM)","Micro (1-9)","Aware",6,3,0.262,67,"COLD"
"stellar-solutions.com","Stellar Solutions","Marketing and Advertising","Medium-Small ($10MM-$50MM)","Medium-Small (50-199)","Unaware",4,1,0.058,250,"COLD"
"prime-digital.com","Prime Digital","Telecommunications","Medium-Large ($50MM-$100MM)","Medium (200-499)","Unaware",3,1,0.056,222,"COLD"
"acme-io.com","Acme Io","Software / Information Technology","XLarge ($200MM-$1B)","XLarge (5,000-10,000)","Aware",6,1,0.262,721,"COLD"
"swift-labs.com","Swift Labs","Manufacturing","XXLarge ($1B+)","XXLarge (10,000+)","MQL",32,9,0.514,619,"HOT"
"prime-data.com","Prime Data","Software / Information Technology","Medium-Small ($10MM-$50MM)","Medium-Small (50-199)","Aware",21,6,0.292,291,"COLD"
"acme-works.com","Acme Works","Real Estate","Small ($1MM-$10MM)","Medium-Small (50-199)","Aware",3,2,0.156,216,"COLD"
"blue-labs.com","Blue Labs","Construction","XLarge ($200MM-$1B)","Large (1,000-4,999)","Unaware",3,1,0.056,708,"COLD"
"blue-tech.com","Blue Tech","Hospital & Health Care","Medium-Small ($10MM-$50MM)","Medium-Small (50-199)","Engaged",23,4,0.346,166,"WARM"
"vertex-hub.com","Vertex Hub","Marketing and Advertising","Medium-Small ($10MM-$50MM)","Medium (200-499)","Unaware",3,1,0.056,126,"COLD"
"clear-media.com","Clear Media","Financial Services","XLarge ($200MM-$1B)","Large (1,000-4,999)","Unaware",4,1,0.058,585,"COLD"
"nexus-cloud.com","Nexus Cloud","Software / Information Technology","Medium-Large ($50MM-$100MM)","Medium (200-499)","Aware",6,1,0.262,257,"COLD"
"acme-io.com","Acme Io","Software / Information Technology","Medium-Small ($10MM-$50MM)","Medium-Small (50-199)","Engaged",102,12,0.604,413,"HOT"
"iron-digital.com","Iron Digital","Financial Services","Small ($1MM-$10MM)","Medium-Small (50-199)","Opportunity",149,19,0.748,424,"HOT"
"rapid-works.com","Rapid Works","Logistics and Supply Chain","Medium-Small ($10MM-$50MM)","Medium-Small (50-199)","Aware",12,5,0.174,166,"COLD"
"atlas-cloud.com","Atlas Cloud","Software / Information Technology","Medium-Large ($50MM-$100MM)","Medium (200-499)","Engaged",41,10,0.482,276,"WARM"
"prime-systems.com","Prime Systems","Software / Information Technology","Medium-Large ($50MM-$100MM)","Medium-Large (500-999)","Aware",19,3,0.288,129,"COLD"
"nova-inc.com","Nova Inc","Software / Information Technology","XXLarge ($1B+)","XXLarge (10,000+)","Engaged",19,15,0.438,725,"WARM"
"iron-net.com","Iron Net","Software / Information Technology","Micro ($0-$1MM)","Micro (1-9)","MQL",124,16,0.798,404,"HOT"
"bright-group.com","Bright Group","Marketing and Advertising","Small ($1MM-$10MM)","Small (10-49)","MQL",117,15,0.684,473,"HOT"
"global-hub.com","Global Hub","Construction","Large ($100MM-$200MM)","Medium-Large (500-999)","Engaged",81,12,0.462,269,"WARM"
"peak-data.com","Peak Data","Software / Information Technology","Medium-Small ($10MM-$50MM)","Medium-Small (50-199)","MQL",148,19,0.846,430,"HOT"
"vertex-io.com","Vertex Io","E-Learning","Large ($100MM-$200MM)","Medium-Large (500-999)","Unaware",5,1,0.060,170,"COLD"
"cyber-group.com","Cyber Group","Software / Information Technology","Micro ($0-$1MM)","Micro (1-9)","Unaware",3,1,0.156,67,"COLD"
"prime-systems.com","Prime Systems","Health, Wellness and Fitness","XLarge ($200MM-$1B)","Large (1,000-4,999)","Unaware",1,1,0.052,593,"COLD"
"atlas-systems.com","Atlas Systems","Health, Wellness and Fitness","Small ($1MM-$10MM)","Medium-Small (50-199)","Engaged",27,15,0.354,175,"WARM"
"apex-systems.com","Apex Systems","Retail","Micro ($0-$1MM)","Small (10-49)","MQL",77,27,0.704,368,"HOT"
"peak-io.com","Peak Io","Marketing and Advertising","Medium-Small ($10MM-$50MM)","Medium (200-499)","Unaware",5,1,0.060,168,"COLD"
"iron-media.com","Iron Media","Food & Beverages","Micro ($0-$1MM)","Micro (1-9)","Aware",3,2,0.156,169,"COLD"
"smart-digital.com","Smart Digital","Entertainment","Micro ($0-$1MM)","Micro (1-9)","Unaware",4,1,0.058,139,"COLD"
"vertex-hub.com","Vertex Hub","Automotive","Small ($1MM-$10MM)","Small (10-49)","Engaged",93,10,0.486,306,"WARM"
"green-data.com","Green Data","Construction","Medium-Small ($10MM-$50MM)","Medium-Small (50-199)","Unaware",1,1,0.052,142,"COLD"
"atlas-inc.com","Atlas Inc","E-Learning","Micro ($0-$1MM)","Micro (1-9)","Aware",9,4,0.168,146,"COLD"
"green-systems.com","Green Systems","Software / Information Technology","Small ($1MM-$10MM)","Medium-Small (50-199)","Aware",21,3,0.292,252,"COLD"
"vertex-works.com","Vertex Works","Marketing and Advertising","Small ($1MM-$10MM)","Small (10-49)","Aware",4,3,0.158,140,"COLD"
"peak-net.com","Peak Net","Construction","Large ($100MM-$200MM)","Large (1,000-4,999)","Unaware",3,1,0.056,132,"COLD"
"rapid-works.com","Rapid Works","Financial Services","Large ($100MM-$200MM)","Medium-Large (500-999)","Unaware",1,1,0.052,144,"COLD"
"rapid-net.com","Rapid Net","Health, Wellness and Fitness","Micro ($0-$1MM)","Small (10-49)","Aware",16,2,0.182,228,"COLD"
"stellar-group.com","Stellar Group","Management Consulting","Small ($1MM-$10MM)","Small (10-49)","Engaged",47,13,0.394,248,"WARM"
"global-works.com","Global Works","Retail","Micro ($0-$1MM)","Micro (1-9)","Engaged",47,12,0.494,217,"WARM"
"blue-cloud.com","Blue Cloud","Logistics and Supply Chain","XLarge ($200MM-$1B)","XLarge (5,000-10,000)","Unaware",3,1,0.056,569,"COLD"
"green-group.com","Green Group","Education Management","Medium-Small ($10MM-$50MM)","Medium (200-499)","Unaware",5,1,0.060,252,"COLD"
"iron-hub.com","Iron Hub","Telecommunications","XXLarge ($1B+)","XXLarge (10,000+)","Unaware",5,1,0.060,643,"COLD"
"iron-systems.com","Iron Systems","Legal Services","Medium-Small ($10MM-$50MM)","Medium (200-499)","Unaware",1,1,0.052,174,"COLD"
"rapid-solutions.com","Rapid Solutions","Software / Information Technology","Micro ($0-$1MM)","Micro (1-9)","Aware",4,6,0.258,224,"COLD"
"clear-solutions.com","Clear Solutions","Automotive","XLarge ($200MM-$1B)","XLarge (5,000-10,000)","Aware",19,1,0.188,594,"COLD"
"peak-data.com","Peak Data","Insurance","Small ($1MM-$10MM)","Small (10-49)","Aware",4,4,0.158,142,"COLD"
"acme-inc.com","Acme Inc","Financial Services","XLarge ($200MM-$1B)","Large (1,000-4,999)","Unaware",5,1,0.060,746,"COLD"
"peak-labs.com","Peak Labs","Food & Beverages","Medium-Small ($10MM-$50MM)","Medium-Small (50-199)","Unaware",2,1,0.054,230,"COLD"
"nexus-data.com","Nexus Data","Legal Services","Medium-Small ($10MM-$50MM)","Medium (200-499)","Aware",13,2,0.176,171,"COLD"
"nova-io.com","Nova Io","Marketing and Advertising","Large ($100MM-$200MM)","Medium-Large (500-999)","Aware",10,3,0.170,93,"COLD"
"apex-io.com","Apex Io","Logistics and Supply Chain","Small ($1MM-$10MM)","Medium-Small (50-199)","Unaware",3,1,0.056,210,"COLD"
"rapid-hub.com","Rapid Hub","Software / Information Technology","Small ($1MM-$10MM)","Small (10-49)","Unaware",1,1,0.152,242,"COLD"
"blue-corp.com","Blue Corp","Software / Information Technology","Large ($100MM-$200MM)","Medium-Large (500-999)","Unaware",3,1,0.156,56,"COLD"
"swift-group.com","Swift Group","Software / Information Technology","Small ($1MM-$10MM)","Small (10-49)","Unaware",4,1,0.158,253,"COLD"
"nova-media.com","Nova Media","Health, Wellness and Fitness","Medium-Small ($10MM-$50MM)","Medium (200-499)","Unaware",5,1,0.060,89,"COLD"
"cyber-io.com","Cyber Io","Marketing and Advertising","Small ($1MM-$10MM)","Small (10-49)","Unaware",3,1,0.056,245,"COLD"
"rapid-cloud.com","Rapid Cloud","Education Management","Micro ($0-$1MM)","Micro (1-9)","Unaware",1,1,0.052,226,"COLD"
"cyber-systems.com","Cyber Systems","Software / Information Technology","Large ($100MM-$200MM)","Large (1,000-4,999)","Unaware",5,1,0.160,180,"COLD"
"vertex-media.com","Vertex Media","Retail","Micro ($0-$1MM)","Micro (1-9)","Engaged",48,12,0.496,175,"WARM"
"rapid-data.com","Rapid Data","Manufacturing","Micro ($0-$1MM)","Small (10-49)","Engaged",29,12,0.358,246,"WARM"
"cyber-hub.com","Cyber Hub","E-Learning","Medium-Large ($50MM-$100MM)","Medium-Large (500-999)","Unaware",5,1,0.060,109,"COLD"
"bright-media.com","Bright Media","Logistics and Supply Chain","Small ($1MM-$10MM)","Small (10-49)","Unaware",4,1,0.058,210,"COLD"
"prime-inc.com","Prime Inc","Marketing and Advertising","Small ($1MM-$10MM)","Small (10-49)","Aware",8,6,0.166,102,"COLD"
"prime-systems.com","Prime Systems","Telecommunications","Large ($100MM-$200MM)","Medium-Large (500-999)","Aware",15,3,0.180,121,"COLD"
"iron-net.com","Iron Net","E-Learning","Medium-Small ($10MM-$50MM)","Medium (200-499)","Aware",9,5,0.168,174,"COLD"
"smart-works.com","Smart Works","Entertainment","Medium-Small ($10MM-$50MM)","Medium-Small (50-199)","MQL",225,12,0.750,662,"HOT"
"green-hub.com","Green Hub","Consumer Goods","Medium-Small ($10MM-$50MM)","Medium-Small (50-199)","Aware",16,5,0.182,226,"COLD"
"smart-net.com","Smart Net","Education Management","Medium-Large ($50MM-$100MM)","Medium (200-499)","Engaged",26,9,0.352,112,"WARM"
"green-systems.com","Green Systems","Marketing and Advertising","XLarge ($200MM-$1B)","XLarge (5,000-10,000)","Opportunity",370,49,0.750,1450,"HOT"
"clear-tech.com","Clear Tech","Manufacturing","Medium-Small ($10MM-$50MM)","Medium-Small (50-199)","Engaged",85,8,0.470,323,"WARM"
"peak-group.com","Peak Group","Insurance","Medium-Small ($10MM-$50MM)","Medium-Small (50-199)","Opportunity",59,31,0.568,244,"HOT"
"smart-inc.com","Smart Inc","Logistics and Supply Chain","Large ($100MM-$200MM)","Medium-Large (500-999)","Engaged",87,11,0.474,314,"WARM"
"global-digital.com","Global Digital","Telecommunications","Micro ($0-$1MM)","Micro (1-9)","Aware",15,2,0.180,211,"COLD"
"green-hub.com","Green Hub","E-Learning","Micro ($0-$1MM)","Micro (1-9)","Unaware",4,1,0.058,202,"COLD"
"cyber-data.com","Cyber Data","Marketing and Advertising","Small ($1MM-$10MM)","Small (10-49)","Unaware",1,1,0.052,144,"COLD"
"prime-digital.com","Prime Digital","Management Consulting","Medium-Small ($10MM-$50MM)","Medium (200-499)","Engaged",30,3,0.360,276,"WARM"
"stellar-tech.com","Stellar Tech","Construction","Small ($1MM-$10MM)","Medium-Small (50-199)","Aware",8,5,0.166,72,"COLD"
"vertex-corp.com","Vertex Corp","Entertainment","Large ($100MM-$200MM)","Medium-Large (500-999)","Unaware",1,1,0.052,134,"COLD"
"stellar-data.com","Stellar Data","Health, Wellness and Fitness","XLarge ($200MM-$1B)","Large (1,000-4,999)","Unaware",2,1,0.054,715,"COLD"
"nexus-corp.com","Nexus Corp","Software / Information Technology","XXLarge ($1B+)","XXLarge (10,000+)","Aware",13,3,0.276,663,"COLD"
"nova-corp.com","Nova Corp","Financial Services","Medium-Large ($50MM-$100MM)","Medium (200-499)","Unaware",4,1,0.058,152,"COLD"
"core-digital.com","Core Digital","Consumer Goods","Small ($1MM-$10MM)","Small (10-49)","Aware",19,3,0.188,179,"COLD"
"apex-tech.com","Apex Tech","Marketing and Advertising","Micro ($0-$1MM)","Small (10-49)","Unaware",3,1,0.056,131,"COLD"
"prime-cloud.com","Prime Cloud","Software / Information Technology","Large ($100MM-$200MM)","Large (1,000-4,999)","Unaware",2,1,0.154,193,"COLD"
"apex-corp.com","Apex Corp","Automotive","Micro ($0-$1MM)","Micro (1-9)","Engaged",30,17,0.360,136,"WARM"
"smart-solutions.com","Smart Solutions","E-Learning","Micro ($0-$1MM)","Small (10-49)","Engaged",27,13,0.354,216,"WARM"
"green-io.com","Green Io","Manufacturing","Micro ($0-$1MM)","Micro (1-9)","Unaware",1,1,0.052,89,"COLD"
"iron-labs.com","Iron Labs","Health, Wellness and Fitness","Medium-Small ($10MM-$50MM)","Medium (200-499)","Unaware",3,1,0.056,233,"COLD"
"nexus-corp.com","Nexus Corp","Legal Services","Micro ($0-$1MM)","Small (10-49)","Unaware",5,1,0.060,147,"COLD"
"apex-digital.com","Apex Digital","Software / Information Technology","XXLarge ($1B+)","XXLarge (10,000+)","Unaware",4,1,0.158,560,"COLD"
"vertex-cloud.com","Vertex Cloud","Marketing and Advertising","Medium-Small ($10MM-$50MM)","Medium-Small (50-199)","Unaware",2,1,0.054,99,"COLD"
"peak-tech.com","Peak Tech","Financial Services","Medium-Small ($10MM-$50MM)","Medium-Small (50-199)","Engaged",34,13,0.368,181,"WARM"
"iron-systems.com","Iron Systems","Health, Wellness and Fitness","Small ($1MM-$10MM)","Medium-Small (50-199)","Engaged",85,14,0.470,342,"WARM"
"apex-systems.com","Apex Systems","Manufacturing","XXLarge ($1B+)","XXLarge (10,000+)","Unaware",3,1,0.056,720,"COLD"
"acme-hub.com","Acme Hub","Telecommunications","XXLarge ($1B+)","XXLarge (10,000+)","MQL",32,6,0.514,710,"HOT"
"core-systems.com","Core Systems","Entertainment","Medium-Small ($10MM-$50MM)","Medium-Small (50-199)","Aware",11,5,0.172,133,"COLD"
"apex-hub.com","Apex Hub","Software / Information Technology","Micro ($0-$1MM)","Micro (1-9)","Unaware",4,1,0.158,94,"COLD"
"iron-tech.com","Iron Tech","Legal Services","XXLarge ($1B+)","XXLarge (10,000+)","Aware",5,2,0.160,655,"COLD"
"bright-works.com","Bright Works","Telecommunications","XXLarge ($1B+)","XXLarge (10,000+)","Unaware",4,1,0.058,624,"COLD"
"cyber-solutions.com","Cyber Solutions","Legal Services","Small ($1MM-$10MM)","Small (10-49)","MQL",186,8,0.750,559,"HOT"
"acme-hub.com","Acme Hub","Telecommunications","Micro ($0-$1MM)","Micro (1-9)","Aware",12,6,0.174,170,"COLD"
"nexus-tech.com","Nexus Tech","Software / Information Technology","XXLarge ($1B+)","XXLarge (10,000+)","Unaware",5,1,0.160,743,"COLD"
"swift-works.com","Swift Works","Marketing and Advertising","Micro ($0-$1MM)","Micro (1-9)","Unaware",4,1,0.058,82,"COLD"
"rapid-net.com","Rapid Net","Food & Beverages","Large ($100MM-$200MM)","Large (1,000-4,999)","Unaware",4,1,0.058,204,"COLD"
"apex-io.com","Apex Io","Software / Information Technology","Large ($100MM-$200MM)","Large (1,000-4,999)","MQL",108,17,0.766,420,"HOT"
"peak-io.com","Peak Io","Financial Services","Medium-Large ($50MM-$100MM)","Medium-Large (500-999)","Engaged",74,11,0.448,306,"WARM"
"apex-group.com","Apex Group","Financial Services","Small ($1MM-$10MM)","Medium-Small (50-199)","Opportunity",214,44,0.750,527,"HOT"
"vertex-labs.com","Vertex Labs","Marketing and Advertising","Large ($100MM-$200MM)","Medium-Large (500-999)","Unaware",2,1,0.054,212,"COLD"
"rapid-cloud.com","Rapid Cloud","Automotive","Small ($1MM-$10MM)","Medium-Small (50-199)","Engaged",81,7,0.462,386,"WARM"
"core-group.com","Core Group","Manufacturing","Micro ($0-$1MM)","Micro (1-9)","Engaged",105,5,0.510,326,"HOT"
"swift-inc.com","Swift Inc","Telecommunications","Medium-Large ($50MM-$100MM)","Medium (200-499)","Unaware",5,1,0.060,170,"COLD"
"swift-media.com","Swift Media","Food & Beverages","Medium-Small ($10MM-$50MM)","Medium-Small (50-199)","Engaged",91,8,0.482,302,"WARM"
"blue-inc.com","Blue Inc","Marketing and Advertising","Micro ($0-$1MM)","Micro (1-9)","Unaware",2,1,0.054,139,"COLD"
"atlas-cloud.com","Atlas Cloud","Software / Information Technology","Large ($100MM-$200MM)","Large (1,000-4,999)","Aware",9,2,0.268,212,"COLD"
"acme-data.com","Acme Data","Software / Information Technology","Medium-Small ($10MM-$50MM)","Medium (200-499)","Unaware",4,1,0.158,237,"COLD"
"prime-group.com","Prime Group","Construction","Small ($1MM-$10MM)","Small (10-49)","Engaged",103,17,0.506,332,"HOT"
"cyber-labs.com","Cyber Labs","Financial Services","Micro ($0-$1MM)","Small (10-49)","Unaware",4,1,0.058,107,"COLD"
"acme-media.com","Acme Media","Software / Information Technology","Medium-Small ($10MM-$50MM)","Medium-Small (50-199)","Engaged",39,16,0.478,199,"WARM"
"nexus-media.com","Nexus Media","Education Management","Medium-Large ($50MM-$100MM)","Medium-Large (500-999)","Unaware",5,1,0.060,174,"COLD"
"green-io.com","Green Io","Health, Wellness and Fitness","Large ($100MM-$200MM)","Large (1,000-4,999)","Aware",19,3,0.188,125,"COLD"
"core-inc.com","Core Inc","Management Consulting","Medium-Small ($10MM-$50MM)","Medium-Small (50-199)","Unaware",4,1,0.058,168,"COLD"
"nova-data.com","Nova Data","Automotive","XLarge ($200MM-$1B)","Large (1,000-4,999)","Unaware",4,1,0.058,681,"COLD"
"stellar-group.com","Stellar Group","Financial Services","Small ($1MM-$10MM)","Small (10-49)","Engaged",38,4,0.376,230,"WARM"
"blue-group.com","Blue Group","Manufacturing","Micro ($0-$1MM)","Micro (1-9)","Aware",7,3,0.164,123,"COLD"
"rapid-data.com","Rapid Data","Telecommunications","Medium-Large ($50MM-$100MM)","Medium (200-499)","Engaged",75,17,0.450,338,"WARM"
"nexus-hub.com","Nexus Hub","Telecommunications","Micro ($0-$1MM)","Micro (1-9)","Unaware",5,1,0.060,104,"COLD"
"smart-group.com","Smart Group","E-Learning","XXLarge ($1B+)","XXLarge (10,000+)","MQL",117,8,0.684,805,"HOT"
"rapid-labs.com","Rapid Labs","Retail","Large ($100MM-$200MM)","Medium-Large (500-999)","Unaware",4,1,0.158,231,"COLD"
"green-labs.com","Green Labs","Software / Information Technology","XLarge ($200MM-$1B)","XLarge (5,000-10,000)","Unaware",3,1,0.156,739,"COLD"
"nexus-net.com","Nexus Net","Entertainment","Large ($100MM-$200MM)","Medium-Large (500-999)","Engaged",16,14,0.332,235,"WARM"
"apex-net.com","Apex Net","Software / Information Technology","Micro ($0-$1MM)","Micro (1-9)","Aware",20,3,0.290,139,"COLD"
"smart-labs.com","Smart Labs","Software / Information Technology","Medium-Small ($10MM-$50MM)","Medium-Small (50-199)","Engaged",20,9,0.440,217,"WARM"
"green-corp.com","Green Corp","Real Estate","Medium-Small ($10MM-$50MM)","Medium-Small (50-199)","Unaware",4,1,0.058,149,"COLD"
"vertex-inc.com","Vertex Inc","Software / Information Technology","Medium-Small ($10MM-$50MM)","Medium-Small (50-199)","Aware",6,2,0.262,245,"COLD"
"stellar-hub.com","Stellar Hub","Financial Services","Medium-Small ($10MM-$50MM)","Medium (200-499)","Aware",6,2,0.162,121,"COLD"
"peak-hub.com","Peak Hub","Automotive","Micro ($0-$1MM)","Small (10-49)","Aware",13,6,0.176,245,"COLD"
"stellar-corp.com","Stellar Corp","Marketing and Advertising","Micro ($0-$1MM)","Micro (1-9)","Engaged",57,15,0.414,342,"WARM"
"smart-net.com","Smart Net","Marketing and Advertising","Medium-Small ($10MM-$50MM)","Medium (200-499)","Engaged",28,11,0.356,116,"WARM"
"blue-inc.com","Blue Inc","Software / Information Technology","Micro ($0-$1MM)","Small (10-49)","Engaged",15,9,0.430,165,"WARM"
"blue-digital.com","Blue Digital","Education Management","Medium-Large ($50MM-$100MM)","Medium (200-499)","Aware",10,2,0.170,258,"COLD"
"blue-corp.com","Blue Corp","Entertainment","Micro ($0-$1MM)","Micro (1-9)","Engaged",11,16,0.322,72,"WARM"
"nova-io.com","Nova Io","Software / Information Technology","Large ($100MM-$200MM)","Large (1,000-4,999)","Unaware",5,1,0.160,83,"COLD"
"rapid-systems.com","Rapid Systems","Manufacturing","Medium-Small ($10MM-$50MM)","Medium (200-499)","Unaware",5,1,0.060,101,"COLD"
"cyber-inc.com","Cyber Inc","Education Management","Large ($100MM-$200MM)","Medium-Large (500-999)","Engaged",82,17,0.464,341,"WARM"
"iron-group.com","Iron Group","Financial Services","Medium-Small ($10MM-$50MM)","Medium-Small (50-199)","MQL",75,14,0.600,345,"HOT"
"global-digital.com","Global Digital","Marketing and Advertising","XLarge ($200MM-$1B)","Large (1,000-4,999)","Unaware",1,1,0.052,683,"COLD"
"acme-hub.com","Acme Hub","Construction","XLarge ($200MM-$1B)","Large (1,000-4,999)","Engaged",91,5,0.482,828,"WARM"
"green-corp.com","Green Corp","Automotive","Micro ($0-$1MM)","Small (10-49)","Unaware",1,1,0.052,143,"COLD"
"rapid-works.com","Rapid Works","E-Learning","Medium-Large ($50MM-$100MM)","Medium-Large (500-999)","Unaware",5,1,0.060,152,"COLD"
"global-digital.com","Global Digital","Consumer Goods","Micro ($0-$1MM)","Micro (1-9)","Unaware",4,1,0.058,189,"COLD"
"green-media.com","Green Media","Software / Information Technology","Medium-Small ($10MM-$50MM)","Medium (200-499)","Unaware",2,1,0.154,156,"COLD"
"peak-inc.com","Peak Inc","Real Estate","XLarge ($200MM-$1B)","Large (1,000-4,999)","Unaware",5,1,0.060,606,"COLD"
"prime-io.com","Prime Io","Food & Beverages","Medium-Large ($50MM-$100MM)","Medium-Large (500-999)","Engaged",60,17,0.420,222,"WARM"
"green-digital.com","Green Digital","Financial Services","Medium-Large ($50MM-$100MM)","Medium-Large (500-999)","Aware",8,3,0.166,129,"COLD"
"prime-works.com","Prime Works","Financial Services","Medium-Small ($10MM-$50MM)","Medium-Small (50-199)","Aware",16,2,0.182,111,"COLD"
"nova-inc.com","Nova Inc","Marketing and Advertising","Small ($1MM-$10MM)","Medium-Small (50-199)","MQL",191,25,0.750,569,"HOT"
"acme-solutions.com","Acme Solutions","Logistics and Supply Chain","Micro ($0-$1MM)","Micro (1-9)","Engaged",46,18,0.392,159,"WARM"
"smart-group.com","Smart Group","Education Management","Medium-Small ($10MM-$50MM)","Medium-Small (50-199)","Unaware",1,1,0.052,73,"COLD"
"clear-labs.com","Clear Labs","Retail","Small ($1MM-$10MM)","Small (10-49)","Aware",6,2,0.262,245,"COLD"
"global-hub.com","Global Hub","Food & Beverages","Medium-Small ($10MM-$50MM)","Medium (200-499)","Engaged",53,8,0.406,213,"WARM"
"smart-media.com","Smart Media","Logistics and Supply Chain","Small ($1MM-$10MM)","Medium-Small (50-199)","Aware",7,4,0.164,127,"COLD"
"bright-inc.com","Bright Inc","Food & Beverages","Small ($1MM-$10MM)","Small (10-49)","Engaged",84,12,0.468,366,"WARM"
"atlas-data.com","Atlas Data","Education Management","Medium-Large ($50MM-$100MM)","Medium-Large (500-999)","Unaware",4,1,0.058,86,"COLD"
"rapid-systems.com","Rapid Systems","Marketing and Advertising","Small ($1MM-$10MM)","Medium-Small (50-199)","Engaged",93,12,0.486,277,"WARM"
"stellar-data.com","Stellar Data","Management Consulting","Micro ($0-$1MM)","Micro (1-9)","Unaware",4,1,0.058,219,"COLD"
"vertex-corp.com","Vertex Corp","Hospital & Health Care","Medium-Large ($50MM-$100MM)","Medium-Large (500-999)","MQL",226,13,0.750,584,"HOT"
"apex-hub.com","Apex Hub","Food & Beverages","XLarge ($200MM-$1B)","Large (1,000-4,999)","Unaware",2,1,0.054,590,"COLD"
"rapid-cloud.com","Rapid Cloud","Construction","Micro ($0-$1MM)","Small (10-49)","Aware",8,5,0.166,240,"COLD"
"swift-solutions.com","Swift Solutions","Software / Information Technology","Micro ($0-$1MM)","Micro (1-9)","Unaware",2,1,0.154,147,"COLD"
"core-cloud.com","Core Cloud","Software / Information Technology","Medium-Small ($10MM-$50MM)","Medium-Small (50-199)","Opportunity",155,41,0.850,390,"HOT"
"smart-systems.com","Smart Systems","Entertainment","Medium-Small ($10MM-$50MM)","Medium (200-499)","Unaware",1,1,0.052,120,"COLD"
"acme-digital.com","Acme Digital","Software / Information Technology","Medium-Small ($10MM-$50MM)","Medium (200-499)","Engaged",26,5,0.452,268,"WARM"
"apex-cloud.com","Apex Cloud","Software / Information Technology","Micro ($0-$1MM)","Micro (1-9)","Unaware",3,1,0.156,143,"COLD"
"vertex-hub.com","Vertex Hub","Hospital & Health Care","Large ($100MM-$200MM)","Large (1,000-4,999)","Aware",18,4,0.186,156,"COLD"
"cyber-labs.com","Cyber Labs","Management Consulting","Large ($100MM-$200MM)","Medium-Large (500-999)","Aware",6,6,0.162,111,"COLD"
"vertex-inc.com","Vertex Inc","Construction","Micro ($0-$1MM)","Small (10-49)","Aware",16,2,0.182,265,"COLD"
"swift-works.com","Swift Works","Legal Services","Medium-Large ($50MM-$100MM)","Medium-Large (500-999)","Engaged",61,15,0.422,196,"WARM"
"stellar-works.com","Stellar Works","Financial Services","Medium-Small ($10MM-$50MM)","Medium (200-499)","Aware",18,1,0.186,107,"COLD"
"apex-media.com","Apex Media","Retail","Medium-Large ($50MM-$100MM)","Medium (200-499)","Opportunity",378,31,0.850,930,"HOT"
"atlas-corp.com","Atlas Corp","Marketing and Advertising","Small ($1MM-$10MM)","Small (10-49)","Aware",12,2,0.174,220,"COLD"
"apex-cloud.com","Apex Cloud","Manufacturing","XXLarge ($1B+)","XXLarge (10,000+)","Unaware",2,1,0.054,641,"COLD"
"green-tech.com","Green Tech","Marketing and Advertising","XXLarge ($1B+)","XXLarge (10,000+)","Aware",3,2,0.156,687,"COLD"
"nexus-media.com","Nexus Media","Retail","Medium-Small ($10MM-$50MM)","Medium (200-499)","MQL",51,17,0.652,266,"HOT"
"core-io.com","Core Io","Food & Beverages","XLarge ($200MM-$1B)","Large (1,000-4,999)","Aware",11,1,0.172,693,"COLD"
"rapid-cloud.com","Rapid Cloud","Marketing and Advertising","Micro ($0-$1MM)","Micro (1-9)","MQL",55,13,0.560,334,"HOT"
"blue-data.com","Blue Data","Software / Information Technology","Micro ($0-$1MM)","Micro (1-9)","Engaged",108,12,0.616,373,"HOT"
"nova-digital.com","Nova Digital","Legal Services","Large ($100MM-$200MM)","Large (1,000-4,999)","Engaged",12,14,0.324,144,"WARM"
"blue-hub.com","Blue Hub","Marketing and Advertising","Medium-Small ($10MM-$50MM)","Medium (200-499)","Unaware",4,1,0.058,75,"COLD"
"rapid-io.com","Rapid Io","Telecommunications","Medium-Large ($50MM-$100MM)","Medium (200-499)","Unaware",4,1,0.058,128,"COLD"
"acme-corp.com","Acme Corp","E-Learning","Medium-Large ($50MM-$100MM)","Medium (200-499)","MQL",146,17,0.742,379,"HOT"
"rapid-net.com","Rapid Net","Software / Information Technology","Micro ($0-$1MM)","Small (10-49)","Unaware",4,1,0.158,204,"COLD"
"stellar-io.com","Stellar Io","Entertainment","Micro ($0-$1MM)","Micro (1-9)","Aware",11,4,0.172,212,"COLD"
"nova-digital.com","Nova Digital","Automotive","Large ($100MM-$200MM)","Medium-Large (500-999)","Aware",9,1,0.168,138,"COLD"
"nexus-corp.com","Nexus Corp","Retail","Medium-Large ($50MM-$100MM)","Medium (200-499)","Opportunity",76,33,0.702,289,"HOT"
"peak-group.com","Peak Group","Education Management","Micro ($0-$1MM)","Small (10-49)","Aware",20,5,0.190,166,"COLD"
"acme-works.com","Acme Works","Marketing and Advertising","Micro ($0-$1MM)","Small (10-49)","Aware",16,3,0.182,242,"COLD"
"cyber-data.com","Cyber Data","Hospital & Health Care","Small ($1MM-$10MM)","Medium-Small (50-199)","Unaware",3,1,0.056,148,"COLD"
"apex-group.com","Apex Group","Retail","Medium-Large ($50MM-$100MM)","Medium-Large (500-999)","Unaware",2,1,0.154,103,"COLD"
"swift-digital.com","Swift Digital","Software / Information Technology","XLarge ($200MM-$1B)","XLarge (5,000-10,000)","Engaged",95,13,0.590,789,"WARM"
"swift-net.com","Swift Net","Entertainment","Small ($1MM-$10MM)","Medium-Small (50-199)","Unaware",1,1,0.052,226,"COLD"
"blue-digital.com","Blue Digital","Logistics and Supply Chain","Small ($1MM-$10MM)","Medium-Small (50-199)","MQL",220,16,0.750,678,"HOT"
"nexus-corp.com","Nexus Corp","Consumer Goods","Medium-Small ($10MM-$50MM)","Medium (200-499)","Unaware",2,1,0.054,141,"COLD"
"atlas-hub.com","Atlas Hub","Consumer Goods","Medium-Small ($10MM-$50MM)","Medium (200-499)","Unaware",2,1,0.054,144,"COLD"
"peak-cloud.com","Peak Cloud","Software / Information Technology","Medium-Large ($50MM-$100MM)","Medium-Large (500-999)","MQL",98,25,0.746,267,"HOT"
"atlas-media.com","Atlas Media","Manufacturing","Small ($1MM-$10MM)","Small (10-49)","Unaware",4,1,0.058,233,"COLD"
"iron-inc.com","Iron Inc","Software / Information Technology","Small ($1MM-$10MM)","Medium-Small (50-199)","Unaware",2,1,0.154,108,"COLD"
"rapid-group.com","Rapid Group","Software / Information Technology","XXLarge ($1B+)","XXLarge (10,000+)","Engaged",60,15,0.520,843,"WARM"
"acme-systems.com","Acme Systems","Manufacturing","Medium-Small ($10MM-$50MM)","Medium-Small (50-199)","Aware",3,5,0.156,192,"COLD"
"global-cloud.com","Global Cloud","Food & Beverages","Medium-Large ($50MM-$100MM)","Medium-Large (500-999)","Unaware",5,1,0.060,101,"COLD"
"bright-io.com","Bright Io","Financial Services","Medium-Small ($10MM-$50MM)","Medium (200-499)","Aware",20,3,0.190,252,"COLD"
"core-cloud.com","Core Cloud","Hospital & Health Care","Medium-Small ($10MM-$50MM)","Medium-Small (50-199)","Aware",19,2,0.188,118,"COLD"
"stellar-corp.com","Stellar Corp","E-Learning","XLarge ($200MM-$1B)","Large (1,000-4,999)","MQL",178,5,0.750,1084,"HOT"
"stellar-group.com","Stellar Group","Logistics and Supply Chain","Micro ($0-$1MM)","Micro (1-9)","Engaged",107,10,0.514,368,"HOT"
"clear-data.com","Clear Data","Food & Beverages","Micro ($0-$1MM)","Micro (1-9)","Unaware",1,1,0.052,57,"COLD"
"nexus-group.com","Nexus Group","Management Consulting","Large ($100MM-$200MM)","Large (1,000-4,999)","Engaged",57,12,0.414,225,"WARM"
"acme-net.com","Acme Net","Manufacturing","Small ($1MM-$10MM)","Small (10-49)","Engaged",12,10,0.324,187,"WARM"
"bright-hub.com","Bright Hub","E-Learning","Micro ($0-$1MM)","Micro (1-9)","Unaware",3,1,0.056,186,"COLD"
"rapid-media.com","Rapid Media","Legal Services","Medium-Small ($10MM-$50MM)","Medium (200-499)","Aware",21,2,0.192,106,"COLD"
"core-net.com","Core Net","Marketing and Advertising","Small ($1MM-$10MM)","Small (10-49)","MQL",186,29,0.750,458,"HOT"
"peak-corp.com","Peak Corp","Health, Wellness and Fitness","Medium-Large ($50MM-$100MM)","Medium-Large (500-999)","Unaware",3,1,0.056,170,"COLD"
"nexus-digital.com","Nexus Digital","Legal Services","Medium-Large ($50MM-$100MM)","Medium (200-499)","MQL",203,22,0.750,565,"HOT"
"cyber-corp.com","Cyber Corp","Retail","Small ($1MM-$10MM)","Medium-Small (50-199)","Engaged",51,14,0.502,245,"WARM"
"atlas-works.com","Atlas Works","Hospital & Health Care","XXLarge ($1B+)","XXLarge (10,000+)","Aware",20,2,0.190,782,"COLD"
"green-inc.com","Green Inc","Marketing and Advertising","Medium-Large ($50MM-$100MM)","Medium-Large (500-999)","Unaware",1,1,0.052,68,"COLD"
"green-works.com","Green Works","Health, Wellness and Fitness","Medium-Small ($10MM-$50MM)","Medium (200-499)","MQL",76,7,0.602,368,"HOT"
"iron-data.com","Iron Data","Retail","Medium-Small ($10MM-$50MM)","Medium (200-499)","Unaware",4,1,0.158,133,"COLD"
"cyber-net.com","Cyber Net","Manufacturing","Small ($1MM-$10MM)","Medium-Small (50-199)","Aware",5,6,0.160,104,"COLD"
"global-net.com","Global Net","Food & Beverages","Medium-Large ($50MM-$100MM)","Medium (200-499)","Aware",13,5,0.176,146,"COLD"
"apex-inc.com","Apex Inc","Marketing and Advertising","Medium-Small ($10MM-$50MM)","Medium-Small (50-199)","Aware",8,2,0.166,264,"COLD"
"blue-labs.com","Blue Labs","Software / Information Technology","Large ($100MM-$200MM)","Medium-Large (500-999)","Unaware",1,1,0.152,204,"COLD"
"apex-io.com","Apex Io","Legal Services","Micro ($0-$1MM)","Small (10-49)","Engaged",22,6,0.344,248,"WARM"
"iron-group.com","Iron Group","Consumer Goods","Medium-Large ($50MM-$100MM)","Medium (200-499)","Unaware",3,1,0.056,201,"COLD"
"stellar-digital.com","Stellar Digital","Software / Information Technology","Small ($1MM-$10MM)","Small (10-49)","Unaware",2,1,0.154,111,"COLD"
"nexus-works.com","Nexus Works","Food & Beverages","Micro ($0-$1MM)","Micro (1-9)","Unaware",4,1,0.058,147,"COLD"
"apex-digital.com","Apex Digital","Food & Beverages","Medium-Small ($10MM-$50MM)","Medium-Small (50-199)","Unaware",1,1,0.052,54,"COLD"
"clear-solutions.com","Clear Solutions","Hospital & Health Care","Micro ($0-$1MM)","Micro (1-9)","MQL",166,20,0.750,388,"HOT"
"smart-net.com","Smart Net","Health, Wellness and Fitness","Large ($100MM-$200MM)","Medium-Large (500-999)","Aware",22,2,0.194,104,"COLD"
"prime-corp.com","Prime Corp","Software / Information Technology","Medium-Large ($50MM-$100MM)","Medium-Large (500-999)","Aware",16,5,0.282,142,"COLD"
"cyber-solutions.com","Cyber Solutions","Retail","Micro ($0-$1MM)","Micro (1-9)","Unaware",1,1,0.152,189,"COLD"
"blue-data.com","Blue Data","Insurance","Micro ($0-$1MM)","Micro (1-9)","Aware",9,3,0.168,175,"COLD"
"acme-data.com","Acme Data","Marketing and Advertising","Large ($100MM-$200MM)","Large (1,000-4,999)","Unaware",2,1,0.054,233,"COLD"
"acme-cloud.com","Acme Cloud","Legal Services","XLarge ($200MM-$1B)","Large (1,000-4,999)","Aware",6,5,0.162,703,"COLD"
"nova-labs.com","Nova Labs","Automotive","Micro ($0-$1MM)","Small (10-49)","Unaware",2,1,0.054,111,"COLD"
"blue-group.com","Blue Group","Education Management","Small ($1MM-$10MM)","Medium-Small (50-199)","Unaware",5,1,0.060,119,"COLD"
"bright-systems.com","Bright Systems","Management Consulting","Medium-Small ($10MM-$50MM)","Medium-Small (50-199)","Opportunity",278,13,0.750,634,"HOT"
"core-data.com","Core Data","Retail","Micro ($0-$1MM)","Micro (1-9)","Aware",10,2,0.270,174,"COLD"
"atlas-systems.com","Atlas Systems","Financial Services","Medium-Large ($50MM-$100MM)","Medium (200-499)","Aware",12,3,0.174,145,"COLD"
"swift-tech.com","Swift Tech","Legal Services","Small ($1MM-$10MM)","Small (10-49)","Engaged",87,4,0.474,314,"WARM"
"acme-cloud.com","Acme Cloud","Education Management","XLarge ($200MM-$1B)","Large (1,000-4,999)","Engaged",66,6,0.432,823,"WARM"
"rapid-media.com","Rapid Media","Manufacturing","Medium-Small ($10MM-$50MM)","Medium (200-499)","Unaware",3,1,0.056,70,"COLD"
"peak-hub.com","Peak Hub","Logistics and Supply Chain","Medium-Small ($10MM-$50MM)","Medium-Small (50-199)","MQL",124,13,0.698,467,"HOT"
"prime-media.com","Prime Media","E-Learning","Small ($1MM-$10MM)","Small (10-49)","Aware",21,4,0.192,227,"COLD"
"clear-cloud.com","Clear Cloud","Telecommunications","Medium-Large ($50MM-$100MM)","Medium-Large (500-999)","Engaged",57,5,0.414,258,"WARM"
"vertex-works.com","Vertex Works","E-Learning","Small ($1MM-$10MM)","Small (10-49)","Unaware",1,1,0.052,134,"COLD"
"swift-solutions.com","Swift Solutions","Manufacturing","Micro ($0-$1MM)","Micro (1-9)","Unaware",3,1,0.056,149,"COLD"
"clear-net.com","Clear Net","Marketing and Advertising","XXLarge ($1B+)","XXLarge (10,000+)","Aware",22,2,0.194,620,"COLD"
"stellar-data.com","Stellar Data","Software / Information Technology","Large ($100MM-$200MM)","Large (1,000-4,999)","Unaware",2,1,0.154,215,"COLD"
"blue-tech.com","Blue Tech","Education Management","Medium-Large ($50MM-$100MM)","Medium-Large (500-999)","Aware",21,5,0.192,162,"COLD"
"swift-inc.com","Swift Inc","Software / Information Technology","Medium-Large ($50MM-$100MM)","Medium-Large (500-999)","Aware",20,3,0.290,200,"COLD"
"peak-io.com","Peak Io","Food & Beverages","Small ($1MM-$10MM)","Small (10-49)","Unaware",2,1,0.054,162,"COLD"
"nova-systems.com","Nova Systems","Financial Services","Micro ($0-$1MM)","Micro (1-9)","Engaged",90,17,0.480,309,"WARM"
"stellar-hub.com","Stellar Hub","Automotive","Large ($100MM-$200MM)","Large (1,000-4,999)","Engaged",73,8,0.446,255,"WARM"
"core-media.com","Core Media","Software / Information Technology","Medium-Small ($10MM-$50MM)","Medium-Small (50-199)","Engaged",67,5,0.534,296,"WARM"
"bright-works.com","Bright Works","Marketing and Advertising","Micro ($0-$1MM)","Micro (1-9)","Engaged",10,14,0.320,136,"WARM"
"cyber-group.com","Cyber Group","Financial Services","XLarge ($200MM-$1B)","XLarge (5,000-10,000)","Aware",8,4,0.166,577,"COLD"
"cyber-inc.com","Cyber Inc","Software / Information Technology","Medium-Small ($10MM-$50MM)","Medium (200-499)","Unaware",1,1,0.152,179,"COLD"
"vertex-data.com","Vertex Data","Software / Information Technology","Micro ($0-$1MM)","Small (10-49)","Opportunity",294,48,0.850,739,"HOT"
"green-systems.com","Green Systems","Software / Information Technology","Large ($100MM-$200MM)","Medium-Large (500-999)","Aware",10,2,0.270,230,"COLD"
"global-tech.com","Global Tech","Consumer Goods","Micro ($0-$1MM)","Micro (1-9)","Aware",6,4,0.162,235,"COLD"
"bright-net.com","Bright Net","Consumer Goods","XXLarge ($1B+)","XXLarge (10,000+)","MQL",113,12,0.676,780,"HOT"
"smart-solutions.com","Smart Solutions","E-Learning","Large ($100MM-$200MM)","Large (1,000-4,999)","Unaware",4,1,0.058,170,"COLD"
"cyber-media.com","Cyber Media","Consumer Goods","Small ($1MM-$10MM)","Small (10-49)","Opportunity",200,35,0.750,590,"HOT"
"atlas-io.com","Atlas Io","Consumer Goods","Medium-Small ($10MM-$50MM)","Medium-Small (50-199)","Engaged",87,4,0.474,421,"WARM"
"nexus-solutions.com","Nexus Solutions","Telecommunications","Micro ($0-$1MM)","Micro (1-9)","Unaware",3,1,0.056,145,"COLD"
"peak-cloud.com","Peak Cloud","E-Learning","Small ($1MM-$10MM)","Medium-Small (50-199)","Engaged",109,5,0.518,289,"HOT"
"apex-group.com","Apex Group","Software / Information Technology","Micro ($0-$1MM)","Micro (1-9)","Unaware",5,1,0.160,109,"COLD"
"nexus-media.com","Nexus Media","Software / Information Technology","Small ($1MM-$10MM)","Small (10-49)","Unaware",3,1,0.156,170,"COLD"
"blue-net.com","Blue Net","Health, Wellness and Fitness","Medium-Small ($10MM-$50MM)","Medium (200-499)","Unaware",1,1,0.052,197,"COLD"
"stellar-group.com","Stellar Group","Retail","Micro ($0-$1MM)","Micro (1-9)","Engaged",49,6,0.498,252,"WARM"
"smart-hub.com","Smart Hub","Marketing and Advertising","Medium-Small ($10MM-$50MM)","Medium-Small (50-199)","Engaged",31,13,0.362,182,"WARM"
"core-cloud.com","Core Cloud","Telecommunications","Micro ($0-$1MM)","Micro (1-9)","Engaged",41,16,0.382,162,"WARM"
"global-cloud.com","Global Cloud","Software / Information Technology","Micro ($0-$1MM)","Micro (1-9)","Unaware",2,1,0.154,95,"COLD"
"iron-group.com","Iron Group","Marketing and Advertising","Medium-Large ($50MM-$100MM)","Medium-Large (500-999)","Engaged",76,6,0.452,347,"WARM"
"peak-net.com","Peak Net","Marketing and Advertising","Micro ($0-$1MM)","Small (10-49)","Engaged",52,18,0.404,230,"WARM"
"atlas-systems.com","Atlas Systems","Food & Beverages","Small ($1MM-$10MM)","Small (10-49)","Unaware",3,1,0.056,127,"COLD"
"peak-solutions.com","Peak Solutions","Consumer Goods","Small ($1MM-$10MM)","Medium-Small (50-199)","Aware",3,2,0.156,106,"COLD"
"iron-media.com","Iron Media","Entertainment","Micro ($0-$1MM)","Micro (1-9)","Engaged",60,4,0.420,283,"WARM"
"atlas-works.com","Atlas Works","Software / Information Technology","Micro ($0-$1MM)","Micro (1-9)","Aware",17,5,0.284,276,"COLD"
"peak-works.com","Peak Works","Software / Information Technology","Large ($100MM-$200MM)","Medium-Large (500-999)","Unaware",4,1,0.158,134,"COLD"
"swift-cloud.com","Swift Cloud","Software / Information Technology","Medium-Small ($10MM-$50MM)","Medium (200-499)","Aware",8,3,0.266,262,"COLD"
"bright-io.com","Bright Io","Real Estate","Medium-Small ($10MM-$50MM)","Medium-Small (50-199)","Engaged",64,17,0.428,340,"WARM"
"smart-media.com","Smart Media","Software / Information Technology","Small ($1MM-$10MM)","Medium-Small (50-199)","MQL",104,9,0.758,321,"HOT"
"core-hub.com","Core Hub","Legal Services","XXLarge ($1B+)","XXLarge (10,000+)","Aware",13,6,0.176,577,"COLD"
"peak-solutions.com","Peak Solutions","Financial Services","Small ($1MM-$10MM)","Small (10-49)","Aware",14,3,0.178,128,"COLD"
"green-digital.com","Green Digital","Software / Information Technology","Medium-Large ($50MM-$100MM)","Medium (200-499)","Aware",10,2,0.270,133,"COLD"
"peak-io.com","Peak Io","Education Management","Micro ($0-$1MM)","Micro (1-9)","MQL",58,7,0.566,274,"HOT"
"blue-group.com","Blue Group","Consumer Goods","Medium-Large ($50MM-$100MM)","Medium-Large (500-999)","Engaged",17,9,0.334,143,"WARM"
"nexus-solutions.com","Nexus Solutions","Financial Services","Small ($1MM-$10MM)","Small (10-49)","Unaware",5,1,0.060,149,"COLD"
"swift-systems.com","Swift Systems","Manufacturing","Medium-Large ($50MM-$100MM)","Medium-Large (500-999)","Engaged",68,9,0.436,383,"WARM"
"prime-group.com","Prime Group","Construction","Micro ($0-$1MM)","Micro (1-9)","Unaware",4,1,0.058,134,"COLD"
"iron-corp.com","Iron Corp","Real Estate","Micro ($0-$1MM)","Micro (1-9)","Unaware",2,1,0.054,184,"COLD"
"blue-labs.com","Blue Labs","Logistics and Supply Chain","Small ($1MM-$10MM)","Small (10-49)","Aware",14,6,0.178,230,"COLD"
"swift-systems.com","Swift Systems","Hospital & Health Care","Large ($100MM-$200MM)","Large (1,000-4,999)","MQL",166,30,0.750,579,"HOT"
"global-data.com","Global Data","Retail","Micro ($0-$1MM)","Micro (1-9)","MQL",173,17,0.850,554,"HOT"
"apex-io.com","Apex Io","Marketing and Advertising","Medium-Large ($50MM-$100MM)","Medium (200-499)","Unaware",1,1,0.052,206,"COLD"
"core-io.com","Core Io","Retail","Small ($1MM-$10MM)","Medium-Small (50-199)","Engaged",77,14,0.554,325,"WARM"
"vertex-works.com","Vertex Works","Construction","Micro ($0-$1MM)","Micro (1-9)","Aware",14,6,0.178,160,"COLD"
"cyber-media.com","Cyber Media","Hospital & Health Care","Large ($100MM-$200MM)","Medium-Large (500-999)","Unaware",2,1,0.054,194,"COLD"
"peak-cloud.com","Peak Cloud","Marketing and Advertising","XLarge ($200MM-$1B)","Large (1,000-4,999)","Unaware",3,1,0.056,577,"COLD"
"prime-works.com","Prime Works","Food & Beverages","XLarge ($200MM-$1B)","Large (1,000-4,999)","Aware",14,1,0.178,607,"COLD"
"nova-works.com","Nova Works","Real Estate","Micro ($0-$1MM)","Small (10-49)","Aware",14,1,0.178,253,"COLD"
"peak-inc.com","Peak Inc","Retail","Large ($100MM-$200MM)","Large (1,000-4,999)","Opportunity",137,12,0.824,370,"HOT"
"clear-inc.com","Clear Inc","Software / Information Technology","Small ($1MM-$10MM)","Medium-Small (50-199)","Aware",7,1,0.264,251,"COLD"
"prime-digital.com","Prime Digital","Software / Information Technology","XLarge ($200MM-$1B)","XLarge (5,000-10,000)","Unaware",3,1,0.156,722,"COLD"
"cyber-group.com","Cyber Group","Automotive","XLarge ($200MM-$1B)","Large (1,000-4,999)","Unaware",1,1,0.052,563,"COLD"
"clear-labs.com","Clear Labs","Marketing and Advertising","Micro ($0-$1MM)","Micro (1-9)","Unaware",2,1,0.054,237,"COLD"
"cyber-solutions.com","Cyber Solutions","Consumer Goods","Micro ($0-$1MM)","Micro (1-9)","Unaware",5,1,0.060,197,"COLD"
"nexus-io.com","Nexus Io","Retail","XLarge ($200MM-$1B)","Large (1,000-4,999)","Unaware",1,1,0.152,681,"COLD"
"vertex-media.com","Vertex Media","Legal Services","Micro ($0-$1MM)","Micro (1-9)","Aware",6,4,0.162,91,"COLD"
"green-inc.com","Green Inc","Retail","Large ($100MM-$200MM)","Large (1,000-4,999)","Opportunity",389,43,0.850,844,"HOT"
"peak-data.com","Peak Data","Software / Information Technology","Large ($100MM-$200MM)","Large (1,000-4,999)","Engaged",27,6,0.454,188,"WARM"
"core-systems.com","Core Systems","Retail","XLarge ($200MM-$1B)","XLarge (5,000-10,000)","Aware",9,1,0.268,629,"COLD"
"smart-systems.com","Smart Systems","Financial Services","Medium-Large ($50MM-$100MM)","Medium-Large (500-999)","Engaged",66,15,0.432,250,"WARM"
"nova-net.com","Nova Net","Manufacturing","Micro ($0-$1MM)","Micro (1-9)","MQL",176,19,0.750,507,"HOT"
"nova-systems.com","Nova Systems","Legal Services","Medium-Small ($10MM-$50MM)","Medium-Small (50-199)","Unaware",1,1,0.052,131,"COLD"
"bright-net.com","Bright Net","Retail","Micro ($0-$1MM)","Micro (1-9)","Engaged",81,13,0.562,216,"WARM"
"stellar-inc.com","Stellar Inc","Telecommunications","Micro ($0-$1MM)","Micro (1-9)","Unaware",4,1,0.058,148,"COLD"
"nova-digital.com","Nova Digital","Retail","Micro ($0-$1MM)","Micro (1-9)","Aware",5,3,0.260,130,"COLD"
"rapid-net.com","Rapid Net","Hospital & Health Care","Micro ($0-$1MM)","Micro (1-9)","Unaware",1,1,0.052,198,"COLD"
"cyber-systems.com","Cyber Systems","Retail","Large ($100MM-$200MM)","Large (1,000-4,999)","Engaged",28,15,0.456,226,"WARM"
"peak-digital.com","Peak Digital","Retail","Small ($1MM-$10MM)","Medium-Small (50-199)","Engaged",44,9,0.488,202,"WARM"
"vertex-cloud.com","Vertex Cloud","Telecommunications","Medium-Large ($50MM-$100MM)","Medium (200-499)","Unaware",2,1,0.054,99,"COLD"
"atlas-systems.com","Atlas Systems","Marketing and Advertising","Medium-Small ($10MM-$50MM)","Medium (200-499)","Unaware",2,1,0.054,125,"COLD"
"prime-labs.com","Prime Labs","Retail","Micro ($0-$1MM)","Micro (1-9)","Engaged",38,13,0.476,142,"WARM"
"clear-media.com","Clear Media","Software / Information Technology","Large ($100MM-$200MM)","Large (1,000-4,999)","Unaware",3,1,0.156,83,"COLD"
"rapid-systems.com","Rapid Systems","Software / Information Technology","Small ($1MM-$10MM)","Medium-Small (50-199)","Aware",8,2,0.266,107,"COLD"
"core-net.com","Core Net","Financial Services","Medium-Small ($10MM-$50MM)","Medium (200-499)","Aware",20,3,0.190,126,"COLD"
"prime-systems.com","Prime Systems","E-Learning","Micro ($0-$1MM)","Small (10-49)","Unaware",4,1,0.058,99,"COLD"
"bright-net.com","Bright Net","Entertainment","Medium-Small ($10MM-$50MM)","Medium (200-499)","Unaware",1,1,0.052,56,"COLD"
"cyber-io.com","Cyber Io","Software / Information Technology","Micro ($0-$1MM)","Micro (1-9)","Unaware",4,1,0.158,247,"COLD"
"apex-net.com","Apex Net","Marketing and Advertising","Micro ($0-$1MM)","Micro (1-9)","Engaged",48,12,0.396,195,"WARM"
"global-media.com","Global Media","Marketing and Advertising","Micro ($0-$1MM)","Micro (1-9)","Aware",8,4,0.166,87,"COLD"
"smart-net.com","Smart Net","Food & Beverages","Medium-Large ($50MM-$100MM)","Medium-Large (500-999)","Unaware",4,1,0.058,68,"COLD"
"stellar-corp.com","Stellar Corp","Logistics and Supply Chain","Small ($1MM-$10MM)","Small (10-49)","Engaged",109,3,0.518,446,"HOT"
"acme-digital.com","Acme Digital","Financial Services","Medium-Small ($10MM-$50MM)","Medium (200-499)","Aware",18,4,0.186,252,"COLD"
"rapid-group.com","Rapid Group","Health, Wellness and Fitness","Small ($1MM-$10MM)","Small (10-49)","Unaware",4,1,0.058,231,"COLD"
"peak-digital.com","Peak Digital","Retail","Medium-Small ($10MM-$50MM)","Medium (200-499)","Aware",16,3,0.282,146,"COLD"
"apex-media.com","Apex Media","Retail","XLarge ($200MM-$1B)","Large (1,000-4,999)","Unaware",1,1,0.152,676,"COLD"
"core-data.com","Core Data","Education Management","Large ($100MM-$200MM)","Large (1,000-4,999)","Aware",11,6,0.172,176,"COLD"
"clear-hub.com","Clear Hub","Software / Information Technology","Large ($100MM-$200MM)","Medium-Large (500-999)","Opportunity",432,31,0.850,972,"HOT"
"global-solutions.com","Global Solutions","Health, Wellness and Fitness","Micro ($0-$1MM)","Micro (1-9)","Unaware",3,1,0.056,70,"COLD"
"clear-net.com","Clear Net","Manufacturing","Micro ($0-$1MM)","Micro (1-9)","Aware",7,2,0.164,90,"COLD"
"core-data.com","Core Data","Health, Wellness and Fitness","Medium-Small ($10MM-$50MM)","Medium-Small (50-199)","Unaware",2,1,0.054,158,"COLD"
"clear-io.com","Clear Io","Education Management","Large ($100MM-$200MM)","Medium-Large (500-999)","Engaged",109,4,0.518,416,"HOT"
"prime-solutions.com","Prime Solutions","Software / Information Technology","Medium-Small ($10MM-$50MM)","Medium (200-499)","Unaware",2,1,0.154,230,"COLD"
"rapid-labs.com","Rapid Labs","Marketing and Advertising","Small ($1MM-$10MM)","Medium-Small (50-199)","Unaware",5,1,0.060,233,"COLD"
"apex-io.com","Apex Io","Marketing and Advertising","Small ($1MM-$10MM)","Small (10-49)","Aware",19,2,0.188,242,"COLD"
"bright-hub.com","Bright Hub","Management Consulting","Micro ($0-$1MM)","Small (10-49)","MQL",103,11,0.656,386,"HOT"
"nova-systems.com","Nova Systems","Telecommunications","Medium-Large ($50MM-$100MM)","Medium-Large (500-999)","MQL",155,13,0.750,439,"HOT"
"core-media.com","Core Media","Manufacturing","Micro ($0-$1MM)","Micro (1-9)","Engaged",79,7,0.458,320,"WARM"
"acme-inc.com","Acme Inc","Telecommunications","Micro ($0-$1MM)","Micro (1-9)","Unaware",2,1,0.054,240,"COLD"
"bright-digital.com","Bright Digital","Health, Wellness and Fitness","Small ($1MM-$10MM)","Small (10-49)","MQL",148,8,0.746,420,"HOT"
"smart-io.com","Smart Io","Consumer Goods","Small ($1MM-$10MM)","Medium-Small (50-199)","Engaged",18,16,0.336,129,"WARM"
"swift-labs.com","Swift Labs","Health, Wellness and Fitness","Small ($1MM-$10MM)","Medium-Small (50-199)","Aware",3,4,0.156,61,"COLD"
"smart-digital.com","Smart Digital","Entertainment","XLarge ($200MM-$1B)","XLarge (5,000-10,000)","Unaware",1,1,0.052,633,"COLD"
"global-corp.com","Global Corp","Health, Wellness and Fitness","XLarge ($200MM-$1B)","Large (1,000-4,999)","MQL",168,13,0.750,1012,"HOT"
"peak-media.com","Peak Media","Real Estate","Medium-Small ($10MM-$50MM)","Medium (200-499)","Aware",9,3,0.168,68,"COLD"
"iron-systems.com","Iron Systems","Management Consulting","XXLarge ($1B+)","XXLarge (10,000+)","Unaware",2,1,0.054,676,"COLD"
"global-net.com","Global Net","Entertainment","XLarge ($200MM-$1B)","XLarge (5,000-10,000)","Opportunity",185,46,0.750,990,"HOT"
"rapid-systems.com","Rapid Systems","Retail","Medium-Small ($10MM-$50MM)","Medium (200-499)","MQL",53,27,0.656,197,"HOT"
"vertex-systems.com","Vertex Systems","Construction","XXLarge ($1B+)","XXLarge (10,000+)","Engaged",59,11,0.418,832,"WARM"
"apex-solutions.com","Apex Solutions","Financial Services","Medium-Small ($10MM-$50MM)","Medium (200-499)","Aware",14,1,0.178,242,"COLD"
"nexus-tech.com","Nexus Tech","Logistics and Supply Chain","Medium-Small ($10MM-$50MM)","Medium-Small (50-199)","Unaware",4,1,0.058,241,"COLD"
"blue-inc.com","Blue Inc","Insurance","Medium-Large ($50MM-$100MM)","Medium (200-499)","Aware",7,2,0.164,149,"COLD"
"iron-net.com","Iron Net","Manufacturing","Medium-Small ($10MM-$50MM)","Medium (200-499)","Unaware",5,1,0.060,166,"COLD"
"swift-inc.com","Swift Inc","Retail","Large ($100MM-$200MM)","Large (1,000-4,999)","Unaware",5,1,0.160,170,"COLD"
"nexus-net.com","Nexus Net","Insurance","Micro ($0-$1MM)","Micro (1-9)","Aware",21,5,0.192,245,"COLD"
"clear-cloud.com","Clear Cloud","Telecommunications","XXLarge ($1B+)","XXLarge (10,000+)","Aware",18,4,0.186,680,"COLD"
"stellar-cloud.com","Stellar Cloud","Telecommunications","Small ($1MM-$10MM)","Medium-Small (50-199)","Aware",18,3,0.186,99,"COLD"
"prime-solutions.com","Prime Solutions","Retail","Medium-Small ($10MM-$50MM)","Medium (200-499)","MQL",105,5,0.760,436,"HOT"
"rapid-media.com","Rapid Media","Retail","Small ($1MM-$10MM)","Medium-Small (50-199)","Unaware",3,1,0.156,70,"COLD"
"peak-media.com","Peak Media","Marketing and Advertising","Medium-Small ($10MM-$50MM)","Medium (200-499)","Opportunity",283,47,0.750,616,"HOT"
"global-inc.com","Global Inc","E-Learning","Medium-Small ($10MM-$50MM)","Medium-Small (50-199)","Unaware",2,1,0.054,147,"COLD"
"apex-labs.com","Apex Labs","Food & Beverages","XLarge ($200MM-$1B)","Large (1,000-4,999)","Aware",20,6,0.190,594,"COLD"
"atlas-inc.com","Atlas Inc","Hospital & Health Care","Medium-Small ($10MM-$50MM)","Medium (200-499)","Unaware",1,1,0.052,130,"COLD"
"prime-media.com","Prime Media","Entertainment","Small ($1MM-$10MM)","Small (10-49)","Aware",19,5,0.188,223,"COLD"
"rapid-media.com","Rapid Media","Automotive","Small ($1MM-$10MM)","Medium-Small (50-199)","Unaware",5,1,0.060,74,"COLD"
"vertex-cloud.com","Vertex Cloud","Software / Information Technology","Micro ($0-$1MM)","Micro (1-9)","Unaware",2,1,0.154,99,"COLD"
"green-tech.com","Green Tech","Software / Information Technology","Small ($1MM-$10MM)","Small (10-49)","MQL",194,22,0.850,569,"HOT"
"green-io.com","Green Io","Logistics and Supply Chain","Medium-Small ($10MM-$50MM)","Medium-Small (50-199)","Unaware",5,1,0.060,97,"COLD"
"acme-cloud.com","Acme Cloud","Health, Wellness and Fitness","Small ($1MM-$10MM)","Medium-Small (50-199)","Engaged",91,11,0.482,373,"WARM"
"vertex-data.com","Vertex Data","Marketing and Advertising","Medium-Small ($10MM-$50MM)","Medium (200-499)","Unaware",5,1,0.060,161,"COLD"
"prime-corp.com","Prime Corp","Food & Beverages","Small ($1MM-$10MM)","Small (10-49)","Unaware",2,1,0.054,114,"COLD"
"clear-systems.com","Clear Systems","Real Estate","Medium-Small ($10MM-$50MM)","Medium (200-499)","MQL",81,22,0.612,388,"HOT"
"vertex-labs.com","Vertex Labs","Hospital & Health Care","Large ($100MM-$200MM)","Large (1,000-4,999)","Opportunity",446,11,0.750,1100,"HOT"
"core-systems.com","Core Systems","Marketing and Advertising","XLarge ($200MM-$1B)","Large (1,000-4,999)","Aware",11,4,0.172,633,"COLD"
"smart-cloud.com","Smart Cloud","Insurance","Medium-Large ($50MM-$100MM)","Medium (200-499)","Opportunity",443,29,0.750,976,"HOT"
"blue-cloud.com","Blue Cloud","Marketing and Advertising","Small ($1MM-$10MM)","Small (10-49)","Aware",20,2,0.190,103,"COLD"
"swift-digital.com","Swift Digital","Education Management","Medium-Small ($10MM-$50MM)","Medium-Small (50-199)","MQL",31,27,0.512,161,"HOT"
"apex-systems.com","Apex Systems","Telecommunications","Small ($1MM-$10MM)","Medium-Small (50-199)","Aware",11,2,0.172,236,"COLD"
"cyber-hub.com","Cyber Hub","Software / Information Technology","Medium-Small ($10MM-$50MM)","Medium (200-499)","MQL",166,26,0.850,431,"HOT"
"core-works.com","Core Works","Manufacturing","Micro ($0-$1MM)","Micro (1-9)","Aware",12,2,0.174,127,"COLD"
"apex-tech.com","Apex Tech","Software / Information Technology","Small ($1MM-$10MM)","Medium-Small (50-199)","Engaged",16,8,0.432,157,"WARM"
"nexus-io.com","Nexus Io","Manufacturing","Micro ($0-$1MM)","Micro (1-9)","Unaware",1,1,0.052,181,"COLD"
"acme-media.com","Acme Media","Retail","Micro ($0-$1MM)","Micro (1-9)","Unaware",1,1,0.152,123,"COLD"
"swift-works.com","Swift Works","Legal Services","Small ($1MM-$10MM)","Medium-Small (50-199)","Aware",8,5,0.166,90,"COLD"
"smart-inc.com","Smart Inc","Food & Beverages","Micro ($0-$1MM)","Small (10-49)","Unaware",5,1,0.060,150,"COLD"
"apex-cloud.com","Apex Cloud","Construction","Small ($1MM-$10MM)","Medium-Small (50-199)","Aware",22,1,0.194,181,"COLD"
"peak-hub.com","Peak Hub","Food & Beverages","Medium-Small ($10MM-$50MM)","Medium (200-499)","MQL",162,24,0.750,543,"HOT"
"atlas-cloud.com","Atlas Cloud","Software / Information Technology","Micro ($0-$1MM)","Micro (1-9)","Unaware",1,1,0.152,196,"COLD"
"rapid-solutions.com","Rapid Solutions","Retail","Small ($1MM-$10MM)","Small (10-49)","Unaware",3,1,0.156,222,"COLD"
"atlas-net.com","Atlas Net","Food & Beverages","XLarge ($200MM-$1B)","Large (1,000-4,999)","MQL",114,26,0.678,880,"HOT"
"smart-digital.com","Smart Digital","Financial Services","XLarge ($200MM-$1B)","Large (1,000-4,999)","Engaged",65,7,0.430,761,"WARM"
"acme-net.com","Acme Net","Consumer Goods","Micro ($0-$1MM)","Micro (1-9)","Aware",6,5,0.162,175,"COLD"
"nexus-systems.com","Nexus Systems","Management Consulting","Micro ($0-$1MM)","Micro (1-9)","Aware",19,1,0.188,97,"COLD"
"stellar-systems.com","Stellar Systems","Health, Wellness and Fitness","XLarge ($200MM-$1B)","Large (1,000-4,999)","Unaware",4,1,0.058,661,"COLD"
"peak-media.com","Peak Media","Management Consulting","Small ($1MM-$10MM)","Medium-Small (50-199)","MQL",37,13,0.524,124,"HOT"
"apex-inc.com","Apex Inc","Legal Services","Small ($1MM-$10MM)","Small (10-49)","Opportunity",479,39,0.750,1206,"HOT"
"vertex-media.com","Vertex Media","Consumer Goods","Medium-Small ($10MM-$50MM)","Medium (200-499)","Unaware",4,1,0.058,87,"COLD"
"stellar-cloud.com","Stellar Cloud","Telecommunications","XLarge ($200MM-$1B)","Large (1,000-4,999)","Unaware",3,1,0.056,569,"COLD"
"acme-digital.com","Acme Digital","Marketing and Advertising","Small ($1MM-$10MM)","Small (10-49)","Aware",18,1,0.186,252,"COLD"
"prime-systems.com","Prime Systems","Management Consulting","Small ($1MM-$10MM)","Small (10-49)","Unaware",2,1,0.054,95,"COLD"
"green-data.com","Green Data","Education Management","Medium-Large ($50MM-$100MM)","Medium (200-499)","Unaware",1,1,0.052,142,"COLD"
"stellar-data.com","Stellar Data","Retail","XXLarge ($1B+)","XXLarge (10,000+)","MQL",209,7,0.850,1129,"HOT"
"green-labs.com","Green Labs","Management Consulting","Micro ($0-$1MM)","Small (10-49)","Aware",7,4,0.164,247,"COLD"
"global-io.com","Global Io","Logistics and Supply Chain","Medium-Small ($10MM-$50MM)","Medium (200-499)","Unaware",5,1,0.060,67,"COLD"
"clear-group.com","Clear Group","Education Management","Medium-Small ($10MM-$50MM)","Medium (200-499)","Unaware",5,1,0.060,178,"COLD"
"acme-io.com","Acme Io","Real Estate","Large ($100MM-$200MM)","Medium-Large (500-999)","Engaged",40,16,0.380,289,"WARM"
"swift-io.com","Swift Io","Health, Wellness and Fitness","Micro ($0-$1MM)","Micro (1-9)","Aware",14,4,0.178,114,"COLD"
"global-group.com","Global Group","Automotive","Micro ($0-$1MM)","Micro (1-9)","Aware",6,5,0.162,173,"COLD"
"bright-solutions.com","Bright Solutions","E-Learning","Large ($100MM-$200MM)","Medium-Large (500-999)","Aware",20,1,0.190,225,"COLD"
"prime-systems.com","Prime Systems","E-Learning","Medium-Small ($10MM-$50MM)","Medium (200-499)","Engaged",94,12,0.488,279,"WARM"
"apex-net.com","Apex Net","Retail","Medium-Small ($10MM-$50MM)","Medium (200-499)","Unaware",5,1,0.160,109,"COLD"
"nova-tech.com","Nova Tech","Financial Services","Small ($1MM-$10MM)","Medium-Small (50-199)","MQL",58,23,0.566,314,"HOT"
"acme-systems.com","Acme Systems","Manufacturing","Micro ($0-$1MM)","Micro (1-9)","Unaware",2,1,0.054,190,"COLD"
"iron-digital.com","Iron Digital","Financial Services","Medium-Small ($10MM-$50MM)","Medium (200-499)","Opportunity",342,39,0.750,810,"HOT"
"swift-systems.com","Swift Systems","Construction","Small ($1MM-$10MM)","Medium-Small (50-199)","Unaware",5,1,0.060,257,"COLD"
"core-labs.com","Core Labs","Legal Services","Small ($1MM-$10MM)","Medium-Small (50-199)","Aware",7,2,0.164,179,"COLD"
"smart-labs.com","Smart Labs","Consumer Goods","Medium-Large ($50MM-$100MM)","Medium-Large (500-999)","Engaged",56,3,0.412,289,"WARM"
"clear-group.com","Clear Group","Legal Services","XLarge ($200MM-$1B)","XLarge (5,000-10,000)","Engaged",86,13,0.472,840,"WARM"
"green-works.com","Green Works","Logistics and Supply Chain","Micro ($0-$1MM)","Micro (1-9)","Engaged",109,11,0.518,434,"HOT"
"acme-inc.com","Acme Inc","Marketing and Advertising","XXLarge ($1B+)","XXLarge (10,000+)","Unaware",4,1,0.058,744,"COLD"
"apex-data.com","Apex Data","Software / Information Technology","Medium-Small ($10MM-$50MM)","Medium (200-499)","Aware",17,2,0.284,197,"COLD"
"peak-digital.com","Peak Digital","Software / Information Technology","Small ($1MM-$10MM)","Medium-Small (50-199)","Opportunity",124,40,0.798,362,"HOT"
"smart-group.com","Smart Group","Entertainment","Medium-Small ($10MM-$50MM)","Medium-Small (50-199)","Unaware",2,1,0.054,75,"COLD"
"global-systems.com","Global Systems","Financial Services","Medium-Large ($50MM-$100MM)","Medium-Large (500-999)","Aware",19,1,0.188,265,"COLD"
"swift-group.com","Swift Group","Food & Beverages","Micro ($0-$1MM)","Micro (1-9)","Opportunity",462,14,0.750,1169,"HOT"
"cyber-tech.com","Cyber Tech","Management Consulting","Medium-Small ($10MM-$50MM)","Medium (200-499)","Unaware",4,1,0.058,234,"COLD"
"vertex-hub.com","Vertex Hub","Construction","Small ($1MM-$10MM)","Medium-Small (50-199)","Aware",12,2,0.174,144,"COLD"
"blue-net.com","Blue Net","Software / Information Technology","Large ($100MM-$200MM)","Large (1,000-4,999)","Unaware",1,1,0.152,197,"COLD"
"prime-inc.com","Prime Inc","E-Learning","Medium-Small ($10MM-$50MM)","Medium (200-499)","Engaged",40,14,0.380,166,"WARM"
"rapid-io.com","Rapid Io","Legal Services","Medium-Small ($10MM-$50MM)","Medium-Small (50-199)","Unaware",2,1,0.054,124,"COLD"
"nova-tech.com","Nova Tech","Retail","Small ($1MM-$10MM)","Medium-Small (50-199)","Unaware",5,1,0.160,208,"COLD"
"swift-tech.com","Swift Tech","Legal Services","Micro ($0-$1MM)","Micro (1-9)","Unaware",3,1,0.056,146,"COLD"
"clear-media.com","Clear Media","Retail","XLarge ($200MM-$1B)","XLarge (5,000-10,000)","Aware",20,2,0.290,617,"COLD"
"prime-labs.com","Prime Labs","Logistics and Supply Chain","Micro ($0-$1MM)","Micro (1-9)","Engaged",97,5,0.494,260,"WARM"
"core-corp.com","Core Corp","Software / Information Technology","Micro ($0-$1MM)","Micro (1-9)","Unaware",4,1,0.158,244,"COLD"
"nexus-systems.com","Nexus Systems","Insurance","XXLarge ($1B+)","XXLarge (10,000+)","Opportunity",438,27,0.750,1435,"HOT"
"green-solutions.com","Green Solutions","Software / Information Technology","Micro ($0-$1MM)","Micro (1-9)","Engaged",35,12,0.470,315,"WARM"
"global-labs.com","Global Labs","Automotive","Medium-Large ($50MM-$100MM)","Medium (200-499)","Aware",11,4,0.172,167,"COLD"
"acme-solutions.com","Acme Solutions","Retail","Medium-Small ($10MM-$50MM)","Medium-Small (50-199)","Unaware",4,1,0.158,75,"COLD"
"cyber-media.com","Cyber Media","E-Learning","XLarge ($200MM-$1B)","XLarge (5,000-10,000)","Engaged",21,8,0.342,732,"WARM"
"atlas-solutions.com","Atlas Solutions","Retail","Medium-Small ($10MM-$50MM)","Medium (200-499)","Aware",16,2,0.282,86,"COLD"
"rapid-tech.com","Rapid Tech","Telecommunications","Medium-Small ($10MM-$50MM)","Medium (200-499)","Unaware",1,1,0.052,149,"COLD"
"cyber-media.com","Cyber Media","Food & Beverages","Medium-Large ($50MM-$100MM)","Medium-Large (500-999)","MQL",165,25,0.750,520,"HOT"
"acme-net.com","Acme Net","Manufacturing","Micro ($0-$1MM)","Micro (1-9)","Unaware",4,1,0.058,171,"COLD"
"prime-io.com","Prime Io","Logistics and Supply Chain","Medium-Large ($50MM-$100MM)","Medium-Large (500-999)","Aware",22,1,0.194,146,"COLD"
"vertex-digital.com","Vertex Digital","Software / Information Technology","Medium-Large ($50MM-$100MM)","Medium (200-499)","Aware",8,3,0.266,182,"COLD"
"smart-digital.com","Smart Digital","Hospital & Health Care","Micro ($0-$1MM)","Micro (1-9)","Aware",13,6,0.176,157,"COLD"
"iron-works.com","Iron Works","Software / Information Technology","Large ($100MM-$200MM)","Large (1,000-4,999)","Unaware",1,1,0.152,84,"COLD"
"rapid-group.com","Rapid Group","Marketing and Advertising","Medium-Large ($50MM-$100MM)","Medium (200-499)","Aware",16,4,0.182,255,"COLD"
"blue-media.com","Blue Media","Software / Information Technology","Large ($100MM-$200MM)","Large (1,000-4,999)","Unaware",4,1,0.158,61,"COLD"
"acme-tech.com","Acme Tech","Health, Wellness and Fitness","Small ($1MM-$10MM)","Small (10-49)","Unaware",3,1,0.056,72,"COLD"
"green-solutions.com","Green Solutions","E-Learning","Micro ($0-$1MM)","Small (10-49)","Engaged",19,9,0.338,283,"WARM"
"rapid-digital.com","Rapid Digital","Marketing and Advertising","Small ($1MM-$10MM)","Small (10-49)","Aware",11,5,0.172,265,"COLD"
"stellar-media.com","Stellar Media","Education Management","XLarge ($200MM-$1B)","Large (1,000-4,999)","Engaged",91,13,0.482,736,"WARM"
"prime-media.com","Prime Media","Automotive","Medium-Large ($50MM-$100MM)","Medium-Large (500-999)","Unaware",3,1,0.056,191,"COLD"
"green-corp.com","Green Corp","Financial Services","Micro ($0-$1MM)","Micro (1-9)","Unaware",2,1,0.054,145,"COLD"
"rapid-systems.com","Rapid Systems","Software / Information Technology","Medium-Large ($50MM-$100MM)","Medium (200-499)","Aware",3,6,0.256,97,"COLD"
"peak-net.com","Peak Net","Software / Information Technology","Micro ($0-$1MM)","Small (10-49)","Unaware",5,1,0.160,136,"COLD"
"global-labs.com","Global Labs","Entertainment","Large ($100MM-$200MM)","Medium-Large (500-999)","Engaged",52,7,0.404,249,"WARM"
"clear-net.com","Clear Net","Telecommunications","Micro ($0-$1MM)","Micro (1-9)","Unaware",2,1,0.054,80,"COLD"
"rapid-inc.com","Rapid Inc","Education Management","Micro ($0-$1MM)","Micro (1-9)","MQL",215,23,0.750,555,"HOT"
"rapid-media.com","Rapid Media","Retail","Micro ($0-$1MM)","Micro (1-9)","Aware",3,3,0.256,70,"COLD"
"acme-works.com","Acme Works","Marketing and Advertising","Medium-Small ($10MM-$50MM)","Medium (200-499)","Unaware",1,1,0.052,212,"COLD"
"bright-works.com","Bright Works","Management Consulting","Micro ($0-$1MM)","Micro (1-9)","Unaware",2,1,0.054,120,"COLD"
"swift-solutions.com","Swift Solutions","Software / Information Technology","Micro ($0-$1MM)","Micro (1-9)","Aware",17,2,0.284,177,"COLD"
"green-digital.com","Green Digital","Consumer Goods","Medium-Small ($10MM-$50MM)","Medium (200-499)","Unaware",2,1,0.054,117,"COLD"
"clear-labs.com","Clear Labs","Food & Beverages","Medium-Small ($10MM-$50MM)","Medium (200-499)","Engaged",37,16,0.374,307,"WARM"
"acme-data.com","Acme Data","E-Learning","Medium-Small ($10MM-$50MM)","Medium (200-499)","Aware",12,2,0.174,253,"COLD"
"iron-data.com","Iron Data","Entertainment","Small ($1MM-$10MM)","Small (10-49)","Unaware",5,1,0.060,135,"COLD"
"peak-corp.com","Peak Corp","Entertainment","Medium-Large ($50MM-$100MM)","Medium (200-499)","Unaware",2,1,0.054,168,"COLD"
"nova-media.com","Nova Media","Hospital & Health Care","XLarge ($200MM-$1B)","XLarge (5,000-10,000)","MQL",196,16,0.750,971,"HOT"
"smart-digital.com","Smart Digital","Software / Information Technology","Small ($1MM-$10MM)","Small (10-49)","Aware",7,4,0.264,145,"COLD"
"blue-solutions.com","Blue Solutions","Telecommunications","Medium-Large ($50MM-$100MM)","Medium-Large (500-999)","Engaged",105,5,0.510,425,"HOT"
"core-hub.com","Core Hub","Consumer Goods","Medium-Large ($50MM-$100MM)","Medium-Large (500-999)","Aware",19,4,0.188,89,"COLD"
"cyber-group.com","Cyber Group","Manufacturing","Medium-Small ($10MM-$50MM)","Medium (200-499)","Unaware",4,1,0.058,69,"COLD"
"clear-io.com","Clear Io","Construction","Micro ($0-$1MM)","Micro (1-9)","Aware",19,3,0.188,236,"COLD"
"core-cloud.com","Core Cloud","Telecommunications","Micro ($0-$1MM)","Micro (1-9)","Aware",10,4,0.170,100,"COLD"
"green-labs.com","Green Labs","Health, Wellness and Fitness","Medium-Small ($10MM-$50MM)","Medium (200-499)","Unaware",2,1,0.054,237,"COLD"
"peak-tech.com","Peak Tech","Telecommunications","Small ($1MM-$10MM)","Medium-Small (50-199)","Aware",9,4,0.168,131,"COLD"
"global-hub.com","Global Hub","Software / Information Technology","Medium-Large ($50MM-$100MM)","Medium (200-499)","Unaware",2,1,0.154,111,"COLD"
"stellar-group.com","Stellar Group","Entertainment","Micro ($0-$1MM)","Small (10-49)","Aware",20,3,0.190,194,"COLD"
"clear-net.com","Clear Net","Health, Wellness and Fitness","Micro ($0-$1MM)","Micro (1-9)","Unaware",5,1,0.060,86,"COLD"
"acme-inc.com","Acme Inc","Marketing and Advertising","Medium-Small ($10MM-$50MM)","Medium (200-499)","Unaware",3,1,0.056,242,"COLD"
"bright-digital.com","Bright Digital","Marketing and Advertising","XLarge ($200MM-$1B)","Large (1,000-4,999)","Unaware",1,1,0.052,626,"COLD"
"bright-corp.com","Bright Corp","Logistics and Supply Chain","Medium-Small ($10MM-$50MM)","Medium (200-499)","Unaware",1,1,0.052,226,"COLD"
"nexus-net.com","Nexus Net","Logistics and Supply Chain","Small ($1MM-$10MM)","Small (10-49)","Unaware",2,1,0.054,207,"COLD"
"nova-systems.com","Nova Systems","Retail","XXLarge ($1B+)","XXLarge (10,000+)","Unaware",2,1,0.154,633,"COLD"
"iron-inc.com","Iron Inc","Construction","XLarge ($200MM-$1B)","XLarge (5,000-10,000)","MQL",154,26,0.750,912,"HOT"
"peak-hub.com","Peak Hub","Marketing and Advertising","Medium-Small ($10MM-$50MM)","Medium-Small (50-199)","Unaware",3,1,0.056,225,"COLD"
"stellar-media.com","Stellar Media","Hospital & Health Care","Micro ($0-$1MM)","Small (10-49)","Engaged",14,14,0.328,82,"WARM"
"core-digital.com","Core Digital","Retail","Medium-Large ($50MM-$100MM)","Medium (200-499)","MQL",154,16,0.850,449,"HOT"
"core-works.com","Core Works","Software / Information Technology","Large ($100MM-$200MM)","Medium-Large (500-999)","Opportunity",243,35,0.850,589,"HOT"
"nexus-data.com","Nexus Data","Food & Beverages","Large ($100MM-$200MM)","Medium-Large (500-999)","Unaware",5,1,0.060,155,"COLD"
"stellar-cloud.com","Stellar Cloud","Software / Information Technology","Micro ($0-$1MM)","Small (10-49)","Aware",9,5,0.268,81,"COLD"
"iron-hub.com","Iron Hub","Financial Services","Medium-Small ($10MM-$50MM)","Medium-Small (50-199)","MQL",46,10,0.542,225,"HOT"
"global-corp.com","Global Corp","Management Consulting","Micro ($0-$1MM)","Micro (1-9)","Aware",15,3,0.180,206,"COLD"
"vertex-labs.com","Vertex Labs","Hospital & Health Care","Micro ($0-$1MM)","Micro (1-9)","Aware",3,6,0.156,214,"COLD"
"blue-corp.com","Blue Corp","Software / Information Technology","Medium-Small ($10MM-$50MM)","Medium-Small (50-199)","Aware",5,4,0.260,60,"COLD"
"vertex-digital.com","Vertex Digital","Software / Information Technology","Medium-Small ($10MM-$50MM)","Medium (200-499)","Unaware",4,1,0.158,174,"COLD"
"green-systems.com","Green Systems","Health, Wellness and Fitness","Large ($100MM-$200MM)","Medium-Large (500-999)","Opportunity",372,20,0.750,954,"HOT"
"bright-works.com","Bright Works","Automotive","Micro ($0-$1MM)","Micro (1-9)","MQL",56,7,0.562,228,"HOT"
"iron-cloud.com","Iron Cloud","Marketing and Advertising","Micro ($0-$1MM)","Small (10-49)","Unaware",3,1,0.056,77,"COLD"
"global-systems.com","Global Systems","Telecommunications","Micro ($0-$1MM)","Micro (1-9)","Aware",8,6,0.166,243,"COLD"
"blue-corp.com","Blue Corp","Consumer Goods","XLarge ($200MM-$1B)","Large (1,000-4,999)","Unaware",2,1,0.054,554,"COLD"
"atlas-inc.com","Atlas Inc","Health, Wellness and Fitness","Medium-Small ($10MM-$50MM)","Medium-Small (50-199)","Engaged",52,9,0.404,232,"WARM"
"cyber-io.com","Cyber Io","Real Estate","Micro ($0-$1MM)","Small (10-49)","Engaged",83,11,0.466,405,"WARM"
"bright-solutions.com","Bright Solutions","Health, Wellness and Fitness","Medium-Small ($10MM-$50MM)","Medium (200-499)","Unaware",3,1,0.056,191,"COLD"
"nexus-labs.com","Nexus Labs","Entertainment","Large ($100MM-$200MM)","Large (1,000-4,999)","Unaware",5,1,0.060,160,"COLD"
"vertex-group.com","Vertex Group","Telecommunications","Micro ($0-$1MM)","Small (10-49)","Unaware",3,1,0.056,225,"COLD"
"smart-tech.com","Smart Tech","Hospital & Health Care","Medium-Small ($10MM-$50MM)","Medium (200-499)","Engaged",70,16,0.440,297,"WARM"
"cyber-cloud.com","Cyber Cloud","Marketing and Advertising","XLarge ($200MM-$1B)","XLarge (5,000-10,000)","MQL",200,27,0.750,951,"HOT"
"core-corp.com","Core Corp","Education Management","Micro ($0-$1MM)","Small (10-49)","Unaware",2,1,0.054,240,"COLD"
"bright-digital.com","Bright Digital","Real Estate","Micro ($0-$1MM)","Micro (1-9)","Aware",21,6,0.192,166,"COLD"
"acme-group.com","Acme Group","Insurance","Micro ($0-$1MM)","Micro (1-9)","Aware",17,2,0.184,187,"COLD"
"clear-systems.com","Clear Systems","Construction","Micro ($0-$1MM)","Small (10-49)","Aware",17,1,0.184,260,"COLD"
"cyber-net.com","Cyber Net","Food & Beverages","Medium-Small ($10MM-$50MM)","Medium-Small (50-199)","Aware",7,3,0.164,108,"COLD"
"global-hub.com","Global Hub","E-Learning","Medium-Small ($10MM-$50MM)","Medium (200-499)","Unaware",5,1,0.060,117,"COLD"
"rapid-group.com","Rapid Group","Construction","Micro ($0-$1MM)","Micro (1-9)","Unaware",3,1,0.056,229,"COLD"
"peak-digital.com","Peak Digital","Retail","Large ($100MM-$200MM)","Medium-Large (500-999)","Unaware",2,1,0.154,118,"COLD"
"blue-io.com","Blue Io","Logistics and Supply Chain","Medium-Large ($50MM-$100MM)","Medium (200-499)","Unaware",5,1,0.060,85,"COLD"
"atlas-cloud.com","Atlas Cloud","Retail","Micro ($0-$1MM)","Micro (1-9)","MQL",61,19,0.672,316,"HOT"
"prime-io.com","Prime Io","Telecommunications","Medium-Small ($10MM-$50MM)","Medium (200-499)","Unaware",5,1,0.060,112,"COLD"
"bright-data.com","Bright Data","Telecommunications","Medium-Small ($10MM-$50MM)","Medium (200-499)","Unaware",4,1,0.058,132,"COLD"
"global-inc.com","Global Inc","Software / Information Technology","XLarge ($200MM-$1B)","XLarge (5,000-10,000)","Aware",21,4,0.292,685,"COLD"
"peak-cloud.com","Peak Cloud","Automotive","Medium-Large ($50MM-$100MM)","Medium (200-499)","Unaware",3,1,0.056,77,"COLD"
"atlas-labs.com","Atlas Labs","Legal Services","Large ($100MM-$200MM)","Medium-Large (500-999)","Engaged",95,12,0.490,366,"WARM"
"prime-digital.com","Prime Digital","E-Learning","Medium-Small ($10MM-$50MM)","Medium-Small (50-199)","Engaged",31,14,0.362,278,"WARM"
"bright-net.com","Bright Net","Manufacturing","Medium-Small ($10MM-$50MM)","Medium (200-499)","Aware",17,4,0.184,88,"COLD"
"vertex-digital.com","Vertex Digital","Marketing and Advertising","Medium-Small ($10MM-$50MM)","Medium (200-499)","Engaged",22,15,0.344,210,"WARM"
"swift-net.com","Swift Net","Retail","XXLarge ($1B+)","XXLarge (10,000+)","Engaged",106,11,0.612,936,"HOT"
"apex-net.com","Apex Net","Entertainment","Medium-Small ($10MM-$50MM)","Medium (200-499)","Unaware",1,1,0.052,101,"COLD"
"rapid-net.com","Rapid Net","Retail","Small ($1MM-$10MM)","Medium-Small (50-199)","Aware",22,6,0.294,240,"COLD"
"global-net.com","Global Net","Management Consulting","Medium-Large ($50MM-$100MM)","Medium-Large (500-999)","Engaged",42,13,0.384,204,"WARM"
"stellar-media.com","Stellar Media","Software / Information Technology","Medium-Small ($10MM-$50MM)","Medium-Small (50-199)","Engaged",83,9,0.566,220,"WARM"
"vertex-systems.com","Vertex Systems","Financial Services","Medium-Small ($10MM-$50MM)","Medium-Small (50-199)","Aware",9,1,0.168,232,"COLD"
"atlas-tech.com","Atlas Tech","Manufacturing","Medium-Large ($50MM-$100MM)","Medium (200-499)","Engaged",63,12,0.426,180,"WARM"
"vertex-labs.com","Vertex Labs","Marketing and Advertising","Medium-Small ($10MM-$50MM)","Medium (200-499)","Unaware",4,1,0.058,216,"COLD"
"bright-data.com","Bright Data","Logistics and Supply Chain","Medium-Large ($50MM-$100MM)","Medium-Large (500-999)","Engaged",86,10,0.472,296,"WARM"
"rapid-corp.com","Rapid Corp","Manufacturing","Medium-Small ($10MM-$50MM)","Medium-Small (50-199)","Aware",3,3,0.156,223,"COLD"
"swift-media.com","Swift Media","Legal Services","XLarge ($200MM-$1B)","Large (1,000-4,999)","Unaware",4,1,0.058,628,"COLD"
"apex-net.com","Apex Net","Food & Beverages","Medium-Large ($50MM-$100MM)","Medium-Large (500-999)","Engaged",67,12,0.434,233,"WARM"
"blue-data.com","Blue Data","Telecommunications","Large ($100MM-$200MM)","Large (1,000-4,999)","Aware",19,1,0.188,195,"COLD"
"nexus-data.com","Nexus Data","Software / Information Technology","Micro ($0-$1MM)","Micro (1-9)","MQL",69,15,0.688,283,"HOT"
"blue-io.com","Blue Io","Financial Services","Medium-Small ($10MM-$50MM)","Medium (200-499)","Engaged",37,16,0.374,149,"WARM"
"global-systems.com","Global Systems","Marketing and Advertising","Small ($1MM-$10MM)","Small (10-49)","Engaged",45,13,0.390,317,"WARM"
"core-hub.com","Core Hub","Food & Beverages","Small ($1MM-$10MM)","Medium-Small (50-199)","Aware",6,5,0.162,63,"COLD"
"acme-digital.com","Acme Digital","Software / Information Technology","Small ($1MM-$10MM)","Medium-Small (50-199)","Engaged",59,14,0.518,334,"WARM"
"swift-hub.com","Swift Hub","Entertainment","Medium-Large ($50MM-$100MM)","Medium-Large (500-999)","Aware",17,2,0.184,229,"COLD"
"nova-group.com","Nova Group","Financial Services","Small ($1MM-$10MM)","Medium-Small (50-199)","Engaged",106,5,0.512,361,"HOT"
"atlas-works.com","Atlas Works","Marketing and Advertising","Medium-Large ($50MM-$100MM)","Medium-Large (500-999)","Unaware",5,1,0.060,252,"COLD"
"nova-systems.com","Nova Systems","Telecommunications","Medium-Small ($10MM-$50MM)","Medium-Small (50-199)","Unaware",5,1,0.060,139,"COLD"
"prime-labs.com","Prime Labs","Construction","Medium-Small ($10MM-$50MM)","Medium (200-499)","Engaged",60,16,0.420,186,"WARM"
"iron-group.com","Iron Group","Marketing and Advertising","Medium-Large ($50MM-$100MM)","Medium (200-499)","Engaged",21,17,0.342,237,"WARM"
"clear-group.com","Clear Group","Health, Wellness and Fitness","Micro ($0-$1MM)","Micro (1-9)","MQL",119,28,0.688,406,"HOT"
"global-media.com","Global Media","Hospital & Health Care","Large ($100MM-$200MM)","Large (1,000-4,999)","Aware",4,2,0.158,79,"COLD"
"bright-group.com","Bright Group","Food & Beverages","Large ($100MM-$200MM)","Large (1,000-4,999)","MQL",99,25,0.648,437,"HOT"
"stellar-cloud.com","Stellar Cloud","Retail","Micro ($0-$1MM)","Micro (1-9)","Aware",20,2,0.290,103,"COLD"
"smart-net.com","Smart Net","Insurance","Large ($100MM-$200MM)","Medium-Large (500-999)","Engaged",51,15,0.402,162,"WARM"
"acme-media.com","Acme Media","Entertainment","XLarge ($200MM-$1B)","XLarge (5,000-10,000)","Aware",11,3,0.172,643,"COLD"
"peak-solutions.com","Peak Solutions","Financial Services","Small ($1MM-$10MM)","Medium-Small (50-199)","Unaware",4,1,0.058,108,"COLD"
"nexus-hub.com","Nexus Hub","Management Consulting","Large ($100MM-$200MM)","Large (1,000-4,999)","Engaged",90,7,0.480,274,"WARM"
"vertex-labs.com","Vertex Labs","Legal Services","Small ($1MM-$10MM)","Small (10-49)","Engaged",68,9,0.436,344,"WARM"
"bright-digital.com","Bright Digital","Hospital & Health Care","Medium-Large ($50MM-$100MM)","Medium (200-499)","Aware",6,2,0.162,136,"COLD"
"nova-cloud.com","Nova Cloud","Construction","Micro ($0-$1MM)","Micro (1-9)","Aware",5,3,0.160,78,"COLD"
"clear-io.com","Clear Io","E-Learning","Medium-Small ($10MM-$50MM)","Medium-Small (50-199)","Unaware",2,1,0.054,202,"COLD"
"acme-inc.com","Acme Inc","Software / Information Technology","Micro ($0-$1MM)","Micro (1-9)","Unaware",1,1,0.152,238,"COLD"
"acme-cloud.com","Acme Cloud","Food & Beverages","Medium-Small ($10MM-$50MM)","Medium (200-499)","Unaware",2,1,0.054,195,"COLD"
"acme-corp.com","Acme Corp","Retail","Medium-Large ($50MM-$100MM)","Medium (200-499)","Engaged",19,16,0.438,125,"WARM"
"swift-inc.com","Swift Inc","Education Management","Micro ($0-$1MM)","Micro (1-9)","Unaware",1,1,0.052,162,"COLD"
"green-systems.com","Green Systems","Entertainment","Large ($100MM-$200MM)","Large (1,000-4,999)","Unaware",2,1,0.054,214,"COLD"
"blue-systems.com","Blue Systems","E-Learning","Large ($100MM-$200MM)","Large (1,000-4,999)","Unaware",4,1,0.058,144,"COLD"
"peak-data.com","Peak Data","Software / Information Technology","Large ($100MM-$200MM)","Large (1,000-4,999)","Engaged",37,12,0.474,208,"WARM"
"swift-cloud.com","Swift Cloud","Entertainment","Medium-Small ($10MM-$50MM)","Medium (200-499)","Aware",6,6,0.162,258,"COLD"
"prime-group.com","Prime Group","Logistics and Supply Chain","Large ($100MM-$200MM)","Large (1,000-4,999)","MQL",78,17,0.606,282,"HOT"
"swift-media.com","Swift Media","Software / Information Technology","Small ($1MM-$10MM)","Small (10-49)","Unaware",5,1,0.160,130,"COLD"
"stellar-net.com","Stellar Net","Real Estate","Micro ($0-$1MM)","Micro (1-9)","Unaware",5,1,0.060,89,"COLD"
"swift-net.com","Swift Net","Insurance","Small ($1MM-$10MM)","Small (10-49)","Engaged",107,16,0.514,438,"HOT"
"clear-labs.com","Clear Labs","Food & Beverages","Micro ($0-$1MM)","Micro (1-9)","Unaware",2,1,0.054,237,"COLD"
"global-inc.com","Global Inc","Education Management","Medium-Small ($10MM-$50MM)","Medium (200-499)","MQL",123,25,0.696,389,"HOT"
"blue-cloud.com","Blue Cloud","Marketing and Advertising","Medium-Small ($10MM-$50MM)","Medium-Small (50-199)","Unaware",3,1,0.056,69,"COLD"
"iron-group.com","Iron Group","Software / Information Technology","Small ($1MM-$10MM)","Small (10-49)","MQL",76,6,0.702,347,"HOT"
"prime-group.com","Prime Group","Manufacturing","XLarge ($200MM-$1B)","XLarge (5,000-10,000)","Aware",12,3,0.174,650,"COLD"
"stellar-solutions.com","Stellar Solutions","Legal Services","Small ($1MM-$10MM)","Small (10-49)","Aware",4,4,0.158,250,"COLD"
"swift-media.com","Swift Media","Retail","Medium-Large ($50MM-$100MM)","Medium-Large (500-999)","Unaware",2,1,0.154,124,"COLD"
"nexus-solutions.com","Nexus Solutions","Food & Beverages","Small ($1MM-$10MM)","Medium-Small (50-199)","Unaware",4,1,0.058,147,"COLD"
"bright-tech.com","Bright Tech","Software / Information Technology","XLarge ($200MM-$1B)","Large (1,000-4,999)","Engaged",99,10,0.598,873,"WARM"
"core-net.com","Core Net","Legal Services","Medium-Small ($10MM-$50MM)","Medium (200-499)","Engaged",103,17,0.506,292,"HOT"
"rapid-corp.com","Rapid Corp","Software / Information Technology","Medium-Large ($50MM-$100MM)","Medium (200-499)","Engaged",88,6,0.576,393,"WARM"
"blue-works.com","Blue Works","Logistics and Supply Chain","Large ($100MM-$200MM)","Large (1,000-4,999)","Unaware",2,1,0.054,183,"COLD"
"swift-systems.com","Swift Systems","Hospital & Health Care","XXLarge ($1B+)","XXLarge (10,000+)","Aware",18,5,0.186,783,"COLD"
"apex-works.com","Apex Works","Software / Information Technology","Medium-Large ($50MM-$100MM)","Medium-Large (500-999)","Engaged",91,9,0.582,264,"WARM"
"cyber-corp.com","Cyber Corp","Retail","Medium-Large ($50MM-$100MM)","Medium-Large (500-999)","Unaware",1,1,0.152,145,"COLD"
"bright-media.com","Bright Media","Marketing and Advertising","Micro ($0-$1MM)","Micro (1-9)","Unaware",2,1,0.054,206,"COLD"
"rapid-tech.com","Rapid Tech","Food & Beverages","Small ($1MM-$10MM)","Small (10-49)","Unaware",1,1,0.052,149,"COLD"
"swift-data.com","Swift Data","Software / Information Technology","Medium-Large ($50MM-$100MM)","Medium (200-499)","Unaware",2,1,0.154,223,"COLD"
"prime-io.com","Prime Io","Marketing and Advertising","Small ($1MM-$10MM)","Medium-Small (50-199)","Aware",15,6,0.180,132,"COLD"
"core-works.com","Core Works","Software / Information Technology","Small ($1MM-$10MM)","Small (10-49)","Opportunity",207,37,0.850,517,"HOT"
"peak-corp.com","Peak Corp","Real Estate","Large ($100MM-$200MM)","Medium-Large (500-999)","Engaged",35,13,0.370,234,"WARM"
"peak-cloud.com","Peak Cloud","Food & Beverages","Micro ($0-$1MM)","Micro (1-9)","Unaware",5,1,0.060,81,"COLD"
"vertex-hub.com","Vertex Hub","Management Consulting","Micro ($0-$1MM)","Small (10-49)","Aware",21,6,0.192,162,"COLD"
"cyber-media.com","Cyber Media","Insurance","Small ($1MM-$10MM)","Medium-Small (50-199)","MQL",222,18,0.750,634,"HOT"
"green-cloud.com","Green Cloud","Real Estate","Medium-Small ($10MM-$50MM)","Medium (200-499)","Opportunity",304,36,0.750,787,"HOT"
"atlas-works.com","Atlas Works","Construction","Small ($1MM-$10MM)","Small (10-49)","Engaged",38,8,0.376,318,"WARM"
"bright-solutions.com","Bright Solutions","Retail","Micro ($0-$1MM)","Micro (1-9)","Aware",16,1,0.282,217,"COLD"
"smart-systems.com","Smart Systems","Automotive","Medium-Small ($10MM-$50MM)","Medium-Small (50-199)","MQL",79,14,0.608,276,"HOT"
"rapid-corp.com","Rapid Corp","Financial Services","Large ($100MM-$200MM)","Medium-Large (500-999)","Unaware",3,1,0.056,223,"COLD"
"global-inc.com","Global Inc","Food & Beverages","Small ($1MM-$10MM)","Small (10-49)","Opportunity",133,46,0.716,409,"HOT"
"cyber-inc.com","Cyber Inc","Retail","Micro ($0-$1MM)","Micro (1-9)","Engaged",96,7,0.592,369,"WARM"
"rapid-hub.com","Rapid Hub","Marketing and Advertising","Micro ($0-$1MM)","Micro (1-9)","Opportunity",373,39,0.750,986,"HOT"
"nexus-tech.com","Nexus Tech","Telecommunications","Medium-Small ($10MM-$50MM)","Medium-Small (50-199)","Unaware",2,1,0.054,237,"COLD"
"apex-cloud.com","Apex Cloud","Logistics and Supply Chain","Small ($1MM-$10MM)","Small (10-49)","Unaware",3,1,0.056,143,"COLD"
"clear-hub.com","Clear Hub","Food & Beverages","XLarge ($200MM-$1B)","XLarge (5,000-10,000)","Unaware",3,1,0.056,614,"COLD"
"cyber-works.com","Cyber Works","Entertainment","XLarge ($200MM-$1B)","XLarge (5,000-10,000)","Unaware",5,1,0.060,759,"COLD"
"global-cloud.com","Global Cloud","Real Estate","Small ($1MM-$10MM)","Medium-Small (50-199)","Unaware",3,1,0.056,97,"COLD"
"global-works.com","Global Works","Software / Information Technology","Medium-Large ($50MM-$100MM)","Medium (200-499)","Opportunity",184,40,0.850,491,"HOT"
"cyber-works.com","Cyber Works","Software / Information Technology","Medium-Large ($50MM-$100MM)","Medium (200-499)","Unaware",3,1,0.156,255,"COLD"
"stellar-net.com","Stellar Net","E-Learning","Large ($100MM-$200MM)","Large (1,000-4,999)","Aware",20,4,0.190,119,"COLD"
"clear-systems.com","Clear Systems","Software / Information Technology","Small ($1MM-$10MM)","Medium-Small (50-199)","Unaware",3,1,0.156,232,"COLD"
"acme-corp.com","Acme Corp","E-Learning","Medium-Large ($50MM-$100MM)","Medium (200-499)","MQL",219,8,0.750,525,"HOT"
"bright-digital.com","Bright Digital","Marketing and Advertising","Small ($1MM-$10MM)","Medium-Small (50-199)","Unaware",2,1,0.054,128,"COLD"
"nova-labs.com","Nova Labs","Automotive","XLarge ($200MM-$1B)","XLarge (5,000-10,000)","Unaware",2,1,0.054,611,"COLD"
"core-inc.com","Core Inc","Manufacturing","Large ($100MM-$200MM)","Large (1,000-4,999)","Aware",17,3,0.184,194,"COLD"
"nexus-group.com","Nexus Group","E-Learning","Large ($100MM-$200MM)","Medium-Large (500-999)","Engaged",96,9,0.492,303,"WARM"
"acme-media.com","Acme Media","Marketing and Advertising","Medium-Small ($10MM-$50MM)","Medium-Small (50-199)","Aware",21,3,0.192,163,"COLD"
"clear-io.com","Clear Io","Logistics and Supply Chain","Small ($1MM-$10MM)","Small (10-49)","Unaware",3,1,0.056,204,"COLD"
"acme-media.com","Acme Media","Education Management","Small ($1MM-$10MM)","Small (10-49)","Unaware",3,1,0.056,127,"COLD"
"peak-group.com","Peak Group","Software / Information Technology","Medium-Small ($10MM-$50MM)","Medium (200-499)","Aware",20,6,0.290,166,"COLD"
"stellar-io.com","Stellar Io","Marketing and Advertising","Medium-Small ($10MM-$50MM)","Medium-Small (50-199)","Unaware",2,1,0.054,194,"COLD"
"apex-data.com","Apex Data","Retail","XXLarge ($1B+)","XXLarge (10,000+)","Engaged",57,5,0.514,777,"WARM"
"swift-io.com","Swift Io","Logistics and Supply Chain","Small ($1MM-$10MM)","Small (10-49)","Unaware",1,1,0.052,88,"COLD"
"cyber-inc.com","Cyber Inc","Legal Services","Small ($1MM-$10MM)","Medium-Small (50-199)","MQL",211,6,0.750,599,"HOT"
"core-group.com","Core Group","E-Learning","Small ($1MM-$10MM)","Medium-Small (50-199)","Aware",7,5,0.164,130,"COLD"
"acme-labs.com","Acme Labs","Entertainment","Medium-Large ($50MM-$100MM)","Medium-Large (500-999)","Unaware",3,1,0.056,98,"COLD"
"apex-labs.com","Apex Labs","Management Consulting","Micro ($0-$1MM)","Micro (1-9)","Engaged",45,12,0.390,144,"WARM"
"cyber-inc.com","Cyber Inc","Software / Information Technology","Small ($1MM-$10MM)","Small (10-49)","Unaware",4,1,0.158,185,"COLD"
"smart-corp.com","Smart Corp","Entertainment","Small ($1MM-$10MM)","Medium-Small (50-199)","Engaged",60,14,0.420,214,"WARM"
"global-net.com","Global Net","E-Learning","Large ($100MM-$200MM)","Large (1,000-4,999)","Unaware",5,1,0.060,130,"COLD"
"rapid-media.com","Rapid Media","Software / Information Technology","Micro ($0-$1MM)","Micro (1-9)","Aware",16,5,0.282,96,"COLD"
"cyber-systems.com","Cyber Systems","Software / Information Technology","Large ($100MM-$200MM)","Medium-Large (500-999)","Unaware",3,1,0.156,176,"COLD"
"apex-media.com","Apex Media","Marketing and Advertising","Micro ($0-$1MM)","Micro (1-9)","Aware",4,4,0.158,182,"COLD"
"prime-data.com","Prime Data","E-Learning","Small ($1MM-$10MM)","Medium-Small (50-199)","Aware",4,3,0.158,257,"COLD"
"nexus-group.com","Nexus Group","Financial Services","Small ($1MM-$10MM)","Medium-Small (50-199)","Unaware",5,1,0.060,121,"COLD"
"peak-hub.com","Peak Hub","Consumer Goods","Micro ($0-$1MM)","Micro (1-9)","Unaware",5,1,0.060,229,"COLD"
"nova-media.com","Nova Media","Insurance","Small ($1MM-$10MM)","Small (10-49)","Aware",15,4,0.180,109,"COLD"
"clear-corp.com","Clear Corp","Financial Services","Large ($100MM-$200MM)","Large (1,000-4,999)","Aware",19,2,0.188,283,"COLD"
"rapid-hub.com","Rapid Hub","Telecommunications","Micro ($0-$1MM)","Small (10-49)","Unaware",4,1,0.058,248,"COLD"
"nova-io.com","Nova Io","Software / Information Technology","XLarge ($200MM-$1B)","XLarge (5,000-10,000)","Aware",19,6,0.288,611,"COLD"
"core-group.com","Core Group","Financial Services","Medium-Large ($50MM-$100MM)","Medium-Large (500-999)","Unaware",2,1,0.054,120,"COLD"
"prime-digital.com","Prime Digital","Management Consulting","Medium-Large ($50MM-$100MM)","Medium-Large (500-999)","Unaware",2,1,0.054,220,"COLD"
"acme-corp.com","Acme Corp","Software / Information Technology","Micro ($0-$1MM)","Micro (1-9)","Unaware",4,1,0.158,95,"COLD"
"rapid-media.com","Rapid Media","Hospital & Health Care","Medium-Small ($10MM-$50MM)","Medium (200-499)","Engaged",40,15,0.380,144,"WARM"
"global-systems.com","Global Systems","Hospital & Health Care","XXLarge ($1B+)","XXLarge (10,000+)","Engaged",51,16,0.402,829,"WARM"
"clear-systems.com","Clear Systems","Health, Wellness and Fitness","Medium-Small ($10MM-$50MM)","Medium-Small (50-199)","Engaged",42,16,0.384,310,"WARM"
"green-media.com","Green Media","Hospital & Health Care","Micro ($0-$1MM)","Micro (1-9)","Unaware",3,1,0.056,158,"COLD"
"rapid-media.com","Rapid Media","Automotive","Medium-Large ($50MM-$100MM)","Medium (200-499)","Unaware",1,1,0.052,66,"COLD"
"nexus-data.com","Nexus Data","Software / Information Technology","Medium-Large ($50MM-$100MM)","Medium (200-499)","Unaware",3,1,0.156,151,"COLD"
"swift-solutions.com","Swift Solutions","Software / Information Technology","Micro ($0-$1MM)","Small (10-49)","Unaware",1,1,0.152,145,"COLD"
"bright-labs.com","Bright Labs","Legal Services","Medium-Large ($50MM-$100MM)","Medium-Large (500-999)","Unaware",3,1,0.056,120,"COLD"
"peak-works.com","Peak Works","Construction","Medium-Large ($50MM-$100MM)","Medium-Large (500-999)","Engaged",45,14,0.390,216,"WARM"
"stellar-io.com","Stellar Io","Hospital & Health Care","Micro ($0-$1MM)","Small (10-49)","Unaware",5,1,0.060,200,"COLD"
"smart-corp.com","Smart Corp","Hospital & Health Care","Micro ($0-$1MM)","Micro (1-9)","MQL",95,17,0.640,284,"HOT"
"atlas-works.com","Atlas Works","Marketing and Advertising","XLarge ($200MM-$1B)","Large (1,000-4,999)","Unaware",3,1,0.056,748,"COLD"
"blue-solutions.com","Blue Solutions","E-Learning","Medium-Small ($10MM-$50MM)","Medium-Small (50-199)","Unaware",2,1,0.054,219,"COLD"
"core-media.com","Core Media","Construction","Small ($1MM-$10MM)","Small (10-49)","Unaware",3,1,0.056,168,"COLD"
"smart-hub.com","Smart Hub","Marketing and Advertising","Medium-Large ($50MM-$100MM)","Medium-Large (500-999)","Aware",14,4,0.178,148,"COLD"
"stellar-digital.com","Stellar Digital","Software / Information Technology","Medium-Small ($10MM-$50MM)","Medium (200-499)","Unaware",2,1,0.154,111,"COLD"
"bright-corp.com","Bright Corp","Legal Services","Small ($1MM-$10MM)","Medium-Small (50-199)","Engaged",74,17,0.448,372,"WARM"
"prime-io.com","Prime Io","Marketing and Advertising","Medium-Small ($10MM-$50MM)","Medium-Small (50-199)","Aware",8,2,0.166,118,"COLD"
"blue-cloud.com","Blue Cloud","Food & Beverages","XLarge ($200MM-$1B)","Large (1,000-4,999)","Aware",17,6,0.184,597,"COLD"
"vertex-systems.com","Vertex Systems","Legal Services","Medium-Small ($10MM-$50MM)","Medium-Small (50-199)","Unaware",1,1,0.052,216,"COLD"
"cyber-hub.com","Cyber Hub","Legal Services","XLarge ($200MM-$1B)","Large (1,000-4,999)","MQL",46,14,0.542,691,"HOT"
"iron-io.com","Iron Io","Logistics and Supply Chain","Medium-Large ($50MM-$100MM)","Medium-Large (500-999)","Unaware",5,1,0.060,118,"COLD"
"smart-net.com","Smart Net","Legal Services","Small ($1MM-$10MM)","Small (10-49)","Unaware",1,1,0.052,62,"COLD"
"bright-tech.com","Bright Tech","Retail","Medium-Small ($10MM-$50MM)","Medium (200-499)","MQL",71,22,0.692,317,"HOT"
"nova-io.com","Nova Io","Food & Beverages","Medium-Small ($10MM-$50MM)","Medium-Small (50-199)","Engaged",89,16,0.478,251,"WARM"
"blue-corp.com","Blue Corp","Hospital & Health Care","Micro ($0-$1MM)","Small (10-49)","Unaware",4,1,0.058,58,"COLD"
"peak-cloud.com","Peak Cloud","Telecommunications","XLarge ($200MM-$1B)","XLarge (5,000-10,000)","Engaged",34,8,0.368,639,"WARM"
"core-cloud.com","Core Cloud","Marketing and Advertising","Micro ($0-$1MM)","Micro (1-9)","Aware",16,5,0.182,112,"COLD"
"peak-data.com","Peak Data","Food & Beverages","Micro ($0-$1MM)","Micro (1-9)","Unaware",3,1,0.056,140,"COLD"
"core-works.com","Core Works","Management Consulting","Medium-Small ($10MM-$50MM)","Medium (200-499)","Engaged",78,9,0.456,259,"WARM"
"atlas-group.com","Atlas Group","Insurance","Large ($100MM-$200MM)","Medium-Large (500-999)","MQL",63,28,0.576,209,"HOT"
"prime-inc.com","Prime Inc","Consumer Goods","Micro ($0-$1MM)","Micro (1-9)","Engaged",53,8,0.406,192,"WARM"
"acme-net.com","Acme Net","E-Learning","Small ($1MM-$10MM)","Small (10-49)","Aware",17,6,0.184,197,"COLD"
"prime-media.com","Prime Media","Consumer Goods","Micro ($0-$1MM)","Small (10-49)","Unaware",3,1,0.056,191,"COLD"
"nexus-labs.com","Nexus Labs","Legal Services","Large ($100MM-$200MM)","Large (1,000-4,999)","Aware",8,5,0.166,166,"COLD"
"iron-net.com","Iron Net","Software / Information Technology","Micro ($0-$1MM)","Micro (1-9)","Aware",8,3,0.266,172,"COLD"
"clear-inc.com","Clear Inc","Food & Beverages","Medium-Large ($50MM-$100MM)","Medium (200-499)","MQL",74,28,0.598,385,"HOT"
"core-hub.com","Core Hub","Entertainment","Medium-Small ($10MM-$50MM)","Medium (200-499)","Opportunity",328,16,0.750,707,"HOT"
"blue-solutions.com","Blue Solutions","Management Consulting","Micro ($0-$1MM)","Micro (1-9)","Unaware",5,1,0.060,225,"COLD"
"clear-hub.com","Clear Hub","Construction","Medium-Small ($10MM-$50MM)","Medium (200-499)","Engaged",70,8,0.440,248,"WARM"
"iron-io.com","Iron Io","E-Learning","Medium-Large ($50MM-$100MM)","Medium-Large (500-999)","Opportunity",475,15,0.750,1058,"HOT"
"core-works.com","Core Works","Food & Beverages","Medium-Large ($50MM-$100MM)","Medium-Large (500-999)","Unaware",3,1,0.056,109,"COLD"
"iron-inc.com","Iron Inc","Automotive","Medium-Large ($50MM-$100MM)","Medium (200-499)","Unaware",3,1,0.056,110,"COLD"
"swift-media.com","Swift Media","Manufacturing","Large ($100MM-$200MM)","Medium-Large (500-999)","Engaged",20,7,0.340,160,"WARM"
"nova-data.com","Nova Data","Software / Information Technology","Micro ($0-$1MM)","Micro (1-9)","Unaware",1,1,0.152,175,"COLD"
"blue-inc.com","Blue Inc","Software / Information Technology","XLarge ($200MM-$1B)","XLarge (5,000-10,000)","Opportunity",287,43,0.850,1209,"HOT"
"iron-inc.com","Iron Inc","Retail","Large ($100MM-$200MM)","Medium-Large (500-999)","MQL",116,25,0.782,336,"HOT"
"peak-labs.com","Peak Labs","Software / Information Technology","Large ($100MM-$200MM)","Large (1,000-4,999)","Unaware",2,1,0.154,230,"COLD"
"bright-media.com","Bright Media","Insurance","Small ($1MM-$10MM)","Small (10-49)","Aware",19,2,0.188,240,"COLD"
"atlas-tech.com","Atlas Tech","Retail","Medium-Large ($50MM-$100MM)","Medium (200-499)","MQL",52,24,0.654,158,"HOT"
"green-inc.com","Green Inc","Software / Information Technology","Large ($100MM-$200MM)","Large (1,000-4,999)","Unaware",4,1,0.158,74,"COLD"
"global-media.com","Global Media","Construction","Medium-Large ($50MM-$100MM)","Medium-Large (500-999)","Unaware",3,1,0.056,77,"COLD"
"nova-io.com","Nova Io","Marketing and Advertising","Micro ($0-$1MM)","Small (10-49)","Unaware",2,1,0.054,77,"COLD"
"bright-data.com","Bright Data","Marketing and Advertising","Medium-Small ($10MM-$50MM)","Medium (200-499)","Unaware",3,1,0.056,130,"COLD"
"nova-works.com","Nova Works","Food & Beverages","Micro ($0-$1MM)","Micro (1-9)","Engaged",55,10,0.410,335,"WARM"
"smart-data.com","Smart Data","Construction","Micro ($0-$1MM)","Micro (1-9)","MQL",128,29,0.706,472,"HOT"
"clear-hub.com","Clear Hub","Health, Wellness and Fitness","Small ($1MM-$10MM)","Medium-Small (50-199)","MQL",65,8,0.580,238,"HOT"
"vertex-systems.com","Vertex Systems","Software / Information Technology","Medium-Large ($50MM-$100MM)","Medium (200-499)","Unaware",3,1,0.156,220,"COLD"
"global-systems.com","Global Systems","Telecommunications","Medium-Large ($50MM-$100MM)","Medium (200-499)","Aware",4,1,0.158,235,"COLD"
"smart-io.com","Smart Io","Software / Information Technology","Micro ($0-$1MM)","Micro (1-9)","Aware",6,5,0.262,105,"COLD"
"core-digital.com","Core Digital","Education Management","Small ($1MM-$10MM)","Medium-Small (50-199)","Engaged",54,8,0.408,249,"WARM"
"global-tech.com","Global Tech","Retail","Medium-Large ($50MM-$100MM)","Medium-Large (500-999)","Unaware",1,1,0.152,225,"COLD"
"cyber-systems.com","Cyber Systems","Health, Wellness and Fitness","Medium-Small ($10MM-$50MM)","Medium-Small (50-199)","Unaware",4,1,0.058,178,"COLD"
"cyber-inc.com","Cyber Inc","Marketing and Advertising","Micro ($0-$1MM)","Micro (1-9)","Unaware",3,1,0.056,183,"COLD"
"peak-net.com","Peak Net","Financial Services","XLarge ($200MM-$1B)","Large (1,000-4,999)","Aware",5,4,0.160,636,"COLD"
"stellar-net.com","Stellar Net","Health, Wellness and Fitness","Micro ($0-$1MM)","Micro (1-9)","Aware",17,1,0.184,113,"COLD"
"green-works.com","Green Works","Food & Beverages","Micro ($0-$1MM)","Micro (1-9)","Aware",3,2,0.156,222,"COLD"
"iron-systems.com","Iron Systems","Retail","Large ($100MM-$200MM)","Large (1,000-4,999)","Unaware",1,1,0.152,174,"COLD"
"vertex-group.com","Vertex Group","Financial Services","Medium-Large ($50MM-$100MM)","Medium-Large (500-999)","Aware",21,4,0.192,261,"COLD"
"global-media.com","Global Media","Real Estate","Small ($1MM-$10MM)","Small (10-49)","Unaware",2,1,0.054,75,"COLD"
"iron-labs.com","Iron Labs","Education Management","Micro ($0-$1MM)","Small (10-49)","Unaware",3,1,0.056,233,"COLD"
"core-group.com","Core Group","Retail","Small ($1MM-$10MM)","Small (10-49)","Opportunity",126,45,0.802,368,"HOT"
"peak-cloud.com","Peak Cloud","Retail","Large ($100MM-$200MM)","Medium-Large (500-999)","Unaware",4,1,0.158,79,"COLD"
"iron-hub.com","Iron Hub","Telecommunications","Micro ($0-$1MM)","Micro (1-9)","Unaware",5,1,0.060,143,"COLD"
"prime-inc.com","Prime Inc","Entertainment","Large ($100MM-$200MM)","Large (1,000-4,999)","Unaware",5,1,0.060,96,"COLD"
"global-digital.com","Global Digital","Health, Wellness and Fitness","Small ($1MM-$10MM)","Small (10-49)","Aware",17,6,0.184,215,"COLD"
"bright-labs.com","Bright Labs","Construction","Medium-Small ($10MM-$50MM)","Medium-Small (50-199)","Aware",10,2,0.170,134,"COLD"
"global-systems.com","Global Systems","Software / Information Technology","Micro ($0-$1MM)","Micro (1-9)","Unaware",4,1,0.158,235,"COLD"
"green-works.com","Green Works","Software / Information Technology","Medium-Large ($50MM-$100MM)","Medium-Large (500-999)","MQL",163,10,0.850,542,"HOT"
"prime-group.com","Prime Group","Education Management","XLarge ($200MM-$1B)","Large (1,000-4,999)","Unaware",5,1,0.060,636,"COLD"
"nexus-data.com","Nexus Data","Marketing and Advertising","Large ($100MM-$200MM)","Large (1,000-4,999)","Aware",11,3,0.172,167,"COLD"
"nova-systems.com","Nova Systems","Consumer Goods","Medium-Small ($10MM-$50MM)","Medium (200-499)","Opportunity",495,43,0.750,1119,"HOT"
"bright-hub.com","Bright Hub","Telecommunications","Small ($1MM-$10MM)","Medium-Small (50-199)","Unaware",2,1,0.054,184,"COLD"
"cyber-systems.com","Cyber Systems","Education Management","Small ($1MM-$10MM)","Small (10-49)","Engaged",28,16,0.356,226,"WARM"
"acme-io.com","Acme Io","Construction","Micro ($0-$1MM)","Micro (1-9)","Opportunity",139,27,0.728,487,"HOT"
"swift-systems.com","Swift Systems","Real Estate","Small ($1MM-$10MM)","Small (10-49)","MQL",57,8,0.564,361,"HOT"
"vertex-digital.com","Vertex Digital","Automotive","Medium-Small ($10MM-$50MM)","Medium (200-499)","MQL",37,6,0.524,240,"HOT"
"smart-io.com","Smart Io","Hospital & Health Care","Small ($1MM-$10MM)","Small (10-49)","Unaware",3,1,0.056,99,"COLD"
"cyber-cloud.com","Cyber Cloud","Software / Information Technology","Micro ($0-$1MM)","Small (10-49)","Unaware",3,1,0.156,57,"COLD"
"prime-corp.com","Prime Corp","Retail","Small ($1MM-$10MM)","Medium-Small (50-199)","Unaware",3,1,0.156,116,"COLD"
"green-io.com","Green Io","Financial Services","Micro ($0-$1MM)","Small (10-49)","Aware",14,6,0.178,115,"COLD"
"green-io.com","Green Io","Manufacturing","Medium-Small ($10MM-$50MM)","Medium-Small (50-199)","Unaware",1,1,0.052,89,"COLD"
"peak-hub.com","Peak Hub","E-Learning","Medium-Large ($50MM-$100MM)","Medium-Large (500-999)","Unaware",4,1,0.058,227,"COLD"
"clear-digital.com","Clear Digital","Construction","Small ($1MM-$10MM)","Medium-Small (50-199)","MQL",155,23,0.750,362,"HOT"
"clear-inc.com","Clear Inc","Entertainment","XLarge ($200MM-$1B)","XLarge (5,000-10,000)","Engaged",72,5,0.444,881,"WARM"
"atlas-net.com","Atlas Net","Logistics and Supply Chain","XLarge ($200MM-$1B)","Large (1,000-4,999)","Unaware",5,1,0.060,662,"COLD"
"bright-data.com","Bright Data","E-Learning","Medium-Large ($50MM-$100MM)","Medium-Large (500-999)","Opportunity",372,47,0.750,868,"HOT"
"bright-labs.com","Bright Labs","Marketing and Advertising","XXLarge ($1B+)","XXLarge (10,000+)","Aware",6,6,0.162,626,"COLD"
"nova-solutions.com","Nova Solutions","Software / Information Technology","Small ($1MM-$10MM)","Small (10-49)","Unaware",5,1,0.160,134,"COLD"
"cyber-cloud.com","Cyber Cloud","Manufacturing","Medium-Small ($10MM-$50MM)","Medium (200-499)","Unaware",5,1,0.060,61,"COLD"
"peak-corp.com","Peak Corp","Software / Information Technology","Micro ($0-$1MM)","Micro (1-9)","Engaged",29,16,0.458,222,"WARM"
"acme-works.com","Acme Works","Real Estate","Large ($100MM-$200MM)","Large (1,000-4,999)","Unaware",1,1,0.052,212,"COLD"
"nexus-data.com","Nexus Data","Automotive","Medium-Small ($10MM-$50MM)","Medium-Small (50-199)","MQL",48,20,0.546,241,"HOT"
"global-io.com","Global Io","Real Estate","Micro ($0-$1MM)","Micro (1-9)","Unaware",2,1,0.054,61,"COLD"
"iron-media.com","Iron Media","Food & Beverages","Medium-Small ($10MM-$50MM)","Medium (200-499)","Aware",17,5,0.184,197,"COLD"
"apex-cloud.com","Apex Cloud","Legal Services","Medium-Large ($50MM-$100MM)","Medium (200-499)","Unaware",1,1,0.052,139,"COLD"
"swift-data.com","Swift Data","Automotive","Large ($100MM-$200MM)","Large (1,000-4,999)","Engaged",33,10,0.366,285,"WARM"
"nova-cloud.com","Nova Cloud","Construction","Large ($100MM-$200MM)","Large (1,000-4,999)","MQL",36,9,0.522,140,"HOT"
"rapid-io.com","Rapid Io","Health, Wellness and Fitness","Medium-Large ($50MM-$100MM)","Medium-Large (500-999)","MQL",203,15,0.750,526,"HOT"
"clear-group.com","Clear Group","Legal Services","Micro ($0-$1MM)","Micro (1-9)","Aware",20,4,0.190,208,"COLD"
"cyber-net.com","Cyber Net","Software / Information Technology","Medium-Large ($50MM-$100MM)","Medium-Large (500-999)","Engaged",70,6,0.540,234,"WARM"
"core-data.com","Core Data","Health, Wellness and Fitness","Medium-Small ($10MM-$50MM)","Medium-Small (50-199)","Engaged",75,6,0.450,304,"WARM"
"peak-group.com","Peak Group","Consumer Goods","Medium-Small ($10MM-$50MM)","Medium-Small (50-199)","Unaware",2,1,0.054,130,"COLD"
"apex-data.com","Apex Data","Software / Information Technology","Medium-Small ($10MM-$50MM)","Medium-Small (50-199)","Unaware",5,1,0.160,173,"COLD"
"nexus-labs.com","Nexus Labs","Hospital & Health Care","Small ($1MM-$10MM)","Medium-Small (50-199)","Aware",19,6,0.188,188,"COLD"
"swift-net.com","Swift Net","Software / Information Technology","Micro ($0-$1MM)","Small (10-49)","Aware",9,5,0.268,242,"COLD"
"apex-net.com","Apex Net","Marketing and Advertising","Micro ($0-$1MM)","Micro (1-9)","Unaware",4,1,0.058,107,"COLD"
"rapid-corp.com","Rapid Corp","Hospital & Health Care","Small ($1MM-$10MM)","Medium-Small (50-199)","Unaware",4,1,0.058,225,"COLD"
"nova-hub.com","Nova Hub","Financial Services","Small ($1MM-$10MM)","Medium-Small (50-199)","Unaware",3,1,0.056,194,"COLD"
"acme-labs.com","Acme Labs","Health, Wellness and Fitness","Small ($1MM-$10MM)","Small (10-49)","Engaged",108,9,0.516,308,"HOT"
"stellar-inc.com","Stellar Inc","Education Management","Medium-Small ($10MM-$50MM)","Medium (200-499)","Engaged",40,11,0.380,220,"WARM"
"core-corp.com","Core Corp","Marketing and Advertising","Small ($1MM-$10MM)","Medium-Small (50-199)","Engaged",11,5,0.322,258,"WARM"
"stellar-works.com","Stellar Works","Financial Services","Medium-Small ($10MM-$50MM)","Medium-Small (50-199)","MQL",129,24,0.708,329,"HOT"
"acme-systems.com","Acme Systems","Financial Services","Small ($1MM-$10MM)","Medium-Small (50-199)","Engaged",98,18,0.496,382,"WARM"
"acme-data.com","Acme Data","Manufacturing","Medium-Large ($50MM-$100MM)","Medium-Large (500-999)","Unaware",5,1,0.060,239,"COLD"
"green-group.com","Green Group","Health, Wellness and Fitness","Small ($1MM-$10MM)","Small (10-49)","Opportunity",321,34,0.750,884,"HOT"
"acme-io.com","Acme Io","Automotive","Medium-Small ($10MM-$50MM)","Medium-Small (50-199)","Opportunity",380,30,0.750,969,"HOT"
"iron-net.com","Iron Net","Consumer Goods","XLarge ($200MM-$1B)","Large (1,000-4,999)","Unaware",4,1,0.058,664,"COLD"
"blue-tech.com","Blue Tech","Real Estate","Micro ($0-$1MM)","Micro (1-9)","Engaged",95,17,0.490,310,"WARM"
"bright-digital.com","Bright Digital","Hospital & Health Care","Small ($1MM-$10MM)","Medium-Small (50-199)","Unaware",3,1,0.056,130,"COLD"
"swift-hub.com","Swift Hub","Manufacturing","XXLarge ($1B+)","XXLarge (10,000+)","Aware",14,4,0.178,723,"COLD"
"blue-media.com","Blue Media","Retail","Medium-Large ($50MM-$100MM)","Medium (200-499)","Unaware",5,1,0.160,63,"COLD"
"vertex-net.com","Vertex Net","Manufacturing","Large ($100MM-$200MM)","Medium-Large (500-999)","Unaware",5,1,0.060,138,"COLD"
"cyber-labs.com","Cyber Labs","E-Learning","Small ($1MM-$10MM)","Small (10-49)","Unaware",2,1,0.054,103,"COLD"
"vertex-corp.com","Vertex Corp","Consumer Goods","Micro ($0-$1MM)","Small (10-49)","Unaware",1,1,0.052,134,"COLD"
"nova-net.com","Nova Net","Manufacturing","Medium-Large ($50MM-$100MM)","Medium-Large (500-999)","Aware",4,2,0.158,163,"COLD"
"atlas-inc.com","Atlas Inc","Financial Services","Micro ($0-$1MM)","Micro (1-9)","Aware",20,2,0.190,168,"COLD"
"prime-labs.com","Prime Labs","Management Consulting","Large ($100MM-$200MM)","Medium-Large (500-999)","Engaged",49,15,0.398,164,"WARM"
"blue-media.com","Blue Media","Software / Information Technology","Small ($1MM-$10MM)","Medium-Small (50-199)","Opportunity",469,18,0.850,991,"HOT"
"apex-labs.com","Apex Labs","Entertainment","Medium-Small ($10MM-$50MM)","Medium (200-499)","Aware",7,1,0.164,68,"COLD"
"vertex-solutions.com","Vertex Solutions","Marketing and Advertising","Micro ($0-$1MM)","Micro (1-9)","Engaged",25,12,0.350,125,"WARM"
"prime-hub.com","Prime Hub","Software / Information Technology","Small ($1MM-$10MM)","Small (10-49)","Unaware",3,1,0.156,217,"COLD"
"iron-io.com","Iron Io","Marketing and Advertising","Medium-Small ($10MM-$50MM)","Medium (200-499)","Unaware",4,1,0.058,116,"COLD"
"prime-digital.com","Prime Digital","Telecommunications","Large ($100MM-$200MM)","Large (1,000-4,999)","Unaware",3,1,0.056,222,"COLD"
"iron-digital.com","Iron Digital","Software / Information Technology","Medium-Large ($50MM-$100MM)","Medium (200-499)","Unaware",4,1,0.158,134,"COLD"
"apex-hub.com","Apex Hub","Marketing and Advertising","Large ($100MM-$200MM)","Medium-Large (500-999)","Unaware",5,1,0.060,96,"COLD"
"bright-media.com","Bright Media","Marketing and Advertising","Medium-Large ($50MM-$100MM)","Medium (200-499)","Unaware",4,1,0.058,210,"COLD"
"apex-net.com","Apex Net","Legal Services","Small ($1MM-$10MM)","Medium-Small (50-199)","Aware",15,3,0.180,129,"COLD"
"nexus-net.com","Nexus Net","Construction","Medium-Small ($10MM-$50MM)","Medium (200-499)","Engaged",62,12,0.424,327,"WARM"
"bright-digital.com","Bright Digital","Retail","Large ($100MM-$200MM)","Large (1,000-4,999)","Unaware",2,1,0.154,128,"COLD"
"peak-data.com","Peak Data","Telecommunications","Small ($1MM-$10MM)","Medium-Small (50-199)","Aware",16,1,0.182,166,"COLD"
"core-works.com","Core Works","Legal Services","Small ($1MM-$10MM)","Medium-Small (50-199)","Aware",13,4,0.176,129,"COLD"
"acme-net.com","Acme Net","Insurance","Micro ($0-$1MM)","Micro (1-9)","Engaged",63,5,0.426,289,"WARM"
"rapid-hub.com","Rapid Hub","Financial Services","Medium-Small ($10MM-$50MM)","Medium (200-499)","MQL",119,9,0.688,478,"HOT"
"nexus-media.com","Nexus Media","Retail","Small ($1MM-$10MM)","Small (10-49)","Engaged",23,3,0.446,210,"WARM"
"iron-systems.com","Iron Systems","Financial Services","Medium-Small ($10MM-$50MM)","Medium (200-499)","Engaged",42,15,0.384,256,"WARM"
"peak-labs.com","Peak Labs","Financial Services","Micro ($0-$1MM)","Small (10-49)","Aware",9,6,0.168,244,"COLD"
"nova-tech.com","Nova Tech","Marketing and Advertising","Micro ($0-$1MM)","Micro (1-9)","Aware",13,3,0.176,224,"COLD"
"apex-net.com","Apex Net","Telecommunications","Medium-Small ($10MM-$50MM)","Medium (200-499)","Unaware",2,1,0.054,103,"COLD"
"apex-labs.com","Apex Labs","Real Estate","XLarge ($200MM-$1B)","XLarge (5,000-10,000)","MQL",195,28,0.750,944,"HOT"
"prime-corp.com","Prime Corp","Health, Wellness and Fitness","Micro ($0-$1MM)","Micro (1-9)","MQL",118,28,0.686,346,"HOT"
"iron-digital.com","Iron Digital","Insurance","Micro ($0-$1MM)","Micro (1-9)","Engaged",84,4,0.468,294,"WARM"
"rapid-systems.com","Rapid Systems","Marketing and Advertising","Micro ($0-$1MM)","Micro (1-9)","Aware",17,5,0.184,125,"COLD"
"cyber-data.com","Cyber Data","Education Management","XXLarge ($1B+)","XXLarge (10,000+)","Aware",12,3,0.174,666,"COLD"
"bright-hub.com","Bright Hub","Construction","Micro ($0-$1MM)","Small (10-49)","Aware",20,1,0.190,220,"COLD"
"iron-media.com","Iron Media","Retail","Medium-Large ($50MM-$100MM)","Medium-Large (500-999)","Aware",10,5,0.270,183,"COLD"
"swift-corp.com","Swift Corp","Retail","Medium-Large ($50MM-$100MM)","Medium (200-499)","Unaware",4,1,0.158,130,"COLD"
"clear-works.com","Clear Works","Insurance","Medium-Small ($10MM-$50MM)","Medium-Small (50-199)","MQL",133,20,0.716,492,"HOT"
"swift-tech.com","Swift Tech","Logistics and Supply Chain","Micro ($0-$1MM)","Micro (1-9)","MQL",88,20,0.626,316,"HOT"
"swift-corp.com","Swift Corp","Education Management","Micro ($0-$1MM)","Small (10-49)","Unaware",5,1,0.060,132,"COLD"
"nexus-group.com","Nexus Group","Retail","XXLarge ($1B+)","XXLarge (10,000+)","Unaware",5,1,0.160,621,"COLD"
"acme-digital.com","Acme Digital","Management Consulting","Medium-Large ($50MM-$100MM)","Medium (200-499)","Aware",21,4,0.192,258,"COLD"
"iron-inc.com","Iron Inc","Health, Wellness and Fitness","Medium-Large ($50MM-$100MM)","Medium-Large (500-999)","Unaware",2,1,0.054,108,"COLD"
"global-media.com","Global Media","Management Consulting","Micro ($0-$1MM)","Micro (1-9)","Unaware",3,1,0.056,77,"COLD"
"peak-data.com","Peak Data","Software / Information Technology","Micro ($0-$1MM)","Micro (1-9)","Aware",20,2,0.290,174,"COLD"
"bright-cloud.com","Bright Cloud","Education Management","Large ($100MM-$200MM)","Large (1,000-4,999)","Unaware",3,1,0.056,121,"COLD"
"core-hub.com","Core Hub","Health, Wellness and Fitness","Medium-Large ($50MM-$100MM)","Medium (200-499)","Engaged",63,15,0.426,177,"WARM"
"iron-hub.com","Iron Hub","Health, Wellness and Fitness","Large ($100MM-$200MM)","Medium-Large (500-999)","Aware",22,3,0.194,177,"COLD"
"global-group.com","Global Group","Software / Information Technology","Medium-Small ($10MM-$50MM)","Medium-Small (50-199)","Aware",19,1,0.288,199,"COLD"
"acme-data.com","Acme Data","Telecommunications","Small ($1MM-$10MM)","Medium-Small (50-199)","Unaware",5,1,0.060,239,"COLD"
"rapid-hub.com","Rapid Hub","Retail","Micro ($0-$1MM)","Micro (1-9)","Unaware",3,1,0.156,246,"COLD"
"nexus-media.com","Nexus Media","Consumer Goods","Medium-Small ($10MM-$50MM)","Medium-Small (50-199)","Engaged",31,7,0.362,226,"WARM"
"core-cloud.com","Core Cloud","Real Estate","Small ($1MM-$10MM)","Medium-Small (50-199)","Unaware",5,1,0.060,90,"COLD"
"smart-digital.com","Smart Digital","Real Estate","Medium-Small ($10MM-$50MM)","Medium (200-499)","Aware",12,5,0.174,155,"COLD"
"iron-digital.com","Iron Digital","Health, Wellness and Fitness","Medium-Small ($10MM-$50MM)","Medium (200-499)","Engaged",74,7,0.448,274,"WARM"
"nova-tech.com","Nova Tech","Software / Information Technology","Micro ($0-$1MM)","Micro (1-9)","Aware",3,3,0.256,204,"COLD"
"iron-tech.com","Iron Tech","Marketing and Advertising","Micro ($0-$1MM)","Micro (1-9)","MQL",171,14,0.750,487,"HOT"
"smart-net.com","Smart Net","Health, Wellness and Fitness","Micro ($0-$1MM)","Micro (1-9)","Engaged",45,11,0.390,150,"WARM"
"smart-group.com","Smart Group","Telecommunications","Large ($100MM-$200MM)","Medium-Large (500-999)","Aware",14,4,0.178,99,"COLD"
"apex-hub.com","Apex Hub","Marketing and Advertising","Small ($1MM-$10MM)","Small (10-49)","MQL",97,16,0.644,280,"HOT"
"nexus-tech.com","Nexus Tech","Manufacturing","Micro ($0-$1MM)","Micro (1-9)","Engaged",55,14,0.410,343,"WARM"
"rapid-io.com","Rapid Io","Education Management","Small ($1MM-$10MM)","Small (10-49)","Unaware",4,1,0.058,128,"COLD"
"core-corp.com","Core Corp","Consumer Goods","Large ($100MM-$200MM)","Large (1,000-4,999)","Aware",7,4,0.164,250,"COLD"
"atlas-systems.com","Atlas Systems","E-Learning","XXLarge ($1B+)","XXLarge (10,000+)","Unaware",5,1,0.060,631,"COLD"
"rapid-works.com","Rapid Works","Hospital & Health Care","Medium-Small ($10MM-$50MM)","Medium (200-499)","MQL",137,29,0.724,416,"HOT"
"apex-net.com","Apex Net","Software / Information Technology","Micro ($0-$1MM)","Micro (1-9)","Aware",11,1,0.272,121,"COLD"
"apex-group.com","Apex Group","Legal Services","Large ($100MM-$200MM)","Large (1,000-4,999)","Aware",19,3,0.188,137,"COLD"
"core-net.com","Core Net","Telecommunications","Medium-Large ($50MM-$100MM)","Medium (200-499)","Unaware",1,1,0.052,88,"COLD"
"blue-group.com","Blue Group","Marketing and Advertising","Micro ($0-$1MM)","Micro (1-9)","Engaged",83,13,0.466,275,"WARM"
"apex-hub.com","Apex Hub","Health, Wellness and Fitness","Micro ($0-$1MM)","Micro (1-9)","Unaware",2,1,0.054,90,"COLD"
"cyber-systems.com","Cyber Systems","Software / Information Technology","Small ($1MM-$10MM)","Medium-Small (50-199)","Aware",15,5,0.280,200,"COLD"
"cyber-labs.com","Cyber Labs","Telecommunications","Small ($1MM-$10MM)","Small (10-49)","Unaware",4,1,0.058,107,"COLD"
"acme-hub.com","Acme Hub","Manufacturing","Micro ($0-$1MM)","Micro (1-9)","MQL",53,27,0.556,252,"HOT"
"core-media.com","Core Media","Retail","Micro ($0-$1MM)","Small (10-49)","MQL",111,24,0.772,384,"HOT"
"global-inc.com","Global Inc","Insurance","Micro ($0-$1MM)","Small (10-49)","Unaware",1,1,0.052,145,"COLD"
"bright-works.com","Bright Works","Financial Services","Medium-Large ($50MM-$100MM)","Medium-Large (500-999)","Unaware",1,1,0.052,118,"COLD"
"smart-tech.com","Smart Tech","Health, Wellness and Fitness","Small ($1MM-$10MM)","Small (10-49)","Aware",4,5,0.158,165,"COLD"
"swift-cloud.com","Swift Cloud","Construction","Micro ($0-$1MM)","Micro (1-9)","Aware",14,3,0.178,274,"COLD"
"apex-tech.com","Apex Tech","Financial Services","Micro ($0-$1MM)","Small (10-49)","Engaged",35,10,0.370,195,"WARM"
"clear-hub.com","Clear Hub","Financial Services","Medium-Small ($10MM-$50MM)","Medium-Small (50-199)","Unaware",2,1,0.054,112,"COLD"
"cyber-group.com","Cyber Group","Software / Information Technology","Small ($1MM-$10MM)","Small (10-49)","Opportunity",74,33,0.698,209,"HOT"
"peak-works.com","Peak Works","Insurance","Small ($1MM-$10MM)","Medium-Small (50-199)","Aware",15,3,0.180,156,"COLD"
"acme-works.com","Acme Works","Automotive","Micro ($0-$1MM)","Micro (1-9)","Unaware",3,1,0.056,216,"COLD"
"nova-cloud.com","Nova Cloud","Hospital & Health Care","Small ($1MM-$10MM)","Small (10-49)","Unaware",4,1,0.058,76,"COLD"
"nexus-media.com","Nexus Media","Food & Beverages","Micro ($0-$1MM)","Micro (1-9)","Engaged",69,11,0.438,302,"WARM"
"bright-media.com","Bright Media","Education Management","Medium-Large ($50MM-$100MM)","Medium-Large (500-999)","Aware",8,1,0.166,218,"COLD"
"nova-corp.com","Nova Corp","Software / Information Technology","Small ($1MM-$10MM)","Small (10-49)","Engaged",11,10,0.422,166,"WARM"
"acme-net.com","Acme Net","Marketing and Advertising","Medium-Large ($50MM-$100MM)","Medium-Large (500-999)","MQL",93,23,0.636,349,"HOT"
"vertex-cloud.com","Vertex Cloud","Manufacturing","Medium-Large ($50MM-$100MM)","Medium (200-499)","Aware",9,2,0.168,113,"COLD"
"rapid-tech.com","Rapid Tech","Food & Beverages","Small ($1MM-$10MM)","Small (10-49)","Unaware",4,1,0.058,155,"COLD"
"clear-works.com","Clear Works","Health, Wellness and Fitness","Micro ($0-$1MM)","Micro (1-9)","Engaged",59,18,0.418,344,"WARM"
"rapid-systems.com","Rapid Systems","Legal Services","Medium-Small ($10MM-$50MM)","Medium (200-499)","Aware",4,4,0.158,99,"COLD"
"bright-tech.com","Bright Tech","Automotive","XXLarge ($1B+)","XXLarge (10,000+)","Unaware",1,1,0.052,677,"COLD"
"clear-digital.com","Clear Digital","Insurance","Medium-Small ($10MM-$50MM)","Medium (200-499)","Unaware",5,1,0.060,62,"COLD"
"core-io.com","Core Io","Software / Information Technology","Medium-Large ($50MM-$100MM)","Medium-Large (500-999)","Engaged",40,7,0.480,251,"WARM"
"acme-io.com","Acme Io","Software / Information Technology","Micro ($0-$1MM)","Micro (1-9)","Engaged",65,9,0.530,339,"WARM"
"blue-tech.com","Blue Tech","Real Estate","Medium-Small ($10MM-$50MM)","Medium (200-499)","Unaware",4,1,0.058,128,"COLD"
"peak-cloud.com","Peak Cloud","Retail","Medium-Small ($10MM-$50MM)","Medium-Small (50-199)","Unaware",5,1,0.160,81,"COLD"
"global-media.com","Global Media","Marketing and Advertising","Medium-Small ($10MM-$50MM)","Medium-Small (50-199)","Unaware",5,1,0.060,81,"COLD"
"swift-solutions.com","Swift Solutions","Financial Services","Medium-Small ($10MM-$50MM)","Medium (200-499)","Unaware",4,1,0.058,151,"COLD"
"vertex-works.com","Vertex Works","E-Learning","Medium-Small ($10MM-$50MM)","Medium-Small (50-199)","Aware",14,1,0.178,160,"COLD"
"swift-tech.com","Swift Tech","Education Management","Medium-Small ($10MM-$50MM)","Medium-Small (50-199)","Opportunity",349,17,0.750,838,"HOT"
"stellar-digital.com","Stellar Digital","Financial Services","Large ($100MM-$200MM)","Large (1,000-4,999)","Unaware",5,1,0.060,117,"COLD"
"acme-hub.com","Acme Hub","Entertainment","Small ($1MM-$10MM)","Medium-Small (50-199)","Unaware",2,1,0.054,150,"COLD"
"global-data.com","Global Data","Software / Information Technology","Small ($1MM-$10MM)","Small (10-49)","Unaware",5,1,0.160,218,"COLD"
"bright-inc.com","Bright Inc","Retail","XLarge ($200MM-$1B)","Large (1,000-4,999)","Engaged",54,13,0.508,806,"WARM"
"stellar-data.com","Stellar Data","Logistics and Supply Chain","Small ($1MM-$10MM)","Medium-Small (50-199)","Aware",10,3,0.170,231,"COLD"
"prime-io.com","Prime Io","Software / Information Technology","Small ($1MM-$10MM)","Small (10-49)","Unaware",4,1,0.158,110,"COLD"
"iron-data.com","Iron Data","Software / Information Technology","Small ($1MM-$10MM)","Medium-Small (50-199)","Aware",7,4,0.264,139,"COLD"
"smart-inc.com","Smart Inc","Retail","Medium-Small ($10MM-$50MM)","Medium (200-499)","Engaged",66,11,0.532,272,"WARM"
"core-systems.com","Core Systems","Software / Information Technology","Small ($1MM-$10MM)","Small (10-49)","Opportunity",397,49,0.850,905,"HOT"
"iron-solutions.com","Iron Solutions","Software / Information Technology","Micro ($0-$1MM)","Small (10-49)","Opportunity",113,39,0.776,474,"HOT"
"stellar-works.com","Stellar Works","Real Estate","XLarge ($200MM-$1B)","Large (1,000-4,999)","Aware",16,2,0.182,603,"COLD"
"rapid-media.com","Rapid Media","Software / Information Technology","Small ($1MM-$10MM)","Small (10-49)","Engaged",36,6,0.472,136,"WARM"
"core-cloud.com","Core Cloud","Education Management","XXLarge ($1B+)","XXLarge (10,000+)","Unaware",5,1,0.060,590,"COLD"
"apex-solutions.com","Apex Solutions","E-Learning","Medium-Small ($10MM-$50MM)","Medium-Small (50-199)","Unaware",5,1,0.060,224,"COLD"
"bright-group.com","Bright Group","Software / Information Technology","Large ($100MM-$200MM)","Medium-Large (500-999)","Unaware",4,1,0.158,247,"COLD"
"nova-labs.com","Nova Labs","Software / Information Technology","Medium-Large ($50MM-$100MM)","Medium-Large (500-999)","Engaged",12,3,0.424,131,"WARM"
"clear-labs.com","Clear Labs","Food & Beverages","Small ($1MM-$10MM)","Medium-Small (50-199)","Engaged",39,11,0.378,311,"WARM"
"nova-data.com","Nova Data","Education Management","Medium-Small ($10MM-$50MM)","Medium-Small (50-199)","Unaware",3,1,0.056,179,"COLD"
"bright-cloud.com","Bright Cloud","Hospital & Health Care","Micro ($0-$1MM)","Micro (1-9)","Aware",17,4,0.184,149,"COLD"
"nova-tech.com","Nova Tech","Financial Services","Small ($1MM-$10MM)","Medium-Small (50-199)","Aware",14,5,0.178,226,"COLD"
"peak-group.com","Peak Group","Hospital & Health Care","Medium-Large ($50MM-$100MM)","Medium-Large (500-999)","Unaware",4,1,0.058,134,"COLD"
"global-digital.com","Global Digital","Software / Information Technology","Medium-Small ($10MM-$50MM)","Medium (200-499)","Aware",12,2,0.274,205,"COLD"
"swift-solutions.com","Swift Solutions","Food & Beverages","Medium-Large ($50MM-$100MM)","Medium-Large (500-999)","Aware",13,6,0.176,169,"COLD"
"acme-systems.com","Acme Systems","Legal Services","Medium-Small ($10MM-$50MM)","Medium (200-499)","Unaware",4,1,0.058,194,"COLD"
"nova-data.com","Nova Data","Management Consulting","XLarge ($200MM-$1B)","Large (1,000-4,999)","Aware",15,3,0.180,703,"COLD"
"iron-digital.com","Iron Digital","Logistics and Supply Chain","XXLarge ($1B+)","XXLarge (10,000+)","MQL",111,9,0.672,848,"HOT"
"nexus-labs.com","Nexus Labs","Software / Information Technology","Large ($100MM-$200MM)","Large (1,000-4,999)","Unaware",2,1,0.154,154,"COLD"
"clear-tech.com","Clear Tech","Retail","Large ($100MM-$200MM)","Medium-Large (500-999)","Aware",17,3,0.284,187,"COLD"
"nova-digital.com","Nova Digital","Software / Information Technology","XLarge ($200MM-$1B)","XLarge (5,000-10,000)","Engaged",12,12,0.424,644,"WARM"
"blue-systems.com","Blue Systems","Financial Services","Micro ($0-$1MM)","Micro (1-9)","Unaware",2,1,0.054,140,"COLD"
"apex-corp.com","Apex Corp","Education Management","XXLarge ($1B+)","XXLarge (10,000+)","Unaware",3,1,0.056,582,"COLD"
"peak-solutions.com","Peak Solutions","Food & Beverages","Small ($1MM-$10MM)","Small (10-49)","Unaware",5,1,0.060,110,"COLD"
"iron-cloud.com","Iron Cloud","Marketing and Advertising","Large ($100MM-$200MM)","Large (1,000-4,999)","Unaware",5,1,0.060,81,"COLD"
"acme-systems.com","Acme Systems","Real Estate","Small ($1MM-$10MM)","Medium-Small (50-199)","Aware",10,6,0.170,206,"COLD"
"atlas-io.com","Atlas Io","Financial Services","Medium-Small ($10MM-$50MM)","Medium (200-499)","Aware",15,2,0.180,277,"COLD"
"global-systems.com","Global Systems","Marketing and Advertising","Medium-Large ($50MM-$100MM)","Medium (200-499)","Unaware",2,1,0.054,231,"COLD"
"nexus-systems.com","Nexus Systems","Legal Services","Micro ($0-$1MM)","Small (10-49)","Unaware",1,1,0.052,61,"COLD"
"green-io.com","Green Io","Legal Services","Micro ($0-$1MM)","Small (10-49)","Aware",15,5,0.180,117,"COLD"
"nova-digital.com","Nova Digital","Marketing and Advertising","XXLarge ($1B+)","XXLarge (10,000+)","Aware",15,3,0.180,650,"COLD"
"atlas-group.com","Atlas Group","Marketing and Advertising","Medium-Small ($10MM-$50MM)","Medium (200-499)","Unaware",3,1,0.056,89,"COLD"
"acme-media.com","Acme Media","Software / Information Technology","Small ($1MM-$10MM)","Medium-Small (50-199)","Unaware",5,1,0.160,131,"COLD"
"blue-digital.com","Blue Digital","E-Learning","Micro ($0-$1MM)","Small (10-49)","MQL",216,22,0.750,670,"HOT"
"green-solutions.com","Green Solutions","Retail","Micro ($0-$1MM)","Micro (1-9)","Engaged",93,5,0.586,431,"WARM"
"core-cloud.com","Core Cloud","Software / Information Technology","Small ($1MM-$10MM)","Medium-Small (50-199)","Aware",16,6,0.282,112,"COLD"
"stellar-corp.com","Stellar Corp","Food & Beverages","Small ($1MM-$10MM)","Medium-Small (50-199)","Engaged",65,4,0.430,358,"WARM"
"rapid-hub.com","Rapid Hub","Financial Services","Medium-Small ($10MM-$50MM)","Medium-Small (50-199)","Engaged",30,9,0.360,300,"WARM"
"acme-tech.com","Acme Tech","Marketing and Advertising","Micro ($0-$1MM)","Small (10-49)","Aware",5,4,0.160,76,"COLD"
"prime-works.com","Prime Works","Financial Services","XLarge ($200MM-$1B)","XLarge (5,000-10,000)","Unaware",4,1,0.058,587,"COLD"
"peak-digital.com","Peak Digital","Financial Services","Micro ($0-$1MM)","Micro (1-9)","Aware",7,4,0.164,128,"COLD"
"prime-labs.com","Prime Labs","Marketing and Advertising","XLarge ($200MM-$1B)","Large (1,000-4,999)","Unaware",4,1,0.058,574,"COLD"
"core-media.com","Core Media","Hospital & Health Care","Medium-Small ($10MM-$50MM)","Medium (200-499)","Unaware",2,1,0.054,166,"COLD"
"cyber-net.com","Cyber Net","Insurance","Micro ($0-$1MM)","Micro (1-9)","Aware",17,4,0.184,128,"COLD"
"green-inc.com","Green Inc","Software / Information Technology","Large ($100MM-$200MM)","Medium-Large (500-999)","Unaware",2,1,0.154,70,"COLD"
"apex-labs.com","Apex Labs","Legal Services","Medium-Large ($50MM-$100MM)","Medium-Large (500-999)","Aware",15,2,0.180,84,"COLD"
"prime-inc.com","Prime Inc","Hospital & Health Care","Medium-Large ($50MM-$100MM)","Medium (200-499)","Engaged",35,11,0.370,156,"WARM"
"smart-cloud.com","Smart Cloud","E-Learning","Small ($1MM-$10MM)","Medium-Small (50-199)","Aware",10,5,0.170,110,"COLD"
"iron-cloud.com","Iron Cloud","Marketing and Advertising","Medium-Small ($10MM-$50MM)","Medium (200-499)","Unaware",3,1,0.056,77,"COLD"
"nova-inc.com","Nova Inc","Financial Services","Small ($1MM-$10MM)","Small (10-49)","Unaware",5,1,0.060,197,"COLD"
"iron-works.com","Iron Works","Marketing and Advertising","Micro ($0-$1MM)","Small (10-49)","Aware",18,3,0.186,118,"COLD"
"swift-labs.com","Swift Labs","Software / Information Technology","Medium-Small ($10MM-$50MM)","Medium (200-499)","Aware",10,4,0.270,75,"COLD"
"nexus-media.com","Nexus Media","Food & Beverages","Micro ($0-$1MM)","Micro (1-9)","Unaware",5,1,0.060,174,"COLD"
"cyber-works.com","Cyber Works","Construction","Large ($100MM-$200MM)","Medium-Large (500-999)","Aware",14,3,0.178,277,"COLD"
"apex-media.com","Apex Media","Financial Services","Micro ($0-$1MM)","Micro (1-9)","Unaware",4,1,0.058,182,"COLD"
"apex-digital.com","Apex Digital","Manufacturing","XLarge ($200MM-$1B)","Large (1,000-4,999)","Engaged",56,5,0.412,664,"WARM"
"apex-labs.com","Apex Labs","Construction","Large ($100MM-$200MM)","Large (1,000-4,999)","Unaware",1,1,0.052,56,"COLD"
"peak-digital.com","Peak Digital","Financial Services","Medium-Large ($50MM-$100MM)","Medium-Large (500-999)","Aware",9,3,0.168,132,"COLD"
"swift-cloud.com","Swift Cloud","Software / Information Technology","Medium-Large ($50MM-$100MM)","Medium-Large (500-999)","Unaware",5,1,0.160,256,"COLD"
"cyber-solutions.com","Cyber Solutions","Financial Services","Large ($100MM-$200MM)","Large (1,000-4,999)","Aware",4,2,0.158,195,"COLD"
"bright-digital.com","Bright Digital","Financial Services","Micro ($0-$1MM)","Small (10-49)","Aware",22,2,0.194,168,"COLD"
"bright-labs.com","Bright Labs","Retail","Micro ($0-$1MM)","Micro (1-9)","MQL",33,14,0.616,180,"HOT"
"global-hub.com","Global Hub","Logistics and Supply Chain","Medium-Small ($10MM-$50MM)","Medium (200-499)","Aware",17,3,0.184,141,"COLD"
"prime-data.com","Prime Data","Telecommunications","Small ($1MM-$10MM)","Medium-Small (50-199)","Unaware",3,1,0.056,255,"COLD"
"bright-net.com","Bright Net","E-Learning","Medium-Large ($50MM-$100MM)","Medium-Large (500-999)","Aware",5,5,0.160,64,"COLD"
"stellar-labs.com","Stellar Labs","Construction","Micro ($0-$1MM)","Micro (1-9)","Unaware",2,1,0.054,194,"COLD"
"bright-io.com","Bright Io","Consumer Goods","XXLarge ($1B+)","XXLarge (10,000+)","Engaged",57,14,0.414,826,"WARM"
"vertex-data.com","Vertex Data","Retail","Small ($1MM-$10MM)","Medium-Small (50-199)","MQL",157,9,0.850,465,"HOT"
"prime-corp.com","Prime Corp","Telecommunications","Medium-Large ($50MM-$100MM)","Medium-Large (500-999)","MQL",84,14,0.618,278,"HOT"
"atlas-corp.com","Atlas Corp","Health, Wellness and Fitness","Small ($1MM-$10MM)","Small (10-49)","Unaware",4,1,0.058,204,"COLD"
"blue-group.com","Blue Group","Education Management","Micro ($0-$1MM)","Micro (1-9)","Aware",6,3,0.162,121,"COLD"
"global-inc.com","Global Inc","Telecommunications","Small ($1MM-$10MM)","Medium-Small (50-199)","Unaware",4,1,0.058,151,"COLD"
"vertex-solutions.com","Vertex Solutions","Software / Information Technology","Medium-Large ($50MM-$100MM)","Medium-Large (500-999)","Engaged",78,5,0.556,231,"WARM"
"stellar-net.com","Stellar Net","Automotive","XLarge ($200MM-$1B)","Large (1,000-4,999)","Unaware",5,1,0.060,589,"COLD"
"cyber-net.com","Cyber Net","Financial Services","Micro ($0-$1MM)","Small (10-49)","Unaware",4,1,0.058,102,"COLD"
"smart-hub.com","Smart Hub","Education Management","Small ($1MM-$10MM)","Medium-Small (50-199)","Engaged",32,5,0.364,184,"WARM"
"peak-tech.com","Peak Tech","Legal Services","XXLarge ($1B+)","XXLarge (10,000+)","Unaware",4,1,0.058,621,"COLD"
"cyber-media.com","Cyber Media","Software / Information Technology","XLarge ($200MM-$1B)","XLarge (5,000-10,000)","Engaged",52,5,0.504,794,"WARM"
"core-media.com","Core Media","Automotive","Medium-Small ($10MM-$50MM)","Medium-Small (50-199)","Unaware",5,1,0.060,172,"COLD"
"cyber-net.com","Cyber Net","Manufacturing","Micro ($0-$1MM)","Micro (1-9)","Unaware",1,1,0.052,96,"COLD"
"blue-digital.com","Blue Digital","Consumer Goods","Medium-Small ($10MM-$50MM)","Medium-Small (50-199)","Aware",3,4,0.156,244,"COLD"
"apex-tech.com","Apex Tech","Marketing and Advertising","Micro ($0-$1MM)","Micro (1-9)","Aware",16,5,0.182,157,"COLD"
"smart-works.com","Smart Works","Retail","Micro ($0-$1MM)","Micro (1-9)","Unaware",2,1,0.154,216,"COLD"
"green-corp.com","Green Corp","Marketing and Advertising","XLarge ($200MM-$1B)","XLarge (5,000-10,000)","Unaware",1,1,0.052,643,"COLD"
"atlas-group.com","Atlas Group","Manufacturing","Medium-Large ($50MM-$100MM)","Medium (200-499)","Engaged",60,18,0.420,203,"WARM"
"nexus-cloud.com","Nexus Cloud","Legal Services","Small ($1MM-$10MM)","Small (10-49)","Unaware",5,1,0.060,255,"COLD"
"green-corp.com","Green Corp","Software / Information Technology","Medium-Large ($50MM-$100MM)","Medium-Large (500-999)","Unaware",3,1,0.156,147,"COLD"
"global-inc.com","Global Inc","Education Management","Micro ($0-$1MM)","Small (10-49)","Aware",14,2,0.178,171,"COLD"
"blue-net.com","Blue Net","Financial Services","Medium-Small ($10MM-$50MM)","Medium (200-499)","Aware",18,5,0.186,231,"COLD"
"stellar-group.com","Stellar Group","Management Consulting","Medium-Small ($10MM-$50MM)","Medium (200-499)","Aware",11,5,0.172,176,"COLD"
"cyber-group.com","Cyber Group","Retail","XLarge ($200MM-$1B)","XLarge (5,000-10,000)","Unaware",5,1,0.160,571,"COLD"
"atlas-labs.com","Atlas Labs","Hospital & Health Care","Medium-Small ($10MM-$50MM)","Medium (200-499)","Opportunity",156,26,0.750,488,"HOT"
"core-group.com","Core Group","Retail","XXLarge ($1B+)","XXLarge (10,000+)","Unaware",2,1,0.154,620,"COLD"
"clear-systems.com","Clear Systems","Retail","XXLarge ($1B+)","XXLarge (10,000+)","MQL",190,20,0.850,1106,"HOT"
"acme-cloud.com","Acme Cloud","Financial Services","Medium-Large ($50MM-$100MM)","Medium (200-499)","Unaware",5,1,0.060,201,"COLD"
"peak-inc.com","Peak Inc","Legal Services","Small ($1MM-$10MM)","Small (10-49)","Unaware",3,1,0.056,102,"COLD"
"blue-digital.com","Blue Digital","Telecommunications","Medium-Small ($10MM-$50MM)","Medium (200-499)","Opportunity",472,14,0.750,1182,"HOT"
"clear-cloud.com","Clear Cloud","Marketing and Advertising","Micro ($0-$1MM)","Micro (1-9)","Engaged",69,8,0.438,282,"WARM"
"smart-net.com","Smart Net","Management Consulting","Medium-Large ($50MM-$100MM)","Medium-Large (500-999)","Aware",3,5,0.156,66,"COLD"
"global-systems.com","Global Systems","Health, Wellness and Fitness","Large ($100MM-$200MM)","Large (1,000-4,999)","Aware",7,5,0.164,241,"COLD"
"bright-tech.com","Bright Tech","Manufacturing","Medium-Large ($50MM-$100MM)","Medium-Large (500-999)","Aware",4,3,0.158,183,"COLD"
"nexus-data.com","Nexus Data","Real Estate","Small ($1MM-$10MM)","Small (10-49)","Aware",15,4,0.180,175,"COLD"
"core-corp.com","Core Corp","Management Consulting","Medium-Small ($10MM-$50MM)","Medium (200-499)","Unaware",4,1,0.058,244,"COLD"
"swift-media.com","Swift Media","Logistics and Supply Chain","Micro ($0-$1MM)","Micro (1-9)","Engaged",102,8,0.504,324,"HOT"
"vertex-works.com","Vertex Works","Hospital & Health Care","Micro ($0-$1MM)","Small (10-49)","Engaged",78,8,0.456,288,"WARM"
"smart-digital.com","Smart Digital","Management Consulting","Micro ($0-$1MM)","Micro (1-9)","Aware",17,2,0.184,165,"COLD"
"smart-systems.com","Smart Systems","Financial Services","Medium-Small ($10MM-$50MM)","Medium-Small (50-199)","Engaged",41,12,0.382,200,"WARM"
"nova-hub.com","Nova Hub","Legal Services","Medium-Small ($10MM-$50MM)","Medium (200-499)","Unaware",3,1,0.056,194,"COLD"
"rapid-io.com","Rapid Io","Financial Services","Small ($1MM-$10MM)","Medium-Small (50-199)","Aware",5,3,0.160,130,"COLD"
"stellar-digital.com","Stellar Digital","E-Learning","Medium-Large ($50MM-$100MM)","Medium (200-499)","Aware",19,5,0.188,145,"COLD"
"swift-net.com","Swift Net","Software / Information Technology","Medium-Large ($50MM-$100MM)","Medium (200-499)","Aware",6,2,0.262,236,"COLD"
"core-net.com","Core Net","Consumer Goods","Micro ($0-$1MM)","Small (10-49)","Unaware",2,1,0.054,90,"COLD"
"blue-data.com","Blue Data","Hospital & Health Care","Medium-Large ($50MM-$100MM)","Medium-Large (500-999)","Unaware",4,1,0.058,165,"COLD"
"iron-solutions.com","Iron Solutions","Logistics and Supply Chain","Medium-Small ($10MM-$50MM)","Medium-Small (50-199)","Aware",6,3,0.162,260,"COLD"
"prime-works.com","Prime Works","Logistics and Supply Chain","Medium-Small ($10MM-$50MM)","Medium (200-499)","Unaware",2,1,0.054,83,"COLD"
"atlas-hub.com","Atlas Hub","Automotive","Small ($1MM-$10MM)","Medium-Small (50-199)","Unaware",2,1,0.054,144,"COLD"
"smart-cloud.com","Smart Cloud","Insurance","XLarge ($200MM-$1B)","XLarge (5,000-10,000)","Engaged",17,8,0.334,624,"WARM"
"rapid-cloud.com","Rapid Cloud","E-Learning","Medium-Small ($10MM-$50MM)","Medium-Small (50-199)","Unaware",2,1,0.054,228,"COLD"
"peak-media.com","Peak Media","Financial Services","Micro ($0-$1MM)","Small (10-49)","Engaged",31,8,0.362,112,"WARM"
"bright-net.com","Bright Net","Marketing and Advertising","Medium-Large ($50MM-$100MM)","Medium-Large (500-999)","MQL",185,15,0.750,424,"HOT"
"apex-group.com","Apex Group","Management Consulting","Medium-Large ($50MM-$100MM)","Medium (200-499)","Engaged",92,15,0.484,283,"WARM"
"rapid-io.com","Rapid Io","Consumer Goods","XLarge ($200MM-$1B)","Large (1,000-4,999)","Unaware",1,1,0.052,622,"COLD"
"atlas-corp.com","Atlas Corp","Construction","Small ($1MM-$10MM)","Medium-Small (50-199)","Engaged",85,12,0.470,366,"WARM"
"acme-systems.com","Acme Systems","Entertainment","Medium-Large ($50MM-$100MM)","Medium (200-499)","Unaware",5,1,0.060,196,"COLD"
"global-solutions.com","Global Solutions","Software / Information Technology","Small ($1MM-$10MM)","Small (10-49)","Unaware",3,1,0.156,70,"COLD"
"apex-data.com","Apex Data","Education Management","Micro ($0-$1MM)","Micro (1-9)","MQL",167,22,0.750,497,"HOT"
"nexus-inc.com","Nexus Inc","Telecommunications","Medium-Small ($10MM-$50MM)","Medium-Small (50-199)","Unaware",1,1,0.052,192,"COLD"
"stellar-cloud.com","Stellar Cloud","Retail","Small ($1MM-$10MM)","Small (10-49)","Engaged",12,10,0.424,87,"WARM"
"swift-hub.com","Swift Hub","Food & Beverages","Medium-Small ($10MM-$50MM)","Medium-Small (50-199)","Aware",9,6,0.168,213,"COLD"
"smart-corp.com","Smart Corp","Entertainment","Small ($1MM-$10MM)","Small (10-49)","Unaware",4,1,0.058,102,"COLD"
"prime-tech.com","Prime Tech","Legal Services","Medium-Small ($10MM-$50MM)","Medium-Small (50-199)","Unaware",5,1,0.060,77,"COLD"
"blue-cloud.com","Blue Cloud","Food & Beverages","Medium-Large ($50MM-$100MM)","Medium-Large (500-999)","Unaware",1,1,0.052,65,"COLD"
"clear-digital.com","Clear Digital","Manufacturing","Medium-Small ($10MM-$50MM)","Medium (200-499)","Unaware",1,1,0.052,54,"COLD"
"iron-cloud.com","Iron Cloud","Telecommunications","Micro ($0-$1MM)","Small (10-49)","Aware",3,5,0.156,77,"COLD"
"smart-cloud.com","Smart Cloud","Automotive","Large ($100MM-$200MM)","Large (1,000-4,999)","Aware",12,6,0.174,114,"COLD"
"global-corp.com","Global Corp","Food & Beverages","Large ($100MM-$200MM)","Medium-Large (500-999)","Aware",14,2,0.178,204,"COLD"
"atlas-hub.com","Atlas Hub","Real Estate","Medium-Large ($50MM-$100MM)","Medium-Large (500-999)","MQL",187,27,0.750,514,"HOT"
"global-solutions.com","Global Solutions","Financial Services","Micro ($0-$1MM)","Small (10-49)","Engaged",39,5,0.378,142,"WARM"
"global-tech.com","Global Tech","Hospital & Health Care","Medium-Large ($50MM-$100MM)","Medium (200-499)","Aware",7,6,0.164,237,"COLD"
"cyber-inc.com","Cyber Inc","Manufacturing","Small ($1MM-$10MM)","Small (10-49)","Unaware",4,1,0.058,185,"COLD"
"nova-io.com","Nova Io","Insurance","Medium-Large ($50MM-$100MM)","Medium-Large (500-999)","Unaware",5,1,0.060,83,"COLD"
"clear-inc.com","Clear Inc","Marketing and Advertising","Micro ($0-$1MM)","Micro (1-9)","Unaware",5,1,0.060,247,"COLD"
"blue-corp.com","Blue Corp","Education Management","Micro ($0-$1MM)","Small (10-49)","MQL",203,21,0.750,456,"HOT"
"clear-systems.com","Clear Systems","Software / Information Technology","Medium-Small ($10MM-$50MM)","Medium (200-499)","Unaware",2,1,0.154,230,"COLD"
"acme-digital.com","Acme Digital","Telecommunications","Micro ($0-$1MM)","Micro (1-9)","MQL",34,29,0.518,284,"HOT"
"bright-systems.com","Bright Systems","Legal Services","Small ($1MM-$10MM)","Small (10-49)","Aware",21,4,0.192,120,"COLD"
"rapid-io.com","Rapid Io","Software / Information Technology","Micro ($0-$1MM)","Small (10-49)","Unaware",5,1,0.160,130,"COLD"
"cyber-hub.com","Cyber Hub","Construction","Micro ($0-$1MM)","Micro (1-9)","Unaware",5,1,0.060,109,"COLD"
"prime-data.com","Prime Data","Software / Information Technology","Medium-Small ($10MM-$50MM)","Medium-Small (50-199)","Engaged",39,15,0.478,327,"WARM"
"prime-works.com","Prime Works","E-Learning","Micro ($0-$1MM)","Small (10-49)","Unaware",1,1,0.052,81,"COLD"
"apex-cloud.com","Apex Cloud","Marketing and Advertising","Micro ($0-$1MM)","Micro (1-9)","Unaware",3,1,0.056,143,"COLD"
"nova-inc.com","Nova Inc","Retail","XLarge ($200MM-$1B)","XLarge (5,000-10,000)","Unaware",1,1,0.152,689,"COLD"
"acme-cloud.com","Acme Cloud","Software / Information Technology","Micro ($0-$1MM)","Micro (1-9)","Unaware",5,1,0.160,201,"COLD"
"vertex-inc.com","Vertex Inc","Financial Services","Medium-Large ($50MM-$100MM)","Medium (200-499)","Aware",5,4,0.160,243,"COLD"
"atlas-io.com","Atlas Io","Construction","Medium-Large ($50MM-$100MM)","Medium-Large (500-999)","Aware",5,6,0.160,257,"COLD"
"rapid-digital.com","Rapid Digital","Marketing and Advertising","Small ($1MM-$10MM)","Small (10-49)","Unaware",1,1,0.052,245,"COLD"
"swift-digital.com","Swift Digital","Hospital & Health Care","Micro ($0-$1MM)","Micro (1-9)","Engaged",19,11,0.338,137,"WARM"
"prime-net.com","Prime Net","Telecommunications","Large ($100MM-$200MM)","Large (1,000-4,999)","Aware",12,2,0.174,240,"COLD"
"core-cloud.com","Core Cloud","Manufacturing","Medium-Small ($10MM-$50MM)","Medium (200-499)","Aware",11,1,0.172,102,"COLD"
"vertex-cloud.com","Vertex Cloud","Marketing and Advertising","Medium-Large ($50MM-$100MM)","Medium-Large (500-999)","Unaware",2,1,0.054,99,"COLD"
"global-cloud.com","Global Cloud","Consumer Goods","Small ($1MM-$10MM)","Medium-Small (50-199)","Unaware",5,1,0.060,101,"COLD"
"bright-hub.com","Bright Hub","Food & Beverages","Micro ($0-$1MM)","Micro (1-9)","Engaged",103,17,0.506,386,"HOT"
"atlas-tech.com","Atlas Tech","Management Consulting","Micro ($0-$1MM)","Small (10-49)","Unaware",1,1,0.052,56,"COLD"
"blue-works.com","Blue Works","Automotive","Medium-Small ($10MM-$50MM)","Medium-Small (50-199)","Unaware",2,1,0.054,183,"COLD"
"smart-net.com","Smart Net","Software / Information Technology","Micro ($0-$1MM)","Small (10-49)","Unaware",5,1,0.160,70,"COLD"
"apex-hub.com","Apex Hub","Legal Services","Medium-Large ($50MM-$100MM)","Medium (200-499)","Aware",3,3,0.156,92,"COLD"
"blue-tech.com","Blue Tech","Health, Wellness and Fitness","Small ($1MM-$10MM)","Small (10-49)","Unaware",3,1,0.056,126,"COLD"
"iron-cloud.com","Iron Cloud","Manufacturing","Micro ($0-$1MM)","Small (10-49)","Unaware",3,1,0.056,77,"COLD"
"green-io.com","Green Io","Manufacturing","Medium-Large ($50MM-$100MM)","Medium-Large (500-999)","Unaware",3,1,0.056,93,"COLD"
"nova-systems.com","Nova Systems","Health, Wellness and Fitness","Small ($1MM-$10MM)","Medium-Small (50-199)","Opportunity",108,15,0.666,345,"HOT"
"core-cloud.com","Core Cloud","Financial Services","Medium-Small ($10MM-$50MM)","Medium-Small (50-199)","Engaged",103,6,0.506,286,"HOT"
"nova-cloud.com","Nova Cloud","Education Management","Large ($100MM-$200MM)","Large (1,000-4,999)","Unaware",2,1,0.054,72,"COLD"
"clear-data.com","Clear Data","Entertainment","XLarge ($200MM-$1B)","Large (1,000-4,999)","Aware",9,5,0.168,573,"COLD"
"atlas-net.com","Atlas Net","Manufacturing","Medium-Small ($10MM-$50MM)","Medium-Small (50-199)","MQL",184,11,0.750,520,"HOT"
"prime-io.com","Prime Io","Hospital & Health Care","Micro ($0-$1MM)","Micro (1-9)","Aware",19,1,0.188,140,"COLD"
"atlas-systems.com","Atlas Systems","Food & Beverages","Large ($100MM-$200MM)","Large (1,000-4,999)","Opportunity",82,39,0.614,285,"HOT"
"bright-labs.com","Bright Labs","Education Management","Medium-Small ($10MM-$50MM)","Medium-Small (50-199)","Engaged",24,15,0.348,162,"WARM"
"core-solutions.com","Core Solutions","Entertainment","Micro ($0-$1MM)","Micro (1-9)","Engaged",109,11,0.518,412,"HOT"
"prime-hub.com","Prime Hub","Software / Information Technology","Small ($1MM-$10MM)","Small (10-49)","Unaware",2,1,0.154,215,"COLD"
"apex-inc.com","Apex Inc","Software / Information Technology","Medium-Large ($50MM-$100MM)","Medium (200-499)","MQL",203,27,0.850,654,"HOT"
"swift-net.com","Swift Net","Telecommunications","Medium-Small ($10MM-$50MM)","Medium (200-499)","Unaware",4,1,0.058,232,"COLD"
"rapid-data.com","Rapid Data","Retail","Small ($1MM-$10MM)","Small (10-49)","Opportunity",101,21,0.752,390,"HOT"
"apex-hub.com","Apex Hub","Entertainment","Medium-Large ($50MM-$100MM)","Medium (200-499)","MQL",131,15,0.712,348,"HOT"
"smart-data.com","Smart Data","Marketing and Advertising","Large ($100MM-$200MM)","Large (1,000-4,999)","Engaged",10,15,0.320,236,"WARM"
"peak-hub.com","Peak Hub","Marketing and Advertising","XLarge ($200MM-$1B)","Large (1,000-4,999)","Unaware",2,1,0.054,723,"COLD"
"smart-digital.com","Smart Digital","Telecommunications","Large ($100MM-$200MM)","Large (1,000-4,999)","MQL",54,11,0.558,239,"HOT"
"prime-corp.com","Prime Corp","Health, Wellness and Fitness","Large ($100MM-$200MM)","Large (1,000-4,999)","Engaged",97,9,0.494,304,"WARM"
"core-inc.com","Core Inc","Hospital & Health Care","Micro ($0-$1MM)","Micro (1-9)","Unaware",1,1,0.052,162,"COLD"
"nova-io.com","Nova Io","Marketing and Advertising","Micro ($0-$1MM)","Small (10-49)","Aware",22,5,0.194,117,"COLD"
"peak-inc.com","Peak Inc","Legal Services","Micro ($0-$1MM)","Small (10-49)","Engaged",58,13,0.416,212,"WARM"
"green-systems.com","Green Systems","Telecommunications","Medium-Large ($50MM-$100MM)","Medium (200-499)","Unaware",5,1,0.060,220,"COLD"
"iron-inc.com","Iron Inc","Insurance","XXLarge ($1B+)","XXLarge (10,000+)","Opportunity",268,13,0.750,1140,"HOT"
"rapid-net.com","Rapid Net","Telecommunications","Micro ($0-$1MM)","Micro (1-9)","Opportunity",158,43,0.750,512,"HOT"
"rapid-systems.com","Rapid Systems","Consumer Goods","Micro ($0-$1MM)","Micro (1-9)","Engaged",98,5,0.496,287,"WARM"
"prime-data.com","Prime Data","Food & Beverages","Medium-Small ($10MM-$50MM)","Medium (200-499)","Engaged",99,5,0.498,447,"WARM"
"peak-data.com","Peak Data","Food & Beverages","Medium-Small ($10MM-$50MM)","Medium-Small (50-199)","Engaged",64,9,0.428,262,"WARM"
"clear-works.com","Clear Works","Entertainment","Medium-Large ($50MM-$100MM)","Medium (200-499)","Engaged",61,6,0.422,348,"WARM"
"stellar-media.com","Stellar Media","Automotive","Medium-Large ($50MM-$100MM)","Medium-Large (500-999)","Unaware",1,1,0.052,56,"COLD"
"stellar-hub.com","Stellar Hub","E-Learning","Small ($1MM-$10MM)","Small (10-49)","Unaware",3,1,0.056,115,"COLD"
"cyber-labs.com","Cyber Labs","Legal Services","Micro ($0-$1MM)","Micro (1-9)","Opportunity",474,46,0.750,1047,"HOT"
"iron-corp.com","Iron Corp","Health, Wellness and Fitness","Medium-Large ($50MM-$100MM)","Medium-Large (500-999)","Aware",17,4,0.184,214,"COLD"
"rapid-solutions.com","Rapid Solutions","Financial Services","Micro ($0-$1MM)","Micro (1-9)","Engaged",38,7,0.376,292,"WARM"
"blue-net.com","Blue Net","Hospital & Health Care","XXLarge ($1B+)","XXLarge (10,000+)","Aware",15,2,0.180,725,"COLD"
"green-group.com","Green Group","Software / Information Technology","Large ($100MM-$200MM)","Large (1,000-4,999)","Unaware",3,1,0.156,248,"COLD"
"peak-digital.com","Peak Digital","Automotive","Large ($100MM-$200MM)","Large (1,000-4,999)","Unaware",2,1,0.054,118,"COLD"
"nova-digital.com","Nova Digital","Health, Wellness and Fitness","Medium-Small ($10MM-$50MM)","Medium (200-499)","Unaware",5,1,0.060,130,"COLD"
"bright-inc.com","Bright Inc","Retail","Medium-Small ($10MM-$50MM)","Medium (200-499)","Engaged",109,5,0.618,416,"HOT"
"prime-inc.com","Prime Inc","E-Learning","Medium-Small ($10MM-$50MM)","Medium-Small (50-199)","Aware",5,4,0.160,96,"COLD"
"clear-net.com","Clear Net","Management Consulting","Medium-Large ($50MM-$100MM)","Medium-Large (500-999)","Unaware",5,1,0.060,86,"COLD"
"prime-systems.com","Prime Systems","Legal Services","Large ($100MM-$200MM)","Large (1,000-4,999)","Engaged",57,3,0.414,205,"WARM"
"stellar-net.com","Stellar Net","Software / Information Technology","Medium-Small ($10MM-$50MM)","Medium-Small (50-199)","Unaware",5,1,0.160,89,"COLD"
"atlas-labs.com","Atlas Labs","E-Learning","Small ($1MM-$10MM)","Medium-Small (50-199)","Opportunity",158,22,0.750,492,"HOT"
"stellar-media.com","Stellar Media","Insurance","Small ($1MM-$10MM)","Small (10-49)","Unaware",1,1,0.052,56,"COLD"
"stellar-corp.com","Stellar Corp","Retail","Medium-Large ($50MM-$100MM)","Medium-Large (500-999)","MQL",31,16,0.612,290,"HOT"
"global-digital.com","Global Digital","Marketing and Advertising","Micro ($0-$1MM)","Micro (1-9)","Engaged",25,11,0.350,231,"WARM"
"nexus-media.com","Nexus Media","Hospital & Health Care","Large ($100MM-$200MM)","Large (1,000-4,999)","MQL",133,12,0.716,430,"HOT"
"swift-systems.com","Swift Systems","Software / Information Technology","XXLarge ($1B+)","XXLarge (10,000+)","Unaware",4,1,0.158,755,"COLD"
"atlas-corp.com","Atlas Corp","Software / Information Technology","Medium-Small ($10MM-$50MM)","Medium (200-499)","Aware",22,3,0.294,240,"COLD"
"rapid-systems.com","Rapid Systems","Hospital & Health Care","Micro ($0-$1MM)","Small (10-49)","Engaged",49,14,0.398,189,"WARM"
"atlas-io.com","Atlas Io","Real Estate","XLarge ($200MM-$1B)","Large (1,000-4,999)","Unaware",2,1,0.054,751,"COLD"
"green-digital.com","Green Digital","Health, Wellness and Fitness","Medium-Small ($10MM-$50MM)","Medium-Small (50-199)","Aware",19,4,0.188,151,"COLD"
"vertex-io.com","Vertex Io","Consumer Goods","Micro ($0-$1MM)","Small (10-49)","Opportunity",367,23,0.750,894,"HOT"
"rapid-tech.com","Rapid Tech","Software / Information Technology","Micro ($0-$1MM)","Micro (1-9)","Opportunity",395,20,0.850,937,"HOT"
"iron-data.com","Iron Data","Retail","Micro ($0-$1MM)","Micro (1-9)","MQL",71,7,0.692,267,"HOT"
"green-works.com","Green Works","Hospital & Health Care","Small ($1MM-$10MM)","Medium-Small (50-199)","Engaged",41,4,0.382,298,"WARM"
"blue-inc.com","Blue Inc","Consumer Goods","Medium-Small ($10MM-$50MM)","Medium (200-499)","Unaware",2,1,0.054,139,"COLD"
"blue-group.com","Blue Group","Marketing and Advertising","Small ($1MM-$10MM)","Medium-Small (50-199)","Unaware",2,1,0.054,113,"COLD"
"peak-io.com","Peak Io","Management Consulting","Medium-Small ($10MM-$50MM)","Medium (200-499)","Unaware",4,1,0.058,166,"COLD"
"nova-cloud.com","Nova Cloud","Marketing and Advertising","Large ($100MM-$200MM)","Medium-Large (500-999)","Unaware",3,1,0.056,74,"COLD"
"peak-tech.com","Peak Tech","Hospital & Health Care","Large ($100MM-$200MM)","Large (1,000-4,999)","Unaware",2,1,0.054,117,"COLD"
"nova-systems.com","Nova Systems","Entertainment","Micro ($0-$1MM)","Micro (1-9)","Aware",7,6,0.164,143,"COLD"
"swift-hub.com","Swift Hub","Health, Wellness and Fitness","Small ($1MM-$10MM)","Medium-Small (50-199)","Unaware",3,1,0.056,201,"COLD"
"apex-io.com","Apex Io","Entertainment","Medium-Small ($10MM-$50MM)","Medium (200-499)","Aware",15,4,0.180,234,"COLD"
"rapid-digital.com","Rapid Digital","Software / Information Technology","Small ($1MM-$10MM)","Medium-Small (50-199)","Unaware",2,1,0.154,247,"COLD"
"prime-data.com","Prime Data","Retail","Medium-Small ($10MM-$50MM)","Medium-Small (50-199)","Unaware",2,1,0.154,253,"COLD"
"core-inc.com","Core Inc","Food & Beverages","Small ($1MM-$10MM)","Medium-Small (50-199)","Unaware",3,1,0.056,166,"COLD"
"swift-group.com","Swift Group","Telecommunications","Medium-Small ($10MM-$50MM)","Medium (200-499)","Unaware",4,1,0.058,253,"COLD"
"blue-hub.com","Blue Hub","Software / Information Technology","Small ($1MM-$10MM)","Small (10-49)","Unaware",5,1,0.160,77,"COLD"
"cyber-systems.com","Cyber Systems","Manufacturing","Micro ($0-$1MM)","Small (10-49)","Aware",11,5,0.172,192,"COLD"
"stellar-labs.com","Stellar Labs","Marketing and Advertising","Medium-Small ($10MM-$50MM)","Medium (200-499)","Aware",21,1,0.192,232,"COLD"
"acme-digital.com","Acme Digital","Food & Beverages","Medium-Large ($50MM-$100MM)","Medium (200-499)","Aware",11,4,0.172,238,"COLD"
"green-labs.com","Green Labs","Manufacturing","Micro ($0-$1MM)","Small (10-49)","Engaged",76,6,0.452,385,"WARM"
"smart-inc.com","Smart Inc","Manufacturing","XXLarge ($1B+)","XXLarge (10,000+)","Unaware",5,1,0.060,650,"COLD"
"iron-inc.com","Iron Inc","Manufacturing","XXLarge ($1B+)","XXLarge (10,000+)","Engaged",109,8,0.518,822,"HOT"
"blue-tech.com","Blue Tech","Software / Information Technology","Medium-Large ($50MM-$100MM)","Medium (200-499)","Aware",12,5,0.274,144,"COLD"
"green-digital.com","Green Digital","Financial Services","Small ($1MM-$10MM)","Medium-Small (50-199)","Unaware",1,1,0.052,115,"COLD"
"swift-group.com","Swift Group","Logistics and Supply Chain","Small ($1MM-$10MM)","Medium-Small (50-199)","Unaware",5,1,0.060,255,"COLD"
"prime-systems.com","Prime Systems","Logistics and Supply Chain","Large ($100MM-$200MM)","Large (1,000-4,999)","MQL",81,5,0.612,253,"HOT"
"core-media.com","Core Media","Entertainment","Micro ($0-$1MM)","Micro (1-9)","Engaged",88,15,0.476,338,"WARM"
"apex-tech.com","Apex Tech","Automotive","Medium-Small ($10MM-$50MM)","Medium (200-499)","Aware",3,5,0.156,131,"COLD"
"prime-hub.com","Prime Hub","Education Management","Small ($1MM-$10MM)","Medium-Small (50-199)","Unaware",3,1,0.056,217,"COLD"
"blue-labs.com","Blue Labs","Consumer Goods","Micro ($0-$1MM)","Small (10-49)","Aware",18,4,0.186,238,"COLD"
"clear-data.com","Clear Data","Logistics and Supply Chain","Small ($1MM-$10MM)","Small (10-49)","Aware",6,6,0.162,67,"COLD"
"blue-corp.com","Blue Corp","Education Management","Medium-Small ($10MM-$50MM)","Medium (200-499)","Opportunity",70,20,0.590,190,"HOT"
"rapid-group.com","Rapid Group","Health, Wellness and Fitness","Medium-Small ($10MM-$50MM)","Medium (200-499)","Engaged",42,18,0.384,307,"WARM"
"nova-net.com","Nova Net","E-Learning","Medium-Small ($10MM-$50MM)","Medium-Small (50-199)","Unaware",1,1,0.052,157,"COLD"
"green-tech.com","Green Tech","Hospital & Health Care","Micro ($0-$1MM)","Micro (1-9)","Unaware",4,1,0.058,189,"COLD"
"blue-hub.com","Blue Hub","Software / Information Technology","Small ($1MM-$10MM)","Small (10-49)","Engaged",91,15,0.582,249,"WARM"
"nova-inc.com","Nova Inc","Hospital & Health Care","Small ($1MM-$10MM)","Medium-Small (50-199)","Engaged",15,5,0.330,217,"WARM"
"acme-media.com","Acme Media","Education Management","Large ($100MM-$200MM)","Medium-Large (500-999)","Unaware",2,1,0.054,125,"COLD"
"core-systems.com","Core Systems","Real Estate","Micro ($0-$1MM)","Micro (1-9)","Unaware",1,1,0.052,113,"COLD"
"nexus-works.com","Nexus Works","Construction","Small ($1MM-$10MM)","Small (10-49)","Aware",19,1,0.188,177,"COLD"
"peak-works.com","Peak Works","Legal Services","XXLarge ($1B+)","XXLarge (10,000+)","Unaware",2,1,0.054,630,"COLD"
"acme-io.com","Acme Io","Software / Information Technology","Medium-Large ($50MM-$100MM)","Medium (200-499)","Aware",20,3,0.290,249,"COLD"
"atlas-io.com","Atlas Io","Retail","Micro ($0-$1MM)","Small (10-49)","Aware",19,2,0.288,285,"COLD"
"iron-media.com","Iron Media","Food & Beverages","Medium-Small ($10MM-$50MM)","Medium (200-499)","MQL",132,27,0.714,427,"HOT"
"bright-hub.com","Bright Hub","Insurance","Large ($100MM-$200MM)","Large (1,000-4,999)","Unaware",5,1,0.060,190,"COLD"
"stellar-inc.com","Stellar Inc","Automotive","Medium-Large ($50MM-$100MM)","Medium (200-499)","Unaware",4,1,0.058,148,"COLD"
"clear-net.com","Clear Net","Telecommunications","Medium-Small ($10MM-$50MM)","Medium (200-499)","Aware",19,5,0.188,114,"COLD"
"smart-inc.com","Smart Inc","Software / Information Technology","Medium-Large ($50MM-$100MM)","Medium-Large (500-999)","Unaware",1,1,0.152,142,"COLD"
"bright-solutions.com","Bright Solutions","Manufacturing","Medium-Large ($50MM-$100MM)","Medium-Large (500-999)","Unaware",2,1,0.054,189,"COLD"
"clear-corp.com","Clear Corp","Marketing and Advertising","XLarge ($200MM-$1B)","Large (1,000-4,999)","Unaware",1,1,0.052,747,"COLD"
"peak-solutions.com","Peak Solutions","Health, Wellness and Fitness","Small ($1MM-$10MM)","Medium-Small (50-199)","Unaware",2,1,0.054,104,"COLD"
"stellar-works.com","Stellar Works","Telecommunications","Medium-Small ($10MM-$50MM)","Medium (200-499)","Unaware",2,1,0.054,75,"COLD"
"nova-corp.com","Nova Corp","Education Management","Micro ($0-$1MM)","Small (10-49)","Aware",21,2,0.192,186,"COLD"
"green-hub.com","Green Hub","Legal Services","XXLarge ($1B+)","XXLarge (10,000+)","Unaware",1,1,0.052,696,"COLD"
"rapid-hub.com","Rapid Hub","Retail","Small ($1MM-$10MM)","Medium-Small (50-199)","Unaware",3,1,0.156,246,"COLD"
"peak-io.com","Peak Io","Insurance","Small ($1MM-$10MM)","Small (10-49)","Engaged",10,11,0.320,178,"WARM"
"swift-cloud.com","Swift Cloud","Software / Information Technology","Small ($1MM-$10MM)","Medium-Small (50-199)","Unaware",1,1,0.152,248,"COLD"
"global-media.com","Global Media","Insurance","Micro ($0-$1MM)","Small (10-49)","Engaged",45,4,0.390,161,"WARM"
"rapid-hub.com","Rapid Hub","Education Management","Micro ($0-$1MM)","Micro (1-9)","MQL",122,13,0.694,484,"HOT"
"rapid-digital.com","Rapid Digital","Telecommunications","Micro ($0-$1MM)","Micro (1-9)","Engaged",84,16,0.468,411,"WARM"
"iron-data.com","Iron Data","Software / Information Technology","XXLarge ($1B+)","XXLarge (10,000+)","Aware",14,6,0.278,653,"COLD"
"global-systems.com","Global Systems","Health, Wellness and Fitness","Small ($1MM-$10MM)","Medium-Small (50-199)","Engaged",68,14,0.436,363,"WARM"
"vertex-tech.com","Vertex Tech","Software / Information Technology","Medium-Small ($10MM-$50MM)","Medium (200-499)","Unaware",1,1,0.152,58,"COLD"
"nova-works.com","Nova Works","Automotive","XLarge ($200MM-$1B)","XLarge (5,000-10,000)","Unaware",5,1,0.060,735,"COLD"
"green-data.com","Green Data","Management Consulting","Small ($1MM-$10MM)","Medium-Small (50-199)","Engaged",99,11,0.498,338,"WARM"
"blue-systems.com","Blue Systems","Retail","Small ($1MM-$10MM)","Small (10-49)","Unaware",3,1,0.156,142,"COLD"
"vertex-tech.com","Vertex Tech","Software / Information Technology","Micro ($0-$1MM)","Micro (1-9)","MQL",159,21,0.850,374,"HOT"
"core-cloud.com","Core Cloud","Financial Services","Small ($1MM-$10MM)","Medium-Small (50-199)","Unaware",3,1,0.056,86,"COLD"
"bright-io.com","Bright Io","Hospital & Health Care","Micro ($0-$1MM)","Small (10-49)","Engaged",37,10,0.374,286,"WARM"
"peak-solutions.com","Peak Solutions","Hospital & Health Care","Small ($1MM-$10MM)","Small (10-49)","Aware",16,2,0.182,132,"COLD"
"atlas-corp.com","Atlas Corp","Marketing and Advertising","Medium-Large ($50MM-$100MM)","Medium-Large (500-999)","Unaware",2,1,0.054,200,"COLD"
"bright-group.com","Bright Group","Construction","Medium-Small ($10MM-$50MM)","Medium (200-499)","MQL",109,29,0.668,457,"HOT"
"atlas-works.com","Atlas Works","Marketing and Advertising","Medium-Large ($50MM-$100MM)","Medium (200-499)","MQL",126,21,0.702,494,"HOT"
"rapid-data.com","Rapid Data","Software / Information Technology","Micro ($0-$1MM)","Small (10-49)","Unaware",2,1,0.154,192,"COLD"
"nexus-systems.com","Nexus Systems","Marketing and Advertising","Small ($1MM-$10MM)","Small (10-49)","Aware",19,4,0.188,97,"COLD"
"vertex-inc.com","Vertex Inc","Logistics and Supply Chain","Micro ($0-$1MM)","Micro (1-9)","Aware",21,4,0.192,275,"COLD"
"acme-cloud.com","Acme Cloud","Insurance","Micro ($0-$1MM)","Micro (1-9)","Aware",8,1,0.166,207,"COLD"
"apex-labs.com","Apex Labs","Health, Wellness and Fitness","Medium-Small ($10MM-$50MM)","Medium (200-499)","Unaware",1,1,0.052,56,"COLD"
"green-systems.com","Green Systems","Retail","Medium-Small ($10MM-$50MM)","Medium (200-499)","Aware",15,5,0.280,240,"COLD"
"rapid-labs.com","Rapid Labs","Consumer Goods","Medium-Small ($10MM-$50MM)","Medium (200-499)","Unaware",2,1,0.054,227,"COLD"
"swift-digital.com","Swift Digital","Entertainment","Large ($100MM-$200MM)","Large (1,000-4,999)","Aware",3,1,0.156,105,"COLD"
"global-io.com","Global Io","Financial Services","Medium-Large ($50MM-$100MM)","Medium-Large (500-999)","Engaged",13,15,0.326,83,"WARM"
"blue-digital.com","Blue Digital","Telecommunications","Medium-Small ($10MM-$50MM)","Medium-Small (50-199)","Unaware",3,1,0.056,244,"COLD"
"core-systems.com","Core Systems","Management Consulting","Medium-Small ($10MM-$50MM)","Medium (200-499)","Aware",8,4,0.166,127,"COLD"
"stellar-io.com","Stellar Io","Financial Services","Medium-Small ($10MM-$50MM)","Medium-Small (50-199)","Engaged",16,6,0.332,222,"WARM"
"stellar-tech.com","Stellar Tech","Retail","Micro ($0-$1MM)","Micro (1-9)","Engaged",90,14,0.580,236,"WARM"
"rapid-works.com","Rapid Works","Software / Information Technology","Small ($1MM-$10MM)","Small (10-49)","Engaged",83,6,0.566,308,"WARM"
"rapid-data.com","Rapid Data","Telecommunications","Medium-Small ($10MM-$50MM)","Medium (200-499)","Unaware",4,1,0.058,196,"COLD"
"apex-data.com","Apex Data","Software / Information Technology","Large ($100MM-$200MM)","Large (1,000-4,999)","Unaware",2,1,0.154,167,"COLD"
"smart-systems.com","Smart Systems","Food & Beverages","Medium-Small ($10MM-$50MM)","Medium-Small (50-199)","MQL",47,7,0.544,212,"HOT"
"blue-tech.com","Blue Tech","Telecommunications","XLarge ($200MM-$1B)","Large (1,000-4,999)","Unaware",4,1,0.058,628,"COLD"
"nova-group.com","Nova Group","Entertainment","Medium-Small ($10MM-$50MM)","Medium (200-499)","MQL",83,22,0.616,315,"HOT"
"nexus-data.com","Nexus Data","Retail","Small ($1MM-$10MM)","Small (10-49)","Engaged",109,10,0.618,363,"HOT"
"peak-media.com","Peak Media","Marketing and Advertising","Large ($100MM-$200MM)","Large (1,000-4,999)","MQL",75,13,0.600,200,"HOT"
"atlas-works.com","Atlas Works","Entertainment","Micro ($0-$1MM)","Micro (1-9)","Aware",14,5,0.178,270,"COLD"
"global-labs.com","Global Labs","Software / Information Technology","Micro ($0-$1MM)","Small (10-49)","Aware",20,2,0.290,185,"COLD"
"blue-cloud.com","Blue Cloud","Retail","Micro ($0-$1MM)","Micro (1-9)","Engaged",106,6,0.612,275,"HOT"
"apex-digital.com","Apex Digital","Entertainment","XLarge ($200MM-$1B)","XLarge (5,000-10,000)","Engaged",105,15,0.510,762,"HOT"
"rapid-systems.com","Rapid Systems","Software / Information Technology","Large ($100MM-$200MM)","Large (1,000-4,999)","Unaware",5,1,0.160,101,"COLD"
"swift-io.com","Swift Io","Consumer Goods","Small ($1MM-$10MM)","Medium-Small (50-199)","MQL",59,25,0.568,204,"HOT"
"clear-works.com","Clear Works","Manufacturing","Small ($1MM-$10MM)","Medium-Small (50-199)","Aware",14,4,0.178,254,"COLD"
"rapid-cloud.com","Rapid Cloud","Food & Beverages","Medium-Large ($50MM-$100MM)","Medium (200-499)","Aware",14,5,0.178,252,"COLD"
"smart-inc.com","Smart Inc","Financial Services","Micro ($0-$1MM)","Micro (1-9)","Aware",19,4,0.188,178,"COLD"
"iron-hub.com","Iron Hub","Hospital & Health Care","Medium-Small ($10MM-$50MM)","Medium (200-499)","Aware",17,5,0.184,167,"COLD"
"core-labs.com","Core Labs","Manufacturing","Micro ($0-$1MM)","Small (10-49)","Engaged",65,4,0.430,295,"WARM"
"prime-group.com","Prime Group","Retail","Small ($1MM-$10MM)","Medium-Small (50-199)","Unaware",4,1,0.158,134,"COLD"
"peak-media.com","Peak Media","Health, Wellness and Fitness","Medium-Large ($50MM-$100MM)","Medium-Large (500-999)","Unaware",2,1,0.054,54,"COLD"
"clear-group.com","Clear Group","Marketing and Advertising","Micro ($0-$1MM)","Micro (1-9)","Engaged",76,18,0.452,320,"WARM"
"rapid-io.com","Rapid Io","Entertainment","Medium-Large ($50MM-$100MM)","Medium-Large (500-999)","Unaware",2,1,0.054,124,"COLD"
"cyber-inc.com","Cyber Inc","Software / Information Technology","Micro ($0-$1MM)","Small (10-49)","Unaware",4,1,0.158,185,"COLD"
"green-data.com","Green Data","Insurance","Medium-Large ($50MM-$100MM)","Medium (200-499)","Aware",7,4,0.164,154,"COLD"
"blue-corp.com","Blue Corp","Financial Services","Medium-Small ($10MM-$50MM)","Medium-Small (50-199)","Unaware",1,1,0.052,52,"COLD"
"rapid-corp.com","Rapid Corp","Marketing and Advertising","Small ($1MM-$10MM)","Medium-Small (50-199)","Aware",11,2,0.172,239,"COLD"
"nexus-cloud.com","Nexus Cloud","Software / Information Technology","Small ($1MM-$10MM)","Medium-Small (50-199)","Unaware",2,1,0.154,249,"COLD"
"core-io.com","Core Io","Real Estate","Micro ($0-$1MM)","Small (10-49)","Engaged",14,14,0.328,199,"WARM"
"cyber-net.com","Cyber Net","Software / Information Technology","Medium-Large ($50MM-$100MM)","Medium (200-499)","MQL",172,17,0.850,438,"HOT"
"nexus-group.com","Nexus Group","Retail","Small ($1MM-$10MM)","Small (10-49)","Unaware",1,1,0.152,113,"COLD"
"atlas-systems.com","Atlas Systems","E-Learning","Medium-Small ($10MM-$50MM)","Medium (200-499)","MQL",187,12,0.750,495,"HOT"
"vertex-digital.com","Vertex Digital","Food & Beverages","Medium-Small ($10MM-$50MM)","Medium-Small (50-199)","Unaware",1,1,0.052,168,"COLD"
"stellar-digital.com","Stellar Digital","Food & Beverages","Micro ($0-$1MM)","Micro (1-9)","Unaware",3,1,0.056,113,"COLD"
"global-io.com","Global Io","Software / Information Technology","Medium-Small ($10MM-$50MM)","Medium-Small (50-199)","Engaged",44,6,0.488,145,"WARM"
"stellar-tech.com","Stellar Tech","Logistics and Supply Chain","Small ($1MM-$10MM)","Small (10-49)","Unaware",1,1,0.052,58,"COLD"
"bright-hub.com","Bright Hub","Marketing and Advertising","Medium-Small ($10MM-$50MM)","Medium-Small (50-199)","Engaged",50,7,0.400,280,"WARM"
"vertex-tech.com","Vertex Tech","Food & Beverages","Small ($1MM-$10MM)","Small (10-49)","Unaware",3,1,0.056,62,"COLD"
"stellar-digital.com","Stellar Digital","Automotive","Medium-Small ($10MM-$50MM)","Medium (200-499)","Unaware",4,1,0.058,115,"COLD"
"nexus-inc.com","Nexus Inc","Food & Beverages","Small ($1MM-$10MM)","Medium-Small (50-199)","Engaged",29,17,0.358,248,"WARM"
"blue-media.com","Blue Media","Construction","Medium-Large ($50MM-$100MM)","Medium (200-499)","Aware",10,6,0.170,73,"COLD"
"bright-labs.com","Bright Labs","Management Consulting","Small ($1MM-$10MM)","Medium-Small (50-199)","Unaware",1,1,0.052,116,"COLD"
"stellar-cloud.com","Stellar Cloud","Insurance","Medium-Small ($10MM-$50MM)","Medium (200-499)","Unaware",3,1,0.056,69,"COLD"
"stellar-net.com","Stellar Net","Software / Information Technology","Micro ($0-$1MM)","Small (10-49)","Engaged",25,8,0.450,129,"WARM"
"core-corp.com","Core Corp","Management Consulting","Large ($100MM-$200MM)","Medium-Large (500-999)","Unaware",1,1,0.052,238,"COLD"
"global-hub.com","Global Hub","Automotive","Medium-Large ($50MM-$100MM)","Medium-Large (500-999)","Unaware",2,1,0.054,111,"COLD"
"acme-corp.com","Acme Corp","Logistics and Supply Chain","Small ($1MM-$10MM)","Medium-Small (50-199)","Engaged",40,8,0.380,167,"WARM"
"global-media.com","Global Media","Software / Information Technology","Small ($1MM-$10MM)","Small (10-49)","Unaware",1,1,0.152,73,"COLD"
"core-systems.com","Core Systems","Consumer Goods","XXLarge ($1B+)","XXLarge (10,000+)","Unaware",1,1,0.052,613,"COLD"
"nexus-cloud.com","Nexus Cloud","Financial Services","Medium-Large ($50MM-$100MM)","Medium (200-499)","Aware",15,6,0.180,275,"COLD"
"nova-labs.com","Nova Labs","Software / Information Technology","Micro ($0-$1MM)","Small (10-49)","Opportunity",115,10,0.780,337,"HOT"
"prime-cloud.com","Prime Cloud","Food & Beverages","Medium-Small ($10MM-$50MM)","Medium (200-499)","Unaware",4,1,0.058,197,"COLD"
"green-systems.com","Green Systems","E-Learning","Medium-Large ($50MM-$100MM)","Medium-Large (500-999)","Engaged",46,5,0.392,302,"WARM"
"apex-hub.com","Apex Hub","Management Consulting","Small ($1MM-$10MM)","Medium-Small (50-199)","Aware",11,2,0.172,108,"COLD"
"smart-systems.com","Smart Systems","Real Estate","Small ($1MM-$10MM)","Medium-Small (50-199)","MQL",173,7,0.750,464,"HOT"
"nova-io.com","Nova Io","Legal Services","Micro ($0-$1MM)","Micro (1-9)","Aware",10,2,0.170,93,"COLD"
"nova-systems.com","Nova Systems","Education Management","Small ($1MM-$10MM)","Medium-Small (50-199)","Engaged",59,12,0.418,247,"WARM"
"stellar-digital.com","Stellar Digital","Legal Services","Large ($100MM-$200MM)","Large (1,000-4,999)","MQL",106,7,0.662,319,"HOT"
"prime-systems.com","Prime Systems","Construction","Medium-Small ($10MM-$50MM)","Medium (200-499)","Unaware",1,1,0.052,93,"COLD"
"atlas-solutions.com","Atlas Solutions","Consumer Goods","Medium-Large ($50MM-$100MM)","Medium-Large (500-999)","Unaware",3,1,0.056,60,"COLD"
"clear-works.com","Clear Works","Education Management","Large ($100MM-$200MM)","Large (1,000-4,999)","Engaged",23,14,0.346,272,"WARM"
"blue-systems.com","Blue Systems","Legal Services","Small ($1MM-$10MM)","Small (10-49)","Engaged",79,10,0.458,294,"WARM"
"apex-solutions.com","Apex Solutions","Marketing and Advertising","Medium-Large ($50MM-$100MM)","Medium-Large (500-999)","Unaware",5,1,0.060,224,"COLD"
"rapid-data.com","Rapid Data","Telecommunications","Micro ($0-$1MM)","Micro (1-9)","MQL",209,30,0.750,606,"HOT"
"prime-io.com","Prime Io","Hospital & Health Care","Small ($1MM-$10MM)","Medium-Small (50-199)","Engaged",65,13,0.430,232,"WARM"
"stellar-tech.com","Stellar Tech","Software / Information Technology","Micro ($0-$1MM)","Micro (1-9)","Aware",19,3,0.288,94,"COLD"
"clear-group.com","Clear Group","Software / Information Technology","Large ($100MM-$200MM)","Large (1,000-4,999)","Unaware",1,1,0.152,170,"COLD"
"cyber-cloud.com","Cyber Cloud","Software / Information Technology","Medium-Small ($10MM-$50MM)","Medium-Small (50-199)","MQL",163,17,0.850,377,"HOT"
"prime-corp.com","Prime Corp","Software / Information Technology","Medium-Small ($10MM-$50MM)","Medium (200-499)","Unaware",2,1,0.154,114,"COLD"
"acme-cloud.com","Acme Cloud","Marketing and Advertising","Large ($100MM-$200MM)","Large (1,000-4,999)","MQL",129,15,0.708,449,"HOT"
"global-digital.com","Global Digital","Insurance","Medium-Small ($10MM-$50MM)","Medium (200-499)","Aware",10,2,0.170,201,"COLD"
"cyber-data.com","Cyber Data","Education Management","Medium-Small ($10MM-$50MM)","Medium-Small (50-199)","Aware",20,2,0.190,182,"COLD"
"nova-media.com","Nova Media","Logistics and Supply Chain","Small ($1MM-$10MM)","Small (10-49)","MQL",213,8,0.750,505,"HOT"
"stellar-corp.com","Stellar Corp","Health, Wellness and Fitness","Micro ($0-$1MM)","Micro (1-9)","Engaged",40,13,0.380,308,"WARM"
"prime-inc.com","Prime Inc","Marketing and Advertising","Medium-Large ($50MM-$100MM)","Medium-Large (500-999)","Unaware",5,1,0.060,96,"COLD"
"swift-corp.com","Swift Corp","Financial Services","Micro ($0-$1MM)","Micro (1-9)","Unaware",3,1,0.056,128,"COLD"
"swift-cloud.com","Swift Cloud","Automotive","Small ($1MM-$10MM)","Medium-Small (50-199)","Unaware",2,1,0.054,250,"COLD"
"swift-media.com","Swift Media","Financial Services","Large ($100MM-$200MM)","Medium-Large (500-999)","Unaware",2,1,0.054,124,"COLD"
"global-media.com","Global Media","Manufacturing","Micro ($0-$1MM)","Micro (1-9)","Aware",3,3,0.156,77,"COLD"
"clear-inc.com","Clear Inc","Entertainment","Small ($1MM-$10MM)","Medium-Small (50-199)","Engaged",89,9,0.478,415,"WARM"
"bright-digital.com","Bright Digital","Retail","Large ($100MM-$200MM)","Medium-Large (500-999)","MQL",224,20,0.850,572,"HOT"
"bright-corp.com","Bright Corp","Education Management","Small ($1MM-$10MM)","Small (10-49)","Unaware",1,1,0.052,226,"COLD"
"nexus-digital.com","Nexus Digital","E-Learning","Medium-Large ($50MM-$100MM)","Medium (200-499)","Unaware",4,1,0.058,167,"COLD"
"atlas-labs.com","Atlas Labs","Health, Wellness and Fitness","Micro ($0-$1MM)","Micro (1-9)","Engaged",94,3,0.488,364,"WARM"
"blue-media.com","Blue Media","Logistics and Supply Chain","XLarge ($200MM-$1B)","Large (1,000-4,999)","MQL",146,15,0.742,845,"HOT"
"nova-net.com","Nova Net","Construction","Medium-Small ($10MM-$50MM)","Medium-Small (50-199)","Unaware",1,1,0.052,157,"COLD"
"global-corp.com","Global Corp","Hospital & Health Care","Medium-Large ($50MM-$100MM)","Medium-Large (500-999)","Engaged",25,10,0.350,226,"WARM"
"apex-tech.com","Apex Tech","Consumer Goods","Medium-Small ($10MM-$50MM)","Medium (200-499)","Unaware",3,1,0.056,131,"COLD"
"rapid-corp.com","Rapid Corp","Entertainment","Small ($1MM-$10MM)","Small (10-49)","Unaware",3,1,0.056,223,"COLD"
"vertex-works.com","Vertex Works","Telecommunications","Small ($1MM-$10MM)","Small (10-49)","Opportunity",80,47,0.610,292,"HOT"
"iron-solutions.com","Iron Solutions","Automotive","Medium-Small ($10MM-$50MM)","Medium-Small (50-199)","Engaged",20,8,0.340,288,"WARM"
"nova-solutions.com","Nova Solutions","Software / Information Technology","Medium-Small ($10MM-$50MM)","Medium-Small (50-199)","Unaware",4,1,0.158,132,"COLD"
"atlas-net.com","Atlas Net","Financial Services","Micro ($0-$1MM)","Micro (1-9)","Engaged",43,18,0.386,238,"WARM"
"green-systems.com","Green Systems","Education Management","Medium-Large ($50MM-$100MM)","Medium (200-499)","Aware",21,4,0.192,252,"COLD"
"atlas-tech.com","Atlas Tech","Entertainment","Medium-Large ($50MM-$100MM)","Medium (200-499)","Unaware",5,1,0.060,64,"COLD"
"prime-corp.com","Prime Corp","Legal Services","XLarge ($200MM-$1B)","Large (1,000-4,999)","Aware",9,4,0.168,628,"COLD"
"stellar-inc.com","Stellar Inc","Manufacturing","Micro ($0-$1MM)","Micro (1-9)","Unaware",1,1,0.052,142,"COLD"
"prime-cloud.com","Prime Cloud","Marketing and Advertising","Small ($1MM-$10MM)","Small (10-49)","Aware",18,3,0.186,225,"COLD"
"global-systems.com","Global Systems","Logistics and Supply Chain","Medium-Small ($10MM-$50MM)","Medium (200-499)","Engaged",15,11,0.330,257,"WARM"
"vertex-group.com","Vertex Group","Food & Beverages","Micro ($0-$1MM)","Micro (1-9)","Opportunity",279,36,0.750,777,"HOT"
"rapid-cloud.com","Rapid Cloud","Manufacturing","Medium-Small ($10MM-$50MM)","Medium (200-499)","Engaged",18,18,0.336,260,"WARM"
"apex-data.com","Apex Data","Food & Beverages","Large ($100MM-$200MM)","Medium-Large (500-999)","Engaged",71,12,0.442,305,"WARM"
"peak-labs.com","Peak Labs","Telecommunications","XLarge ($200MM-$1B)","XLarge (5,000-10,000)","Opportunity",291,22,0.750,1308,"HOT"
"vertex-works.com","Vertex Works","Software / Information Technology","Micro ($0-$1MM)","Small (10-49)","Unaware",1,1,0.152,134,"COLD"
"green-data.com","Green Data","Software / Information Technology","Small ($1MM-$10MM)","Medium-Small (50-199)","Unaware",1,1,0.152,142,"COLD"
"swift-cloud.com","Swift Cloud","Marketing and Advertising","Large ($100MM-$200MM)","Large (1,000-4,999)","Engaged",17,6,0.334,280,"WARM"
"swift-solutions.com","Swift Solutions","Software / Information Technology","Large ($100MM-$200MM)","Large (1,000-4,999)","Unaware",2,1,0.154,147,"COLD"
"atlas-digital.com","Atlas Digital","Retail","Medium-Small ($10MM-$50MM)","Medium (200-499)","MQL",107,25,0.764,390,"HOT"
"bright-group.com","Bright Group","Automotive","XLarge ($200MM-$1B)","XLarge (5,000-10,000)","Unaware",5,1,0.060,749,"COLD"
"nexus-corp.com","Nexus Corp","Food & Beverages","Medium-Large ($50MM-$100MM)","Medium-Large (500-999)","MQL",193,13,0.750,523,"HOT"
"clear-net.com","Clear Net","Education Management","Large ($100MM-$200MM)","Large (1,000-4,999)","Unaware",1,1,0.052,78,"COLD"
"acme-net.com","Acme Net","Management Consulting","Small ($1MM-$10MM)","Small (10-49)","MQL",226,5,0.750,615,"HOT"
"global-systems.com","Global Systems","Health, Wellness and Fitness","XLarge ($200MM-$1B)","XLarge (5,000-10,000)","Aware",20,5,0.190,767,"COLD"
"green-corp.com","Green Corp","Software / Information Technology","Medium-Small ($10MM-$50MM)","Medium-Small (50-199)","Aware",14,1,0.278,169,"COLD"
"acme-inc.com","Acme Inc","Marketing and Advertising","Medium-Large ($50MM-$100MM)","Medium-Large (500-999)","Aware",15,3,0.180,266,"COLD"
"blue-media.com","Blue Media","Manufacturing","Medium-Large ($50MM-$100MM)","Medium-Large (500-999)","MQL",64,12,0.578,181,"HOT"
"bright-media.com","Bright Media","Software / Information Technology","Large ($100MM-$200MM)","Medium-Large (500-999)","Engaged",98,13,0.596,398,"WARM"
"bright-io.com","Bright Io","Software / Information Technology","Micro ($0-$1MM)","Micro (1-9)","Aware",20,1,0.290,252,"COLD"
"nexus-tech.com","Nexus Tech","Hospital & Health Care","Medium-Large ($50MM-$100MM)","Medium-Large (500-999)","Unaware",2,1,0.054,237,"COLD"
"bright-labs.com","Bright Labs","Entertainment","XLarge ($200MM-$1B)","Large (1,000-4,999)","MQL",88,9,0.626,790,"HOT"
"vertex-inc.com","Vertex Inc","Insurance","Micro ($0-$1MM)","Small (10-49)","Aware",9,4,0.168,251,"COLD"
"cyber-group.com","Cyber Group","Legal Services","Micro ($0-$1MM)","Micro (1-9)","Aware",13,2,0.176,87,"COLD"
"atlas-tech.com","Atlas Tech","Retail","Medium-Small ($10MM-$50MM)","Medium (200-499)","Unaware",1,1,0.152,56,"COLD"
"peak-systems.com","Peak Systems","Financial Services","XLarge ($200MM-$1B)","Large (1,000-4,999)","Aware",14,2,0.178,669,"COLD"
"acme-solutions.com","Acme Solutions","Marketing and Advertising","Medium-Small ($10MM-$50MM)","Medium (200-499)","Unaware",5,1,0.060,77,"COLD"
"blue-media.com","Blue Media","Health, Wellness and Fitness","Micro ($0-$1MM)","Micro (1-9)","Unaware",3,1,0.056,59,"COLD"
"iron-solutions.com","Iron Solutions","Software / Information Technology","Small ($1MM-$10MM)","Medium-Small (50-199)","Unaware",2,1,0.154,252,"COLD"
"peak-tech.com","Peak Tech","Hospital & Health Care","XXLarge ($1B+)","XXLarge (10,000+)","Engaged",62,7,0.424,737,"WARM"
"bright-io.com","Bright Io","Food & Beverages","Small ($1MM-$10MM)","Small (10-49)","Aware",14,2,0.178,240,"COLD"
"prime-digital.com","Prime Digital","Entertainment","Micro ($0-$1MM)","Micro (1-9)","Engaged",18,6,0.336,252,"WARM"
"cyber-works.com","Cyber Works","E-Learning","Medium-Small ($10MM-$50MM)","Medium (200-499)","Aware",19,3,0.188,287,"COLD"
"acme-inc.com","Acme Inc","Software / Information Technology","Large ($100MM-$200MM)","Large (1,000-4,999)","Unaware",4,1,0.158,244,"COLD"
"acme-tech.com","Acme Tech","Financial Services","Medium-Large ($50MM-$100MM)","Medium-Large (500-999)","Unaware",3,1,0.056,72,"COLD"
"green-digital.com","Green Digital","Legal Services","Micro ($0-$1MM)","Small (10-49)","MQL",178,21,0.750,469,"HOT"
"nexus-tech.com","Nexus Tech","Retail","XLarge ($200MM-$1B)","XLarge (5,000-10,000)","Unaware",4,1,0.158,741,"COLD"
"prime-io.com","Prime Io","Manufacturing","Small ($1MM-$10MM)","Medium-Small (50-199)","Engaged",107,8,0.514,316,"HOT"
"swift-hub.com","Swift Hub","Retail","Medium-Large ($50MM-$100MM)","Medium (200-499)","MQL",180,29,0.850,555,"HOT"
"stellar-digital.com","Stellar Digital","Software / Information Technology","XXLarge ($1B+)","XXLarge (10,000+)","Unaware",3,1,0.156,613,"COLD"
"stellar-systems.com","Stellar Systems","E-Learning","Medium-Small ($10MM-$50MM)","Medium-Small (50-199)","Aware",10,4,0.170,173,"COLD"
"peak-io.com","Peak Io","Retail","Large ($100MM-$200MM)","Large (1,000-4,999)","MQL",201,10,0.850,560,"HOT"
"peak-hub.com","Peak Hub","Software / Information Technology","Micro ($0-$1MM)","Micro (1-9)","Unaware",2,1,0.154,223,"COLD"
"bright-cloud.com","Bright Cloud","Management Consulting","Micro ($0-$1MM)","Micro (1-9)","Unaware",5,1,0.060,125,"COLD"
"stellar-digital.com","Stellar Digital","Legal Services","Small ($1MM-$10MM)","Small (10-49)","Engaged",89,14,0.478,285,"WARM"
"prime-group.com","Prime Group","Software / Information Technology","XXLarge ($1B+)","XXLarge (10,000+)","Engaged",10,16,0.420,646,"WARM"
"core-solutions.com","Core Solutions","Marketing and Advertising","Large ($100MM-$200MM)","Medium-Large (500-999)","Aware",19,4,0.188,232,"COLD"
"cyber-systems.com","Cyber Systems","Automotive","Large ($100MM-$200MM)","Medium-Large (500-999)","Aware",12,3,0.174,194,"COLD"
"acme-net.com","Acme Net","Software / Information Technology","Micro ($0-$1MM)","Micro (1-9)","Unaware",4,1,0.158,171,"COLD"
"green-labs.com","Green Labs","Automotive","Medium-Small ($10MM-$50MM)","Medium (200-499)","Engaged",84,11,0.468,401,"WARM"
"clear-labs.com","Clear Labs","E-Learning","XLarge ($200MM-$1B)","Large (1,000-4,999)","Engaged",90,8,0.480,913,"WARM"
"atlas-solutions.com","Atlas Solutions","Real Estate","Large ($100MM-$200MM)","Medium-Large (500-999)","Aware",19,5,0.188,92,"COLD"
"iron-solutions.com","Iron Solutions","Construction","Medium-Large ($50MM-$100MM)","Medium-Large (500-999)","Unaware",2,1,0.054,252,"COLD"
"atlas-cloud.com","Atlas Cloud","Software / Information Technology","XXLarge ($1B+)","XXLarge (10,000+)","MQL",137,20,0.824,968,"HOT"
"peak-solutions.com","Peak Solutions","Management Consulting","Micro ($0-$1MM)","Micro (1-9)","MQL",104,14,0.658,308,"HOT"
"rapid-net.com","Rapid Net","Software / Information Technology","Medium-Large ($50MM-$100MM)","Medium (200-499)","Aware",19,3,0.288,234,"COLD"
"atlas-cloud.com","Atlas Cloud","Management Consulting","Micro ($0-$1MM)","Micro (1-9)","Aware",14,5,0.178,222,"COLD"
"cyber-cloud.com","Cyber Cloud","Food & Beverages","Small ($1MM-$10MM)","Small (10-49)","Engaged",100,14,0.500,251,"WARM"
"prime-digital.com","Prime Digital","Retail","Small ($1MM-$10MM)","Small (10-49)","Aware",9,5,0.268,234,"COLD"
"iron-media.com","Iron Media","Management Consulting","Micro ($0-$1MM)","Micro (1-9)","Unaware",2,1,0.054,167,"COLD"
"nexus-works.com","Nexus Works","Retail","Medium-Large ($50MM-$100MM)","Medium (200-499)","MQL",119,18,0.788,377,"HOT"
"bright-digital.com","Bright Digital","Legal Services","Micro ($0-$1MM)","Small (10-49)","Unaware",3,1,0.056,130,"COLD"
"core-corp.com","Core Corp","Legal Services","Medium-Small ($10MM-$50MM)","Medium (200-499)","Unaware",5,1,0.060,246,"COLD"
"rapid-net.com","Rapid Net","Financial Services","Small ($1MM-$10MM)","Small (10-49)","Engaged",23,13,0.346,242,"WARM"
"blue-digital.com","Blue Digital","Financial Services","Large ($100MM-$200MM)","Large (1,000-4,999)","Aware",18,4,0.186,274,"COLD"
"bright-media.com","Bright Media","Retail","Small ($1MM-$10MM)","Medium-Small (50-199)","Aware",22,5,0.294,246,"COLD"
"apex-systems.com","Apex Systems","Marketing and Advertising","Medium-Small ($10MM-$50MM)","Medium-Small (50-199)","MQL",72,11,0.594,358,"HOT"
"nova-inc.com","Nova Inc","Marketing and Advertising","Medium-Small ($10MM-$50MM)","Medium (200-499)","Engaged",46,6,0.392,279,"WARM"
"vertex-works.com","Vertex Works","Consumer Goods","Large ($100MM-$200MM)","Large (1,000-4,999)","Unaware",4,1,0.058,140,"COLD"
"swift-solutions.com","Swift Solutions","Software / Information Technology","Micro ($0-$1MM)","Micro (1-9)","Aware",22,5,0.294,187,"COLD"
"acme-net.com","Acme Net","Health, Wellness and Fitness","Medium-Small ($10MM-$50MM)","Medium (200-499)","Unaware",2,1,0.054,167,"COLD"
"peak-digital.com","Peak Digital","Marketing and Advertising","Medium-Small ($10MM-$50MM)","Medium (200-499)","Aware",10,6,0.170,134,"COLD"
"iron-labs.com","Iron Labs","Health, Wellness and Fitness","Small ($1MM-$10MM)","Medium-Small (50-199)","MQL",109,8,0.668,445,"HOT"
"atlas-corp.com","Atlas Corp","Marketing and Advertising","Micro ($0-$1MM)","Micro (1-9)","Unaware",3,1,0.056,202,"COLD"
"cyber-labs.com","Cyber Labs","Software / Information Technology","XLarge ($200MM-$1B)","XLarge (5,000-10,000)","Unaware",2,1,0.154,603,"COLD"
"bright-inc.com","Bright Inc","Insurance","Small ($1MM-$10MM)","Small (10-49)","Engaged",109,14,0.518,416,"HOT"
"green-hub.com","Green Hub","Hospital & Health Care","Micro ($0-$1MM)","Micro (1-9)","Unaware",3,1,0.056,200,"COLD"
"smart-data.com","Smart Data","Telecommunications","Medium-Large ($50MM-$100MM)","Medium-Large (500-999)","MQL",93,11,0.636,402,"HOT"
"apex-corp.com","Apex Corp","Health, Wellness and Fitness","Small ($1MM-$10MM)","Small (10-49)","Opportunity",363,40,0.750,802,"HOT"
"green-group.com","Green Group","Logistics and Supply Chain","Medium-Small ($10MM-$50MM)","Medium (200-499)","Unaware",5,1,0.060,252,"COLD"
"atlas-media.com","Atlas Media","Marketing and Advertising","Small ($1MM-$10MM)","Small (10-49)","Aware",17,3,0.184,259,"COLD"
"vertex-io.com","Vertex Io","Consumer Goods","Micro ($0-$1MM)","Micro (1-9)","Unaware",4,1,0.058,168,"COLD"
"nova-labs.com","Nova Labs","Marketing and Advertising","Micro ($0-$1MM)","Small (10-49)","Aware",18,4,0.186,143,"COLD"
"iron-labs.com","Iron Labs","Telecommunications","Medium-Large ($50MM-$100MM)","Medium (200-499)","Engaged",83,5,0.466,393,"WARM"
"rapid-works.com","Rapid Works","Marketing and Advertising","Micro ($0-$1MM)","Small (10-49)","Engaged",31,13,0.362,204,"WARM"
"vertex-media.com","Vertex Media","Marketing and Advertising","Large ($100MM-$200MM)","Large (1,000-4,999)","Unaware",2,1,0.054,83,"COLD"
"apex-io.com","Apex Io","Construction","Medium-Small ($10MM-$50MM)","Medium (200-499)","Unaware",2,1,0.054,208,"COLD"
"cyber-corp.com","Cyber Corp","Retail","Medium-Small ($10MM-$50MM)","Medium (200-499)","Engaged",37,5,0.474,217,"WARM"
"peak-data.com","Peak Data","Software / Information Technology","Large ($100MM-$200MM)","Medium-Large (500-999)","Engaged",13,5,0.426,160,"WARM"
"clear-inc.com","Clear Inc","Food & Beverages","Large ($100MM-$200MM)","Large (1,000-4,999)","MQL",212,22,0.750,661,"HOT"
"cyber-solutions.com","Cyber Solutions","Consumer Goods","Micro ($0-$1MM)","Micro (1-9)","Opportunity",400,22,0.750,987,"HOT"
"swift-cloud.com","Swift Cloud","Logistics and Supply Chain","Small ($1MM-$10MM)","Small (10-49)","Unaware",4,1,0.058,254,"COLD"
"iron-solutions.com","Iron Solutions","Software / Information Technology","Micro ($0-$1MM)","Micro (1-9)","Aware",21,6,0.292,290,"COLD"
"smart-cloud.com","Smart Cloud","Real Estate","Micro ($0-$1MM)","Small (10-49)","Unaware",1,1,0.052,92,"COLD"
"green-solutions.com","Green Solutions","Telecommunications","Micro ($0-$1MM)","Micro (1-9)","Unaware",3,1,0.056,251,"COLD"
"cyber-media.com","Cyber Media","Manufacturing","Medium-Large ($50MM-$100MM)","Medium-Large (500-999)","Unaware",2,1,0.054,194,"COLD"
"atlas-media.com","Atlas Media","Marketing and Advertising","Small ($1MM-$10MM)","Medium-Small (50-199)","Unaware",2,1,0.054,229,"COLD"
"bright-media.com","Bright Media","Legal Services","Medium-Large ($50MM-$100MM)","Medium (200-499)","Engaged",69,16,0.438,340,"WARM"
"bright-group.com","Bright Group","Legal Services","Medium-Small ($10MM-$50MM)","Medium-Small (50-199)","Aware",6,4,0.162,251,"COLD"
"nexus-group.com","Nexus Group","Retail","Micro ($0-$1MM)","Small (10-49)","Engaged",47,12,0.494,205,"WARM"
"iron-cloud.com","Iron Cloud","Real Estate","Micro ($0-$1MM)","Micro (1-9)","Aware",13,3,0.176,97,"COLD"
"atlas-net.com","Atlas Net","Financial Services","Small ($1MM-$10MM)","Medium-Small (50-199)","Engaged",70,6,0.440,292,"WARM"
"apex-net.com","Apex Net","Retail","Small ($1MM-$10MM)","Medium-Small (50-199)","Unaware",1,1,0.152,101,"COLD"
"clear-media.com","Clear Media","Entertainment","Medium-Small ($10MM-$50MM)","Medium-Small (50-199)","Engaged",38,7,0.376,153,"WARM"
"vertex-works.com","Vertex Works","Manufacturing","Small ($1MM-$10MM)","Small (10-49)","Opportunity",361,37,0.750,854,"HOT"
"atlas-data.com","Atlas Data","Retail","Medium-Large ($50MM-$100MM)","Medium (200-499)","Engaged",107,4,0.614,292,"HOT"
"stellar-inc.com","Stellar Inc","Telecommunications","Small ($1MM-$10MM)","Medium-Small (50-199)","Aware",18,2,0.186,176,"COLD"
"stellar-io.com","Stellar Io","Software / Information Technology","Medium-Small ($10MM-$50MM)","Medium (200-499)","Unaware",3,1,0.156,196,"COLD"
"acme-group.com","Acme Group","Health, Wellness and Fitness","Medium-Small ($10MM-$50MM)","Medium-Small (50-199)","Engaged",81,4,0.462,315,"WARM"
"acme-hub.com","Acme Hub","Marketing and Advertising","Medium-Small ($10MM-$50MM)","Medium (200-499)","Aware",12,5,0.174,170,"COLD"
"blue-io.com","Blue Io","Health, Wellness and Fitness","Medium-Large ($50MM-$100MM)","Medium (200-499)","Unaware",5,1,0.060,85,"COLD"
"green-cloud.com","Green Cloud","Food & Beverages","Medium-Small ($10MM-$50MM)","Medium-Small (50-199)","Unaware",1,1,0.052,181,"COLD"
"smart-hub.com","Smart Hub","Insurance","Small ($1MM-$10MM)","Small (10-49)","Unaware",4,1,0.058,128,"COLD"
"smart-works.com","Smart Works","Construction","Micro ($0-$1MM)","Small (10-49)","MQL",76,24,0.602,364,"HOT"
"apex-media.com","Apex Media","Construction","Large ($100MM-$200MM)","Medium-Large (500-999)","Unaware",2,1,0.054,178,"COLD"
"smart-data.com","Smart Data","Software / Information Technology","Medium-Large ($50MM-$100MM)","Medium-Large (500-999)","Unaware",3,1,0.156,222,"COLD"
"acme-hub.com","Acme Hub","Logistics and Supply Chain","Micro ($0-$1MM)","Small (10-49)","Aware",3,5,0.156,152,"COLD"
"nova-systems.com","Nova Systems","Retail","Medium-Small ($10MM-$50MM)","Medium (200-499)","Opportunity",430,46,0.850,989,"HOT"
"swift-works.com","Swift Works","Marketing and Advertising","Small ($1MM-$10MM)","Medium-Small (50-199)","Engaged",46,14,0.392,166,"WARM"
"iron-solutions.com","Iron Solutions","Marketing and Advertising","Small ($1MM-$10MM)","Small (10-49)","Engaged",71,11,0.442,390,"WARM"
"bright-works.com","Bright Works","Retail","Medium-Small ($10MM-$50MM)","Medium-Small (50-199)","Aware",17,4,0.284,150,"COLD"
"iron-tech.com","Iron Tech","Software / Information Technology","Small ($1MM-$10MM)","Medium-Small (50-199)","Unaware",4,1,0.158,153,"COLD"
"iron-solutions.com","Iron Solutions","Consumer Goods","Micro ($0-$1MM)","Micro (1-9)","Unaware",3,1,0.056,254,"COLD"
"rapid-corp.com","Rapid Corp","Education Management","Medium-Small ($10MM-$50MM)","Medium (200-499)","Aware",11,4,0.172,239,"COLD"
"rapid-labs.com","Rapid Labs","Marketing and Advertising","Medium-Small ($10MM-$50MM)","Medium (200-499)","Unaware",4,1,0.058,231,"COLD"
"iron-digital.com","Iron Digital","Management Consulting","Small ($1MM-$10MM)","Medium-Small (50-199)","Engaged",89,9,0.478,304,"WARM"
"smart-cloud.com","Smart Cloud","Marketing and Advertising","XLarge ($200MM-$1B)","Large (1,000-4,999)","Unaware",4,1,0.058,598,"COLD"
"iron-media.com","Iron Media","Legal Services","Small ($1MM-$10MM)","Small (10-49)","Engaged",51,16,0.402,265,"WARM"
"cyber-solutions.com","Cyber Solutions","Health, Wellness and Fitness","Medium-Large ($50MM-$100MM)","Medium-Large (500-999)","Unaware",4,1,0.058,195,"COLD"
"vertex-systems.com","Vertex Systems","Automotive","Medium-Large ($50MM-$100MM)","Medium (200-499)","Aware",4,1,0.158,222,"COLD"
"core-tech.com","Core Tech","Automotive","Medium-Small ($10MM-$50MM)","Medium (200-499)","Aware",17,4,0.184,119,"COLD"
"rapid-media.com","Rapid Media","Legal Services","Small ($1MM-$10MM)","Medium-Small (50-199)","Unaware",1,1,0.052,66,"COLD"
"apex-solutions.com","Apex Solutions","Marketing and Advertising","Small ($1MM-$10MM)","Medium-Small (50-199)","Opportunity",271,47,0.750,756,"HOT"
"smart-hub.com","Smart Hub","Education Management","XLarge ($200MM-$1B)","XLarge (5,000-10,000)","Unaware",1,1,0.052,622,"COLD"
"green-solutions.com","Green Solutions","Financial Services","Small ($1MM-$10MM)","Medium-Small (50-199)","Engaged",45,5,0.390,335,"WARM"
"clear-io.com","Clear Io","Hospital & Health Care","Micro ($0-$1MM)","Micro (1-9)","Aware",16,4,0.182,230,"COLD"
"stellar-tech.com","Stellar Tech","Manufacturing","Small ($1MM-$10MM)","Small (10-49)","Aware",19,6,0.188,94,"COLD"
"peak-labs.com","Peak Labs","Education Management","Medium-Large ($50MM-$100MM)","Medium (200-499)","Unaware",5,1,0.060,236,"COLD"
"smart-cloud.com","Smart Cloud","Health, Wellness and Fitness","Medium-Large ($50MM-$100MM)","Medium-Large (500-999)","Engaged",49,15,0.398,188,"WARM"
"nova-group.com","Nova Group","Health, Wellness and Fitness","Medium-Small ($10MM-$50MM)","Medium (200-499)","Unaware",4,1,0.058,157,"COLD"
"green-group.com","Green Group","Health, Wellness and Fitness","Medium-Small ($10MM-$50MM)","Medium (200-499)","Unaware",1,1,0.052,244,"COLD"
"rapid-solutions.com","Rapid Solutions","Logistics and Supply Chain","XLarge ($200MM-$1B)","XLarge (5,000-10,000)","Unaware",3,1,0.056,722,"COLD"
"atlas-io.com","Atlas Io","Software / Information Technology","Medium-Large ($50MM-$100MM)","Medium (200-499)","Aware",12,5,0.274,271,"COLD"
"prime-corp.com","Prime Corp","Manufacturing","Medium-Large ($50MM-$100MM)","Medium (200-499)","Aware",7,5,0.164,124,"COLD"
"green-net.com","Green Net","Hospital & Health Care","Medium-Small ($10MM-$50MM)","Medium-Small (50-199)","Aware",14,5,0.178,183,"COLD"
"nexus-systems.com","Nexus Systems","Management Consulting","Medium-Large ($50MM-$100MM)","Medium (200-499)","Opportunity",150,15,0.750,359,"HOT"
"acme-digital.com","Acme Digital","Retail","XLarge ($200MM-$1B)","XLarge (5,000-10,000)","Unaware",5,1,0.160,726,"COLD"
"clear-tech.com","Clear Tech","Manufacturing","Large ($100MM-$200MM)","Large (1,000-4,999)","Unaware",5,1,0.060,163,"COLD"
"green-labs.com","Green Labs","Legal Services","Micro ($0-$1MM)","Small (10-49)","Unaware",2,1,0.054,237,"COLD"
"smart-hub.com","Smart Hub","Telecommunications","Large ($100MM-$200MM)","Large (1,000-4,999)","Engaged",87,9,0.474,294,"WARM"
"swift-labs.com","Swift Labs","Health, Wellness and Fitness","Micro ($0-$1MM)","Small (10-49)","Unaware",5,1,0.060,65,"COLD"
"acme-digital.com","Acme Digital","Software / Information Technology","Micro ($0-$1MM)","Micro (1-9)","Engaged",24,3,0.448,264,"WARM"
"blue-tech.com","Blue Tech","Software / Information Technology","Medium-Small ($10MM-$50MM)","Medium-Small (50-199)","MQL",221,14,0.850,562,"HOT"
"blue-tech.com","Blue Tech","Consumer Goods","Medium-Large ($50MM-$100MM)","Medium (200-499)","Unaware",3,1,0.056,126,"COLD"
"stellar-net.com","Stellar Net","Consumer Goods","Micro ($0-$1MM)","Micro (1-9)","Unaware",2,1,0.054,83,"COLD"
"bright-inc.com","Bright Inc","Financial Services","Medium-Small ($10MM-$50MM)","Medium-Small (50-199)","Engaged",45,7,0.390,288,"WARM"
"nexus-labs.com","Nexus Labs","Entertainment","Micro ($0-$1MM)","Micro (1-9)","Engaged",94,5,0.488,338,"WARM"
"nexus-inc.com","Nexus Inc","Entertainment","Large ($100MM-$200MM)","Medium-Large (500-999)","Unaware",3,1,0.056,196,"COLD"
"apex-labs.com","Apex Labs","Marketing and Advertising","Medium-Large ($50MM-$100MM)","Medium-Large (500-999)","Engaged",46,16,0.392,146,"WARM"
"cyber-media.com","Cyber Media","Management Consulting","Micro ($0-$1MM)","Small (10-49)","Engaged",29,16,0.358,248,"WARM"
"peak-inc.com","Peak Inc","Consumer Goods","Micro ($0-$1MM)","Micro (1-9)","Aware",4,6,0.158,104,"COLD"
"atlas-labs.com","Atlas Labs","Software / Information Technology","Medium-Small ($10MM-$50MM)","Medium-Small (50-199)","Engaged",40,12,0.480,256,"WARM"
"rapid-inc.com","Rapid Inc","Software / Information Technology","Micro ($0-$1MM)","Micro (1-9)","Engaged",55,9,0.510,235,"WARM"
"swift-systems.com","Swift Systems","Insurance","Small ($1MM-$10MM)","Medium-Small (50-199)","Aware",20,2,0.190,287,"COLD"
"prime-cloud.com","Prime Cloud","Food & Beverages","Medium-Large ($50MM-$100MM)","Medium (200-499)","Aware",20,4,0.190,229,"COLD"
"prime-inc.com","Prime Inc","Entertainment","Medium-Small ($10MM-$50MM)","Medium-Small (50-199)","Engaged",33,15,0.366,152,"WARM"
"stellar-media.com","Stellar Media","Retail","Medium-Large ($50MM-$100MM)","Medium-Large (500-999)","Unaware",2,1,0.154,58,"COLD"
"stellar-net.com","Stellar Net","Education Management","XLarge ($200MM-$1B)","Large (1,000-4,999)","Aware",10,2,0.170,599,"COLD"
"rapid-data.com","Rapid Data","Food & Beverages","Small ($1MM-$10MM)","Medium-Small (50-199)","MQL",197,22,0.750,582,"HOT"
"apex-io.com","Apex Io","E-Learning","Medium-Large ($50MM-$100MM)","Medium (200-499)","Engaged",16,6,0.332,236,"WARM"
"swift-corp.com","Swift Corp","Software / Information Technology","Micro ($0-$1MM)","Micro (1-9)","Unaware",1,1,0.152,124,"COLD"
"nova-group.com","Nova Group","Software / Information Technology","Medium-Small ($10MM-$50MM)","Medium-Small (50-199)","Aware",22,5,0.294,193,"COLD"
"nexus-data.com","Nexus Data","Telecommunications","Medium-Large ($50MM-$100MM)","Medium-Large (500-999)","Unaware",5,1,0.060,155,"COLD"
"cyber-data.com","Cyber Data","Health, Wellness and Fitness","Large ($100MM-$200MM)","Medium-Large (500-999)","Unaware",1,1,0.052,144,"COLD"
"green-net.com","Green Net","Software / Information Technology","Micro ($0-$1MM)","Micro (1-9)","Unaware",2,1,0.154,159,"COLD"
"iron-works.com","Iron Works","Real Estate","Small ($1MM-$10MM)","Medium-Small (50-199)","Aware",7,6,0.164,96,"COLD"
"swift-tech.com","Swift Tech","Construction","Small ($1MM-$10MM)","Medium-Small (50-199)","Aware",21,3,0.192,182,"COLD"
"cyber-data.com","Cyber Data","Manufacturing","Small ($1MM-$10MM)","Small (10-49)","MQL",40,25,0.530,222,"HOT"
"blue-digital.com","Blue Digital","Retail","Medium-Small ($10MM-$50MM)","Medium (200-499)","Unaware",5,1,0.160,248,"COLD"
"acme-works.com","Acme Works","Retail","Micro ($0-$1MM)","Micro (1-9)","MQL",117,8,0.784,444,"HOT"
"smart-digital.com","Smart Digital","Marketing and Advertising","Medium-Large ($50MM-$100MM)","Medium-Large (500-999)","MQL",41,28,0.532,213,"HOT"
"core-digital.com","Core Digital","Legal Services","Large ($100MM-$200MM)","Large (1,000-4,999)","Unaware",1,1,0.052,143,"COLD"
"bright-net.com","Bright Net","Software / Information Technology","Small ($1MM-$10MM)","Medium-Small (50-199)","Aware",16,2,0.282,86,"COLD"
"core-works.com","Core Works","Health, Wellness and Fitness","Micro ($0-$1MM)","Micro (1-9)","Unaware",5,1,0.060,113,"COLD"
"core-inc.com","Core Inc","Retail","Micro ($0-$1MM)","Micro (1-9)","Aware",21,2,0.292,202,"COLD"
"rapid-digital.com","Rapid Digital","Marketing and Advertising","Small ($1MM-$10MM)","Medium-Small (50-199)","Unaware",1,1,0.052,245,"COLD"
"peak-solutions.com","Peak Solutions","Manufacturing","Large ($100MM-$200MM)","Medium-Large (500-999)","Unaware",1,1,0.052,102,"COLD"
"prime-group.com","Prime Group","Automotive","XLarge ($200MM-$1B)","Large (1,000-4,999)","Unaware",1,1,0.052,628,"COLD"
"core-digital.com","Core Digital","Food & Beverages","XLarge ($200MM-$1B)","XLarge (5,000-10,000)","Unaware",4,1,0.058,649,"COLD"
"green-corp.com","Green Corp","Insurance","Medium-Large ($50MM-$100MM)","Medium-Large (500-999)","Unaware",3,1,0.056,147,"COLD"
"blue-inc.com","Blue Inc","Automotive","Small ($1MM-$10MM)","Medium-Small (50-199)","Unaware",3,1,0.056,141,"COLD"
"nexus-digital.com","Nexus Digital","Logistics and Supply Chain","Small ($1MM-$10MM)","Small (10-49)","Unaware",1,1,0.052,161,"COLD"
"rapid-inc.com","Rapid Inc","Logistics and Supply Chain","Small ($1MM-$10MM)","Medium-Small (50-199)","Aware",12,3,0.174,149,"COLD"
"rapid-cloud.com","Rapid Cloud","Logistics and Supply Chain","Medium-Small ($10MM-$50MM)","Medium (200-499)","Unaware",4,1,0.058,232,"COLD"
"blue-labs.com","Blue Labs","Retail","XXLarge ($1B+)","XXLarge (10,000+)","Aware",12,4,0.274,726,"COLD"
"blue-cloud.com","Blue Cloud","Logistics and Supply Chain","Large ($100MM-$200MM)","Large (1,000-4,999)","MQL",122,5,0.694,307,"HOT"
"clear-hub.com","Clear Hub","Telecommunications","Medium-Large ($50MM-$100MM)","Medium (200-499)","MQL",118,19,0.686,344,"HOT"
"acme-solutions.com","Acme Solutions","Real Estate","Micro ($0-$1MM)","Micro (1-9)","Unaware",5,1,0.060,77,"COLD"
"smart-labs.com","Smart Labs","Real Estate","Micro ($0-$1MM)","Micro (1-9)","Unaware",2,1,0.054,181,"COLD"
"bright-hub.com","Bright Hub","Logistics and Supply Chain","Micro ($0-$1MM)","Micro (1-9)","Unaware",1,1,0.052,182,"COLD"
"vertex-inc.com","Vertex Inc","Real Estate","Medium-Small ($10MM-$50MM)","Medium (200-499)","Aware",15,1,0.180,263,"COLD"
"nova-labs.com","Nova Labs","Logistics and Supply Chain","Large ($100MM-$200MM)","Medium-Large (500-999)","Unaware",2,1,0.054,111,"COLD"
"bright-labs.com","Bright Labs","Insurance","Micro ($0-$1MM)","Small (10-49)","Unaware",3,1,0.056,120,"COLD"
"rapid-works.com","Rapid Works","Construction","Small ($1MM-$10MM)","Small (10-49)","Engaged",72,10,0.444,286,"WARM"
"smart-works.com","Smart Works","Marketing and Advertising","Medium-Small ($10MM-$50MM)","Medium (200-499)","Unaware",5,1,0.060,222,"COLD"
"clear-io.com","Clear Io","Marketing and Advertising","Small ($1MM-$10MM)","Medium-Small (50-199)","Aware",15,1,0.180,228,"COLD"
"nova-inc.com","Nova Inc","Hospital & Health Care","XXLarge ($1B+)","XXLarge (10,000+)","Unaware",4,1,0.058,695,"COLD"
"core-systems.com","Core Systems","Automotive","Micro ($0-$1MM)","Micro (1-9)","Unaware",2,1,0.054,115,"COLD"
"stellar-labs.com","Stellar Labs","Telecommunications","XLarge ($200MM-$1B)","Large (1,000-4,999)","Engaged",42,17,0.384,774,"WARM"
"global-media.com","Global Media","Retail","Micro ($0-$1MM)","Micro (1-9)","Unaware",1,1,0.152,73,"COLD"
"stellar-media.com","Stellar Media","Education Management","Large ($100MM-$200MM)","Large (1,000-4,999)","MQL",190,26,0.750,434,"HOT"
"prime-hub.com","Prime Hub","Retail","Medium-Small ($10MM-$50MM)","Medium-Small (50-199)","Engaged",74,14,0.548,359,"WARM"
"smart-io.com","Smart Io","Financial Services","Medium-Large ($50MM-$100MM)","Medium-Large (500-999)","Unaware",5,1,0.060,103,"COLD"
"vertex-group.com","Vertex Group","Manufacturing","Micro ($0-$1MM)","Micro (1-9)","Aware",17,3,0.184,253,"COLD"
"smart-corp.com","Smart Corp","Financial Services","Micro ($0-$1MM)","Micro (1-9)","Aware",10,3,0.170,114,"COLD"
"nexus-hub.com","Nexus Hub","Software / Information Technology","Medium-Small ($10MM-$50MM)","Medium (200-499)","Engaged",89,9,0.578,272,"WARM"
"atlas-media.com","Atlas Media","E-Learning","Micro ($0-$1MM)","Micro (1-9)","Unaware",2,1,0.054,229,"COLD"
"green-media.com","Green Media","Legal Services","XLarge ($200MM-$1B)","XLarge (5,000-10,000)","Unaware",2,1,0.054,656,"COLD"
"prime-labs.com","Prime Labs","Software / Information Technology","Micro ($0-$1MM)","Small (10-49)","Aware",6,5,0.262,78,"COLD"
"cyber-works.com","Cyber Works","Marketing and Advertising","Medium-Small ($10MM-$50MM)","Medium-Small (50-199)","Unaware",5,1,0.060,259,"COLD"
"nexus-net.com","Nexus Net","Food & Beverages","Small ($1MM-$10MM)","Medium-Small (50-199)","Unaware",1,1,0.052,205,"COLD"
"atlas-digital.com","Atlas Digital","Hospital & Health Care","Small ($1MM-$10MM)","Small (10-49)","Unaware",1,1,0.052,178,"COLD"
"stellar-works.com","Stellar Works","Consumer Goods","Small ($1MM-$10MM)","Medium-Small (50-199)","Unaware",3,1,0.056,77,"COLD"
"stellar-labs.com","Stellar Labs","Manufacturing","Micro ($0-$1MM)","Small (10-49)","Unaware",1,1,0.052,192,"COLD"
"acme-works.com","Acme Works","Software / Information Technology","Small ($1MM-$10MM)","Medium-Small (50-199)","Engaged",29,4,0.458,268,"WARM"
"smart-media.com","Smart Media","Insurance","Micro ($0-$1MM)","Micro (1-9)","Unaware",4,1,0.058,121,"COLD"
"core-inc.com","Core Inc","Software / Information Technology","Micro ($0-$1MM)","Micro (1-9)","Engaged",74,12,0.548,308,"WARM"
"apex-media.com","Apex Media","Insurance","Medium-Small ($10MM-$50MM)","Medium (200-499)","Opportunity",404,34,0.750,982,"HOT"
"cyber-tech.com","Cyber Tech","E-Learning","XXLarge ($1B+)","XXLarge (10,000+)","MQL",102,24,0.654,930,"HOT"
"green-solutions.com","Green Solutions","E-Learning","Micro ($0-$1MM)","Micro (1-9)","Aware",13,2,0.176,271,"COLD"
"rapid-group.com","Rapid Group","Manufacturing","Medium-Small ($10MM-$50MM)","Medium (200-499)","Aware",3,2,0.156,229,"COLD"
"green-digital.com","Green Digital","Software / Information Technology","Medium-Large ($50MM-$100MM)","Medium-Large (500-999)","Aware",19,4,0.288,151,"COLD"
"clear-media.com","Clear Media","Construction","Medium-Small ($10MM-$50MM)","Medium (200-499)","Aware",5,5,0.160,87,"COLD"
"vertex-digital.com","Vertex Digital","Food & Beverages","Medium-Large ($50MM-$100MM)","Medium (200-499)","Unaware",4,1,0.058,174,"COLD"
"bright-hub.com","Bright Hub","Hospital & Health Care","Medium-Small ($10MM-$50MM)","Medium-Small (50-199)","MQL",99,11,0.648,378,"HOT"
"acme-systems.com","Acme Systems","Hospital & Health Care","Medium-Small ($10MM-$50MM)","Medium-Small (50-199)","Unaware",3,1,0.056,192,"COLD"
"stellar-hub.com","Stellar Hub","Hospital & Health Care","Medium-Small ($10MM-$50MM)","Medium-Small (50-199)","Engaged",21,11,0.342,151,"WARM"
"apex-works.com","Apex Works","Manufacturing","Medium-Large ($50MM-$100MM)","Medium-Large (500-999)","Unaware",4,1,0.058,90,"COLD"
"blue-systems.com","Blue Systems","Health, Wellness and Fitness","Micro ($0-$1MM)","Micro (1-9)","Engaged",38,15,0.376,212,"WARM"
"peak-hub.com","Peak Hub","E-Learning","Small ($1MM-$10MM)","Medium-Small (50-199)","Engaged",26,17,0.352,271,"WARM"
"blue-hub.com","Blue Hub","Marketing and Advertising","Small ($1MM-$10MM)","Medium-Small (50-199)","Unaware",5,1,0.060,77,"COLD"
"swift-hub.com","Swift Hub","Marketing and Advertising","Micro ($0-$1MM)","Micro (1-9)","Engaged",33,9,0.366,261,"WARM"
"nexus-digital.com","Nexus Digital","Insurance","Medium-Small ($10MM-$50MM)","Medium (200-499)","MQL",84,17,0.618,327,"HOT"
"stellar-solutions.com","Stellar Solutions","Food & Beverages","Micro ($0-$1MM)","Small (10-49)","Unaware",2,1,0.054,246,"COLD"
"stellar-digital.com","Stellar Digital","Software / Information Technology","Medium-Small ($10MM-$50MM)","Medium (200-499)","Aware",7,2,0.264,121,"COLD"
"cyber-media.com","Cyber Media","Consumer Goods","Medium-Small ($10MM-$50MM)","Medium (200-499)","MQL",46,7,0.542,282,"HOT"
"nexus-inc.com","Nexus Inc","Financial Services","Micro ($0-$1MM)","Micro (1-9)","Aware",17,4,0.184,224,"COLD"
"atlas-data.com","Atlas Data","Financial Services","Micro ($0-$1MM)","Small (10-49)","Aware",10,3,0.170,98,"COLD"
"nova-systems.com","Nova Systems","Consumer Goods","Micro ($0-$1MM)","Micro (1-9)","Aware",3,4,0.156,135,"COLD"
"core-labs.com","Core Labs","Software / Information Technology","Small ($1MM-$10MM)","Small (10-49)","Unaware",2,1,0.154,169,"COLD"
"rapid-io.com","Rapid Io","Retail","Micro ($0-$1MM)","Micro (1-9)","MQL",211,10,0.850,542,"HOT"
"prime-media.com","Prime Media","Management Consulting","Medium-Small ($10MM-$50MM)","Medium-Small (50-199)","Aware",12,6,0.174,209,"COLD"
"nova-labs.com","Nova Labs","Health, Wellness and Fitness","Large ($100MM-$200MM)","Large (1,000-4,999)","Unaware",4,1,0.058,115,"COLD"
"nova-group.com","Nova Group","Marketing and Advertising","XLarge ($200MM-$1B)","Large (1,000-4,999)","Unaware",3,1,0.056,655,"COLD"
"vertex-digital.com","Vertex Digital","Education Management","Medium-Small ($10MM-$50MM)","Medium (200-499)","Aware",13,3,0.176,192,"COLD"
"vertex-works.com","Vertex Works","Legal Services","Large ($100MM-$200MM)","Large (1,000-4,999)","Unaware",5,1,0.060,142,"COLD"
"stellar-systems.com","Stellar Systems","Manufacturing","Medium-Small ($10MM-$50MM)","Medium (200-499)","Unaware",4,1,0.058,161,"COLD"
"cyber-media.com","Cyber Media","Manufacturing","Micro ($0-$1MM)","Micro (1-9)","Aware",20,4,0.190,230,"COLD"
"green-io.com","Green Io","Automotive","XXLarge ($1B+)","XXLarge (10,000+)","Engaged",20,11,0.340,627,"WARM"
"clear-group.com","Clear Group","Financial Services","Micro ($0-$1MM)","Micro (1-9)","Unaware",5,1,0.060,178,"COLD"
"vertex-corp.com","Vertex Corp","Automotive","Large ($100MM-$200MM)","Large (1,000-4,999)","Engaged",97,6,0.494,326,"WARM"
"smart-group.com","Smart Group","Hospital & Health Care","Micro ($0-$1MM)","Micro (1-9)","Aware",6,5,0.162,83,"COLD"
"acme-labs.com","Acme Labs","Software / Information Technology","Micro ($0-$1MM)","Small (10-49)","Engaged",40,14,0.480,172,"WARM"
"bright-digital.com","Bright Digital","Health, Wellness and Fitness","Micro ($0-$1MM)","Small (10-49)","Unaware",3,1,0.056,130,"COLD"
"atlas-data.com","Atlas Data","Logistics and Supply Chain","Micro ($0-$1MM)","Small (10-49)","Engaged",68,5,0.436,214,"WARM"
"rapid-tech.com","Rapid Tech","Financial Services","Micro ($0-$1MM)","Micro (1-9)","Unaware",1,1,0.052,149,"COLD"
"bright-data.com","Bright Data","Software / Information Technology","Medium-Large ($50MM-$100MM)","Medium (200-499)","Unaware",5,1,0.160,134,"COLD"
"rapid-net.com","Rapid Net","Retail","Small ($1MM-$10MM)","Medium-Small (50-199)","Aware",15,6,0.280,226,"COLD"
"nova-solutions.com","Nova Solutions","Software / Information Technology","Micro ($0-$1MM)","Small (10-49)","Unaware",2,1,0.154,128,"COLD"
"iron-digital.com","Iron Digital","Retail","Small ($1MM-$10MM)","Medium-Small (50-199)","Unaware",2,1,0.154,130,"COLD"
"peak-data.com","Peak Data","Logistics and Supply Chain","Micro ($0-$1MM)","Small (10-49)","Unaware",1,1,0.052,136,"COLD"
"nexus-solutions.com","Nexus Solutions","Financial Services","Medium-Large ($50MM-$100MM)","Medium (200-499)","Unaware",4,1,0.058,147,"COLD"
"prime-group.com","Prime Group","Logistics and Supply Chain","Medium-Large ($50MM-$100MM)","Medium (200-499)","Engaged",24,8,0.348,174,"WARM"
"blue-inc.com","Blue Inc","Logistics and Supply Chain","Medium-Small ($10MM-$50MM)","Medium (200-499)","Unaware",5,1,0.060,145,"COLD"
"rapid-data.com","Rapid Data","Legal Services","Medium-Large ($50MM-$100MM)","Medium-Large (500-999)","Unaware",4,1,0.058,196,"COLD"
"rapid-solutions.com","Rapid Solutions","Software / Information Technology","Micro ($0-$1MM)","Small (10-49)","Engaged",82,16,0.564,380,"WARM"
"blue-hub.com","Blue Hub","Retail","Micro ($0-$1MM)","Micro (1-9)","Aware",18,2,0.286,103,"COLD"
"swift-hub.com","Swift Hub","Software / Information Technology","Medium-Small ($10MM-$50MM)","Medium (200-499)","Unaware",4,1,0.158,203,"COLD"
"clear-systems.com","Clear Systems","Food & Beverages","Micro ($0-$1MM)","Micro (1-9)","Unaware",5,1,0.060,236,"COLD"
"smart-data.com","Smart Data","E-Learning","Small ($1MM-$10MM)","Medium-Small (50-199)","Unaware",3,1,0.056,222,"COLD"
"atlas-cloud.com","Atlas Cloud","Education Management","Medium-Large ($50MM-$100MM)","Medium-Large (500-999)","Unaware",2,1,0.054,198,"COLD"
"smart-corp.com","Smart Corp","Software / Information Technology","Small ($1MM-$10MM)","Small (10-49)","Aware",19,3,0.288,132,"COLD"
"rapid-tech.com","Rapid Tech","Logistics and Supply Chain","Small ($1MM-$10MM)","Medium-Small (50-199)","Aware",4,2,0.158,155,"COLD"
"green-labs.com","Green Labs","Insurance","Micro ($0-$1MM)","Micro (1-9)","Unaware",5,1,0.060,243,"COLD"
"green-corp.com","Green Corp","Software / Information Technology","Micro ($0-$1MM)","Micro (1-9)","Engaged",75,6,0.550,291,"WARM"
"swift-data.com","Swift Data","E-Learning","Micro ($0-$1MM)","Micro (1-9)","Engaged",19,6,0.338,257,"WARM"
"swift-solutions.com","Swift Solutions","Insurance","Micro ($0-$1MM)","Small (10-49)","Engaged",52,17,0.404,247,"WARM"
"iron-group.com","Iron Group","Food & Beverages","Micro ($0-$1MM)","Micro (1-9)","Aware",15,2,0.180,225,"COLD"
"green-systems.com","Green Systems","Retail","XLarge ($200MM-$1B)","Large (1,000-4,999)","Unaware",3,1,0.156,716,"COLD"
"apex-works.com","Apex Works","Financial Services","Micro ($0-$1MM)","Micro (1-9)","Unaware",3,1,0.056,88,"COLD"
"acme-systems.com","Acme Systems","Software / Information Technology","XLarge ($200MM-$1B)","Large (1,000-4,999)","Unaware",3,1,0.156,692,"COLD"
"stellar-solutions.com","Stellar Solutions","E-Learning","Small ($1MM-$10MM)","Medium-Small (50-199)","Engaged",90,5,0.480,422,"WARM"
"vertex-io.com","Vertex Io","Manufacturing","Micro ($0-$1MM)","Small (10-49)","Aware",5,2,0.160,170,"COLD"
"cyber-labs.com","Cyber Labs","Retail","Small ($1MM-$10MM)","Medium-Small (50-199)","Aware",16,2,0.282,131,"COLD"
"core-inc.com","Core Inc","Education Management","Medium-Large ($50MM-$100MM)","Medium-Large (500-999)","Aware",6,6,0.162,172,"COLD"
"bright-hub.com","Bright Hub","Manufacturing","Medium-Small ($10MM-$50MM)","Medium-Small (50-199)","Unaware",4,1,0.058,188,"COLD"
"smart-media.com","Smart Media","Marketing and Advertising","Micro ($0-$1MM)","Micro (1-9)","Unaware",3,1,0.056,119,"COLD"
"clear-hub.com","Clear Hub","Food & Beverages","Medium-Small ($10MM-$50MM)","Medium (200-499)","Aware",14,4,0.178,136,"COLD"
"blue-data.com","Blue Data","Manufacturing","Large ($100MM-$200MM)","Large (1,000-4,999)","Aware",8,6,0.166,173,"COLD"
"rapid-group.com","Rapid Group","Real Estate","Medium-Small ($10MM-$50MM)","Medium (200-499)","Opportunity",350,45,0.750,923,"HOT"
"global-group.com","Global Group","Retail","Micro ($0-$1MM)","Micro (1-9)","Unaware",3,1,0.156,167,"COLD"
"cyber-io.com","Cyber Io","Retail","Medium-Large ($50MM-$100MM)","Medium (200-499)","MQL",165,19,0.850,569,"HOT"
"apex-cloud.com","Apex Cloud","Construction","Small ($1MM-$10MM)","Small (10-49)","Engaged",41,8,0.382,219,"WARM"
"prime-cloud.com","Prime Cloud","Real Estate","Micro ($0-$1MM)","Small (10-49)","Opportunity",204,10,0.750,597,"HOT"
"stellar-cloud.com","Stellar Cloud","Logistics and Supply Chain","Medium-Small ($10MM-$50MM)","Medium-Small (50-199)","Aware",10,2,0.170,83,"COLD"
"cyber-cloud.com","Cyber Cloud","Marketing and Advertising","Micro ($0-$1MM)","Micro (1-9)","Engaged",32,17,0.364,115,"WARM"
"vertex-works.com","Vertex Works","Construction","Small ($1MM-$10MM)","Medium-Small (50-199)","Unaware",5,1,0.060,142,"COLD"
"swift-solutions.com","Swift Solutions","Consumer Goods","Medium-Large ($50MM-$100MM)","Medium (200-499)","Unaware",1,1,0.052,145,"COLD"
"peak-io.com","Peak Io","Software / Information Technology","Medium-Small ($10MM-$50MM)","Medium-Small (50-199)","MQL",55,18,0.660,268,"HOT"
"swift-solutions.com","Swift Solutions","Management Consulting","Small ($1MM-$10MM)","Medium-Small (50-199)","Unaware",4,1,0.058,151,"COLD"
"stellar-hub.com","Stellar Hub","Insurance","Small ($1MM-$10MM)","Medium-Small (50-199)","Aware",11,3,0.172,131,"COLD"
"core-systems.com","Core Systems","Marketing and Advertising","Micro ($0-$1MM)","Micro (1-9)","MQL",122,7,0.694,355,"HOT"
"global-systems.com","Global Systems","Consumer Goods","Medium-Large ($50MM-$100MM)","Medium (200-499)","Unaware",1,1,0.052,229,"COLD"
"blue-media.com","Blue Media","Logistics and Supply Chain","Small ($1MM-$10MM)","Small (10-49)","Aware",18,5,0.186,89,"COLD"
"peak-corp.com","Peak Corp","Health, Wellness and Fitness","Small ($1MM-$10MM)","Medium-Small (50-199)","Aware",17,6,0.184,198,"COLD"
"nova-labs.com","Nova Labs","Legal Services","Medium-Large ($50MM-$100MM)","Medium (200-499)","Engaged",94,11,0.488,295,"WARM"
"clear-data.com","Clear Data","Telecommunications","Micro ($0-$1MM)","Micro (1-9)","Unaware",1,1,0.052,57,"COLD"
"iron-inc.com","Iron Inc","Legal Services","Micro ($0-$1MM)","Micro (1-9)","MQL",146,18,0.742,396,"HOT"
"apex-media.com","Apex Media","Construction","Small ($1MM-$10MM)","Medium-Small (50-199)","Engaged",96,17,0.492,366,"WARM"
"iron-inc.com","Iron Inc","Construction","Medium-Large ($50MM-$100MM)","Medium-Large (500-999)","MQL",57,10,0.564,218,"HOT"
"nexus-cloud.com","Nexus Cloud","Insurance","Medium-Large ($50MM-$100MM)","Medium (200-499)","Unaware",5,1,0.060,255,"COLD"
"cyber-media.com","Cyber Media","Financial Services","Medium-Small ($10MM-$50MM)","Medium (200-499)","Unaware",3,1,0.056,196,"COLD"
"bright-corp.com","Bright Corp","Financial Services","Large ($100MM-$200MM)","Medium-Large (500-999)","Unaware",2,1,0.054,228,"COLD"
"global-works.com","Global Works","Marketing and Advertising","Micro ($0-$1MM)","Micro (1-9)","MQL",148,28,0.746,419,"HOT"
"global-hub.com","Global Hub","Construction","Micro ($0-$1MM)","Micro (1-9)","Unaware",3,1,0.056,113,"COLD"
"clear-data.com","Clear Data","Marketing and Advertising","Medium-Large ($50MM-$100MM)","Medium (200-499)","MQL",120,19,0.690,295,"HOT"
"nexus-systems.com","Nexus Systems","Logistics and Supply Chain","Small ($1MM-$10MM)","Medium-Small (50-199)","MQL",60,9,0.570,179,"HOT"
"nexus-net.com","Nexus Net","Marketing and Advertising","Medium-Small ($10MM-$50MM)","Medium (200-499)","Aware",18,5,0.186,239,"COLD"
"blue-solutions.com","Blue Solutions","Retail","Small ($1MM-$10MM)","Small (10-49)","MQL",55,25,0.660,325,"HOT"
"apex-corp.com","Apex Corp","Logistics and Supply Chain","Small ($1MM-$10MM)","Small (10-49)","Opportunity",121,49,0.692,318,"HOT"
"iron-cloud.com","Iron Cloud","Health, Wellness and Fitness","Medium-Large ($50MM-$100MM)","Medium (200-499)","Unaware",3,1,0.056,77,"COLD"
"bright-solutions.com","Bright Solutions","Construction","Large ($100MM-$200MM)","Large (1,000-4,999)","Opportunity",249,32,0.750,683,"HOT"
"peak-digital.com","Peak Digital","Automotive","Medium-Large ($50MM-$100MM)","Medium (200-499)","MQL",101,22,0.652,316,"HOT"
"smart-systems.com","Smart Systems","Software / Information Technology","Medium-Large ($50MM-$100MM)","Medium (200-499)","Engaged",13,9,0.426,144,"WARM"
"apex-systems.com","Apex Systems","Insurance","Medium-Small ($10MM-$50MM)","Medium (200-499)","Engaged",102,16,0.504,418,"HOT"
"acme-net.com","Acme Net","E-Learning","Medium-Small ($10MM-$50MM)","Medium (200-499)","Aware",17,2,0.184,197,"COLD"
"acme-systems.com","Acme Systems","Food & Beverages","XLarge ($200MM-$1B)","XLarge (5,000-10,000)","Aware",4,6,0.158,694,"COLD"
"green-solutions.com","Green Solutions","Marketing and Advertising","Medium-Small ($10MM-$50MM)","Medium (200-499)","Aware",21,1,0.192,287,"COLD"
"green-tech.com","Green Tech","Software / Information Technology","Medium-Small ($10MM-$50MM)","Medium-Small (50-199)","Opportunity",446,30,0.850,1073,"HOT"
"nexus-inc.com","Nexus Inc","Food & Beverages","Medium-Small ($10MM-$50MM)","Medium (200-499)","Aware",5,5,0.160,200,"COLD"
"core-data.com","Core Data","Software / Information Technology","Medium-Large ($50MM-$100MM)","Medium (200-499)","MQL",75,13,0.700,304,"HOT"
"stellar-works.com","Stellar Works","Software / Information Technology","Medium-Small ($10MM-$50MM)","Medium-Small (50-199)","Engaged",55,8,0.510,181,"WARM"
"global-systems.com","Global Systems","Insurance","Medium-Small ($10MM-$50MM)","Medium (200-499)","Opportunity",54,19,0.558,335,"HOT"
"core-group.com","Core Group","E-Learning","Medium-Large ($50MM-$100MM)","Medium-Large (500-999)","Unaware",4,1,0.058,124,"COLD"
"clear-systems.com","Clear Systems","Logistics and Supply Chain","Small ($1MM-$10MM)","Medium-Small (50-199)","Aware",12,6,0.174,250,"COLD"
"nova-net.com","Nova Net","E-Learning","Medium-Large ($50MM-$100MM)","Medium-Large (500-999)","MQL",96,29,0.642,347,"HOT"
"stellar-cloud.com","Stellar Cloud","Software / Information Technology","Micro ($0-$1MM)","Micro (1-9)","Engaged",78,8,0.556,219,"WARM"
"bright-corp.com","Bright Corp","Insurance","Small ($1MM-$10MM)","Medium-Small (50-199)","Unaware",3,1,0.056,230,"COLD"
"atlas-data.com","Atlas Data","Entertainment","Small ($1MM-$10MM)","Small (10-49)","Unaware",1,1,0.052,80,"COLD"
"green-tech.com","Green Tech","Health, Wellness and Fitness","Micro ($0-$1MM)","Micro (1-9)","Engaged",85,12,0.470,351,"WARM"
"bright-corp.com","Bright Corp","Software / Information Technology","Small ($1MM-$10MM)","Small (10-49)","Unaware",5,1,0.160,234,"COLD"
"smart-inc.com","Smart Inc","Software / Information Technology","Large ($100MM-$200MM)","Large (1,000-4,999)","Aware",12,4,0.274,164,"COLD"
"cyber-data.com","Cyber Data","Financial Services","Large ($100MM-$200MM)","Large (1,000-4,999)","Unaware",2,1,0.054,146,"COLD"
"peak-data.com","Peak Data","Software / Information Technology","Medium-Large ($50MM-$100MM)","Medium (200-499)","Unaware",4,1,0.158,142,"COLD"
"global-tech.com","Global Tech","Telecommunications","Micro ($0-$1MM)","Small (10-49)","Aware",17,1,0.184,257,"COLD"
"blue-solutions.com","Blue Solutions","Legal Services","Micro ($0-$1MM)","Micro (1-9)","Aware",17,3,0.184,249,"COLD"
"rapid-works.com","Rapid Works","Logistics and Supply Chain","XLarge ($200MM-$1B)","XLarge (5,000-10,000)","Unaware",2,1,0.054,646,"COLD"
"vertex-hub.com","Vertex Hub","Health, Wellness and Fitness","Medium-Small ($10MM-$50MM)","Medium (200-499)","Engaged",70,16,0.440,260,"WARM"
"rapid-io.com","Rapid Io","E-Learning","Micro ($0-$1MM)","Micro (1-9)","Unaware",3,1,0.056,126,"COLD"
"apex-systems.com","Apex Systems","E-Learning","Small ($1MM-$10MM)","Medium-Small (50-199)","Unaware",1,1,0.052,216,"COLD"
"cyber-net.com","Cyber Net","Insurance","Small ($1MM-$10MM)","Medium-Small (50-199)","Engaged",38,5,0.376,170,"WARM"
"acme-hub.com","Acme Hub","Retail","Medium-Small ($10MM-$50MM)","Medium-Small (50-199)","Engaged",78,9,0.556,302,"WARM"
"bright-group.com","Bright Group","Education Management","Micro ($0-$1MM)","Micro (1-9)","Engaged",81,10,0.462,401,"WARM"
"core-hub.com","Core Hub","Management Consulting","Medium-Small ($10MM-$50MM)","Medium-Small (50-199)","Unaware",4,1,0.058,59,"COLD"
"acme-corp.com","Acme Corp","Software / Information Technology","Medium-Small ($10MM-$50MM)","Medium-Small (50-199)","Unaware",2,1,0.154,91,"COLD"
"iron-systems.com","Iron Systems","Education Management","Medium-Large ($50MM-$100MM)","Medium (200-499)","Unaware",4,1,0.058,180,"COLD"
"apex-data.com","Apex Data","Management Consulting","Medium-Large ($50MM-$100MM)","Medium-Large (500-999)","Aware",12,4,0.174,187,"COLD"
"peak-labs.com","Peak Labs","Legal Services","Medium-Large ($50MM-$100MM)","Medium (200-499)","Unaware",2,1,0.054,230,"COLD"
"core-tech.com","Core Tech","E-Learning","XLarge ($200MM-$1B)","Large (1,000-4,999)","Unaware",5,1,0.060,595,"COLD"
"green-inc.com","Green Inc","E-Learning","Large ($100MM-$200MM)","Large (1,000-4,999)","Aware",3,6,0.156,72,"COLD"
"green-data.com","Green Data","Food & Beverages","Medium-Large ($50MM-$100MM)","Medium-Large (500-999)","Opportunity",75,27,0.600,290,"HOT"
"smart-inc.com","Smart Inc","Health, Wellness and Fitness","Medium-Small ($10MM-$50MM)","Medium (200-499)","Engaged",32,5,0.364,204,"WARM"
"nexus-systems.com","Nexus Systems","Manufacturing","XLarge ($200MM-$1B)","XLarge (5,000-10,000)","Engaged",77,11,0.454,713,"WARM"
"global-digital.com","Global Digital","Management Consulting","Small ($1MM-$10MM)","Medium-Small (50-199)","Unaware",5,1,0.060,191,"COLD"
"nexus-solutions.com","Nexus Solutions","Marketing and Advertising","Medium-Small ($10MM-$50MM)","Medium (200-499)","Unaware",3,1,0.056,145,"COLD"
"global-works.com","Global Works","Logistics and Supply Chain","Micro ($0-$1MM)","Micro (1-9)","Engaged",79,9,0.458,281,"WARM"
"rapid-digital.com","Rapid Digital","Software / Information Technology","Large ($100MM-$200MM)","Large (1,000-4,999)","Engaged",49,18,0.498,341,"WARM"
"peak-group.com","Peak Group","Legal Services","Micro ($0-$1MM)","Micro (1-9)","Unaware",2,1,0.054,130,"COLD"
"smart-data.com","Smart Data","Financial Services","Micro ($0-$1MM)","Micro (1-9)","Aware",13,3,0.176,242,"COLD"
"nova-works.com","Nova Works","Management Consulting","Medium-Large ($50MM-$100MM)","Medium (200-499)","Engaged",99,11,0.498,423,"WARM"
"bright-solutions.com","Bright Solutions","Education Management","Medium-Small ($10MM-$50MM)","Medium (200-499)","Aware",8,5,0.166,201,"COLD"
"iron-media.com","Iron Media","Software / Information Technology","Micro ($0-$1MM)","Micro (1-9)","MQL",30,19,0.610,223,"HOT"
"apex-solutions.com","Apex Solutions","Financial Services","Small ($1MM-$10MM)","Medium-Small (50-199)","Aware",8,5,0.166,230,"COLD"
"nexus-inc.com","Nexus Inc","Marketing and Advertising","Medium-Small ($10MM-$50MM)","Medium (200-499)","Aware",21,3,0.192,232,"COLD"
"cyber-systems.com","Cyber Systems","Telecommunications","XXLarge ($1B+)","XXLarge (10,000+)","Opportunity",140,48,0.730,950,"HOT"
"bright-tech.com","Bright Tech","Health, Wellness and Fitness","XLarge ($200MM-$1B)","XLarge (5,000-10,000)","Aware",9,6,0.168,693,"COLD"
"iron-data.com","Iron Data","Food & Beverages","Small ($1MM-$10MM)","Small (10-49)","Aware",9,3,0.168,143,"COLD"
"prime-digital.com","Prime Digital","Logistics and Supply Chain","Micro ($0-$1MM)","Small (10-49)","Engaged",12,3,0.324,240,"WARM"
"peak-works.com","Peak Works","Retail","Medium-Small ($10MM-$50MM)","Medium (200-499)","Unaware",3,1,0.156,132,"COLD"
"peak-systems.com","Peak Systems","E-Learning","Small ($1MM-$10MM)","Small (10-49)","Aware",13,4,0.176,167,"COLD"
"acme-digital.com","Acme Digital","Financial Services","Small ($1MM-$10MM)","Small (10-49)","Engaged",30,18,0.360,276,"WARM"
"bright-inc.com","Bright Inc","Telecommunications","Micro ($0-$1MM)","Small (10-49)","Unaware",1,1,0.052,200,"COLD"
"apex-solutions.com","Apex Solutions","Consumer Goods","XLarge ($200MM-$1B)","XLarge (5,000-10,000)","Unaware",4,1,0.058,722,"COLD"
"bright-digital.com","Bright Digital","Financial Services","Medium-Large ($50MM-$100MM)","Medium-Large (500-999)","Engaged",97,14,0.494,318,"WARM"
"peak-solutions.com","Peak Solutions","Telecommunications","Small ($1MM-$10MM)","Small (10-49)","Aware",12,5,0.174,124,"COLD"
"vertex-solutions.com","Vertex Solutions","Automotive","Micro ($0-$1MM)","Small (10-49)","MQL",161,24,0.750,397,"HOT"
"clear-solutions.com","Clear Solutions","Financial Services","XLarge ($200MM-$1B)","XLarge (5,000-10,000)","Engaged",96,15,0.492,748,"WARM"
"swift-inc.com","Swift Inc","Hospital & Health Care","Micro ($0-$1MM)","Micro (1-9)","Aware",3,2,0.156,166,"COLD"
"rapid-io.com","Rapid Io","Software / Information Technology","Small ($1MM-$10MM)","Small (10-49)","Unaware",5,1,0.160,130,"COLD"
"rapid-inc.com","Rapid Inc","Software / Information Technology","Medium-Large ($50MM-$100MM)","Medium (200-499)","MQL",63,11,0.676,251,"HOT"
"atlas-io.com","Atlas Io","Marketing and Advertising","XLarge ($200MM-$1B)","XLarge (5,000-10,000)","Aware",16,4,0.182,779,"COLD"
"smart-inc.com","Smart Inc","Marketing and Advertising","Micro ($0-$1MM)","Micro (1-9)","Aware",15,3,0.180,170,"COLD"
"vertex-media.com","Vertex Media","Education Management","Micro ($0-$1MM)","Small (10-49)","Aware",14,5,0.178,107,"COLD"
"atlas-media.com","Atlas Media","Retail","Micro ($0-$1MM)","Micro (1-9)","Unaware",2,1,0.154,229,"COLD"
"core-group.com","Core Group","Software / Information Technology","Micro ($0-$1MM)","Micro (1-9)","Unaware",5,1,0.160,126,"COLD"
"prime-works.com","Prime Works","Legal Services","Medium-Small ($10MM-$50MM)","Medium (200-499)","Aware",5,3,0.160,89,"COLD"
"iron-corp.com","Iron Corp","Entertainment","Medium-Large ($50MM-$100MM)","Medium (200-499)","MQL",210,20,0.750,600,"HOT"
"apex-group.com","Apex Group","Financial Services","Micro ($0-$1MM)","Small (10-49)","Aware",20,2,0.190,139,"COLD"
"vertex-digital.com","Vertex Digital","Retail","Micro ($0-$1MM)","Micro (1-9)","MQL",79,13,0.708,324,"HOT"
"vertex-data.com","Vertex Data","Marketing and Advertising","Medium-Small ($10MM-$50MM)","Medium (200-499)","Aware",5,1,0.160,161,"COLD"
"apex-io.com","Apex Io","Health, Wellness and Fitness","Small ($1MM-$10MM)","Small (10-49)","Unaware",5,1,0.060,214,"COLD"
"nexus-digital.com","Nexus Digital","Entertainment","Small ($1MM-$10MM)","Medium-Small (50-199)","Aware",12,4,0.174,183,"COLD"
"green-labs.com","Green Labs","Consumer Goods","Micro ($0-$1MM)","Small (10-49)","Engaged",100,12,0.500,433,"WARM"
"smart-tech.com","Smart Tech","Financial Services","Medium-Small ($10MM-$50MM)","Medium-Small (50-199)","Unaware",1,1,0.052,159,"COLD"
"cyber-tech.com","Cyber Tech","Telecommunications","Large ($100MM-$200MM)","Medium-Large (500-999)","Aware",12,4,0.174,250,"COLD"
"stellar-hub.com","Stellar Hub","Financial Services","Medium-Small ($10MM-$50MM)","Medium (200-499)","Unaware",3,1,0.056,115,"COLD"
"atlas-data.com","Atlas Data","Marketing and Advertising","Medium-Small ($10MM-$50MM)","Medium-Small (50-199)","Unaware",1,1,0.052,80,"COLD"
"clear-works.com","Clear Works","Logistics and Supply Chain","Medium-Small ($10MM-$50MM)","Medium (200-499)","Aware",12,1,0.174,250,"COLD"
"peak-tech.com","Peak Tech","Entertainment","Micro ($0-$1MM)","Small (10-49)","Unaware",3,1,0.056,119,"COLD"
"core-io.com","Core Io","Software / Information Technology","Large ($100MM-$200MM)","Medium-Large (500-999)","Unaware",1,1,0.152,173,"COLD"
"cyber-digital.com","Cyber Digital","Food & Beverages","Medium-Small ($10MM-$50MM)","Medium (200-499)","Unaware",1,1,0.052,225,"COLD"
"global-inc.com","Global Inc","Consumer Goods","Small ($1MM-$10MM)","Medium-Small (50-199)","Aware",10,4,0.170,163,"COLD"
"apex-group.com","Apex Group","Financial Services","Small ($1MM-$10MM)","Small (10-49)","Aware",8,1,0.166,115,"COLD"
"clear-tech.com","Clear Tech","Marketing and Advertising","Medium-Small ($10MM-$50MM)","Medium-Small (50-199)","Unaware",3,1,0.056,159,"COLD"
"acme-tech.com","Acme Tech","Health, Wellness and Fitness","Medium-Large ($50MM-$100MM)","Medium-Large (500-999)","Aware",3,3,0.156,72,"COLD"
"bright-data.com","Bright Data","Software / Information Technology","XLarge ($200MM-$1B)","Large (1,000-4,999)","Unaware",1,1,0.152,626,"COLD"
"smart-corp.com","Smart Corp","Health, Wellness and Fitness","Medium-Small ($10MM-$50MM)","Medium (200-499)","Engaged",50,6,0.400,194,"WARM"
"nexus-solutions.com","Nexus Solutions","Hospital & Health Care","Medium-Large ($50MM-$100MM)","Medium (200-499)","Unaware",4,1,0.058,147,"COLD"
"stellar-group.com","Stellar Group","Retail","Small ($1MM-$10MM)","Medium-Small (50-199)","Opportunity",182,18,0.850,518,"HOT"
"rapid-group.com","Rapid Group","Marketing and Advertising","Medium-Small ($10MM-$50MM)","Medium (200-499)","Engaged",10,12,0.320,243,"WARM"
"blue-data.com","Blue Data","Retail","Small ($1MM-$10MM)","Small (10-49)","Aware",8,3,0.266,173,"COLD"
"apex-cloud.com","Apex Cloud","Software / Information Technology","Medium-Large ($50MM-$100MM)","Medium (200-499)","Aware",22,3,0.294,181,"COLD"
"atlas-cloud.com","Atlas Cloud","Education Management","Medium-Small ($10MM-$50MM)","Medium (200-499)","Engaged",22,15,0.344,238,"WARM"
"acme-solutions.com","Acme Solutions","Hospital & Health Care","XXLarge ($1B+)","XXLarge (10,000+)","Aware",21,1,0.192,609,"COLD"
"clear-works.com","Clear Works","Consumer Goods","Micro ($0-$1MM)","Micro (1-9)","Engaged",106,12,0.512,438,"HOT"
"vertex-hub.com","Vertex Hub","Software / Information Technology","Large ($100MM-$200MM)","Large (1,000-4,999)","Unaware",3,1,0.156,126,"COLD"
"nova-group.com","Nova Group","Marketing and Advertising","Medium-Small ($10MM-$50MM)","Medium (200-499)","Unaware",4,1,0.058,157,"COLD"
"core-labs.com","Core Labs","Marketing and Advertising","Medium-Small ($10MM-$50MM)","Medium-Small (50-199)","MQL",164,19,0.750,493,"HOT"
"stellar-net.com","Stellar Net","Marketing and Advertising","Micro ($0-$1MM)","Micro (1-9)","Aware",20,2,0.190,119,"COLD"
"global-labs.com","Global Labs","Hospital & Health Care","Small ($1MM-$10MM)","Medium-Small (50-199)","Aware",3,1,0.156,151,"COLD"
"apex-media.com","Apex Media","Logistics and Supply Chain","Small ($1MM-$10MM)","Small (10-49)","Unaware",1,1,0.052,176,"COLD"
"vertex-media.com","Vertex Media","Legal Services","Micro ($0-$1MM)","Micro (1-9)","MQL",52,6,0.554,183,"HOT"
"peak-data.com","Peak Data","Hospital & Health Care","Small ($1MM-$10MM)","Small (10-49)","Engaged",32,9,0.364,198,"WARM"
"bright-tech.com","Bright Tech","Marketing and Advertising","Micro ($0-$1MM)","Micro (1-9)","MQL",37,14,0.524,249,"HOT"
"vertex-tech.com","Vertex Tech","Manufacturing","Medium-Large ($50MM-$100MM)","Medium-Large (500-999)","Engaged",88,12,0.476,232,"WARM"
"green-solutions.com","Green Solutions","Management Consulting","XXLarge ($1B+)","XXLarge (10,000+)","Engaged",11,14,0.322,767,"WARM"
"apex-works.com","Apex Works","Software / Information Technology","XXLarge ($1B+)","XXLarge (10,000+)","Unaware",2,1,0.154,586,"COLD"
"blue-tech.com","Blue Tech","Insurance","XXLarge ($1B+)","XXLarge (10,000+)","Unaware",2,1,0.054,624,"COLD"
"nova-systems.com","Nova Systems","Software / Information Technology","Large ($100MM-$200MM)","Large (1,000-4,999)","Engaged",52,16,0.504,233,"WARM"
"clear-digital.com","Clear Digital","Financial Services","Micro ($0-$1MM)","Micro (1-9)","Aware",13,2,0.176,78,"COLD"
"swift-works.com","Swift Works","Telecommunications","Medium-Small ($10MM-$50MM)","Medium (200-499)","Unaware",3,1,0.056,80,"COLD"
"peak-systems.com","Peak Systems","Food & Beverages","Medium-Small ($10MM-$50MM)","Medium (200-499)","Unaware",2,1,0.054,145,"COLD"
"rapid-works.com","Rapid Works","Education Management","Large ($100MM-$200MM)","Large (1,000-4,999)","Engaged",42,6,0.384,226,"WARM"
"global-systems.com","Global Systems","Hospital & Health Care","Micro ($0-$1MM)","Micro (1-9)","Engaged",100,17,0.500,427,"WARM"
"peak-labs.com","Peak Labs","Retail","Micro ($0-$1MM)","Micro (1-9)","Aware",4,5,0.258,234,"COLD"
"rapid-corp.com","Rapid Corp","Marketing and Advertising","Micro ($0-$1MM)","Micro (1-9)","Unaware",2,1,0.054,221,"COLD"
"atlas-inc.com","Atlas Inc","Software / Information Technology","Medium-Large ($50MM-$100MM)","Medium (200-499)","Unaware",1,1,0.152,130,"COLD"
"smart-io.com","Smart Io","Marketing and Advertising","Medium-Large ($50MM-$100MM)","Medium-Large (500-999)","Engaged",91,12,0.482,275,"WARM"
"green-solutions.com","Green Solutions","Entertainment","Micro ($0-$1MM)","Small (10-49)","MQL",86,29,0.622,417,"HOT"
"acme-digital.com","Acme Digital","Manufacturing","Large ($100MM-$200MM)","Large (1,000-4,999)","Engaged",67,6,0.434,350,"WARM"
"bright-cloud.com","Bright Cloud","Marketing and Advertising","Micro ($0-$1MM)","Micro (1-9)","Aware",17,2,0.184,149,"COLD"
"stellar-tech.com","Stellar Tech","Retail","Medium-Large ($50MM-$100MM)","Medium (200-499)","MQL",126,11,0.802,308,"HOT"
"rapid-works.com","Rapid Works","Retail","Micro ($0-$1MM)","Micro (1-9)","Aware",5,1,0.260,152,"COLD"
"apex-corp.com","Apex Corp","Construction","XLarge ($200MM-$1B)","XLarge (5,000-10,000)","MQL",119,24,0.688,814,"HOT"
"peak-io.com","Peak Io","Marketing and Advertising","Medium-Large ($50MM-$100MM)","Medium-Large (500-999)","Engaged",58,7,0.416,274,"WARM"
"nova-group.com","Nova Group","Construction","Small ($1MM-$10MM)","Medium-Small (50-199)","Unaware",5,1,0.060,159,"COLD"
"green-hub.com","Green Hub","Financial Services","Small ($1MM-$10MM)","Medium-Small (50-199)","Aware",10,3,0.170,214,"COLD"
"iron-inc.com","Iron Inc","Financial Services","Small ($1MM-$10MM)","Small (10-49)","Unaware",2,1,0.054,108,"COLD"
"blue-tech.com","Blue Tech","Software / Information Technology","Large ($100MM-$200MM)","Medium-Large (500-999)","MQL",34,15,0.618,188,"HOT"
"swift-systems.com","Swift Systems","Automotive","Medium-Small ($10MM-$50MM)","Medium (200-499)","Engaged",75,7,0.450,397,"WARM"
"clear-labs.com","Clear Labs","E-Learning","Medium-Small ($10MM-$50MM)","Medium-Small (50-199)","Unaware",5,1,0.060,243,"COLD"
"bright-corp.com","Bright Corp","Construction","Small ($1MM-$10MM)","Medium-Small (50-199)","Unaware",2,1,0.054,228,"COLD"
"bright-media.com","Bright Media","Manufacturing","Medium-Small ($10MM-$50MM)","Medium (200-499)","Engaged",103,17,0.506,408,"HOT"
"iron-cloud.com","Iron Cloud","Hospital & Health Care","Medium-Large ($50MM-$100MM)","Medium (200-499)","MQL",226,23,0.750,523,"HOT"
"rapid-labs.com","Rapid Labs","Legal Services","Medium-Small ($10MM-$50MM)","Medium-Small (50-199)","Engaged",68,11,0.436,359,"WARM"
"apex-labs.com","Apex Labs","Software / Information Technology","Small ($1MM-$10MM)","Medium-Small (50-199)","Unaware",4,1,0.158,62,"COLD"
"apex-net.com","Apex Net","Marketing and Advertising","Micro ($0-$1MM)","Micro (1-9)","MQL",60,13,0.570,219,"HOT"
"green-works.com","Green Works","Retail","Micro ($0-$1MM)","Micro (1-9)","Aware",6,6,0.262,228,"COLD"
"bright-labs.com","Bright Labs","Hospital & Health Care","Small ($1MM-$10MM)","Medium-Small (50-199)","MQL",62,17,0.574,238,"HOT"
"cyber-net.com","Cyber Net","Insurance","Micro ($0-$1MM)","Micro (1-9)","Unaware",3,1,0.056,100,"COLD"
"global-solutions.com","Global Solutions","Software / Information Technology","Micro ($0-$1MM)","Micro (1-9)","Aware",5,3,0.260,74,"COLD"
"global-digital.com","Global Digital","Manufacturing","XXLarge ($1B+)","XXLarge (10,000+)","Aware",5,5,0.160,691,"COLD"
"acme-tech.com","Acme Tech","Software / Information Technology","Medium-Small ($10MM-$50MM)","Medium-Small (50-199)","Engaged",61,13,0.522,188,"WARM"
"nova-inc.com","Nova Inc","Software / Information Technology","Small ($1MM-$10MM)","Small (10-49)","Unaware",4,1,0.158,195,"COLD"
"blue-hub.com","Blue Hub","Financial Services","Medium-Large ($50MM-$100MM)","Medium (200-499)","Opportunity",261,36,0.750,589,"HOT"
"iron-tech.com","Iron Tech","Marketing and Advertising","Medium-Small ($10MM-$50MM)","Medium (200-499)","Aware",14,3,0.178,173,"COLD"
"green-systems.com","Green Systems","Logistics and Supply Chain","Medium-Small ($10MM-$50MM)","Medium (200-499)","Unaware",1,1,0.052,212,"COLD"
"clear-solutions.com","Clear Solutions","Automotive","Medium-Small ($10MM-$50MM)","Medium-Small (50-199)","Unaware",4,1,0.058,64,"COLD"
"core-cloud.com","Core Cloud","Legal Services","Medium-Small ($10MM-$50MM)","Medium-Small (50-199)","Aware",6,3,0.162,92,"COLD"
"bright-works.com","Bright Works","Food & Beverages","XLarge ($200MM-$1B)","XLarge (5,000-10,000)","Aware",8,4,0.166,632,"COLD"
"bright-data.com","Bright Data","Education Management","Micro ($0-$1MM)","Micro (1-9)","Unaware",2,1,0.054,128,"COLD"
"bright-cloud.com","Bright Cloud","Retail","Large ($100MM-$200MM)","Medium-Large (500-999)","Engaged",90,10,0.580,295,"WARM"
"nova-net.com","Nova Net","Software / Information Technology","Small ($1MM-$10MM)","Small (10-49)","Aware",9,1,0.268,173,"COLD"
"blue-systems.com","Blue Systems","Software / Information Technology","Medium-Small ($10MM-$50MM)","Medium-Small (50-199)","Unaware",1,1,0.152,138,"COLD"
"vertex-inc.com","Vertex Inc","Health, Wellness and Fitness","XLarge ($200MM-$1B)","XLarge (5,000-10,000)","Engaged",15,4,0.330,763,"WARM"
"iron-inc.com","Iron Inc","Construction","Micro ($0-$1MM)","Micro (1-9)","Unaware",4,1,0.058,112,"COLD"
"acme-net.com","Acme Net","Insurance","Medium-Large ($50MM-$100MM)","Medium-Large (500-999)","Unaware",2,1,0.054,167,"COLD"
"smart-group.com","Smart Group","Manufacturing","Large ($100MM-$200MM)","Large (1,000-4,999)","Unaware",5,1,0.060,81,"COLD"
"apex-data.com","Apex Data","Management Consulting","Micro ($0-$1MM)","Micro (1-9)","Opportunity",123,22,0.696,409,"HOT"
"rapid-inc.com","Rapid Inc","Hospital & Health Care","Micro ($0-$1MM)","Micro (1-9)","Aware",7,2,0.164,139,"COLD"
"peak-digital.com","Peak Digital","Manufacturing","XLarge ($200MM-$1B)","XLarge (5,000-10,000)","Aware",3,1,0.156,620,"COLD"
"blue-media.com","Blue Media","Retail","Micro ($0-$1MM)","Micro (1-9)","MQL",175,23,0.850,403,"HOT"
"core-cloud.com","Core Cloud","Consumer Goods","Medium-Small ($10MM-$50MM)","Medium-Small (50-199)","Engaged",89,13,0.478,258,"WARM"
"stellar-cloud.com","Stellar Cloud","Legal Services","Medium-Large ($50MM-$100MM)","Medium-Large (500-999)","Engaged",37,14,0.374,137,"WARM"
"core-io.com","Core Io","Retail","Micro ($0-$1MM)","Micro (1-9)","Unaware",2,1,0.154,175,"COLD"
"cyber-cloud.com","Cyber Cloud","Retail","Medium-Small ($10MM-$50MM)","Medium (200-499)","Unaware",2,1,0.154,55,"COLD"
"bright-corp.com","Bright Corp","E-Learning","Medium-Small ($10MM-$50MM)","Medium (200-499)","Aware",14,5,0.178,252,"COLD"
"core-cloud.com","Core Cloud","Consumer Goods","Medium-Small ($10MM-$50MM)","Medium (200-499)","Engaged",47,16,0.394,174,"WARM"
"cyber-solutions.com","Cyber Solutions","Construction","Medium-Small ($10MM-$50MM)","Medium-Small (50-199)","Engaged",74,9,0.448,335,"WARM"
"vertex-io.com","Vertex Io","Software / Information Technology","Medium-Large ($50MM-$100MM)","Medium-Large (500-999)","Aware",21,5,0.292,202,"COLD"
"cyber-corp.com","Cyber Corp","Automotive","Micro ($0-$1MM)","Micro (1-9)","Aware",8,3,0.166,159,"COLD"
"green-systems.com","Green Systems","Management Consulting","Medium-Large ($50MM-$100MM)","Medium-Large (500-999)","Unaware",2,1,0.054,214,"COLD"
"peak-inc.com","Peak Inc","Marketing and Advertising","Micro ($0-$1MM)","Small (10-49)","Engaged",104,10,0.508,304,"HOT"
"core-group.com","Core Group","Health, Wellness and Fitness","Medium-Small ($10MM-$50MM)","Medium (200-499)","Unaware",5,1,0.060,126,"COLD"
"bright-works.com","Bright Works","Logistics and Supply Chain","Medium-Small ($10MM-$50MM)","Medium-Small (50-199)","Aware",14,1,0.178,144,"COLD"
"vertex-systems.com","Vertex Systems","E-Learning","XXLarge ($1B+)","XXLarge (10,000+)","Aware",9,5,0.168,732,"COLD"
"bright-works.com","Bright Works","Education Management","Medium-Small ($10MM-$50MM)","Medium (200-499)","Engaged",78,8,0.456,272,"WARM"
"nexus-cloud.com","Nexus Cloud","Telecommunications","Medium-Large ($50MM-$100MM)","Medium (200-499)","Unaware",5,1,0.060,255,"COLD"
"rapid-group.com","Rapid Group","Logistics and Supply Chain","Large ($100MM-$200MM)","Large (1,000-4,999)","Engaged",75,7,0.450,373,"WARM"
"swift-systems.com","Swift Systems","E-Learning","Large ($100MM-$200MM)","Large (1,000-4,999)","Engaged",56,12,0.412,359,"WARM"
"nova-corp.com","Nova Corp","Financial Services","Micro ($0-$1MM)","Small (10-49)","Aware",15,1,0.180,174,"COLD"
"nova-systems.com","Nova Systems","Food & Beverages","Small ($1MM-$10MM)","Small (10-49)","Unaware",1,1,0.052,131,"COLD"
"nova-solutions.com","Nova Solutions","Software / Information Technology","Large ($100MM-$200MM)","Large (1,000-4,999)","Unaware",4,1,0.158,132,"COLD"
"apex-systems.com","Apex Systems","Financial Services","Small ($1MM-$10MM)","Small (10-49)","Engaged",31,12,0.362,276,"WARM"
"global-io.com","Global Io","Entertainment","Small ($1MM-$10MM)","Medium-Small (50-199)","Opportunity",157,33,0.750,371,"HOT"
"peak-labs.com","Peak Labs","Hospital & Health Care","Medium-Large ($50MM-$100MM)","Medium-Large (500-999)","Aware",14,4,0.178,254,"COLD"
"stellar-cloud.com","Stellar Cloud","Marketing and Advertising","Medium-Small ($10MM-$50MM)","Medium-Small (50-199)","Aware",15,3,0.180,93,"COLD"
"peak-group.com","Peak Group","Logistics and Supply Chain","Medium-Large ($50MM-$100MM)","Medium-Large (500-999)","Aware",16,1,0.182,158,"COLD"
"peak-media.com","Peak Media","Automotive","Large ($100MM-$200MM)","Large (1,000-4,999)","Unaware",3,1,0.056,56,"COLD"
"cyber-digital.com","Cyber Digital","Education Management","Medium-Large ($50MM-$100MM)","Medium (200-499)","Unaware",2,1,0.054,227,"COLD"
"peak-cloud.com","Peak Cloud","Hospital & Health Care","Medium-Small ($10MM-$50MM)","Medium (200-499)","Engaged",62,17,0.424,195,"WARM"
"swift-cloud.com","Swift Cloud","Software / Information Technology","Medium-Small ($10MM-$50MM)","Medium (200-499)","Engaged",85,7,0.570,416,"WARM"
"smart-hub.com","Smart Hub","Financial Services","Medium-Small ($10MM-$50MM)","Medium-Small (50-199)","Unaware",5,1,0.060,130,"COLD"
"rapid-solutions.com","Rapid Solutions","Retail","Micro ($0-$1MM)","Small (10-49)","Unaware",5,1,0.160,226,"COLD"
"blue-digital.com","Blue Digital","Legal Services","Micro ($0-$1MM)","Micro (1-9)","Opportunity",475,11,0.750,1188,"HOT"
"smart-group.com","Smart Group","E-Learning","Large ($100MM-$200MM)","Medium-Large (500-999)","Unaware",3,1,0.056,77,"COLD"
"smart-systems.com","Smart Systems","Logistics and Supply Chain","Micro ($0-$1MM)","Micro (1-9)","Aware",7,4,0.164,132,"COLD"
"cyber-systems.com","Cyber Systems","Marketing and Advertising","XXLarge ($1B+)","XXLarge (10,000+)","Aware",14,4,0.178,698,"COLD"
"core-net.com","Core Net","Manufacturing","Medium-Small ($10MM-$50MM)","Medium (200-499)","Unaware",3,1,0.056,92,"COLD"
"nova-digital.com","Nova Digital","Consumer Goods","Small ($1MM-$10MM)","Medium-Small (50-199)","MQL",80,29,0.610,280,"HOT"
"nexus-digital.com","Nexus Digital","Financial Services","Small ($1MM-$10MM)","Medium-Small (50-199)","Unaware",5,1,0.060,169,"COLD"
"acme-cloud.com","Acme Cloud","Software / Information Technology","Medium-Small ($10MM-$50MM)","Medium-Small (50-199)","Unaware",5,1,0.160,201,"COLD"
"acme-systems.com","Acme Systems","Entertainment","XXLarge ($1B+)","XXLarge (10,000+)","Unaware",5,1,0.060,696,"COLD"
"prime-systems.com","Prime Systems","Financial Services","Medium-Small ($10MM-$50MM)","Medium-Small (50-199)","Unaware",4,1,0.058,99,"COLD"
"rapid-solutions.com","Rapid Solutions","Logistics and Supply Chain","Micro ($0-$1MM)","Micro (1-9)","MQL",169,21,0.750,554,"HOT"
"iron-media.com","Iron Media","Consumer Goods","Micro ($0-$1MM)","Micro (1-9)","Engaged",102,4,0.504,367,"HOT"
"iron-cloud.com","Iron Cloud","Software / Information Technology","Large ($100MM-$200MM)","Large (1,000-4,999)","Aware",20,4,0.290,111,"COLD"
"green-digital.com","Green Digital","Software / Information Technology","XLarge ($200MM-$1B)","Large (1,000-4,999)","Unaware",5,1,0.160,623,"COLD"
"smart-group.com","Smart Group","Insurance","Small ($1MM-$10MM)","Small (10-49)","Unaware",1,1,0.052,73,"COLD"
"cyber-cloud.com","Cyber Cloud","Marketing and Advertising","Micro ($0-$1MM)","Micro (1-9)","Engaged",21,5,0.342,93,"WARM"
"apex-group.com","Apex Group","Hospital & Health Care","Medium-Large ($50MM-$100MM)","Medium-Large (500-999)","Unaware",1,1,0.052,101,"COLD"
"acme-media.com","Acme Media","Financial Services","Micro ($0-$1MM)","Micro (1-9)","Unaware",3,1,0.056,127,"COLD"
"peak-cloud.com","Peak Cloud","Consumer Goods","Micro ($0-$1MM)","Micro (1-9)","MQL",204,30,0.750,479,"HOT"
"rapid-inc.com","Rapid Inc","Retail","Medium-Large ($50MM-$100MM)","Medium-Large (500-999)","Unaware",1,1,0.152,127,"COLD"
"nova-works.com","Nova Works","Education Management","Small ($1MM-$10MM)","Small (10-49)","Unaware",4,1,0.058,233,"COLD"
"acme-media.com","Acme Media","Manufacturing","Medium-Small ($10MM-$50MM)","Medium-Small (50-199)","Unaware",3,1,0.056,127,"COLD"
"nexus-digital.com","Nexus Digital","Marketing and Advertising","Medium-Large ($50MM-$100MM)","Medium (200-499)","Engaged",44,5,0.388,247,"WARM"
"clear-group.com","Clear Group","Health, Wellness and Fitness","Micro ($0-$1MM)","Micro (1-9)","Unaware",3,1,0.056,174,"COLD"
"smart-inc.com","Smart Inc","Financial Services","Medium-Small ($10MM-$50MM)","Medium (200-499)","Aware",4,2,0.158,148,"COLD"
"nova-tech.com","Nova Tech","E-Learning","Medium-Small ($10MM-$50MM)","Medium-Small (50-199)","Engaged",90,16,0.480,378,"WARM"
"vertex-hub.com","Vertex Hub","Software / Information Technology","Large ($100MM-$200MM)","Medium-Large (500-999)","Unaware",2,1,0.154,124,"COLD"
"iron-media.com","Iron Media","Entertainment","XLarge ($200MM-$1B)","XLarge (5,000-10,000)","Unaware",4,1,0.058,671,"COLD"
"global-inc.com","Global Inc","Marketing and Advertising","Medium-Small ($10MM-$50MM)","Medium-Small (50-199)","Unaware",5,1,0.060,153,"COLD"
"smart-inc.com","Smart Inc","Consumer Goods","Medium-Large ($50MM-$100MM)","Medium-Large (500-999)","Unaware",4,1,0.058,148,"COLD"
"prime-tech.com","Prime Tech","Health, Wellness and Fitness","Medium-Large ($50MM-$100MM)","Medium (200-499)","Opportunity",402,28,0.750,871,"HOT"
"iron-systems.com","Iron Systems","Telecommunications","Large ($100MM-$200MM)","Medium-Large (500-999)","Unaware",2,1,0.054,176,"COLD"
"bright-group.com","Bright Group","Real Estate","Micro ($0-$1MM)","Small (10-49)","MQL",151,9,0.750,541,"HOT"
"clear-tech.com","Clear Tech","Real Estate","XXLarge ($1B+)","XXLarge (10,000+)","Aware",5,3,0.160,663,"COLD"
"peak-inc.com","Peak Inc","Telecommunications","Medium-Large ($50MM-$100MM)","Medium (200-499)","Unaware",1,1,0.052,98,"COLD"
"stellar-digital.com","Stellar Digital","Entertainment","Medium-Small ($10MM-$50MM)","Medium (200-499)","Engaged",47,6,0.394,201,"WARM"
"bright-net.com","Bright Net","Software / Information Technology","Medium-Small ($10MM-$50MM)","Medium-Small (50-199)","Aware",17,2,0.284,88,"COLD"
"rapid-corp.com","Rapid Corp","Legal Services","Large ($100MM-$200MM)","Medium-Large (500-999)","Aware",19,2,0.188,255,"COLD"
"prime-solutions.com","Prime Solutions","Marketing and Advertising","Large ($100MM-$200MM)","Medium-Large (500-999)","Engaged",75,17,0.450,376,"WARM"
"clear-corp.com","Clear Corp","Consumer Goods","Micro ($0-$1MM)","Micro (1-9)","Opportunity",498,43,0.750,1241,"HOT"
"apex-corp.com","Apex Corp","Consumer Goods","Small ($1MM-$10MM)","Small (10-49)","Unaware",3,1,0.056,82,"COLD"
"stellar-works.com","Stellar Works","Consumer Goods","Medium-Small ($10MM-$50MM)","Medium (200-499)","Unaware",1,1,0.052,73,"COLD"
"peak-hub.com","Peak Hub","Logistics and Supply Chain","Medium-Small ($10MM-$50MM)","Medium-Small (50-199)","Engaged",88,4,0.476,395,"WARM"
"acme-net.com","Acme Net","Manufacturing","Large ($100MM-$200MM)","Medium-Large (500-999)","Engaged",103,6,0.506,369,"HOT"
"acme-group.com","Acme Group","Automotive","Medium-Small ($10MM-$50MM)","Medium (200-499)","Unaware",4,1,0.058,161,"COLD"
"blue-group.com","Blue Group","Retail","XXLarge ($1B+)","XXLarge (10,000+)","Engaged",63,15,0.526,735,"WARM"
"cyber-inc.com","Cyber Inc","Automotive","Micro ($0-$1MM)","Micro (1-9)","Engaged",18,11,0.336,213,"WARM"
"clear-inc.com","Clear Inc","Health, Wellness and Fitness","Micro ($0-$1MM)","Micro (1-9)","Aware",19,2,0.188,275,"COLD"
"cyber-hub.com","Cyber Hub","Automotive","Large ($100MM-$200MM)","Large (1,000-4,999)","Unaware",1,1,0.052,101,"COLD"
"swift-solutions.com","Swift Solutions","Manufacturing","Micro ($0-$1MM)","Small (10-49)","Aware",5,6,0.160,153,"COLD"
"blue-hub.com","Blue Hub","Marketing and Advertising","Small ($1MM-$10MM)","Small (10-49)","Unaware",5,1,0.060,77,"COLD"
"atlas-cloud.com","Atlas Cloud","Retail","Large ($100MM-$200MM)","Medium-Large (500-999)","Unaware",2,1,0.154,198,"COLD"
"iron-solutions.com","Iron Solutions","Entertainment","XLarge ($200MM-$1B)","Large (1,000-4,999)","Aware",22,3,0.194,792,"COLD"
"rapid-io.com","Rapid Io","Software / Information Technology","Large ($100MM-$200MM)","Large (1,000-4,999)","Aware",17,3,0.284,154,"COLD"
"clear-solutions.com","Clear Solutions","Software / Information Technology","Large ($100MM-$200MM)","Large (1,000-4,999)","MQL",92,14,0.734,240,"HOT"
"stellar-digital.com","Stellar Digital","Software / Information Technology","Large ($100MM-$200MM)","Large (1,000-4,999)","Engaged",27,13,0.454,161,"WARM"
"vertex-corp.com","Vertex Corp","Marketing and Advertising","Micro ($0-$1MM)","Micro (1-9)","Engaged",98,3,0.496,328,"WARM"
"apex-hub.com","Apex Hub","Hospital & Health Care","Medium-Small ($10MM-$50MM)","Medium-Small (50-199)","Aware",8,2,0.166,102,"COLD"
"clear-hub.com","Clear Hub","Manufacturing","Small ($1MM-$10MM)","Small (10-49)","Engaged",31,13,0.362,170,"WARM"
"clear-corp.com","Clear Corp","Entertainment","Small ($1MM-$10MM)","Small (10-49)","Unaware",5,1,0.060,255,"COLD"
"nova-inc.com","Nova Inc","Financial Services","Micro ($0-$1MM)","Small (10-49)","Unaware",3,1,0.056,193,"COLD"
"rapid-corp.com","Rapid Corp","Marketing and Advertising","XLarge ($200MM-$1B)","XLarge (5,000-10,000)","Engaged",95,17,0.490,907,"WARM"
"cyber-labs.com","Cyber Labs","Manufacturing","Micro ($0-$1MM)","Micro (1-9)","Opportunity",280,46,0.750,659,"HOT"
"atlas-works.com","Atlas Works","Education Management","Micro ($0-$1MM)","Small (10-49)","Unaware",2,1,0.054,246,"COLD"
"stellar-tech.com","Stellar Tech","Logistics and Supply Chain","Medium-Small ($10MM-$50MM)","Medium (200-499)","Opportunity",283,36,0.750,622,"HOT"
"stellar-cloud.com","Stellar Cloud","Marketing and Advertising","Small ($1MM-$10MM)","Medium-Small (50-199)","Aware",14,3,0.178,91,"COLD"
"nova-solutions.com","Nova Solutions","Health, Wellness and Fitness","Medium-Large ($50MM-$100MM)","Medium-Large (500-999)","Unaware",1,1,0.052,126,"COLD"
"clear-data.com","Clear Data","Marketing and Advertising","Small ($1MM-$10MM)","Medium-Small (50-199)","Engaged",98,3,0.496,251,"WARM"
"rapid-systems.com","Rapid Systems","Software / Information Technology","XLarge ($200MM-$1B)","XLarge (5,000-10,000)","Aware",10,3,0.270,611,"COLD"
"green-cloud.com","Green Cloud","Marketing and Advertising","XLarge ($200MM-$1B)","Large (1,000-4,999)","Engaged",73,13,0.446,825,"WARM"
"rapid-data.com","Rapid Data","Consumer Goods","Large ($100MM-$200MM)","Medium-Large (500-999)","Unaware",4,1,0.058,196,"COLD"
"atlas-digital.com","Atlas Digital","Logistics and Supply Chain","Small ($1MM-$10MM)","Small (10-49)","Opportunity",104,33,0.658,384,"HOT"
"prime-data.com","Prime Data","Software / Information Technology","Small ($1MM-$10MM)","Small (10-49)","Unaware",1,1,0.152,251,"COLD"
"global-cloud.com","Global Cloud","E-Learning","Micro ($0-$1MM)","Micro (1-9)","Unaware",1,1,0.052,93,"COLD"
"smart-data.com","Smart Data","Software / Information Technology","Medium-Large ($50MM-$100MM)","Medium (200-499)","Opportunity",79,46,0.708,374,"HOT"
"clear-digital.com","Clear Digital","Software / Information Technology","Large ($100MM-$200MM)","Medium-Large (500-999)","Unaware",3,1,0.156,58,"COLD"
"swift-hub.com","Swift Hub","Software / Information Technology","Medium-Small ($10MM-$50MM)","Medium (200-499)","Unaware",4,1,0.158,203,"COLD"
"rapid-solutions.com","Rapid Solutions","Insurance","XLarge ($200MM-$1B)","Large (1,000-4,999)","MQL",108,23,0.666,932,"HOT"
"atlas-labs.com","Atlas Labs","Retail","Small ($1MM-$10MM)","Small (10-49)","Aware",19,5,0.288,214,"COLD"
"nexus-digital.com","Nexus Digital","Logistics and Supply Chain","Medium-Large ($50MM-$100MM)","Medium-Large (500-999)","Engaged",104,13,0.508,367,"HOT"
"clear-inc.com","Clear Inc","Education Management","Micro ($0-$1MM)","Micro (1-9)","Unaware",4,1,0.058,245,"COLD"
"clear-group.com","Clear Group","Management Consulting","Small ($1MM-$10MM)","Medium-Small (50-199)","Aware",3,4,0.156,174,"COLD"
"green-hub.com","Green Hub","Legal Services","Micro ($0-$1MM)","Micro (1-9)","Unaware",5,1,0.060,204,"COLD"
"vertex-cloud.com","Vertex Cloud","Retail","Small ($1MM-$10MM)","Small (10-49)","Unaware",3,1,0.156,101,"COLD"
"cyber-labs.com","Cyber Labs","Automotive","Micro ($0-$1MM)","Micro (1-9)","Aware",9,5,0.168,117,"COLD"
"global-works.com","Global Works","Insurance","Medium-Small ($10MM-$50MM)","Medium (200-499)","Engaged",75,4,0.450,273,"WARM"
"smart-net.com","Smart Net","Marketing and Advertising","Medium-Small ($10MM-$50MM)","Medium (200-499)","Engaged",26,15,0.352,112,"WARM"
"blue-media.com","Blue Media","Marketing and Advertising","Medium-Small ($10MM-$50MM)","Medium (200-499)","Unaware",2,1,0.054,57,"COLD"
"global-hub.com","Global Hub","Manufacturing","Small ($1MM-$10MM)","Medium-Small (50-199)","Unaware",5,1,0.060,117,"COLD"
"core-cloud.com","Core Cloud","Real Estate","Large ($100MM-$200MM)","Large (1,000-4,999)","Unaware",3,1,0.056,86,"COLD"
"rapid-media.com","Rapid Media","E-Learning","Large ($100MM-$200MM)","Large (1,000-4,999)","Unaware",5,1,0.060,74,"COLD"
"rapid-solutions.com","Rapid Solutions","Health, Wellness and Fitness","Small ($1MM-$10MM)","Small (10-49)","Unaware",1,1,0.052,218,"COLD"
"stellar-tech.com","Stellar Tech","Manufacturing","Medium-Large ($50MM-$100MM)","Medium-Large (500-999)","Aware",16,4,0.182,88,"COLD"
"acme-hub.com","Acme Hub","Software / Information Technology","Small ($1MM-$10MM)","Medium-Small (50-199)","Engaged",107,3,0.614,360,"HOT"
"green-net.com","Green Net","Marketing and Advertising","Medium-Large ($50MM-$100MM)","Medium-Large (500-999)","Aware",3,2,0.156,161,"COLD"
"acme-cloud.com","Acme Cloud","Logistics and Supply Chain","Small ($1MM-$10MM)","Small (10-49)","Engaged",76,8,0.452,343,"WARM"
"stellar-systems.com","Stellar Systems","Management Consulting","Large ($100MM-$200MM)","Medium-Large (500-999)","MQL",41,8,0.532,235,"HOT"
"vertex-hub.com","Vertex Hub","Hospital & Health Care","Micro ($0-$1MM)","Small (10-49)","Unaware",1,1,0.052,122,"COLD"
"iron-cloud.com","Iron Cloud","Software / Information Technology","Medium-Small ($10MM-$50MM)","Medium (200-499)","Aware",3,6,0.256,77,"COLD"
"rapid-systems.com","Rapid Systems","Telecommunications","Small ($1MM-$10MM)","Small (10-49)","Aware",12,1,0.174,115,"COLD"
"core-group.com","Core Group","Education Management","Medium-Large ($50MM-$100MM)","Medium-Large (500-999)","Unaware",2,1,0.054,120,"COLD"
"bright-tech.com","Bright Tech","Software / Information Technology","Small ($1MM-$10MM)","Medium-Small (50-199)","Unaware",2,1,0.154,179,"COLD"
"clear-digital.com","Clear Digital","Software / Information Technology","XLarge ($200MM-$1B)","XLarge (5,000-10,000)","Unaware",3,1,0.156,558,"COLD"
"apex-systems.com","Apex Systems","Software / Information Technology","Large ($100MM-$200MM)","Large (1,000-4,999)","Unaware",1,1,0.152,216,"COLD"
"global-group.com","Global Group","E-Learning","Small ($1MM-$10MM)","Small (10-49)","Unaware",3,1,0.056,167,"COLD"
"stellar-works.com","Stellar Works","Legal Services","Small ($1MM-$10MM)","Small (10-49)","Engaged",106,18,0.512,283,"HOT"
"green-media.com","Green Media","Telecommunications","Medium-Small ($10MM-$50MM)","Medium (200-499)","Unaware",4,1,0.058,160,"COLD"
"core-solutions.com","Core Solutions","Software / Information Technology","Small ($1MM-$10MM)","Small (10-49)","Opportunity",383,20,0.850,960,"HOT"
"iron-labs.com","Iron Labs","Marketing and Advertising","Small ($1MM-$10MM)","Small (10-49)","MQL",42,8,0.534,311,"HOT"
"blue-tech.com","Blue Tech","Retail","Small ($1MM-$10MM)","Medium-Small (50-199)","Engaged",68,14,0.536,256,"WARM"
"blue-solutions.com","Blue Solutions","Hospital & Health Care","XXLarge ($1B+)","XXLarge (10,000+)","Unaware",4,1,0.058,723,"COLD"
"cyber-hub.com","Cyber Hub","Manufacturing","Medium-Large ($50MM-$100MM)","Medium (200-499)","Unaware",2,1,0.054,103,"COLD"
"green-corp.com","Green Corp","Marketing and Advertising","Small ($1MM-$10MM)","Medium-Small (50-199)","MQL",133,6,0.716,407,"HOT"
"global-digital.com","Global Digital","E-Learning","Micro ($0-$1MM)","Micro (1-9)","Aware",6,5,0.162,193,"COLD"
"iron-hub.com","Iron Hub","Retail","Small ($1MM-$10MM)","Small (10-49)","Aware",15,2,0.280,163,"COLD"
"stellar-works.com","Stellar Works","Insurance","Micro ($0-$1MM)","Micro (1-9)","Unaware",5,1,0.060,81,"COLD"
"nexus-inc.com","Nexus Inc","Consumer Goods","Large ($100MM-$200MM)","Medium-Large (500-999)","Engaged",56,5,0.412,302,"WARM"
"bright-io.com","Bright Io","Financial Services","Large ($100MM-$200MM)","Medium-Large (500-999)","Aware",13,5,0.176,238,"COLD"
"bright-cloud.com","Bright Cloud","E-Learning","XLarge ($200MM-$1B)","XLarge (5,000-10,000)","Engaged",73,10,0.446,761,"WARM"
"global-systems.com","Global Systems","Construction","Large ($100MM-$200MM)","Large (1,000-4,999)","Unaware",4,1,0.058,235,"COLD"
"cyber-labs.com","Cyber Labs","Financial Services","Micro ($0-$1MM)","Small (10-49)","Unaware",3,1,0.056,105,"COLD"
"apex-hub.com","Apex Hub","Automotive","Small ($1MM-$10MM)","Small (10-49)","Unaware",1,1,0.052,88,"COLD"
"nova-io.com","Nova Io","Management Consulting","Micro ($0-$1MM)","Micro (1-9)","Unaware",4,1,0.058,81,"COLD"
"cyber-group.com","Cyber Group","Retail","Micro ($0-$1MM)","Small (10-49)","Engaged",80,11,0.560,221,"WARM"
"apex-corp.com","Apex Corp","Automotive","Medium-Small ($10MM-$50MM)","Medium-Small (50-199)","Engaged",98,11,0.496,272,"WARM"
"apex-media.com","Apex Media","Logistics and Supply Chain","XLarge ($200MM-$1B)","XLarge (5,000-10,000)","Engaged",96,13,0.492,866,"WARM"
"nexus-labs.com","Nexus Labs","Food & Beverages","Small ($1MM-$10MM)","Medium-Small (50-199)","Unaware",4,1,0.058,158,"COLD"
"nova-labs.com","Nova Labs","Logistics and Supply Chain","XXLarge ($1B+)","XXLarge (10,000+)","Unaware",3,1,0.056,613,"COLD"
"green-cloud.com","Green Cloud","Marketing and Advertising","Large ($100MM-$200MM)","Medium-Large (500-999)","Aware",21,1,0.192,221,"COLD"
"core-cloud.com","Core Cloud","Financial Services","Medium-Small ($10MM-$50MM)","Medium (200-499)","Opportunity",283,38,0.750,646,"HOT"
"stellar-net.com","Stellar Net","E-Learning","Micro ($0-$1MM)","Micro (1-9)","Unaware",4,1,0.058,87,"COLD"
"nova-works.com","Nova Works","Manufacturing","Small ($1MM-$10MM)","Small (10-49)","Aware",16,3,0.182,257,"COLD"
"vertex-labs.com","Vertex Labs","E-Learning","Micro ($0-$1MM)","Small (10-49)","Engaged",96,6,0.492,400,"WARM"
"apex-hub.com","Apex Hub","Food & Beverages","Small ($1MM-$10MM)","Medium-Small (50-199)","MQL",50,6,0.550,186,"HOT"
"swift-cloud.com","Swift Cloud","E-Learning","Medium-Large ($50MM-$100MM)","Medium (200-499)","Engaged",74,4,0.448,394,"WARM"
"swift-systems.com","Swift Systems","Software / Information Technology","Small ($1MM-$10MM)","Medium-Small (50-199)","Unaware",2,1,0.154,251,"COLD"
"nova-inc.com","Nova Inc","Marketing and Advertising","Medium-Large ($50MM-$100MM)","Medium-Large (500-999)","Unaware",2,1,0.054,191,"COLD"
"iron-cloud.com","Iron Cloud","Entertainment","Micro ($0-$1MM)","Micro (1-9)","Unaware",5,1,0.060,81,"COLD"
"swift-data.com","Swift Data","E-Learning","Micro ($0-$1MM)","Micro (1-9)","Aware",13,4,0.176,245,"COLD"
"atlas-net.com","Atlas Net","Health, Wellness and Fitness","Medium-Small ($10MM-$50MM)","Medium (200-499)","Engaged",100,3,0.500,352,"WARM"
"nexus-cloud.com","Nexus Cloud","Software / Information Technology","Micro ($0-$1MM)","Micro (1-9)","Engaged",12,11,0.424,269,"WARM"
"clear-solutions.com","Clear Solutions","Construction","Large ($100MM-$200MM)","Medium-Large (500-999)","Engaged",10,10,0.320,76,"WARM"
"nexus-solutions.com","Nexus Solutions","Retail","Micro ($0-$1MM)","Micro (1-9)","Aware",22,4,0.294,183,"COLD"
"green-tech.com","Green Tech","Financial Services","Medium-Small ($10MM-$50MM)","Medium (200-499)","Unaware",1,1,0.052,183,"COLD"
"atlas-hub.com","Atlas Hub","Real Estate","Small ($1MM-$10MM)","Small (10-49)","Unaware",3,1,0.056,146,"COLD"
"vertex-corp.com","Vertex Corp","E-Learning","Medium-Large ($50MM-$100MM)","Medium-Large (500-999)","Unaware",3,1,0.056,138,"COLD"
"smart-net.com","Smart Net","E-Learning","Medium-Small ($10MM-$50MM)","Medium (200-499)","Unaware",1,1,0.052,62,"COLD"
"swift-tech.com","Swift Tech","Entertainment","Micro ($0-$1MM)","Small (10-49)","Unaware",5,1,0.060,150,"COLD"
"rapid-solutions.com","Rapid Solutions","Retail","Micro ($0-$1MM)","Small (10-49)","Aware",12,2,0.274,240,"COLD"
"clear-solutions.com","Clear Solutions","Legal Services","Medium-Large ($50MM-$100MM)","Medium-Large (500-999)","Unaware",4,1,0.058,64,"COLD"
"clear-media.com","Clear Media","Retail","XLarge ($200MM-$1B)","Large (1,000-4,999)","Aware",21,5,0.292,619,"COLD"
"vertex-hub.com","Vertex Hub","Software / Information Technology","Medium-Small ($10MM-$50MM)","Medium (200-499)","Opportunity",308,39,0.850,736,"HOT"
"atlas-works.com","Atlas Works","Software / Information Technology","Micro ($0-$1MM)","Micro (1-9)","Unaware",1,1,0.152,244,"COLD"
"green-systems.com","Green Systems","Logistics and Supply Chain","Micro ($0-$1MM)","Micro (1-9)","Aware",12,5,0.174,234,"COLD"
"swift-media.com","Swift Media","Consumer Goods","XLarge ($200MM-$1B)","Large (1,000-4,999)","Aware",4,1,0.158,628,"COLD"
"stellar-net.com","Stellar Net","Insurance","Small ($1MM-$10MM)","Medium-Small (50-199)","Aware",11,1,0.172,101,"COLD"
"vertex-digital.com","Vertex Digital","Telecommunications","Large ($100MM-$200MM)","Medium-Large (500-999)","Aware",10,6,0.170,186,"COLD"
"core-corp.com","Core Corp","Manufacturing","XLarge ($200MM-$1B)","Large (1,000-4,999)","Engaged",94,15,0.488,924,"WARM"
"prime-inc.com","Prime Inc","Marketing and Advertising","Micro ($0-$1MM)","Micro (1-9)","Unaware",2,1,0.054,90,"COLD"
"rapid-solutions.com","Rapid Solutions","Consumer Goods","Medium-Large ($50MM-$100MM)","Medium (200-499)","Unaware",4,1,0.058,224,"COLD"
"apex-works.com","Apex Works","Insurance","Large ($100MM-$200MM)","Medium-Large (500-999)","Unaware",3,1,0.056,88,"COLD"
"bright-tech.com","Bright Tech","Software / Information Technology","Small ($1MM-$10MM)","Small (10-49)","Aware",20,5,0.290,215,"COLD"
"rapid-works.com","Rapid Works","Telecommunications","Medium-Large ($50MM-$100MM)","Medium-Large (500-999)","Unaware",5,1,0.060,152,"COLD"
"green-solutions.com","Green Solutions","Financial Services","Micro ($0-$1MM)","Micro (1-9)","Aware",22,5,0.194,289,"COLD"
"green-hub.com","Green Hub","Marketing and Advertising","Medium-Small ($10MM-$50MM)","Medium-Small (50-199)","Engaged",73,15,0.446,340,"WARM"
"blue-media.com","Blue Media","Marketing and Advertising","Medium-Small ($10MM-$50MM)","Medium (200-499)","Opportunity",118,40,0.686,289,"HOT"
"global-group.com","Global Group","Legal Services","Medium-Small ($10MM-$50MM)","Medium-Small (50-199)","Aware",15,4,0.180,191,"COLD"
"iron-solutions.com","Iron Solutions","Marketing and Advertising","Small ($1MM-$10MM)","Small (10-49)","Unaware",2,1,0.054,252,"COLD"
"peak-works.com","Peak Works","Software / Information Technology","Medium-Small ($10MM-$50MM)","Medium-Small (50-199)","Aware",3,3,0.256,132,"COLD"
"atlas-corp.com","Atlas Corp","Manufacturing","XLarge ($200MM-$1B)","XLarge (5,000-10,000)","Unaware",3,1,0.056,702,"COLD"
"acme-group.com","Acme Group","E-Learning","Medium-Small ($10MM-$50MM)","Medium (200-499)","Aware",3,2,0.156,159,"COLD"
"stellar-works.com","Stellar Works","Software / Information Technology","Medium-Large ($50MM-$100MM)","Medium (200-499)","Unaware",4,1,0.158,79,"COLD"
"swift-data.com","Swift Data","Consumer Goods","Small ($1MM-$10MM)","Medium-Small (50-199)","Unaware",3,1,0.056,225,"COLD"
"iron-net.com","Iron Net","E-Learning","Medium-Small ($10MM-$50MM)","Medium (200-499)","Engaged",45,15,0.390,246,"WARM"
"blue-solutions.com","Blue Solutions","Financial Services","Medium-Large ($50MM-$100MM)","Medium (200-499)","Unaware",1,1,0.052,217,"COLD"
"rapid-inc.com","Rapid Inc","Food & Beverages","Small ($1MM-$10MM)","Medium-Small (50-199)","Aware",14,5,0.178,153,"COLD"
"rapid-corp.com","Rapid Corp","Logistics and Supply Chain","Small ($1MM-$10MM)","Small (10-49)","Engaged",100,18,0.500,417,"WARM"
"blue-solutions.com","Blue Solutions","Software / Information Technology","Medium-Large ($50MM-$100MM)","Medium-Large (500-999)","Opportunity",333,19,0.850,881,"HOT"
"blue-io.com","Blue Io","Retail","Micro ($0-$1MM)","Micro (1-9)","Aware",20,6,0.290,115,"COLD"
"prime-hub.com","Prime Hub","Legal Services","Small ($1MM-$10MM)","Small (10-49)","Unaware",4,1,0.058,219,"COLD"
"rapid-systems.com","Rapid Systems","Software / Information Technology","Medium-Small ($10MM-$50MM)","Medium (200-499)","Engaged",104,14,0.608,299,"HOT"
"green-net.com","Green Net","Marketing and Advertising","Medium-Small ($10MM-$50MM)","Medium (200-499)","Opportunity",71,44,0.592,297,"HOT"
"core-tech.com","Core Tech","Automotive","XXLarge ($1B+)","XXLarge (10,000+)","Engaged",16,12,0.332,617,"WARM"
"cyber-digital.com","Cyber Digital","Insurance","Medium-Large ($50MM-$100MM)","Medium-Large (500-999)","Engaged",59,6,0.418,341,"WARM"
"clear-cloud.com","Clear Cloud","Telecommunications","XXLarge ($1B+)","XXLarge (10,000+)","MQL",180,26,0.750,1004,"HOT"
"rapid-systems.com","Rapid Systems","Entertainment","XLarge ($200MM-$1B)","XLarge (5,000-10,000)","Aware",11,1,0.172,613,"COLD"
"core-corp.com","Core Corp","Software / Information Technology","Medium-Small ($10MM-$50MM)","Medium (200-499)","Aware",19,4,0.288,274,"COLD"
"nexus-cloud.com","Nexus Cloud","Legal Services","Medium-Large ($50MM-$100MM)","Medium (200-499)","Unaware",2,1,0.054,249,"COLD"
"iron-works.com","Iron Works","Food & Beverages","Large ($100MM-$200MM)","Large (1,000-4,999)","Aware",13,1,0.176,108,"COLD"
"clear-hub.com","Clear Hub","Marketing and Advertising","Small ($1MM-$10MM)","Small (10-49)","Engaged",52,15,0.404,212,"WARM"
"atlas-tech.com","Atlas Tech","Marketing and Advertising","XLarge ($200MM-$1B)","Large (1,000-4,999)","MQL",46,5,0.542,646,"HOT"
"acme-solutions.com","Acme Solutions","E-Learning","Small ($1MM-$10MM)","Small (10-49)","Aware",21,4,0.192,109,"COLD"
"atlas-group.com","Atlas Group","Consumer Goods","XXLarge ($1B+)","XXLarge (10,000+)","MQL",145,27,0.740,873,"HOT"
"peak-group.com","Peak Group","Manufacturing","Medium-Large ($50MM-$100MM)","Medium (200-499)","Unaware",2,1,0.054,130,"COLD"
"nova-works.com","Nova Works","Marketing and Advertising","Micro ($0-$1MM)","Micro (1-9)","Unaware",4,1,0.058,233,"COLD"
"stellar-group.com","Stellar Group","Real Estate","Micro ($0-$1MM)","Small (10-49)","Unaware",4,1,0.058,162,"COLD"
"apex-data.com","Apex Data","Retail","Medium-Large ($50MM-$100MM)","Medium-Large (500-999)","Aware",8,2,0.266,179,"COLD"
"cyber-group.com","Cyber Group","Financial Services","Small ($1MM-$10MM)","Small (10-49)","Unaware",1,1,0.052,63,"COLD"
"smart-net.com","Smart Net","Financial Services","Large ($100MM-$200MM)","Large (1,000-4,999)","Unaware",3,1,0.056,66,"COLD"
"apex-corp.com","Apex Corp","Software / Information Technology","Micro ($0-$1MM)","Micro (1-9)","Unaware",4,1,0.158,84,"COLD"
"bright-net.com","Bright Net","Consumer Goods","Small ($1MM-$10MM)","Small (10-49)","Unaware",1,1,0.052,56,"COLD"
"swift-systems.com","Swift Systems","E-Learning","Large ($100MM-$200MM)","Large (1,000-4,999)","Aware",14,3,0.178,275,"COLD"
"blue-corp.com","Blue Corp","Software / Information Technology","Micro ($0-$1MM)","Micro (1-9)","Engaged",65,12,0.530,180,"WARM"
"nexus-data.com","Nexus Data","Retail","Medium-Small ($10MM-$50MM)","Medium (200-499)","Engaged",26,4,0.452,197,"WARM"
"peak-net.com","Peak Net","Software / Information Technology","Medium-Small ($10MM-$50MM)","Medium (200-499)","Aware",8,5,0.266,142,"COLD"
"core-io.com","Core Io","E-Learning","Micro ($0-$1MM)","Small (10-49)","Engaged",68,6,0.436,307,"WARM"
"global-hub.com","Global Hub","Marketing and Advertising","Medium-Large ($50MM-$100MM)","Medium-Large (500-999)","Engaged",59,18,0.418,225,"WARM"
"apex-cloud.com","Apex Cloud","Health, Wellness and Fitness","Medium-Small ($10MM-$50MM)","Medium (200-499)","Aware",15,4,0.180,167,"COLD"
"peak-data.com","Peak Data","Logistics and Supply Chain","Medium-Large ($50MM-$100MM)","Medium-Large (500-999)","Aware",3,1,0.156,140,"COLD"
"prime-inc.com","Prime Inc","Health, Wellness and Fitness","Medium-Large ($50MM-$100MM)","Medium (200-499)","MQL",130,12,0.710,346,"HOT"
"apex-data.com","Apex Data","Automotive","Medium-Small ($10MM-$50MM)","Medium (200-499)","Engaged",60,13,0.420,283,"WARM"
"clear-tech.com","Clear Tech","Software / Information Technology","Small ($1MM-$10MM)","Medium-Small (50-199)","Engaged",106,11,0.612,365,"HOT"
"clear-tech.com","Clear Tech","Logistics and Supply Chain","Medium-Large ($50MM-$100MM)","Medium-Large (500-999)","Aware",9,6,0.168,171,"COLD"
"iron-systems.com","Iron Systems","Management Consulting","Medium-Small ($10MM-$50MM)","Medium (200-499)","Aware",4,4,0.158,180,"COLD"
"nexus-digital.com","Nexus Digital","Retail","Micro ($0-$1MM)","Small (10-49)","MQL",102,18,0.754,363,"HOT"
"atlas-systems.com","Atlas Systems","Retail","Small ($1MM-$10MM)","Medium-Small (50-199)","Unaware",5,1,0.160,131,"COLD"
"swift-solutions.com","Swift Solutions","Marketing and Advertising","Micro ($0-$1MM)","Micro (1-9)","Aware",11,2,0.172,165,"COLD"
"apex-io.com","Apex Io","Hospital & Health Care","Medium-Large ($50MM-$100MM)","Medium (200-499)","Aware",18,5,0.186,240,"COLD"
"blue-systems.com","Blue Systems","E-Learning","Large ($100MM-$200MM)","Large (1,000-4,999)","Opportunity",398,21,0.750,932,"HOT"
"nova-hub.com","Nova Hub","Management Consulting","Small ($1MM-$10MM)","Medium-Small (50-199)","Unaware",3,1,0.056,194,"COLD"
"green-data.com","Green Data","Health, Wellness and Fitness","Small ($1MM-$10MM)","Small (10-49)","Aware",3,4,0.156,146,"COLD"
"vertex-corp.com","Vertex Corp","E-Learning","Small ($1MM-$10MM)","Medium-Small (50-199)","Opportunity",64,28,0.578,260,"HOT"
"rapid-media.com","Rapid Media","Software / Information Technology","Micro ($0-$1MM)","Micro (1-9)","Engaged",63,10,0.526,190,"WARM"
"nova-tech.com","Nova Tech","Marketing and Advertising","Medium-Small ($10MM-$50MM)","Medium-Small (50-199)","Unaware",1,1,0.052,200,"COLD"
"acme-digital.com","Acme Digital","Food & Beverages","XXLarge ($1B+)","XXLarge (10,000+)","Unaware",2,1,0.054,720,"COLD"
"bright-hub.com","Bright Hub","Marketing and Advertising","Medium-Small ($10MM-$50MM)","Medium (200-499)","Unaware",3,1,0.056,186,"COLD"
"nova-solutions.com","Nova Solutions","Telecommunications","Large ($100MM-$200MM)","Large (1,000-4,999)","Aware",6,6,0.162,136,"COLD"
"peak-io.com","Peak Io","E-Learning","Micro ($0-$1MM)","Micro (1-9)","MQL",192,6,0.750,542,"HOT"
"stellar-media.com","Stellar Media","Retail","Small ($1MM-$10MM)","Small (10-49)","Unaware",4,1,0.158,62,"COLD"
"blue-inc.com","Blue Inc","Automotive","Large ($100MM-$200MM)","Medium-Large (500-999)","Unaware",1,1,0.052,137,"COLD"
"blue-solutions.com","Blue Solutions","Management Consulting","Small ($1MM-$10MM)","Medium-Small (50-199)","Aware",3,3,0.156,221,"COLD"
"blue-labs.com","Blue Labs","Marketing and Advertising","XLarge ($200MM-$1B)","Large (1,000-4,999)","Unaware",2,1,0.054,706,"COLD"
"rapid-inc.com","Rapid Inc","Financial Services","Micro ($0-$1MM)","Small (10-49)","Aware",16,4,0.182,157,"COLD"
"swift-tech.com","Swift Tech","Software / Information Technology","Medium-Large ($50MM-$100MM)","Medium-Large (500-999)","Unaware",2,1,0.154,144,"COLD"
"stellar-labs.com","Stellar Labs","Automotive","Small ($1MM-$10MM)","Medium-Small (50-199)","Engaged",44,15,0.388,278,"WARM"
"green-media.com","Green Media","Marketing and Advertising","Medium-Large ($50MM-$100MM)","Medium (200-499)","Engaged",43,4,0.386,238,"WARM"
"stellar-data.com","Stellar Data","Financial Services","Small ($1MM-$10MM)","Small (10-49)","Opportunity",258,34,0.750,727,"HOT"
"prime-cloud.com","Prime Cloud","Software / Information Technology","Medium-Small ($10MM-$50MM)","Medium (200-499)","Engaged",43,16,0.486,275,"WARM"
"cyber-io.com","Cyber Io","Marketing and Advertising","Medium-Small ($10MM-$50MM)","Medium (200-499)","Aware",18,4,0.186,275,"COLD"
"smart-tech.com","Smart Tech","E-Learning","Medium-Large ($50MM-$100MM)","Medium (200-499)","MQL",190,13,0.750,537,"HOT"
"acme-digital.com","Acme Digital","Manufacturing","Medium-Large ($50MM-$100MM)","Medium (200-499)","Engaged",50,7,0.400,316,"WARM"
"prime-hub.com","Prime Hub","Financial Services","Small ($1MM-$10MM)","Medium-Small (50-199)","Unaware",5,1,0.060,221,"COLD"
"peak-works.com","Peak Works","Hospital & Health Care","Medium-Small ($10MM-$50MM)","Medium (200-499)","MQL",130,30,0.710,386,"HOT"
"atlas-group.com","Atlas Group","Health, Wellness and Fitness","Small ($1MM-$10MM)","Medium-Small (50-199)","Engaged",77,5,0.454,237,"WARM"
"iron-tech.com","Iron Tech","Software / Information Technology","Medium-Small ($10MM-$50MM)","Medium (200-499)","Aware",4,4,0.258,153,"COLD"
"green-corp.com","Green Corp","Health, Wellness and Fitness","Micro ($0-$1MM)","Micro (1-9)","Unaware",1,1,0.052,143,"COLD"
"swift-works.com","Swift Works","Software / Information Technology","Micro ($0-$1MM)","Micro (1-9)","Engaged",62,12,0.524,198,"WARM"
"atlas-cloud.com","Atlas Cloud","Legal Services","Small ($1MM-$10MM)","Medium-Small (50-199)","Unaware",2,1,0.054,198,"COLD"
"prime-works.com","Prime Works","Software / Information Technology","Medium-Small ($10MM-$50MM)","Medium (200-499)","Unaware",3,1,0.156,85,"COLD"
"peak-solutions.com","Peak Solutions","Logistics and Supply Chain","Medium-Large ($50MM-$100MM)","Medium-Large (500-999)","MQL",124,23,0.698,348,"HOT"
"vertex-works.com","Vertex Works","Marketing and Advertising","XLarge ($200MM-$1B)","XLarge (5,000-10,000)","Engaged",14,5,0.328,660,"WARM"
"nova-inc.com","Nova Inc","Hospital & Health Care","Medium-Small ($10MM-$50MM)","Medium (200-499)","Unaware",4,1,0.058,195,"COLD"
"vertex-hub.com","Vertex Hub","Hospital & Health Care","Small ($1MM-$10MM)","Small (10-49)","Unaware",1,1,0.052,122,"COLD"
"green-corp.com","Green Corp","Manufacturing","Medium-Large ($50MM-$100MM)","Medium-Large (500-999)","Engaged",44,7,0.388,229,"WARM"
"core-inc.com","Core Inc","Marketing and Advertising","XXLarge ($1B+)","XXLarge (10,000+)","Aware",16,4,0.182,692,"COLD"
"peak-media.com","Peak Media","Health, Wellness and Fitness","Large ($100MM-$200MM)","Medium-Large (500-999)","Aware",6,1,0.162,62,"COLD"
"iron-data.com","Iron Data","Software / Information Technology","Medium-Small ($10MM-$50MM)","Medium (200-499)","Unaware",1,1,0.152,127,"COLD"
"prime-media.com","Prime Media","Software / Information Technology","Medium-Large ($50MM-$100MM)","Medium-Large (500-999)","Aware",18,5,0.286,221,"COLD"
"smart-digital.com","Smart Digital","Legal Services","Micro ($0-$1MM)","Micro (1-9)","Unaware",1,1,0.052,133,"COLD"
"prime-solutions.com","Prime Solutions","Retail","Small ($1MM-$10MM)","Small (10-49)","Engaged",44,11,0.488,314,"WARM"
"swift-data.com","Swift Data","Logistics and Supply Chain","Medium-Small ($10MM-$50MM)","Medium (200-499)","MQL",122,12,0.694,463,"HOT"
"clear-tech.com","Clear Tech","E-Learning","Micro ($0-$1MM)","Micro (1-9)","Opportunity",418,29,0.750,989,"HOT"
"acme-digital.com","Acme Digital","Health, Wellness and Fitness","Small ($1MM-$10MM)","Medium-Small (50-199)","Aware",9,3,0.168,234,"COLD"
"green-tech.com","Green Tech","Health, Wellness and Fitness","Small ($1MM-$10MM)","Medium-Small (50-199)","Aware",21,5,0.192,223,"COLD"
"prime-io.com","Prime Io","Real Estate","Micro ($0-$1MM)","Micro (1-9)","Unaware",2,1,0.054,106,"COLD"
"swift-solutions.com","Swift Solutions","Education Management","Medium-Small ($10MM-$50MM)","Medium-Small (50-199)","Opportunity",284,14,0.750,711,"HOT"
"clear-solutions.com","Clear Solutions","Automotive","XXLarge ($1B+)","XXLarge (10,000+)","Unaware",2,1,0.054,560,"COLD"
"nexus-systems.com","Nexus Systems","Manufacturing","Micro ($0-$1MM)","Micro (1-9)","Engaged",39,11,0.378,137,"WARM"
"bright-tech.com","Bright Tech","Insurance","Large ($100MM-$200MM)","Large (1,000-4,999)","Aware",15,3,0.180,205,"COLD"
"nexus-tech.com","Nexus Tech","Retail","Medium-Small ($10MM-$50MM)","Medium (200-499)","Unaware",5,1,0.160,243,"COLD"
"vertex-cloud.com","Vertex Cloud","Retail","Small ($1MM-$10MM)","Medium-Small (50-199)","Unaware",1,1,0.152,97,"COLD"
"acme-hub.com","Acme Hub","Manufacturing","Micro ($0-$1MM)","Micro (1-9)","Aware",11,4,0.172,168,"COLD"
"atlas-hub.com","Atlas Hub","Telecommunications","Small ($1MM-$10MM)","Small (10-49)","Unaware",2,1,0.054,144,"COLD"
"core-data.com","Core Data","Insurance","Medium-Small ($10MM-$50MM)","Medium (200-499)","Engaged",82,9,0.464,318,"WARM"
"core-systems.com","Core Systems","Marketing and Advertising","Micro ($0-$1MM)","Micro (1-9)","Unaware",4,1,0.058,119,"COLD"
"nova-io.com","Nova Io","Health, Wellness and Fitness","Large ($100MM-$200MM)","Large (1,000-4,999)","Engaged",52,13,0.404,177,"WARM"
"green-works.com","Green Works","Marketing and Advertising","Small ($1MM-$10MM)","Small (10-49)","Aware",21,4,0.192,258,"COLD"
"stellar-cloud.com","Stellar Cloud","Legal Services","Medium-Large ($50MM-$100MM)","Medium (200-499)","Engaged",41,12,0.382,145,"WARM"
"apex-systems.com","Apex Systems","Health, Wellness and Fitness","Micro ($0-$1MM)","Small (10-49)","Aware",22,3,0.194,258,"COLD"
"core-labs.com","Core Labs","Financial Services","Medium-Small ($10MM-$50MM)","Medium-Small (50-199)","Aware",14,1,0.178,193,"COLD"
"swift-net.com","Swift Net","Real Estate","Micro ($0-$1MM)","Micro (1-9)","Unaware",3,1,0.056,230,"COLD"
"core-inc.com","Core Inc","Construction","Medium-Small ($10MM-$50MM)","Medium (200-499)","Aware",7,5,0.164,174,"COLD"
"rapid-cloud.com","Rapid Cloud","Food & Beverages","XXLarge ($1B+)","XXLarge (10,000+)","Unaware",3,1,0.056,730,"COLD"
"nexus-systems.com","Nexus Systems","Logistics and Supply Chain","Small ($1MM-$10MM)","Small (10-49)","MQL",78,5,0.606,215,"HOT"
"vertex-systems.com","Vertex Systems","Logistics and Supply Chain","Micro ($0-$1MM)","Micro (1-9)","Unaware",3,1,0.056,220,"COLD"
"clear-works.com","Clear Works","Software / Information Technology","Medium-Large ($50MM-$100MM)","Medium-Large (500-999)","Aware",11,2,0.272,248,"COLD"
"smart-corp.com","Smart Corp","Legal Services","Medium-Small ($10MM-$50MM)","Medium (200-499)","Unaware",5,1,0.060,104,"COLD"
"atlas-solutions.com","Atlas Solutions","Legal Services","Large ($100MM-$200MM)","Medium-Large (500-999)","Opportunity",194,49,0.750,442,"HOT"
"swift-corp.com","Swift Corp","Hospital & Health Care","Small ($1MM-$10MM)","Medium-Small (50-199)","MQL",49,16,0.548,220,"HOT"
"atlas-inc.com","Atlas Inc","Marketing and Advertising","Micro ($0-$1MM)","Micro (1-9)","Aware",14,1,0.178,156,"COLD"
"apex-group.com","Apex Group","Logistics and Supply Chain","Micro ($0-$1MM)","Micro (1-9)","Unaware",2,1,0.054,103,"COLD"
"green-corp.com","Green Corp","Construction","Micro ($0-$1MM)","Small (10-49)","Aware",19,2,0.188,179,"COLD"
"rapid-corp.com","Rapid Corp","Entertainment","Micro ($0-$1MM)","Small (10-49)","Engaged",67,7,0.434,351,"WARM"
"iron-media.com","Iron Media","Marketing and Advertising","XXLarge ($1B+)","XXLarge (10,000+)","MQL",118,13,0.686,899,"HOT"
"apex-digital.com","Apex Digital","Retail","XXLarge ($1B+)","XXLarge (10,000+)","Unaware",5,1,0.160,562,"COLD"
"swift-net.com","Swift Net","Telecommunications","Medium-Small ($10MM-$50MM)","Medium (200-499)","Aware",11,4,0.172,246,"COLD"
"clear-labs.com","Clear Labs","Financial Services","XLarge ($200MM-$1B)","Large (1,000-4,999)","Engaged",10,14,0.320,753,"WARM"
"smart-tech.com","Smart Tech","Entertainment","Small ($1MM-$10MM)","Medium-Small (50-199)","Aware",18,3,0.186,193,"COLD"
"peak-digital.com","Peak Digital","Software / Information Technology","Medium-Large ($50MM-$100MM)","Medium-Large (500-999)","Unaware",3,1,0.156,120,"COLD"
"peak-hub.com","Peak Hub","Education Management","Medium-Large ($50MM-$100MM)","Medium-Large (500-999)","Aware",15,6,0.180,249,"COLD"
"atlas-hub.com","Atlas Hub","Software / Information Technology","Micro ($0-$1MM)","Micro (1-9)","Unaware",1,1,0.152,142,"COLD"
"acme-labs.com","Acme Labs","Health, Wellness and Fitness","Small ($1MM-$10MM)","Small (10-49)","Aware",11,4,0.172,114,"COLD"
"rapid-systems.com","Rapid Systems","Health, Wellness and Fitness","Small ($1MM-$10MM)","Small (10-49)","Engaged",87,9,0.474,265,"WARM"
"bright-solutions.com","Bright Solutions","Logistics and Supply Chain","Small ($1MM-$10MM)","Small (10-49)","Engaged",43,17,0.386,271,"WARM"
"cyber-io.com","Cyber Io","Retail","XXLarge ($1B+)","XXLarge (10,000+)","Aware",5,2,0.260,749,"COLD"
"stellar-media.com","Stellar Media","Software / Information Technology","XLarge ($200MM-$1B)","XLarge (5,000-10,000)","Opportunity",236,14,0.850,1026,"HOT"
"apex-corp.com","Apex Corp","Health, Wellness and Fitness","XLarge ($200MM-$1B)","Large (1,000-4,999)","Unaware",2,1,0.054,580,"COLD"
"cyber-systems.com","Cyber Systems","Software / Information Technology","Micro ($0-$1MM)","Micro (1-9)","Unaware",1,1,0.152,172,"COLD"
"stellar-inc.com","Stellar Inc","Marketing and Advertising","Small ($1MM-$10MM)","Medium-Small (50-199)","Engaged",60,15,0.420,260,"WARM"
"smart-net.com","Smart Net","Logistics and Supply Chain","Medium-Small ($10MM-$50MM)","Medium (200-499)","Unaware",1,1,0.052,62,"COLD"
"nexus-hub.com","Nexus Hub","Software / Information Technology","Small ($1MM-$10MM)","Small (10-49)","Unaware",3,1,0.156,100,"COLD"
"green-net.com","Green Net","Marketing and Advertising","Medium-Large ($50MM-$100MM)","Medium (200-499)","Aware",22,1,0.194,199,"COLD"
"nova-io.com","Nova Io","Consumer Goods","Large ($100MM-$200MM)","Large (1,000-4,999)","Aware",20,5,0.190,113,"COLD"
"clear-group.com","Clear Group","Financial Services","Micro ($0-$1MM)","Micro (1-9)","Unaware",2,1,0.054,172,"COLD"
"clear-inc.com","Clear Inc","Financial Services","XXLarge ($1B+)","XXLarge (10,000+)","Aware",6,4,0.162,749,"COLD"
"nexus-net.com","Nexus Net","E-Learning","Small ($1MM-$10MM)","Small (10-49)","Unaware",2,1,0.054,207,"COLD"
"clear-media.com","Clear Media","Software / Information Technology","Medium-Large ($50MM-$100MM)","Medium (200-499)","Opportunity",85,27,0.720,247,"HOT"
"bright-works.com","Bright Works","Financial Services","Small ($1MM-$10MM)","Small (10-49)","Aware",22,6,0.194,160,"COLD"
"peak-corp.com","Peak Corp","Software / Information Technology","Medium-Large ($50MM-$100MM)","Medium (200-499)","Unaware",3,1,0.156,170,"COLD"
"green-net.com","Green Net","Software / Information Technology","Small ($1MM-$10MM)","Small (10-49)","Unaware",4,1,0.158,163,"COLD"
"cyber-systems.com","Cyber Systems","Education Management","Medium-Small ($10MM-$50MM)","Medium (200-499)","Unaware",4,1,0.058,178,"COLD"
"iron-io.com","Iron Io","Education Management","Small ($1MM-$10MM)","Medium-Small (50-199)","Engaged",64,6,0.428,236,"WARM"
"nexus-hub.com","Nexus Hub","Insurance","Medium-Small ($10MM-$50MM)","Medium-Small (50-199)","Unaware",2,1,0.054,98,"COLD"
"iron-hub.com","Iron Hub","Manufacturing","Micro ($0-$1MM)","Micro (1-9)","Unaware",3,1,0.056,139,"COLD"
"blue-media.com","Blue Media","Consumer Goods","Medium-Large ($50MM-$100MM)","Medium (200-499)","Engaged",75,15,0.450,203,"WARM"
"smart-media.com","Smart Media","Retail","Large ($100MM-$200MM)","Medium-Large (500-999)","Aware",16,3,0.282,145,"COLD"
"nova-works.com","Nova Works","Legal Services","XXLarge ($1B+)","XXLarge (10,000+)","Unaware",2,1,0.054,729,"COLD"
"blue-net.com","Blue Net","Financial Services","Large ($100MM-$200MM)","Medium-Large (500-999)","Unaware",3,1,0.056,201,"COLD"
"rapid-tech.com","Rapid Tech","Manufacturing","Medium-Small ($10MM-$50MM)","Medium (200-499)","Unaware",1,1,0.052,149,"COLD"
"peak-cloud.com","Peak Cloud","Entertainment","Small ($1MM-$10MM)","Small (10-49)","Engaged",70,13,0.440,211,"WARM"
"atlas-solutions.com","Atlas Solutions","Telecommunications","Medium-Small ($10MM-$50MM)","Medium (200-499)","MQL",151,29,0.750,356,"HOT"
"rapid-inc.com","Rapid Inc","Marketing and Advertising","Large ($100MM-$200MM)","Large (1,000-4,999)","Aware",15,1,0.180,155,"COLD"
"iron-solutions.com","Iron Solutions","Health, Wellness and Fitness","Small ($1MM-$10MM)","Medium-Small (50-199)","Unaware",1,1,0.052,250,"COLD"
"clear-corp.com","Clear Corp","Software / Information Technology","Micro ($0-$1MM)","Micro (1-9)","Unaware",1,1,0.152,247,"COLD"
"stellar-solutions.com","Stellar Solutions","Food & Beverages","Medium-Large ($50MM-$100MM)","Medium (200-499)","Aware",17,1,0.184,276,"COLD"
"rapid-inc.com","Rapid Inc","Software / Information Technology","Micro ($0-$1MM)","Micro (1-9)","Aware",5,5,0.260,135,"COLD"
"atlas-data.com","Atlas Data","Hospital & Health Care","XLarge ($200MM-$1B)","Large (1,000-4,999)","Unaware",3,1,0.056,584,"COLD"
"nexus-digital.com","Nexus Digital","Hospital & Health Care","XLarge ($200MM-$1B)","Large (1,000-4,999)","Unaware",5,1,0.060,669,"COLD"
"acme-digital.com","Acme Digital","Marketing and Advertising","Large ($100MM-$200MM)","Medium-Large (500-999)","Unaware",4,1,0.058,224,"COLD"
"blue-media.com","Blue Media","Telecommunications","Micro ($0-$1MM)","Small (10-49)","Aware",11,6,0.172,75,"COLD"
"cyber-tech.com","Cyber Tech","Telecommunications","XLarge ($200MM-$1B)","Large (1,000-4,999)","Unaware",4,1,0.058,734,"COLD"
"iron-labs.com","Iron Labs","Software / Information Technology","Micro ($0-$1MM)","Small (10-49)","MQL",45,8,0.640,317,"HOT"
"vertex-digital.com","Vertex Digital","Legal Services","Medium-Small ($10MM-$50MM)","Medium (200-499)","Unaware",1,1,0.052,168,"COLD"
"nova-cloud.com","Nova Cloud","Financial Services","Small ($1MM-$10MM)","Small (10-49)","Aware",10,2,0.170,88,"COLD"
"nova-data.com","Nova Data","Entertainment","Small ($1MM-$10MM)","Small (10-49)","Aware",18,5,0.186,209,"COLD"
"iron-group.com","Iron Group","Financial Services","Medium-Small ($10MM-$50MM)","Medium (200-499)","Aware",18,5,0.186,231,"COLD"
"rapid-corp.com","Rapid Corp","Financial Services","Small ($1MM-$10MM)","Small (10-49)","Unaware",5,1,0.060,227,"COLD"
"peak-inc.com","Peak Inc","Construction","Medium-Large ($50MM-$100MM)","Medium (200-499)","Engaged",102,10,0.504,300,"HOT"
"apex-digital.com","Apex Digital","Retail","Medium-Small ($10MM-$50MM)","Medium (200-499)","Unaware",1,1,0.152,54,"COLD"
"atlas-data.com","Atlas Data","Telecommunications","XLarge ($200MM-$1B)","XLarge (5,000-10,000)","Unaware",3,1,0.056,584,"COLD"
"core-group.com","Core Group","Retail","Large ($100MM-$200MM)","Large (1,000-4,999)","Unaware",1,1,0.152,118,"COLD"
"nexus-systems.com","Nexus Systems","Retail","Small ($1MM-$10MM)","Medium-Small (50-199)","Unaware",1,1,0.152,61,"COLD"
"apex-group.com","Apex Group","Real Estate","Medium-Small ($10MM-$50MM)","Medium-Small (50-199)","Aware",22,4,0.194,143,"COLD"
"green-data.com","Green Data","Financial Services","Medium-Large ($50MM-$100MM)","Medium-Large (500-999)","Engaged",92,16,0.484,324,"WARM"
"blue-tech.com","Blue Tech","Automotive","Small ($1MM-$10MM)","Medium-Small (50-199)","Aware",13,2,0.176,146,"COLD"
"smart-works.com","Smart Works","Telecommunications","XXLarge ($1B+)","XXLarge (10,000+)","Engaged",10,5,0.320,732,"WARM"
"global-corp.com","Global Corp","Financial Services","Micro ($0-$1MM)","Micro (1-9)","MQL",79,21,0.608,334,"HOT"
"clear-solutions.com","Clear Solutions","Legal Services","Medium-Large ($50MM-$100MM)","Medium (200-499)","Unaware",3,1,0.056,62,"COLD"
"core-io.com","Core Io","Marketing and Advertising","Large ($100MM-$200MM)","Large (1,000-4,999)","Unaware",5,1,0.060,181,"COLD"
"blue-tech.com","Blue Tech","Software / Information Technology","Small ($1MM-$10MM)","Small (10-49)","Unaware",5,1,0.160,130,"COLD"
"iron-group.com","Iron Group","Software / Information Technology","Medium-Large ($50MM-$100MM)","Medium-Large (500-999)","MQL",34,16,0.618,263,"HOT"
"global-digital.com","Global Digital","Manufacturing","Medium-Small ($10MM-$50MM)","Medium-Small (50-199)","Aware",9,4,0.168,199,"COLD"
"apex-systems.com","Apex Systems","Food & Beverages","Small ($1MM-$10MM)","Small (10-49)","Aware",10,5,0.170,234,"COLD"
"acme-net.com","Acme Net","Real Estate","Micro ($0-$1MM)","Micro (1-9)","Aware",15,4,0.180,193,"COLD"
"global-systems.com","Global Systems","Software / Information Technology","XLarge ($200MM-$1B)","XLarge (5,000-10,000)","Aware",20,3,0.290,767,"COLD"
"nova-works.com","Nova Works","Logistics and Supply Chain","Small ($1MM-$10MM)","Medium-Small (50-199)","Engaged",89,11,0.478,403,"WARM"
"nexus-data.com","Nexus Data","Financial Services","Micro ($0-$1MM)","Micro (1-9)","Aware",10,4,0.170,165,"COLD"
"swift-media.com","Swift Media","E-Learning","Micro ($0-$1MM)","Small (10-49)","Engaged",40,14,0.380,200,"WARM"
"stellar-labs.com","Stellar Labs","Software / Information Technology","Medium-Small ($10MM-$50MM)","Medium-Small (50-199)","Unaware",2,1,0.154,194,"COLD"
"acme-media.com","Acme Media","Logistics and Supply Chain","Medium-Large ($50MM-$100MM)","Medium-Large (500-999)","Engaged",51,8,0.402,223,"WARM"
"vertex-inc.com","Vertex Inc","Hospital & Health Care","Small ($1MM-$10MM)","Medium-Small (50-199)","Engaged",19,15,0.338,271,"WARM"
"green-solutions.com","Green Solutions","Marketing and Advertising","Large ($100MM-$200MM)","Medium-Large (500-999)","MQL",42,13,0.534,329,"HOT"
"global-solutions.com","Global Solutions","Financial Services","XXLarge ($1B+)","XXLarge (10,000+)","Opportunity",208,46,0.750,980,"HOT"
"stellar-net.com","Stellar Net","Marketing and Advertising","Large ($100MM-$200MM)","Medium-Large (500-999)","Aware",21,5,0.192,121,"COLD"
"bright-hub.com","Bright Hub","Marketing and Advertising","Small ($1MM-$10MM)","Small (10-49)","Unaware",1,1,0.052,182,"COLD"
"nexus-cloud.com","Nexus Cloud","Software / Information Technology","Medium-Small ($10MM-$50MM)","Medium (200-499)","Aware",13,3,0.276,271,"COLD"
"green-hub.com","Green Hub","Consumer Goods","Medium-Small ($10MM-$50MM)","Medium (200-499)","Unaware",5,1,0.060,204,"COLD"
"core-labs.com","Core Labs","Management Consulting","Medium-Large ($50MM-$100MM)","Medium-Large (500-999)","Unaware",3,1,0.056,171,"COLD"
"acme-systems.com","Acme Systems","Insurance","Medium-Small ($10MM-$50MM)","Medium (200-499)","MQL",128,9,0.706,442,"HOT"
"stellar-media.com","Stellar Media","Software / Information Technology","Large ($100MM-$200MM)","Large (1,000-4,999)","Aware",12,2,0.274,78,"COLD"
"nova-io.com","Nova Io","Education Management","Small ($1MM-$10MM)","Small (10-49)","Unaware",5,1,0.060,83,"COLD"
"stellar-cloud.com","Stellar Cloud","Financial Services","Micro ($0-$1MM)","Micro (1-9)","Aware",13,3,0.176,89,"COLD"
"cyber-works.com","Cyber Works","Entertainment","XXLarge ($1B+)","XXLarge (10,000+)","Unaware",3,1,0.056,755,"COLD"
"blue-hub.com","Blue Hub","Health, Wellness and Fitness","Medium-Large ($50MM-$100MM)","Medium-Large (500-999)","Unaware",4,1,0.058,75,"COLD"
"stellar-hub.com","Stellar Hub","Financial Services","Micro ($0-$1MM)","Micro (1-9)","Unaware",3,1,0.056,115,"COLD"
"nexus-corp.com","Nexus Corp","Financial Services","Micro ($0-$1MM)","Micro (1-9)","Engaged",70,13,0.440,277,"WARM"
"core-data.com","Core Data","Consumer Goods","XLarge ($200MM-$1B)","Large (1,000-4,999)","Unaware",5,1,0.060,664,"COLD"
"nova-media.com","Nova Media","E-Learning","Micro ($0-$1MM)","Micro (1-9)","Aware",19,4,0.188,117,"COLD"
"smart-media.com","Smart Media","Telecommunications","Micro ($0-$1MM)","Micro (1-9)","Opportunity",113,11,0.676,339,"HOT"
"core-net.com","Core Net","Retail","Micro ($0-$1MM)","Micro (1-9)","Aware",12,2,0.274,110,"COLD"
"cyber-corp.com","Cyber Corp","Retail","Medium-Small ($10MM-$50MM)","Medium-Small (50-199)","Aware",6,2,0.262,155,"COLD"
"prime-digital.com","Prime Digital","Telecommunications","Small ($1MM-$10MM)","Medium-Small (50-199)","Engaged",17,14,0.334,250,"WARM"
"nova-data.com","Nova Data","Entertainment","Micro ($0-$1MM)","Micro (1-9)","Unaware",2,1,0.054,177,"COLD"
"swift-works.com","Swift Works","Automotive","Small ($1MM-$10MM)","Medium-Small (50-199)","Unaware",5,1,0.060,84,"COLD"
"smart-tech.com","Smart Tech","Marketing and Advertising","Micro ($0-$1MM)","Micro (1-9)","Unaware",2,1,0.054,161,"COLD"
"core-cloud.com","Core Cloud","Financial Services","Small ($1MM-$10MM)","Medium-Small (50-199)","Engaged",78,14,0.456,236,"WARM"
"vertex-labs.com","Vertex Labs","Entertainment","Small ($1MM-$10MM)","Small (10-49)","Aware",7,4,0.164,222,"COLD"
"global-tech.com","Global Tech","Software / Information Technology","Micro ($0-$1MM)","Micro (1-9)","Unaware",4,1,0.158,231,"COLD"
"stellar-group.com","Stellar Group","Manufacturing","XXLarge ($1B+)","XXLarge (10,000+)","Unaware",3,1,0.056,660,"COLD"
"nova-cloud.com","Nova Cloud","Telecommunications","Small ($1MM-$10MM)","Small (10-49)","Engaged",74,16,0.448,216,"WARM"
"green-digital.com","Green Digital","Software / Information Technology","Medium-Small ($10MM-$50MM)","Medium-Small (50-199)","Engaged",92,14,0.584,297,"WARM"
"bright-solutions.com","Bright Solutions","Food & Beverages","Medium-Small ($10MM-$50MM)","Medium-Small (50-199)","Unaware",3,1,0.056,191,"COLD"
"stellar-net.com","Stellar Net","Logistics and Supply Chain","Large ($100MM-$200MM)","Medium-Large (500-999)","Unaware",3,1,0.056,85,"COLD"
"nexus-io.com","Nexus Io","Health, Wellness and Fitness","Medium-Small ($10MM-$50MM)","Medium (200-499)","Unaware",5,1,0.060,189,"COLD"
"apex-cloud.com","Apex Cloud","Hospital & Health Care","Small ($1MM-$10MM)","Small (10-49)","Unaware",5,1,0.060,147,"COLD"
"iron-digital.com","Iron Digital","Health, Wellness and Fitness","Micro ($0-$1MM)","Small (10-49)","Aware",11,6,0.172,148,"COLD"
"nova-data.com","Nova Data","Insurance","Micro ($0-$1MM)","Micro (1-9)","Aware",4,5,0.158,181,"COLD"
"nexus-inc.com","Nexus Inc","Consumer Goods","Small ($1MM-$10MM)","Medium-Small (50-199)","Aware",17,3,0.184,224,"COLD"
"clear-solutions.com","Clear Solutions","Financial Services","Medium-Small ($10MM-$50MM)","Medium-Small (50-199)","Opportunity",399,17,0.750,854,"HOT"
"vertex-systems.com","Vertex Systems","Software / Information Technology","Medium-Large ($50MM-$100MM)","Medium (200-499)","MQL",76,12,0.702,366,"HOT"
"acme-systems.com","Acme Systems","Software / Information Technology","Medium-Small ($10MM-$50MM)","Medium (200-499)","Engaged",68,3,0.536,322,"WARM"
"bright-digital.com","Bright Digital","Retail","Medium-Small ($10MM-$50MM)","Medium-Small (50-199)","Unaware",4,1,0.158,132,"COLD"
"nexus-hub.com","Nexus Hub","Legal Services","Large ($100MM-$200MM)","Large (1,000-4,999)","MQL",194,17,0.750,482,"HOT"
"green-inc.com","Green Inc","Logistics and Supply Chain","Medium-Small ($10MM-$50MM)","Medium (200-499)","Unaware",4,1,0.058,74,"COLD"
"vertex-solutions.com","Vertex Solutions","Software / Information Technology","Medium-Large ($50MM-$100MM)","Medium-Large (500-999)","Opportunity",102,45,0.754,279,"HOT"
"rapid-group.com","Rapid Group","Retail","Medium-Small ($10MM-$50MM)","Medium-Small (50-199)","Aware",11,1,0.272,245,"COLD"
"cyber-systems.com","Cyber Systems","Food & Beverages","Medium-Large ($50MM-$100MM)","Medium (200-499)","Unaware",1,1,0.052,172,"COLD"
"vertex-works.com","Vertex Works","Logistics and Supply Chain","Micro ($0-$1MM)","Micro (1-9)","Opportunity",67,46,0.584,266,"HOT"
"vertex-corp.com","Vertex Corp","Retail","XLarge ($200MM-$1B)","XLarge (5,000-10,000)","Unaware",4,1,0.158,640,"COLD"
"rapid-net.com","Rapid Net","Automotive","Medium-Large ($50MM-$100MM)","Medium (200-499)","Aware",19,5,0.188,234,"COLD"
"green-io.com","Green Io","Legal Services","Medium-Large ($50MM-$100MM)","Medium-Large (500-999)","Engaged",57,8,0.414,201,"WARM"
"green-works.com","Green Works","Marketing and Advertising","Large ($100MM-$200MM)","Large (1,000-4,999)","Unaware",5,1,0.060,226,"COLD"
"rapid-tech.com","Rapid Tech","Entertainment","Micro ($0-$1MM)","Small (10-49)","Unaware",3,1,0.056,153,"COLD"
"stellar-media.com","Stellar Media","Management Consulting","Medium-Large ($50MM-$100MM)","Medium-Large (500-999)","Aware",21,5,0.192,96,"COLD"
"green-net.com","Green Net","Health, Wellness and Fitness","XLarge ($200MM-$1B)","XLarge (5,000-10,000)","Opportunity",52,21,0.554,759,"HOT"
"smart-net.com","Smart Net","Automotive","Medium-Small ($10MM-$50MM)","Medium-Small (50-199)","Unaware",2,1,0.054,64,"COLD"
"blue-solutions.com","Blue Solutions","Education Management","XLarge ($200MM-$1B)","XLarge (5,000-10,000)","Aware",11,2,0.172,737,"COLD"
"core-group.com","Core Group","Telecommunications","Small ($1MM-$10MM)","Medium-Small (50-199)","Aware",18,2,0.186,152,"COLD"
"blue-io.com","Blue Io","Education Management","Small ($1MM-$10MM)","Small (10-49)","Aware",22,2,0.194,119,"COLD"
"prime-works.com","Prime Works","Legal Services","Medium-Large ($50MM-$100MM)","Medium-Large (500-999)","MQL",54,8,0.558,187,"HOT"
"cyber-media.com","Cyber Media","Financial Services","Small ($1MM-$10MM)","Medium-Small (50-199)","Engaged",83,15,0.466,356,"WARM"
"prime-inc.com","Prime Inc","Construction","Small ($1MM-$10MM)","Medium-Small (50-199)","Aware",17,3,0.184,120,"COLD"
"stellar-media.com","Stellar Media","Automotive","Medium-Large ($50MM-$100MM)","Medium-Large (500-999)","Aware",19,2,0.188,92,"COLD"
"prime-labs.com","Prime Labs","Hospital & Health Care","Medium-Large ($50MM-$100MM)","Medium (200-499)","Opportunity",248,20,0.750,562,"HOT"
"iron-cloud.com","Iron Cloud","Software / Information Technology","Micro ($0-$1MM)","Small (10-49)","Aware",8,3,0.266,87,"COLD"
"stellar-corp.com","Stellar Corp","Marketing and Advertising","XLarge ($200MM-$1B)","XLarge (5,000-10,000)","Aware",18,3,0.186,764,"COLD"
"green-corp.com","Green Corp","Education Management","Micro ($0-$1MM)","Micro (1-9)","Aware",15,1,0.180,171,"COLD"
"rapid-cloud.com","Rapid Cloud","Retail","Medium-Small ($10MM-$50MM)","Medium (200-499)","Unaware",2,1,0.154,228,"COLD"
"stellar-inc.com","Stellar Inc","Entertainment","Small ($1MM-$10MM)","Small (10-49)","Engaged",101,7,0.502,342,"HOT"
"prime-corp.com","Prime Corp","Food & Beverages","Medium-Small ($10MM-$50MM)","Medium (200-499)","Unaware",2,1,0.054,114,"COLD"
"nexus-solutions.com","Nexus Solutions","Education Management","Micro ($0-$1MM)","Micro (1-9)","Unaware",2,1,0.054,143,"COLD"
"nexus-systems.com","Nexus Systems","Retail","Medium-Large ($50MM-$100MM)","Medium-Large (500-999)","Unaware",4,1,0.158,67,"COLD"
"rapid-digital.com","Rapid Digital","Telecommunications","Medium-Large ($50MM-$100MM)","Medium-Large (500-999)","Engaged",102,7,0.504,447,"HOT"
"nova-systems.com","Nova Systems","Software / Information Technology","Medium-Small ($10MM-$50MM)","Medium (200-499)","Aware",3,5,0.256,135,"COLD"
"green-digital.com","Green Digital","Education Management","Small ($1MM-$10MM)","Medium-Small (50-199)","Engaged",90,11,0.480,293,"WARM"
"cyber-media.com","Cyber Media","Software / Information Technology","XXLarge ($1B+)","XXLarge (10,000+)","Unaware",4,1,0.158,698,"COLD"
"global-media.com","Global Media","Financial Services","Small ($1MM-$10MM)","Medium-Small (50-199)","Unaware",1,1,0.052,73,"COLD"
"vertex-systems.com","Vertex Systems","Financial Services","Large ($100MM-$200MM)","Large (1,000-4,999)","Engaged",66,6,0.432,346,"WARM"
"clear-solutions.com","Clear Solutions","Legal Services","Small ($1MM-$10MM)","Small (10-49)","Unaware",1,1,0.052,58,"COLD"
"global-media.com","Global Media","Logistics and Supply Chain","Medium-Small ($10MM-$50MM)","Medium (200-499)","Aware",4,5,0.158,79,"COLD"
"rapid-systems.com","Rapid Systems","Management Consulting","Small ($1MM-$10MM)","Small (10-49)","MQL",34,28,0.518,159,"HOT"
"swift-solutions.com","Swift Solutions","Marketing and Advertising","Micro ($0-$1MM)","Micro (1-9)","Aware",22,5,0.194,187,"COLD"
"acme-works.com","Acme Works","Marketing and Advertising","Micro ($0-$1MM)","Micro (1-9)","Engaged",30,11,0.360,270,"WARM"
"cyber-io.com","Cyber Io","Consumer Goods","Large ($100MM-$200MM)","Large (1,000-4,999)","Opportunity",213,12,0.750,665,"HOT"
"swift-corp.com","Swift Corp","Insurance","Large ($100MM-$200MM)","Medium-Large (500-999)","MQL",43,13,0.536,208,"HOT"
"vertex-net.com","Vertex Net","Retail","Medium-Large ($50MM-$100MM)","Medium-Large (500-999)","Aware",8,5,0.266,144,"COLD"
"stellar-data.com","Stellar Data","Marketing and Advertising","Micro ($0-$1MM)","Micro (1-9)","Unaware",1,1,0.052,213,"COLD"
"atlas-inc.com","Atlas Inc","Management Consulting","Medium-Small ($10MM-$50MM)","Medium (200-499)","Unaware",1,1,0.052,130,"COLD"
"rapid-data.com","Rapid Data","Legal Services","Medium-Small ($10MM-$50MM)","Medium-Small (50-199)","Engaged",90,16,0.480,368,"WARM"
"nexus-hub.com","Nexus Hub","Hospital & Health Care","Medium-Large ($50MM-$100MM)","Medium (200-499)","Unaware",5,1,0.060,104,"COLD"
"core-labs.com","Core Labs","Real Estate","Small ($1MM-$10MM)","Small (10-49)","Aware",14,1,0.178,193,"COLD"
"green-labs.com","Green Labs","Financial Services","Medium-Small ($10MM-$50MM)","Medium (200-499)","Opportunity",217,43,0.750,667,"HOT"
"peak-data.com","Peak Data","Telecommunications","Large ($100MM-$200MM)","Large (1,000-4,999)","Unaware",5,1,0.060,144,"COLD"
"core-data.com","Core Data","Financial Services","Small ($1MM-$10MM)","Medium-Small (50-199)","Opportunity",193,15,0.750,540,"HOT"
"smart-media.com","Smart Media","Retail","XLarge ($200MM-$1B)","Large (1,000-4,999)","Unaware",5,1,0.160,623,"COLD"
"bright-corp.com","Bright Corp","Education Management","Small ($1MM-$10MM)","Medium-Small (50-199)","Unaware",1,1,0.052,226,"COLD"
"global-systems.com","Global Systems","Retail","Micro ($0-$1MM)","Micro (1-9)","Opportunity",473,44,0.850,1173,"HOT"
"core-io.com","Core Io","Financial Services","Medium-Large ($50MM-$100MM)","Medium (200-499)","Engaged",107,7,0.514,385,"HOT"
"core-works.com","Core Works","Legal Services","Medium-Large ($50MM-$100MM)","Medium (200-499)","Unaware",5,1,0.060,113,"COLD"
"stellar-io.com","Stellar Io","Software / Information Technology","Small ($1MM-$10MM)","Small (10-49)","MQL",116,16,0.782,422,"HOT"
"global-hub.com","Global Hub","Marketing and Advertising","Micro ($0-$1MM)","Micro (1-9)","Aware",19,1,0.188,145,"COLD"
"swift-data.com","Swift Data","Telecommunications","Micro ($0-$1MM)","Small (10-49)","Engaged",107,5,0.514,433,"HOT"
"nova-tech.com","Nova Tech","Real Estate","Micro ($0-$1MM)","Micro (1-9)","Engaged",78,9,0.456,354,"WARM"
"nova-data.com","Nova Data","Management Consulting","Small ($1MM-$10MM)","Medium-Small (50-199)","Engaged",102,5,0.504,377,"HOT"
"apex-media.com","Apex Media","E-Learning","Large ($100MM-$200MM)","Large (1,000-4,999)","Unaware",2,1,0.054,178,"COLD"
"global-cloud.com","Global Cloud","Real Estate","Medium-Small ($10MM-$50MM)","Medium (200-499)","Engaged",57,4,0.414,205,"WARM"
"apex-group.com","Apex Group","Retail","Micro ($0-$1MM)","Micro (1-9)","Unaware",5,1,0.160,109,"COLD"
"cyber-systems.com","Cyber Systems","Real Estate","Medium-Large ($50MM-$100MM)","Medium-Large (500-999)","Engaged",16,15,0.332,202,"WARM"
"rapid-cloud.com","Rapid Cloud","Software / Information Technology","Small ($1MM-$10MM)","Small (10-49)","Aware",5,2,0.260,234,"COLD"
"nexus-hub.com","Nexus Hub","Automotive","Medium-Small ($10MM-$50MM)","Medium-Small (50-199)","MQL",186,23,0.750,466,"HOT"
"iron-labs.com","Iron Labs","Software / Information Technology","Small ($1MM-$10MM)","Small (10-49)","Unaware",2,1,0.154,231,"COLD"
"rapid-corp.com","Rapid Corp","Marketing and Advertising","Medium-Small ($10MM-$50MM)","Medium (200-499)","Aware",3,4,0.156,223,"COLD"
"prime-corp.com","Prime Corp","Software / Information Technology","Medium-Small ($10MM-$50MM)","Medium (200-499)","MQL",143,16,0.836,396,"HOT"
"atlas-tech.com","Atlas Tech","Logistics and Supply Chain","Micro ($0-$1MM)","Micro (1-9)","MQL",62,17,0.574,178,"HOT"
"green-corp.com","Green Corp","Health, Wellness and Fitness","Medium-Small ($10MM-$50MM)","Medium-Small (50-199)","Aware",14,3,0.178,169,"COLD"
"prime-net.com","Prime Net","Manufacturing","Large ($100MM-$200MM)","Large (1,000-4,999)","Aware",9,4,0.168,234,"COLD"
"smart-works.com","Smart Works","Hospital & Health Care","Large ($100MM-$200MM)","Medium-Large (500-999)","Engaged",73,12,0.446,358,"WARM"
"vertex-tech.com","Vertex Tech","Education Management","Large ($100MM-$200MM)","Large (1,000-4,999)","Unaware",2,1,0.054,60,"COLD"
"prime-tech.com","Prime Tech","Marketing and Advertising","Micro ($0-$1MM)","Small (10-49)","Unaware",1,1,0.052,69,"COLD"
"rapid-systems.com","Rapid Systems","Retail","Medium-Small ($10MM-$50MM)","Medium-Small (50-199)","Aware",4,5,0.258,99,"COLD"
"smart-media.com","Smart Media","Marketing and Advertising","Micro ($0-$1MM)","Micro (1-9)","Unaware",5,1,0.060,123,"COLD"
"blue-solutions.com","Blue Solutions","Software / Information Technology","XLarge ($200MM-$1B)","XLarge (5,000-10,000)","Engaged",66,7,0.532,847,"WARM"
"rapid-io.com","Rapid Io","Telecommunications","Micro ($0-$1MM)","Micro (1-9)","Aware",12,5,0.174,144,"COLD"
"clear-works.com","Clear Works","Real Estate","Medium-Large ($50MM-$100MM)","Medium (200-499)","MQL",225,22,0.750,676,"HOT"
"vertex-inc.com","Vertex Inc","Logistics and Supply Chain","Large ($100MM-$200MM)","Large (1,000-4,999)","Engaged",92,5,0.484,417,"WARM"
"green-corp.com","Green Corp","Software / Information Technology","Medium-Small ($10MM-$50MM)","Medium-Small (50-199)","Unaware",4,1,0.158,149,"COLD"
"vertex-io.com","Vertex Io","Retail","Medium-Small ($10MM-$50MM)","Medium (200-499)","Engaged",65,5,0.530,290,"WARM"
"vertex-net.com","Vertex Net","Consumer Goods","Medium-Small ($10MM-$50MM)","Medium-Small (50-199)","Engaged",75,13,0.450,278,"WARM"
"green-works.com","Green Works","Education Management","Medium-Large ($50MM-$100MM)","Medium (200-499)","Engaged",98,11,0.496,412,"WARM"
"prime-io.com","Prime Io","Entertainment","Micro ($0-$1MM)","Micro (1-9)","Aware",6,5,0.162,114,"COLD"
"nova-digital.com","Nova Digital","Retail","Medium-Large ($50MM-$100MM)","Medium (200-499)","Unaware",5,1,0.160,130,"COLD"
"clear-labs.com","Clear Labs","Retail","Small ($1MM-$10MM)","Small (10-49)","Engaged",31,3,0.462,295,"WARM"
"nova-group.com","Nova Group","Entertainment","Medium-Small ($10MM-$50MM)","Medium (200-499)","Unaware",3,1,0.056,155,"COLD"
"atlas-digital.com","Atlas Digital","Construction","Micro ($0-$1MM)","Small (10-49)","Engaged",102,16,0.504,380,"HOT"
"green-cloud.com","Green Cloud","Financial Services","Medium-Small ($10MM-$50MM)","Medium (200-499)","Aware",8,4,0.166,195,"COLD"
"apex-corp.com","Apex Corp","Consumer Goods","Medium-Large ($50MM-$100MM)","Medium-Large (500-999)","MQL",226,20,0.750,528,"HOT"
"prime-inc.com","Prime Inc","Telecommunications","Medium-Large ($50MM-$100MM)","Medium-Large (500-999)","Unaware",2,1,0.054,90,"COLD"
"core-inc.com","Core Inc","Software / Information Technology","Medium-Small ($10MM-$50MM)","Medium (200-499)","Aware",5,2,0.260,170,"COLD"
"stellar-corp.com","Stellar Corp","Software / Information Technology","Large ($100MM-$200MM)","Large (1,000-4,999)","Engaged",22,13,0.444,272,"WARM"
"iron-media.com","Iron Media","Construction","Medium-Small ($10MM-$50MM)","Medium-Small (50-199)","Aware",14,5,0.178,191,"COLD"
"clear-hub.com","Clear Hub","Manufacturing","Medium-Small ($10MM-$50MM)","Medium (200-499)","Engaged",50,15,0.400,208,"WARM"
"global-inc.com","Global Inc","Hospital & Health Care","Medium-Small ($10MM-$50MM)","Medium-Small (50-199)","Unaware",4,1,0.058,151,"COLD"
"global-digital.com","Global Digital","Entertainment","Micro ($0-$1MM)","Micro (1-9)","Engaged",18,7,0.336,217,"WARM"
"global-data.com","Global Data","Entertainment","Micro ($0-$1MM)","Small (10-49)","Unaware",1,1,0.052,210,"COLD"
"swift-net.com","Swift Net","Legal Services","Micro ($0-$1MM)","Micro (1-9)","MQL",54,9,0.558,332,"HOT"
"prime-digital.com","Prime Digital","Hospital & Health Care","Medium-Large ($50MM-$100MM)","Medium (200-499)","Unaware",1,1,0.052,218,"COLD"
"nexus-data.com","Nexus Data","Automotive","Medium-Small ($10MM-$50MM)","Medium-Small (50-199)","Aware",22,3,0.194,189,"COLD"
"stellar-works.com","Stellar Works","Software / Information Technology","XLarge ($200MM-$1B)","XLarge (5,000-10,000)","Unaware",2,1,0.154,575,"COLD"
"nexus-corp.com","Nexus Corp","Hospital & Health Care","Medium-Small ($10MM-$50MM)","Medium (200-499)","Engaged",38,4,0.376,213,"WARM"
"clear-labs.com","Clear Labs","Entertainment","Small ($1MM-$10MM)","Small (10-49)","Unaware",1,1,0.052,235,"COLD"
"peak-inc.com","Peak Inc","Software / Information Technology","Small ($1MM-$10MM)","Medium-Small (50-199)","Aware",16,6,0.282,128,"COLD"
"apex-inc.com","Apex Inc","Health, Wellness and Fitness","Medium-Large ($50MM-$100MM)","Medium-Large (500-999)","Aware",20,4,0.190,288,"COLD"
"atlas-solutions.com","Atlas Solutions","Education Management","Micro ($0-$1MM)","Micro (1-9)","Unaware",5,1,0.060,64,"COLD"
"peak-corp.com","Peak Corp","Management Consulting","Medium-Small ($10MM-$50MM)","Medium (200-499)","Unaware",1,1,0.052,166,"COLD"
"bright-digital.com","Bright Digital","Financial Services","Medium-Small ($10MM-$50MM)","Medium (200-499)","Aware",7,1,0.164,138,"COLD"
"nexus-net.com","Nexus Net","Manufacturing","Small ($1MM-$10MM)","Medium-Small (50-199)","Engaged",39,12,0.378,281,"WARM"
"iron-systems.com","Iron Systems","Software / Information Technology","Small ($1MM-$10MM)","Medium-Small (50-199)","Aware",22,5,0.294,216,"COLD"
"smart-systems.com","Smart Systems","Marketing and Advertising","Small ($1MM-$10MM)","Small (10-49)","Unaware",2,1,0.054,122,"COLD"
"iron-systems.com","Iron Systems","Financial Services","XLarge ($200MM-$1B)","Large (1,000-4,999)","Engaged",23,15,0.346,718,"WARM"
"core-solutions.com","Core Solutions","Construction","Medium-Large ($50MM-$100MM)","Medium-Large (500-999)","Unaware",1,1,0.052,196,"COLD"
"core-io.com","Core Io","Marketing and Advertising","Micro ($0-$1MM)","Micro (1-9)","Engaged",33,16,0.366,237,"WARM"
"global-corp.com","Global Corp","Retail","Medium-Large ($50MM-$100MM)","Medium (200-499)","Engaged",42,17,0.484,260,"WARM"
"apex-tech.com","Apex Tech","Telecommunications","Medium-Large ($50MM-$100MM)","Medium-Large (500-999)","Unaware",5,1,0.060,135,"COLD"
"cyber-net.com","Cyber Net","Marketing and Advertising","Medium-Large ($50MM-$100MM)","Medium (200-499)","Engaged",78,15,0.456,250,"WARM"
"green-digital.com","Green Digital","Consumer Goods","Small ($1MM-$10MM)","Small (10-49)","Aware",6,2,0.162,125,"COLD"
"iron-io.com","Iron Io","Software / Information Technology","Medium-Large ($50MM-$100MM)","Medium-Large (500-999)","Unaware",2,1,0.154,112,"COLD"
"nova-corp.com","Nova Corp","E-Learning","Medium-Small ($10MM-$50MM)","Medium (200-499)","Unaware",2,1,0.054,148,"COLD"
"rapid-io.com","Rapid Io","Real Estate","Medium-Small ($10MM-$50MM)","Medium (200-499)","Unaware",1,1,0.052,122,"COLD"
"smart-labs.com","Smart Labs","Hospital & Health Care","XLarge ($200MM-$1B)","XLarge (5,000-10,000)","Unaware",2,1,0.054,681,"COLD"
"nexus-media.com","Nexus Media","Health, Wellness and Fitness","Large ($100MM-$200MM)","Medium-Large (500-999)","Engaged",27,15,0.354,218,"WARM"
"iron-net.com","Iron Net","Marketing and Advertising","Medium-Small ($10MM-$50MM)","Medium (200-499)","Unaware",3,1,0.056,162,"COLD"
"iron-media.com","Iron Media","Management Consulting","Micro ($0-$1MM)","Small (10-49)","Unaware",5,1,0.060,173,"COLD"
"bright-data.com","Bright Data","Retail","Micro ($0-$1MM)","Micro (1-9)","Unaware",5,1,0.160,134,"COLD"
"stellar-digital.com","Stellar Digital","Logistics and Supply Chain","Medium-Small ($10MM-$50MM)","Medium (200-499)","Unaware",2,1,0.054,111,"COLD"
"iron-io.com","Iron Io","Management Consulting","Micro ($0-$1MM)","Small (10-49)","Unaware",5,1,0.060,118,"COLD"
"atlas-group.com","Atlas Group","Insurance","Small ($1MM-$10MM)","Medium-Small (50-199)","Unaware",4,1,0.058,91,"COLD"
"blue-corp.com","Blue Corp","Software / Information Technology","Small ($1MM-$10MM)","Small (10-49)","Engaged",94,12,0.588,238,"WARM"
"core-net.com","Core Net","Retail","Medium-Small ($10MM-$50MM)","Medium-Small (50-199)","MQL",74,11,0.698,234,"HOT"
"clear-data.com","Clear Data","Retail","Small ($1MM-$10MM)","Small (10-49)","Aware",19,5,0.288,93,"COLD"
"core-solutions.com","Core Solutions","Financial Services","Micro ($0-$1MM)","Micro (1-9)","Aware",6,4,0.162,206,"COLD"
"blue-tech.com","Blue Tech","Logistics and Supply Chain","Small ($1MM-$10MM)","Small (10-49)","Unaware",4,1,0.058,128,"COLD"
"swift-cloud.com","Swift Cloud","Legal Services","Medium-Small ($10MM-$50MM)","Medium (200-499)","Aware",15,4,0.180,276,"COLD"
"acme-systems.com","Acme Systems","Hospital & Health Care","Micro ($0-$1MM)","Small (10-49)","Aware",9,2,0.168,204,"COLD"
"core-group.com","Core Group","Construction","Large ($100MM-$200MM)","Medium-Large (500-999)","Unaware",1,1,0.052,118,"COLD"
"blue-data.com","Blue Data","Software / Information Technology","Medium-Large ($50MM-$100MM)","Medium (200-499)","Unaware",4,1,0.158,165,"COLD"
"green-corp.com","Green Corp","Food & Beverages","Small ($1MM-$10MM)","Small (10-49)","Unaware",4,1,0.058,149,"COLD"
"smart-cloud.com","Smart Cloud","Food & Beverages","Micro ($0-$1MM)","Micro (1-9)","Engaged",66,11,0.432,222,"WARM"
"stellar-media.com","Stellar Media","E-Learning","Medium-Large ($50MM-$100MM)","Medium-Large (500-999)","MQL",67,10,0.584,188,"HOT"
"smart-solutions.com","Smart Solutions","Software / Information Technology","Medium-Large ($50MM-$100MM)","Medium-Large (500-999)","Aware",12,5,0.274,186,"COLD"
"core-net.com","Core Net","Food & Beverages","Large ($100MM-$200MM)","Large (1,000-4,999)","Unaware",1,1,0.052,88,"COLD"
"green-inc.com","Green Inc","Consumer Goods","Medium-Large ($50MM-$100MM)","Medium-Large (500-999)","Unaware",1,1,0.052,68,"COLD"
"atlas-group.com","Atlas Group","Marketing and Advertising","Medium-Small ($10MM-$50MM)","Medium (200-499)","MQL",110,24,0.670,303,"HOT"
"peak-labs.com","Peak Labs","Health, Wellness and Fitness","Medium-Large ($50MM-$100MM)","Medium (200-499)","Unaware",2,1,0.054,230,"COLD"
"atlas-hub.com","Atlas Hub","Education Management","Small ($1MM-$10MM)","Small (10-49)","Unaware",5,1,0.060,150,"COLD"
"clear-cloud.com","Clear Cloud","Hospital & Health Care","Medium-Small ($10MM-$50MM)","Medium (200-499)","Aware",22,2,0.194,188,"COLD"
"apex-corp.com","Apex Corp","Insurance","Small ($1MM-$10MM)","Medium-Small (50-199)","Aware",15,2,0.180,106,"COLD"
"swift-group.com","Swift Group","Insurance","Small ($1MM-$10MM)","Small (10-49)","Opportunity",437,32,0.750,1119,"HOT"
"nexus-hub.com","Nexus Hub","Software / Information Technology","Micro ($0-$1MM)","Micro (1-9)","Unaware",1,1,0.152,96,"COLD"
"stellar-data.com","Stellar Data","Legal Services","Medium-Small ($10MM-$50MM)","Medium-Small (50-199)","Opportunity",146,50,0.742,503,"HOT"
"apex-hub.com","Apex Hub","Food & Beverages","XLarge ($200MM-$1B)","XLarge (5,000-10,000)","Engaged",98,11,0.496,782,"WARM"
"smart-digital.com","Smart Digital","Manufacturing","Micro ($0-$1MM)","Micro (1-9)","Opportunity",262,46,0.750,655,"HOT"
"global-hub.com","Global Hub","Manufacturing","Small ($1MM-$10MM)","Small (10-49)","Engaged",94,17,0.488,295,"WARM"
"core-systems.com","Core Systems","Hospital & Health Care","Micro ($0-$1MM)","Micro (1-9)","Engaged",89,14,0.478,289,"WARM"
"nova-corp.com","Nova Corp","Logistics and Supply Chain","Small ($1MM-$10MM)","Medium-Small (50-199)","Unaware",2,1,0.054,148,"COLD"
"peak-solutions.com","Peak Solutions","Automotive","Micro ($0-$1MM)","Small (10-49)","Unaware",4,1,0.058,108,"COLD"
"atlas-group.com","Atlas Group","Software / Information Technology","Medium-Small ($10MM-$50MM)","Medium-Small (50-199)","Engaged",71,9,0.542,225,"WARM"
"acme-tech.com","Acme Tech","Software / Information Technology","Large ($100MM-$200MM)","Large (1,000-4,999)","MQL",150,23,0.850,366,"HOT"
"rapid-corp.com","Rapid Corp","Marketing and Advertising","Medium-Small ($10MM-$50MM)","Medium (200-499)","Unaware",4,1,0.058,225,"COLD"
"atlas-net.com","Atlas Net","Real Estate","Medium-Large ($50MM-$100MM)","Medium-Large (500-999)","Engaged",50,11,0.400,252,"WARM"
"green-inc.com","Green Inc","Automotive","Medium-Large ($50MM-$100MM)","Medium (200-499)","Aware",21,1,0.192,108,"COLD"
"apex-corp.com","Apex Corp","Management Consulting","Medium-Large ($50MM-$100MM)","Medium-Large (500-999)","Aware",11,4,0.172,98,"COLD"
"iron-media.com","Iron Media","Software / Information Technology","Medium-Small ($10MM-$50MM)","Medium (200-499)","Engaged",88,12,0.576,339,"WARM"
"acme-data.com","Acme Data","Retail","Medium-Small ($10MM-$50MM)","Medium (200-499)","Aware",6,5,0.262,241,"COLD"
"smart-works.com","Smart Works","Financial Services","Large ($100MM-$200MM)","Large (1,000-4,999)","Unaware",2,1,0.054,216,"COLD"
"swift-tech.com","Swift Tech","Marketing and Advertising","Micro ($0-$1MM)","Micro (1-9)","Aware",17,4,0.184,174,"COLD"
"nova-media.com","Nova Media","Marketing and Advertising","Medium-Small ($10MM-$50MM)","Medium-Small (50-199)","Engaged",20,9,0.340,119,"WARM"
"rapid-digital.com","Rapid Digital","Retail","Medium-Large ($50MM-$100MM)","Medium-Large (500-999)","Engaged",45,12,0.490,333,"WARM"
"blue-group.com","Blue Group","Legal Services","Small ($1MM-$10MM)","Small (10-49)","Unaware",1,1,0.052,111,"COLD"
"nexus-digital.com","Nexus Digital","Health, Wellness and Fitness","XLarge ($200MM-$1B)","Large (1,000-4,999)","Engaged",94,10,0.488,847,"WARM"
"swift-io.com","Swift Io","Consumer Goods","Small ($1MM-$10MM)","Small (10-49)","Aware",10,5,0.170,106,"COLD"
"nexus-labs.com","Nexus Labs","Entertainment","Micro ($0-$1MM)","Small (10-49)","Unaware",4,1,0.058,158,"COLD"
"iron-corp.com","Iron Corp","Entertainment","Micro ($0-$1MM)","Micro (1-9)","Unaware",2,1,0.054,184,"COLD"
"rapid-cloud.com","Rapid Cloud","Software / Information Technology","Large ($100MM-$200MM)","Medium-Large (500-999)","Aware",17,5,0.284,258,"COLD"
"core-io.com","Core Io","Software / Information Technology","Small ($1MM-$10MM)","Small (10-49)","Unaware",2,1,0.154,175,"COLD"
"apex-hub.com","Apex Hub","Food & Beverages","Small ($1MM-$10MM)","Medium-Small (50-199)","Aware",7,1,0.164,100,"COLD"
"vertex-digital.com","Vertex Digital","Software / Information Technology","XLarge ($200MM-$1B)","XLarge (5,000-10,000)","Unaware",2,1,0.154,670,"COLD"
"swift-works.com","Swift Works","Manufacturing","Micro ($0-$1MM)","Micro (1-9)","Opportunity",355,21,0.750,784,"HOT"
"atlas-corp.com","Atlas Corp","Retail","Small ($1MM-$10MM)","Medium-Small (50-199)","MQL",83,8,0.716,362,"HOT"
"rapid-group.com","Rapid Group","Logistics and Supply Chain","Micro ($0-$1MM)","Micro (1-9)","Aware",18,4,0.186,259,"COLD"
"blue-systems.com","Blue Systems","Retail","Medium-Large ($50MM-$100MM)","Medium (200-499)","Unaware",2,1,0.154,140,"COLD"
"smart-io.com","Smart Io","Marketing and Advertising","Micro ($0-$1MM)","Micro (1-9)","Unaware",4,1,0.058,101,"COLD"
"prime-solutions.com","Prime Solutions","Entertainment","Small ($1MM-$10MM)","Small (10-49)","Unaware",2,1,0.054,230,"COLD"
"green-corp.com","Green Corp","Marketing and Advertising","XLarge ($200MM-$1B)","XLarge (5,000-10,000)","Engaged",96,4,0.492,833,"WARM"
"prime-corp.com","Prime Corp","Software / Information Technology","Large ($100MM-$200MM)","Medium-Large (500-999)","Engaged",98,4,0.596,306,"WARM"
"green-io.com","Green Io","Software / Information Technology","Small ($1MM-$10MM)","Small (10-49)","Unaware",2,1,0.154,91,"COLD"
"vertex-tech.com","Vertex Tech","Legal Services","Small ($1MM-$10MM)","Small (10-49)","Unaware",5,1,0.060,66,"COLD"
"clear-digital.com","Clear Digital","Entertainment","Medium-Large ($50MM-$100MM)","Medium-Large (500-999)","Unaware",5,1,0.060,62,"COLD"
"nexus-systems.com","Nexus Systems","Software / Information Technology","Small ($1MM-$10MM)","Medium-Small (50-199)","Aware",17,2,0.284,93,"COLD"
"acme-tech.com","Acme Tech","Management Consulting","Medium-Large ($50MM-$100MM)","Medium (200-499)","Aware",10,4,0.170,86,"COLD"
"core-inc.com","Core Inc","Education Management","Small ($1MM-$10MM)","Small (10-49)","Unaware",4,1,0.058,168,"COLD"
"smart-data.com","Smart Data","Marketing and Advertising","Small ($1MM-$10MM)","Small (10-49)","Engaged",70,14,0.440,356,"WARM"
"swift-inc.com","Swift Inc","Real Estate","Medium-Small ($10MM-$50MM)","Medium-Small (50-199)","Aware",19,3,0.188,198,"COLD"
"cyber-solutions.com","Cyber Solutions","Logistics and Supply Chain","Small ($1MM-$10MM)","Small (10-49)","Aware",17,5,0.184,221,"COLD"
"acme-inc.com","Acme Inc","Marketing and Advertising","Medium-Small ($10MM-$50MM)","Medium (200-499)","Unaware",3,1,0.056,242,"COLD"
"swift-tech.com","Swift Tech","Retail","Small ($1MM-$10MM)","Small (10-49)","Aware",9,6,0.268,158,"COLD"
"swift-data.com","Swift Data","Legal Services","Large ($100MM-$200MM)","Medium-Large (500-999)","Aware",20,3,0.190,259,"COLD"
"smart-io.com","Smart Io","Software / Information Technology","Medium-Large ($50MM-$100MM)","Medium-Large (500-999)","Aware",14,5,0.278,121,"COLD"
"atlas-labs.com","Atlas Labs","Education Management","Small ($1MM-$10MM)","Small (10-49)","Unaware",1,1,0.052,178,"COLD"
"iron-inc.com","Iron Inc","Software / Information Technology","Small ($1MM-$10MM)","Small (10-49)","Unaware",2,1,0.154,108,"COLD"
"rapid-group.com","Rapid Group","Entertainment","Small ($1MM-$10MM)","Small (10-49)","Engaged",89,9,0.478,401,"WARM"
"smart-group.com","Smart Group","Manufacturing","Medium-Small ($10MM-$50MM)","Medium (200-499)","MQL",130,16,0.710,331,"HOT"
"apex-works.com","Apex Works","Health, Wellness and Fitness","XLarge ($200MM-$1B)","Large (1,000-4,999)","Unaware",2,1,0.054,586,"COLD"
"nova-tech.com","Nova Tech","Manufacturing","Small ($1MM-$10MM)","Medium-Small (50-199)","Engaged",77,15,0.454,352,"WARM"
"vertex-works.com","Vertex Works","Health, Wellness and Fitness","Small ($1MM-$10MM)","Small (10-49)","Aware",12,3,0.174,156,"COLD"
"peak-solutions.com","Peak Solutions","Marketing and Advertising","XLarge ($200MM-$1B)","Large (1,000-4,999)","Aware",17,2,0.184,634,"COLD"
"nova-inc.com","Nova Inc","Software / Information Technology","Micro ($0-$1MM)","Micro (1-9)","Unaware",4,1,0.158,195,"COLD"
"acme-hub.com","Acme Hub","Telecommunications","Small ($1MM-$10MM)","Small (10-49)","Engaged",109,15,0.518,364,"HOT"
"nova-net.com","Nova Net","Hospital & Health Care","Micro ($0-$1MM)","Small (10-49)","MQL",144,14,0.738,443,"HOT"
"cyber-corp.com","Cyber Corp","Retail","Small ($1MM-$10MM)","Small (10-49)","Unaware",1,1,0.152,145,"COLD"
"apex-cloud.com","Apex Cloud","Entertainment","Micro ($0-$1MM)","Small (10-49)","Engaged",80,11,0.460,297,"WARM"
"apex-inc.com","Apex Inc","Financial Services","Medium-Small ($10MM-$50MM)","Medium (200-499)","Unaware",4,1,0.058,256,"COLD"
"acme-systems.com","Acme Systems","Hospital & Health Care","Micro ($0-$1MM)","Micro (1-9)","Opportunity",475,31,0.750,1136,"HOT"
"clear-inc.com","Clear Inc","Consumer Goods","Small ($1MM-$10MM)","Small (10-49)","Unaware",2,1,0.054,241,"COLD"
"apex-hub.com","Apex Hub","Manufacturing","Small ($1MM-$10MM)","Small (10-49)","Engaged",87,8,0.474,260,"WARM"
"peak-works.com","Peak Works","E-Learning","Small ($1MM-$10MM)","Small (10-49)","Engaged",84,10,0.468,294,"WARM"
"nova-digital.com","Nova Digital","Retail","Large ($100MM-$200MM)","Large (1,000-4,999)","Unaware",5,1,0.160,130,"COLD"
"green-hub.com","Green Hub","Construction","Micro ($0-$1MM)","Small (10-49)","Unaware",5,1,0.060,204,"COLD"
"nova-cloud.com","Nova Cloud","Telecommunications","Micro ($0-$1MM)","Micro (1-9)","Opportunity",429,47,0.750,926,"HOT"
"green-group.com","Green Group","Financial Services","Medium-Large ($50MM-$100MM)","Medium (200-499)","Unaware",5,1,0.060,252,"COLD"
"cyber-corp.com","Cyber Corp","Retail","Small ($1MM-$10MM)","Small (10-49)","Aware",6,5,0.262,155,"COLD"
"smart-net.com","Smart Net","Consumer Goods","Micro ($0-$1MM)","Small (10-49)","Unaware",5,1,0.060,70,"COLD"
"cyber-works.com","Cyber Works","Financial Services","Medium-Small ($10MM-$50MM)","Medium (200-499)","Engaged",79,12,0.458,407,"WARM"
"rapid-group.com","Rapid Group","Education Management","Micro ($0-$1MM)","Small (10-49)","Engaged",61,17,0.422,345,"WARM"
"nova-systems.com","Nova Systems","Health, Wellness and Fitness","Medium-Large ($50MM-$100MM)","Medium (200-499)","Unaware",1,1,0.052,131,"COLD"
"smart-media.com","Smart Media","Consumer Goods","Large ($100MM-$200MM)","Medium-Large (500-999)","MQL",52,13,0.554,217,"HOT"
"iron-works.com","Iron Works","Retail","Micro ($0-$1MM)","Small (10-49)","Unaware",2,1,0.154,86,"COLD"
"swift-solutions.com","Swift Solutions","Financial Services","Small ($1MM-$10MM)","Small (10-49)","Engaged",31,5,0.362,205,"WARM"
"apex-inc.com","Apex Inc","Education Management","Large ($100MM-$200MM)","Large (1,000-4,999)","Unaware",4,1,0.058,256,"COLD"
"core-solutions.com","Core Solutions","Software / Information Technology","Small ($1MM-$10MM)","Medium-Small (50-199)","Engaged",10,7,0.420,214,"WARM"
"global-digital.com","Global Digital","E-Learning","Large ($100MM-$200MM)","Large (1,000-4,999)","Unaware",4,1,0.058,189,"COLD"
"vertex-cloud.com","Vertex Cloud","Logistics and Supply Chain","Micro ($0-$1MM)","Micro (1-9)","Opportunity",94,45,0.638,283,"HOT"
"core-hub.com","Core Hub","Automotive","Small ($1MM-$10MM)","Medium-Small (50-199)","Aware",11,2,0.172,73,"COLD"
"bright-solutions.com","Bright Solutions","Legal Services","Medium-Small ($10MM-$50MM)","Medium-Small (50-199)","Unaware",2,1,0.054,189,"COLD"
"peak-digital.com","Peak Digital","Entertainment","Micro ($0-$1MM)","Micro (1-9)","Aware",5,5,0.160,124,"COLD"
"nova-systems.com","Nova Systems","Consumer Goods","Small ($1MM-$10MM)","Medium-Small (50-199)","Unaware",3,1,0.056,135,"COLD"
"acme-net.com","Acme Net","Automotive","Medium-Small ($10MM-$50MM)","Medium (200-499)","Unaware",1,1,0.052,165,"COLD"
"green-digital.com","Green Digital","Marketing and Advertising","Small ($1MM-$10MM)","Small (10-49)","Engaged",30,7,0.360,173,"WARM"
"prime-solutions.com","Prime Solutions","Financial Services","Micro ($0-$1MM)","Micro (1-9)","MQL",214,29,0.750,654,"HOT"
"smart-tech.com","Smart Tech","Manufacturing","Medium-Small ($10MM-$50MM)","Medium (200-499)","Aware",16,2,0.182,189,"COLD"
"global-digital.com","Global Digital","Hospital & Health Care","Medium-Small ($10MM-$50MM)","Medium (200-499)","Aware",21,5,0.192,223,"COLD"
"atlas-group.com","Atlas Group","Retail","Micro ($0-$1MM)","Micro (1-9)","Aware",13,4,0.276,109,"COLD"
"bright-solutions.com","Bright Solutions","Retail","Medium-Small ($10MM-$50MM)","Medium (200-499)","Unaware",4,1,0.158,193,"COLD"
"swift-hub.com","Swift Hub","Marketing and Advertising","Medium-Small ($10MM-$50MM)","Medium (200-499)","Engaged",29,9,0.358,253,"WARM"
"swift-data.com","Swift Data","Consumer Goods","XXLarge ($1B+)","XXLarge (10,000+)","Aware",5,6,0.160,729,"COLD"
"nova-labs.com","Nova Labs","Management Consulting","Medium-Small ($10MM-$50MM)","Medium-Small (50-199)","Aware",8,2,0.166,123,"COLD"
"core-solutions.com","Core Solutions","Software / Information Technology","Large ($100MM-$200MM)","Large (1,000-4,999)","Engaged",43,12,0.486,280,"WARM"
"clear-tech.com","Clear Tech","Retail","Small ($1MM-$10MM)","Medium-Small (50-199)","Aware",19,3,0.288,191,"COLD"
"blue-tech.com","Blue Tech","Education Management","Large ($100MM-$200MM)","Large (1,000-4,999)","MQL",140,23,0.730,400,"HOT"
"iron-inc.com","Iron Inc","Logistics and Supply Chain","Medium-Small ($10MM-$50MM)","Medium-Small (50-199)","Engaged",108,8,0.516,320,"HOT"
"clear-digital.com","Clear Digital","Retail","XLarge ($200MM-$1B)","Large (1,000-4,999)","Opportunity",176,29,0.850,904,"HOT"
"clear-group.com","Clear Group","Management Consulting","Small ($1MM-$10MM)","Medium-Small (50-199)","Engaged",31,5,0.362,230,"WARM"
"cyber-tech.com","Cyber Tech","Entertainment","Medium-Small ($10MM-$50MM)","Medium-Small (50-199)","Engaged",63,15,0.426,352,"WARM"
"global-group.com","Global Group","Marketing and Advertising","Small ($1MM-$10MM)","Small (10-49)","Aware",20,6,0.190,201,"COLD"
"smart-systems.com","Smart Systems","Software / Information Technology","Micro ($0-$1MM)","Micro (1-9)","Unaware",1,1,0.152,120,"COLD"
"cyber-data.com","Cyber Data","E-Learning","Medium-Small ($10MM-$50MM)","Medium (200-499)","Unaware",5,1,0.060,152,"COLD"
"apex-inc.com","Apex Inc","Marketing and Advertising","Small ($1MM-$10MM)","Medium-Small (50-199)","Unaware",4,1,0.058,256,"COLD"
"rapid-tech.com","Rapid Tech","Retail","Micro ($0-$1MM)","Small (10-49)","Unaware",1,1,0.152,149,"COLD"
"rapid-io.com","Rapid Io","Health, Wellness and Fitness","Medium-Small ($10MM-$50MM)","Medium (200-499)","Unaware",3,1,0.056,126,"COLD"
"nova-net.com","Nova Net","Marketing and Advertising","Small ($1MM-$10MM)","Small (10-49)","Engaged",51,4,0.402,257,"WARM"
"stellar-group.com","Stellar Group","Retail","Micro ($0-$1MM)","Micro (1-9)","Unaware",1,1,0.152,156,"COLD"
"prime-works.com","Prime Works","Marketing and Advertising","Medium-Large ($50MM-$100MM)","Medium-Large (500-999)","Unaware",4,1,0.058,87,"COLD"
"green-labs.com","Green Labs","Manufacturing","Micro ($0-$1MM)","Micro (1-9)","Aware",6,5,0.162,245,"COLD"
"prime-solutions.com","Prime Solutions","Marketing and Advertising","Large ($100MM-$200MM)","Medium-Large (500-999)","Unaware",2,1,0.054,230,"COLD"
"bright-inc.com","Bright Inc","Software / Information Technology","XLarge ($200MM-$1B)","XLarge (5,000-10,000)","MQL",79,13,0.708,856,"HOT"
"peak-systems.com","Peak Systems","Real Estate","Micro ($0-$1MM)","Micro (1-9)","Aware",13,2,0.176,167,"COLD"
"swift-hub.com","Swift Hub","Consumer Goods","Medium-Small ($10MM-$50MM)","Medium (200-499)","Unaware",5,1,0.060,205,"COLD"
"clear-media.com","Clear Media","Financial Services","Medium-Large ($50MM-$100MM)","Medium-Large (500-999)","Unaware",2,1,0.054,81,"COLD"
"stellar-data.com","Stellar Data","E-Learning","Medium-Small ($10MM-$50MM)","Medium-Small (50-199)","Aware",18,5,0.186,247,"COLD"
"vertex-systems.com","Vertex Systems","Software / Information Technology","Medium-Small ($10MM-$50MM)","Medium (200-499)","Unaware",4,1,0.158,222,"COLD"
"vertex-inc.com","Vertex Inc","Manufacturing","Small ($1MM-$10MM)","Small (10-49)","Aware",19,6,0.188,271,"COLD"
"stellar-labs.com","Stellar Labs","Marketing and Advertising","Small ($1MM-$10MM)","Small (10-49)","Unaware",1,1,0.052,192,"COLD"
"green-media.com","Green Media","Manufacturing","Micro ($0-$1MM)","Micro (1-9)","Unaware",5,1,0.060,162,"COLD"
"stellar-net.com","Stellar Net","Health, Wellness and Fitness","Medium-Large ($50MM-$100MM)","Medium (200-499)","Unaware",1,1,0.052,81,"COLD"
"peak-data.com","Peak Data","Software / Information Technology","Micro ($0-$1MM)","Micro (1-9)","Unaware",1,1,0.152,136,"COLD"
"acme-corp.com","Acme Corp","Software / Information Technology","Micro ($0-$1MM)","Micro (1-9)","Aware",22,2,0.294,131,"COLD"
"cyber-hub.com","Cyber Hub","Education Management","Micro ($0-$1MM)","Small (10-49)","Unaware",5,1,0.060,109,"COLD"
"atlas-inc.com","Atlas Inc","Logistics and Supply Chain","Medium-Large ($50MM-$100MM)","Medium-Large (500-999)","Unaware",3,1,0.056,134,"COLD"
"swift-io.com","Swift Io","Retail","Small ($1MM-$10MM)","Small (10-49)","Engaged",21,6,0.442,128,"WARM"
"prime-media.com","Prime Media","Manufacturing","Micro ($0-$1MM)","Small (10-49)","Unaware",5,1,0.060,195,"COLD"
"apex-inc.com","Apex Inc","Retail","XXLarge ($1B+)","XXLarge (10,000+)","Engaged",68,6,0.536,884,"WARM"
"cyber-corp.com","Cyber Corp","Software / Information Technology","XLarge ($200MM-$1B)","Large (1,000-4,999)","Unaware",5,1,0.160,653,"COLD"
"peak-works.com","Peak Works","Telecommunications","Micro ($0-$1MM)","Micro (1-9)","Unaware",1,1,0.052,128,"COLD"
"core-media.com","Core Media","Retail","Micro ($0-$1MM)","Micro (1-9)","Engaged",81,5,0.562,324,"WARM"
"clear-hub.com","Clear Hub","Marketing and Advertising","Medium-Large ($50MM-$100MM)","Medium (200-499)","Unaware",2,1,0.054,112,"COLD"
"atlas-hub.com","Atlas Hub","Health, Wellness and Fitness","Small ($1MM-$10MM)","Small (10-49)","MQL",131,10,0.712,402,"HOT"
"stellar-io.com","Stellar Io","Logistics and Supply Chain","XXLarge ($1B+)","XXLarge (10,000+)","Unaware",1,1,0.052,692,"COLD"
"blue-systems.com","Blue Systems","Manufacturing","Large ($100MM-$200MM)","Medium-Large (500-999)","Aware",7,5,0.164,150,"COLD"
"blue-digital.com","Blue Digital","Software / Information Technology","Micro ($0-$1MM)","Micro (1-9)","Unaware",2,1,0.154,242,"COLD"
"iron-net.com","Iron Net","Real Estate","Medium-Large ($50MM-$100MM)","Medium-Large (500-999)","MQL",89,6,0.628,334,"HOT"
"core-corp.com","Core Corp","Software / Information Technology","Medium-Large ($50MM-$100MM)","Medium (200-499)","Engaged",57,8,0.514,350,"WARM"
"blue-cloud.com","Blue Cloud","Management Consulting","Medium-Small ($10MM-$50MM)","Medium (200-499)","Opportunity",463,23,0.750,989,"HOT"
"apex-data.com","Apex Data","Insurance","Micro ($0-$1MM)","Micro (1-9)","Engaged",30,18,0.360,223,"WARM"
"rapid-tech.com","Rapid Tech","Software / Information Technology","Micro ($0-$1MM)","Micro (1-9)","Unaware",2,1,0.154,151,"COLD"
"swift-corp.com","Swift Corp","Entertainment","Small ($1MM-$10MM)","Small (10-49)","Engaged",69,6,0.438,260,"WARM"
"iron-cloud.com","Iron Cloud","Insurance","Micro ($0-$1MM)","Micro (1-9)","Opportunity",136,42,0.722,343,"HOT"
"iron-works.com","Iron Works","Hospital & Health Care","Large ($100MM-$200MM)","Large (1,000-4,999)","Aware",18,4,0.186,118,"COLD"
"vertex-data.com","Vertex Data","Health, Wellness and Fitness","Medium-Large ($50MM-$100MM)","Medium-Large (500-999)","Aware",9,5,0.168,169,"COLD"
"cyber-tech.com","Cyber Tech","Management Consulting","Medium-Small ($10MM-$50MM)","Medium (200-499)","Unaware",5,1,0.060,236,"COLD"
"atlas-digital.com","Atlas Digital","Telecommunications","Medium-Large ($50MM-$100MM)","Medium (200-499)","Aware",22,6,0.194,220,"COLD"
"smart-inc.com","Smart Inc","Legal Services","Medium-Small ($10MM-$50MM)","Medium (200-499)","MQL",123,21,0.696,386,"HOT"
"nova-data.com","Nova Data","Software / Information Technology","Micro ($0-$1MM)","Small (10-49)","MQL",49,29,0.648,271,"HOT"
"global-works.com","Global Works","Logistics and Supply Chain","XXLarge ($1B+)","XXLarge (10,000+)","Engaged",70,17,0.440,763,"WARM"
"vertex-tech.com","Vertex Tech","Software / Information Technology","Medium-Small ($10MM-$50MM)","Medium-Small (50-199)","Engaged",104,3,0.608,264,"HOT"
"rapid-cloud.com","Rapid Cloud","Retail","Large ($100MM-$200MM)","Medium-Large (500-999)","Engaged",56,10,0.512,336,"WARM"
"nova-cloud.com","Nova Cloud","Entertainment","XXLarge ($1B+)","XXLarge (10,000+)","Unaware",2,1,0.054,572,"COLD"
"apex-labs.com","Apex Labs","Marketing and Advertising","Micro ($0-$1MM)","Micro (1-9)","Engaged",85,16,0.470,224,"WARM"
"clear-digital.com","Clear Digital","E-Learning","Medium-Small ($10MM-$50MM)","Medium-Small (50-199)","Aware",13,4,0.176,78,"COLD"
"nexus-labs.com","Nexus Labs","Telecommunications","Large ($100MM-$200MM)","Large (1,000-4,999)","Engaged",94,6,0.488,338,"WARM"
"bright-labs.com","Bright Labs","Retail","Micro ($0-$1MM)","Micro (1-9)","Aware",17,4,0.284,148,"COLD"
"clear-media.com","Clear Media","Software / Information Technology","Medium-Small ($10MM-$50MM)","Medium (200-499)","Aware",11,1,0.272,99,"COLD"
"clear-hub.com","Clear Hub","Marketing and Advertising","Micro ($0-$1MM)","Micro (1-9)","Opportunity",389,18,0.750,886,"HOT"
"peak-media.com","Peak Media","Hospital & Health Care","Large ($100MM-$200MM)","Medium-Large (500-999)","Aware",5,2,0.160,60,"COLD"
"apex-corp.com","Apex Corp","Logistics and Supply Chain","Medium-Large ($50MM-$100MM)","Medium (200-499)","Aware",15,3,0.180,106,"COLD"
"blue-cloud.com","Blue Cloud","E-Learning","XXLarge ($1B+)","XXLarge (10,000+)","Aware",13,3,0.176,589,"COLD"
"bright-tech.com","Bright Tech","Hospital & Health Care","Micro ($0-$1MM)","Micro (1-9)","Engaged",87,6,0.474,349,"WARM"
"global-corp.com","Global Corp","Software / Information Technology","Large ($100MM-$200MM)","Large (1,000-4,999)","Unaware",4,1,0.158,184,"COLD"
"blue-corp.com","Blue Corp","Software / Information Technology","Medium-Small ($10MM-$50MM)","Medium (200-499)","Unaware",3,1,0.156,56,"COLD"
"swift-net.com","Swift Net","Education Management","Small ($1MM-$10MM)","Small (10-49)","Unaware",1,1,0.052,226,"COLD"
"nexus-corp.com","Nexus Corp","Health, Wellness and Fitness","Small ($1MM-$10MM)","Small (10-49)","Aware",3,4,0.156,143,"COLD"
"peak-labs.com","Peak Labs","Software / Information Technology","Micro ($0-$1MM)","Small (10-49)","Unaware",3,1,0.156,232,"COLD"
"bright-io.com","Bright Io","Software / Information Technology","XXLarge ($1B+)","XXLarge (10,000+)","Engaged",18,5,0.436,748,"WARM"
"global-media.com","Global Media","Software / Information Technology","XXLarge ($1B+)","XXLarge (10,000+)","Unaware",2,1,0.154,575,"COLD"
"global-labs.com","Global Labs","Education Management","Micro ($0-$1MM)","Micro (1-9)","MQL",210,12,0.750,565,"HOT"
"cyber-group.com","Cyber Group","Telecommunications","Medium-Small ($10MM-$50MM)","Medium (200-499)","Aware",11,5,0.172,83,"COLD"
"cyber-digital.com","Cyber Digital","Real Estate","Micro ($0-$1MM)","Small (10-49)","Engaged",71,11,0.442,365,"WARM"
"smart-data.com","Smart Data","Consumer Goods","XLarge ($200MM-$1B)","XLarge (5,000-10,000)","Unaware",4,1,0.058,724,"COLD"
"global-works.com","Global Works","Software / Information Technology","Small ($1MM-$10MM)","Medium-Small (50-199)","Opportunity",332,45,0.850,787,"HOT"
"stellar-solutions.com","Stellar Solutions","Consumer Goods","Micro ($0-$1MM)","Micro (1-9)","Aware",14,2,0.178,270,"COLD"
"bright-io.com","Bright Io","Manufacturing","XXLarge ($1B+)","XXLarge (10,000+)","Unaware",5,1,0.060,722,"COLD"
"prime-systems.com","Prime Systems","Marketing and Advertising","Micro ($0-$1MM)","Micro (1-9)","Engaged",26,11,0.352,143,"WARM"
"atlas-tech.com","Atlas Tech","Financial Services","Small ($1MM-$10MM)","Small (10-49)","Engaged",15,7,0.330,84,"WARM"
"nova-group.com","Nova Group","Financial Services","Micro ($0-$1MM)","Micro (1-9)","Unaware",4,1,0.058,157,"COLD"
"clear-digital.com","Clear Digital","Construction","Micro ($0-$1MM)","Micro (1-9)","Unaware",4,1,0.058,60,"COLD"
"vertex-cloud.com","Vertex Cloud","Management Consulting","Micro ($0-$1MM)","Small (10-49)","Unaware",3,1,0.056,101,"COLD"
"apex-systems.com","Apex Systems","Automotive","Medium-Large ($50MM-$100MM)","Medium-Large (500-999)","Engaged",36,8,0.372,286,"WARM"
"green-tech.com","Green Tech","Food & Beverages","Medium-Large ($50MM-$100MM)","Medium (200-499)","Unaware",4,1,0.058,189,"COLD"
"swift-solutions.com","Swift Solutions","Entertainment","Small ($1MM-$10MM)","Small (10-49)","Engaged",75,13,0.450,293,"WARM"
"iron-io.com","Iron Io","Retail","Medium-Large ($50MM-$100MM)","Medium (200-499)","Opportunity",306,34,0.850,720,"HOT"
"peak-media.com","Peak Media","Insurance","Medium-Small ($10MM-$50MM)","Medium (200-499)","Aware",12,5,0.174,74,"COLD"
"nova-works.com","Nova Works","E-Learning","XLarge ($200MM-$1B)","XLarge (5,000-10,000)","Unaware",4,1,0.058,733,"COLD"
"core-works.com","Core Works","Software / Information Technology","Micro ($0-$1MM)","Micro (1-9)","Unaware",4,1,0.158,111,"COLD"
"smart-inc.com","Smart Inc","Insurance","Micro ($0-$1MM)","Micro (1-9)","Aware",20,4,0.190,180,"COLD"
"apex-data.com","Apex Data","Food & Beverages","Small ($1MM-$10MM)","Medium-Small (50-199)","Unaware",4,1,0.058,171,"COLD"
"stellar-media.com","Stellar Media","Management Consulting","Small ($1MM-$10MM)","Small (10-49)","MQL",168,5,0.750,390,"HOT"
"global-works.com","Global Works","Marketing and Advertising","Micro ($0-$1MM)","Micro (1-9)","Unaware",4,1,0.058,131,"COLD"
"smart-io.com","Smart Io","Entertainment","Micro ($0-$1MM)","Micro (1-9)","Unaware",5,1,0.060,103,"COLD"
"global-works.com","Global Works","Logistics and Supply Chain","Micro ($0-$1MM)","Micro (1-9)","Aware",12,3,0.174,147,"COLD"
"clear-group.com","Clear Group","Automotive","Micro ($0-$1MM)","Micro (1-9)","Aware",7,6,0.164,182,"COLD"
"swift-hub.com","Swift Hub","Insurance","Medium-Large ($50MM-$100MM)","Medium-Large (500-999)","Aware",8,2,0.166,211,"COLD"
"nexus-inc.com","Nexus Inc","E-Learning","Small ($1MM-$10MM)","Small (10-49)","Unaware",2,1,0.054,194,"COLD"
"stellar-cloud.com","Stellar Cloud","Hospital & Health Care","Large ($100MM-$200MM)","Large (1,000-4,999)","Aware",12,4,0.174,87,"COLD"
"apex-works.com","Apex Works","Real Estate","Medium-Large ($50MM-$100MM)","Medium (200-499)","Aware",11,2,0.172,104,"COLD"
"nexus-tech.com","Nexus Tech","E-Learning","Small ($1MM-$10MM)","Medium-Small (50-199)","Unaware",1,1,0.052,235,"COLD"
"acme-solutions.com","Acme Solutions","Financial Services","Medium-Large ($50MM-$100MM)","Medium (200-499)","Engaged",18,16,0.336,103,"WARM"
"stellar-group.com","Stellar Group","Marketing and Advertising","Micro ($0-$1MM)","Micro (1-9)","Unaware",4,1,0.058,162,"COLD"
"atlas-net.com","Atlas Net","Real Estate","Large ($100MM-$200MM)","Medium-Large (500-999)","Unaware",3,1,0.056,158,"COLD"
"nexus-inc.com","Nexus Inc","Marketing and Advertising","Medium-Large ($50MM-$100MM)","Medium-Large (500-999)","Aware",15,1,0.180,220,"COLD"
"cyber-io.com","Cyber Io","Insurance","Micro ($0-$1MM)","Micro (1-9)","Aware",13,5,0.176,265,"COLD"
"atlas-hub.com","Atlas Hub","Entertainment","Small ($1MM-$10MM)","Medium-Small (50-199)","MQL",183,22,0.750,506,"HOT"
"clear-net.com","Clear Net","Insurance","Micro ($0-$1MM)","Small (10-49)","Aware",12,3,0.174,100,"COLD"
"cyber-media.com","Cyber Media","Retail","Medium-Small ($10MM-$50MM)","Medium-Small (50-199)","Aware",6,2,0.262,202,"COLD"
"bright-digital.com","Bright Digital","E-Learning","Medium-Large ($50MM-$100MM)","Medium (200-499)","Engaged",67,7,0.434,258,"WARM"
"atlas-cloud.com","Atlas Cloud","Consumer Goods","Medium-Small ($10MM-$50MM)","Medium (200-499)","MQL",225,30,0.750,644,"HOT"
"stellar-io.com","Stellar Io","Marketing and Advertising","Micro ($0-$1MM)","Small (10-49)","MQL",68,24,0.586,326,"HOT"
"atlas-solutions.com","Atlas Solutions","Financial Services","Micro ($0-$1MM)","Small (10-49)","Engaged",33,9,0.366,120,"WARM"
"swift-group.com","Swift Group","Software / Information Technology","Medium-Large ($50MM-$100MM)","Medium-Large (500-999)","Aware",15,3,0.280,275,"COLD"
"iron-tech.com","Iron Tech","Manufacturing","Small ($1MM-$10MM)","Medium-Small (50-199)","Unaware",3,1,0.056,151,"COLD"
"acme-hub.com","Acme Hub","Software / Information Technology","Micro ($0-$1MM)","Micro (1-9)","Unaware",2,1,0.154,150,"COLD"
"nexus-media.com","Nexus Media","Software / Information Technology","Small ($1MM-$10MM)","Small (10-49)","Aware",17,4,0.284,198,"COLD"
"vertex-solutions.com","Vertex Solutions","Real Estate","Micro ($0-$1MM)","Micro (1-9)","Unaware",3,1,0.056,81,"COLD"
"prime-labs.com","Prime Labs","Retail","Micro ($0-$1MM)","Small (10-49)","Aware",18,5,0.286,102,"COLD"
"cyber-media.com","Cyber Media","Marketing and Advertising","Micro ($0-$1MM)","Small (10-49)","Engaged",29,12,0.358,248,"WARM"
"bright-io.com","Bright Io","Hospital & Health Care","XLarge ($200MM-$1B)","XLarge (5,000-10,000)","Engaged",85,14,0.470,882,"WARM"
"core-tech.com","Core Tech","Real Estate","Micro ($0-$1MM)","Small (10-49)","Aware",18,3,0.186,121,"COLD"
"core-group.com","Core Group","Retail","Large ($100MM-$200MM)","Large (1,000-4,999)","Aware",10,4,0.270,136,"COLD"
"nexus-inc.com","Nexus Inc","Logistics and Supply Chain","Medium-Small ($10MM-$50MM)","Medium (200-499)","Aware",16,5,0.182,222,"COLD"
"apex-works.com","Apex Works","Logistics and Supply Chain","Small ($1MM-$10MM)","Medium-Small (50-199)","MQL",194,22,0.750,470,"HOT"
"prime-solutions.com","Prime Solutions","Financial Services","Medium-Large ($50MM-$100MM)","Medium (200-499)","Engaged",59,8,0.418,344,"WARM"
"bright-systems.com","Bright Systems","Consumer Goods","Large ($100MM-$200MM)","Large (1,000-4,999)","Unaware",5,1,0.060,88,"COLD"
"nova-corp.com","Nova Corp","Real Estate","Medium-Small ($10MM-$50MM)","Medium (200-499)","Engaged",39,17,0.378,222,"WARM"
"iron-corp.com","Iron Corp","Financial Services","Large ($100MM-$200MM)","Large (1,000-4,999)","Aware",19,2,0.188,218,"COLD"
"stellar-labs.com","Stellar Labs","Legal Services","Medium-Small ($10MM-$50MM)","Medium-Small (50-199)","Aware",10,5,0.170,210,"COLD"
"swift-cloud.com","Swift Cloud","Entertainment","Medium-Large ($50MM-$100MM)","Medium-Large (500-999)","Unaware",1,1,0.052,248,"COLD"
"green-group.com","Green Group","Insurance","Small ($1MM-$10MM)","Small (10-49)","Engaged",107,17,0.514,456,"HOT"
"nexus-works.com","Nexus Works","Real Estate","Small ($1MM-$10MM)","Medium-Small (50-199)","Engaged",48,3,0.396,235,"WARM"
"clear-systems.com","Clear Systems","Consumer Goods","Micro ($0-$1MM)","Micro (1-9)","Unaware",1,1,0.052,228,"COLD"
"swift-systems.com","Swift Systems","Marketing and Advertising","Micro ($0-$1MM)","Micro (1-9)","Engaged",82,7,0.464,411,"WARM"
"blue-hub.com","Blue Hub","Entertainment","Small ($1MM-$10MM)","Small (10-49)","MQL",74,19,0.598,215,"HOT"
"cyber-tech.com","Cyber Tech","Health, Wellness and Fitness","Medium-Small ($10MM-$50MM)","Medium (200-499)","Aware",8,3,0.166,242,"COLD"
"atlas-data.com","Atlas Data","Hospital & Health Care","Small ($1MM-$10MM)","Small (10-49)","Unaware",5,1,0.060,88,"COLD"
"vertex-group.com","Vertex Group","Legal Services","Medium-Small ($10MM-$50MM)","Medium (200-499)","Unaware",4,1,0.058,227,"COLD"
"core-labs.com","Core Labs","Manufacturing","Medium-Small ($10MM-$50MM)","Medium (200-499)","Engaged",20,16,0.340,205,"WARM"
"apex-works.com","Apex Works","Insurance","Micro ($0-$1MM)","Small (10-49)","Aware",20,3,0.190,122,"COLD"
"blue-systems.com","Blue Systems","Marketing and Advertising","Micro ($0-$1MM)","Micro (1-9)","Unaware",5,1,0.060,146,"COLD"
"stellar-corp.com","Stellar Corp","Logistics and Supply Chain","Large ($100MM-$200MM)","Large (1,000-4,999)","Unaware",3,1,0.056,234,"COLD"
"acme-cloud.com","Acme Cloud","Health, Wellness and Fitness","Large ($100MM-$200MM)","Large (1,000-4,999)","Unaware",1,1,0.052,193,"COLD"
"vertex-solutions.com","Vertex Solutions","Software / Information Technology","Micro ($0-$1MM)","Micro (1-9)","Opportunity",320,47,0.850,715,"HOT"
"acme-systems.com","Acme Systems","Entertainment","Medium-Large ($50MM-$100MM)","Medium (200-499)","Aware",5,5,0.160,196,"COLD"
"blue-tech.com","Blue Tech","Insurance","Medium-Large ($50MM-$100MM)","Medium (200-499)","Unaware",5,1,0.060,130,"COLD"
"bright-corp.com","Bright Corp","Software / Information Technology","Small ($1MM-$10MM)","Small (10-49)","Unaware",3,1,0.156,230,"COLD"
"atlas-cloud.com","Atlas Cloud","Marketing and Advertising","Micro ($0-$1MM)","Micro (1-9)","Unaware",2,1,0.054,198,"COLD"
"global-systems.com","Global Systems","Education Management","Medium-Small ($10MM-$50MM)","Medium (200-499)","Unaware",2,1,0.054,231,"COLD"
"clear-digital.com","Clear Digital","Marketing and Advertising","Micro ($0-$1MM)","Micro (1-9)","Aware",7,5,0.164,66,"COLD"
"blue-media.com","Blue Media","Automotive","Medium-Large ($50MM-$100MM)","Medium (200-499)","Unaware",4,1,0.058,61,"COLD"
"global-systems.com","Global Systems","Education Management","Medium-Small ($10MM-$50MM)","Medium (200-499)","Unaware",1,1,0.052,229,"COLD"
"core-systems.com","Core Systems","Food & Beverages","Medium-Large ($50MM-$100MM)","Medium-Large (500-999)","Engaged",33,12,0.366,177,"WARM"
"clear-media.com","Clear Media","Management Consulting","Small ($1MM-$10MM)","Medium-Small (50-199)","Unaware",5,1,0.060,87,"COLD"
"swift-inc.com","Swift Inc","Retail","Medium-Large ($50MM-$100MM)","Medium (200-499)","Unaware",5,1,0.160,170,"COLD"
"prime-digital.com","Prime Digital","Manufacturing","Micro ($0-$1MM)","Micro (1-9)","Engaged",89,3,0.478,394,"WARM"
"nexus-digital.com","Nexus Digital","Management Consulting","XLarge ($200MM-$1B)","XLarge (5,000-10,000)","Unaware",3,1,0.056,665,"COLD"
"apex-inc.com","Apex Inc","Management Consulting","XLarge ($200MM-$1B)","XLarge (5,000-10,000)","Unaware",3,1,0.056,754,"COLD"
"peak-cloud.com","Peak Cloud","Marketing and Advertising","Medium-Large ($50MM-$100MM)","Medium-Large (500-999)","MQL",196,27,0.750,463,"HOT"
"core-labs.com","Core Labs","Telecommunications","Medium-Large ($50MM-$100MM)","Medium-Large (500-999)","Aware",22,3,0.194,209,"COLD"
"iron-tech.com","Iron Tech","Manufacturing","Micro ($0-$1MM)","Micro (1-9)","Unaware",1,1,0.052,147,"COLD"
"atlas-tech.com","Atlas Tech","Software / Information Technology","Large ($100MM-$200MM)","Medium-Large (500-999)","Aware",10,3,0.270,74,"COLD"
"apex-systems.com","Apex Systems","Education Management","Large ($100MM-$200MM)","Medium-Large (500-999)","Unaware",4,1,0.058,222,"COLD"
"atlas-io.com","Atlas Io","Insurance","Medium-Small ($10MM-$50MM)","Medium-Small (50-199)","Opportunity",384,46,0.750,1015,"HOT"
"blue-corp.com","Blue Corp","Consumer Goods","Medium-Small ($10MM-$50MM)","Medium (200-499)","Aware",13,4,0.176,76,"COLD"
"bright-systems.com","Bright Systems","Manufacturing","Medium-Small ($10MM-$50MM)","Medium (200-499)","MQL",71,25,0.592,220,"HOT"
"apex-cloud.com","Apex Cloud","Software / Information Technology","Large ($100MM-$200MM)","Large (1,000-4,999)","Engaged",34,14,0.468,205,"WARM"
"nexus-solutions.com","Nexus Solutions","Financial Services","Micro ($0-$1MM)","Small (10-49)","Opportunity",450,36,0.750,1039,"HOT"
"vertex-hub.com","Vertex Hub","Management Consulting","Small ($1MM-$10MM)","Small (10-49)","Engaged",59,15,0.418,238,"WARM"
"nexus-digital.com","Nexus Digital","Entertainment","Medium-Small ($10MM-$50MM)","Medium-Small (50-199)","Opportunity",144,14,0.738,447,"HOT"
"rapid-tech.com","Rapid Tech","Software / Information Technology","Micro ($0-$1MM)","Micro (1-9)","Aware",5,3,0.260,157,"COLD"
"bright-data.com","Bright Data","Financial Services","XXLarge ($1B+)","XXLarge (10,000+)","Unaware",3,1,0.056,630,"COLD"
"green-digital.com","Green Digital","Management Consulting","Small ($1MM-$10MM)","Medium-Small (50-199)","Aware",7,4,0.164,127,"COLD"
"green-group.com","Green Group","Logistics and Supply Chain","Micro ($0-$1MM)","Micro (1-9)","Aware",21,3,0.192,284,"COLD"
"peak-labs.com","Peak Labs","Financial Services","Small ($1MM-$10MM)","Medium-Small (50-199)","Unaware",1,1,0.052,228,"COLD"
"prime-labs.com","Prime Labs","Food & Beverages","Small ($1MM-$10MM)","Small (10-49)","Engaged",68,8,0.436,202,"WARM"
"apex-media.com","Apex Media","Software / Information Technology","Large ($100MM-$200MM)","Medium-Large (500-999)","Unaware",3,1,0.156,180,"COLD"
"apex-data.com","Apex Data","Software / Information Technology","Micro ($0-$1MM)","Micro (1-9)","Engaged",66,13,0.532,295,"WARM"
"clear-hub.com","Clear Hub","E-Learning","Micro ($0-$1MM)","Micro (1-9)","Engaged",53,8,0.406,214,"WARM"
"acme-net.com","Acme Net","Hospital & Health Care","Medium-Small ($10MM-$50MM)","Medium (200-499)","Unaware",4,1,0.058,171,"COLD"
"apex-corp.com","Apex Corp","Management Consulting","Medium-Large ($50MM-$100MM)","Medium-Large (500-999)","Unaware",3,1,0.056,82,"COLD"
"bright-data.com","Bright Data","Health, Wellness and Fitness","XLarge ($200MM-$1B)","Large (1,000-4,999)","Unaware",2,1,0.054,628,"COLD"
"bright-solutions.com","Bright Solutions","Software / Information Technology","Micro ($0-$1MM)","Small (10-49)","Opportunity",105,33,0.760,395,"HOT"
"atlas-corp.com","Atlas Corp","Financial Services","Large ($100MM-$200MM)","Large (1,000-4,999)","Unaware",2,1,0.054,200,"COLD"
"clear-digital.com","Clear Digital","Education Management","Medium-Small ($10MM-$50MM)","Medium-Small (50-199)","Unaware",2,1,0.054,56,"COLD"
"acme-hub.com","Acme Hub","Construction","Large ($100MM-$200MM)","Medium-Large (500-999)","Unaware",2,1,0.054,150,"COLD"
"rapid-digital.com","Rapid Digital","Software / Information Technology","Medium-Small ($10MM-$50MM)","Medium (200-499)","Engaged",91,3,0.582,425,"WARM"
"cyber-net.com","Cyber Net","Financial Services","Micro ($0-$1MM)","Micro (1-9)","Opportunity",440,28,0.750,974,"HOT"
"global-io.com","Global Io","Construction","Medium-Large ($50MM-$100MM)","Medium-Large (500-999)","Unaware",1,1,0.052,59,"COLD"
"clear-io.com","Clear Io","Telecommunications","Medium-Large ($50MM-$100MM)","Medium-Large (500-999)","MQL",51,18,0.552,300,"HOT"
"nexus-cloud.com","Nexus Cloud","Retail","Medium-Large ($50MM-$100MM)","Medium-Large (500-999)","Engaged",46,10,0.492,337,"WARM"
"smart-works.com","Smart Works","Consumer Goods","Medium-Large ($50MM-$100MM)","Medium-Large (500-999)","Engaged",58,5,0.416,328,"WARM"
"bright-net.com","Bright Net","Entertainment","Medium-Small ($10MM-$50MM)","Medium (200-499)","Aware",22,1,0.194,98,"COLD"
"acme-data.com","Acme Data","Software / Information Technology","Medium-Small ($10MM-$50MM)","Medium-Small (50-199)","Engaged",67,5,0.534,363,"WARM"
"vertex-cloud.com","Vertex Cloud","Software / Information Technology","Micro ($0-$1MM)","Micro (1-9)","Aware",6,3,0.262,107,"COLD"
"green-data.com","Green Data","Telecommunications","Medium-Small ($10MM-$50MM)","Medium (200-499)","Engaged",85,12,0.470,310,"WARM"
"atlas-hub.com","Atlas Hub","Retail","Micro ($0-$1MM)","Small (10-49)","Unaware",4,1,0.158,148,"COLD"
"cyber-works.com","Cyber Works","Food & Beverages","Large ($100MM-$200MM)","Medium-Large (500-999)","Unaware",1,1,0.052,251,"COLD"
"global-tech.com","Global Tech","Construction","Large ($100MM-$200MM)","Medium-Large (500-999)","Engaged",11,7,0.322,245,"WARM"
"core-solutions.com","Core Solutions","Software / Information Technology","Small ($1MM-$10MM)","Small (10-49)","MQL",198,30,0.850,590,"HOT"
"bright-digital.com","Bright Digital","Software / Information Technology","Small ($1MM-$10MM)","Small (10-49)","Aware",11,3,0.272,146,"COLD"
"core-digital.com","Core Digital","Software / Information Technology","Medium-Small ($10MM-$50MM)","Medium-Small (50-199)","Aware",20,3,0.290,181,"COLD"
"vertex-net.com","Vertex Net","Education Management","Large ($100MM-$200MM)","Medium-Large (500-999)","Unaware",4,1,0.058,136,"COLD"
"smart-solutions.com","Smart Solutions","Software / Information Technology","Small ($1MM-$10MM)","Small (10-49)","Unaware",5,1,0.160,172,"COLD"
"bright-io.com","Bright Io","Financial Services","XLarge ($200MM-$1B)","Large (1,000-4,999)","Unaware",2,1,0.054,716,"COLD"
"iron-media.com","Iron Media","Manufacturing","Micro ($0-$1MM)","Micro (1-9)","Aware",11,6,0.172,185,"COLD"
"core-digital.com","Core Digital","Software / Information Technology","Medium-Small ($10MM-$50MM)","Medium-Small (50-199)","Engaged",66,7,0.532,273,"WARM"
"nova-labs.com","Nova Labs","Marketing and Advertising","Large ($100MM-$200MM)","Medium-Large (500-999)","Unaware",1,1,0.052,109,"COLD"
"rapid-labs.com","Rapid Labs","Financial Services","Small ($1MM-$10MM)","Small (10-49)","Aware",13,3,0.176,249,"COLD"
"atlas-tech.com","Atlas Tech","Logistics and Supply Chain","Large ($100MM-$200MM)","Large (1,000-4,999)","Unaware",2,1,0.054,58,"COLD"
"bright-digital.com","Bright Digital","E-Learning","XLarge ($200MM-$1B)","Large (1,000-4,999)","MQL",85,21,0.620,794,"HOT"
"cyber-tech.com","Cyber Tech","Entertainment","Small ($1MM-$10MM)","Small (10-49)","Unaware",4,1,0.058,234,"COLD"
"global-io.com","Global Io","Retail","Medium-Large ($50MM-$100MM)","Medium (200-499)","Unaware",1,1,0.152,59,"COLD"
"stellar-systems.com","Stellar Systems","E-Learning","Medium-Small ($10MM-$50MM)","Medium (200-499)","Unaware",2,1,0.054,157,"COLD"
"apex-solutions.com","Apex Solutions","Education Management","Medium-Large ($50MM-$100MM)","Medium (200-499)","MQL",118,18,0.686,450,"HOT"
"blue-labs.com","Blue Labs","Education Management","Small ($1MM-$10MM)","Small (10-49)","Unaware",5,1,0.060,212,"COLD"
"nova-hub.com","Nova Hub","Entertainment","Small ($1MM-$10MM)","Small (10-49)","Aware",14,5,0.178,216,"COLD"
"bright-hub.com","Bright Hub","Food & Beverages","Medium-Large ($50MM-$100MM)","Medium (200-499)","Aware",18,4,0.186,216,"COLD"
"nova-data.com","Nova Data","Marketing and Advertising","Medium-Small ($10MM-$50MM)","Medium (200-499)","Engaged",100,12,0.500,373,"WARM"
"nexus-net.com","Nexus Net","Manufacturing","Medium-Small ($10MM-$50MM)","Medium-Small (50-199)","Unaware",4,1,0.058,211,"COLD"
"global-io.com","Global Io","Marketing and Advertising","Medium-Large ($50MM-$100MM)","Medium (200-499)","Engaged",45,7,0.390,147,"WARM"
"cyber-net.com","Cyber Net","Health, Wellness and Fitness","Medium-Small ($10MM-$50MM)","Medium-Small (50-199)","Unaware",1,1,0.052,96,"COLD"
"atlas-net.com","Atlas Net","Management Consulting","Medium-Small ($10MM-$50MM)","Medium-Small (50-199)","Aware",14,5,0.178,180,"COLD"
"swift-io.com","Swift Io","Education Management","XLarge ($200MM-$1B)","XLarge (5,000-10,000)","Unaware",2,1,0.054,590,"COLD"
"bright-labs.com","Bright Labs","Marketing and Advertising","Small ($1MM-$10MM)","Small (10-49)","Aware",4,4,0.158,122,"COLD"
"blue-group.com","Blue Group","Telecommunications","Medium-Large ($50MM-$100MM)","Medium-Large (500-999)","MQL",99,22,0.648,307,"HOT"
"apex-digital.com","Apex Digital","Education Management","Micro ($0-$1MM)","Micro (1-9)","Engaged",62,5,0.424,176,"WARM"
"cyber-data.com","Cyber Data","Telecommunications","Medium-Small ($10MM-$50MM)","Medium (200-499)","MQL",198,11,0.750,538,"HOT"
"stellar-digital.com","Stellar Digital","Marketing and Advertising","Small ($1MM-$10MM)","Medium-Small (50-199)","Unaware",2,1,0.054,111,"COLD"
"swift-works.com","Swift Works","Retail","Micro ($0-$1MM)","Micro (1-9)","Unaware",3,1,0.156,80,"COLD"
"prime-digital.com","Prime Digital","Marketing and Advertising","Medium-Small ($10MM-$50MM)","Medium (200-499)","Unaware",3,1,0.056,222,"COLD"
"green-labs.com","Green Labs","Retail","Micro ($0-$1MM)","Micro (1-9)","Opportunity",460,17,0.850,1153,"HOT"
"prime-io.com","Prime Io","Software / Information Technology","Micro ($0-$1MM)","Micro (1-9)","Opportunity",431,20,0.850,964,"HOT"
"green-cloud.com","Green Cloud","Construction","Micro ($0-$1MM)","Small (10-49)","Aware",18,4,0.186,215,"COLD"
"cyber-corp.com","Cyber Corp","Retail","Micro ($0-$1MM)","Small (10-49)","Unaware",2,1,0.154,147,"COLD"
"swift-group.com","Swift Group","Financial Services","Medium-Small ($10MM-$50MM)","Medium-Small (50-199)","Unaware",2,1,0.054,249,"COLD"
"bright-media.com","Bright Media","Marketing and Advertising","XXLarge ($1B+)","XXLarge (10,000+)","Aware",12,3,0.174,726,"COLD"
"acme-works.com","Acme Works","Marketing and Advertising","Micro ($0-$1MM)","Micro (1-9)","Engaged",37,5,0.374,284,"WARM"
"clear-cloud.com","Clear Cloud","Entertainment","Medium-Small ($10MM-$50MM)","Medium (200-499)","MQL",50,15,0.550,244,"HOT"
"peak-digital.com","Peak Digital","Construction","Medium-Large ($50MM-$100MM)","Medium (200-499)","Unaware",5,1,0.060,124,"COLD"
"nova-digital.com","Nova Digital","Legal Services","Small ($1MM-$10MM)","Small (10-49)","Aware",5,4,0.160,130,"COLD"
"acme-tech.com","Acme Tech","Telecommunications","Medium-Small ($10MM-$50MM)","Medium-Small (50-199)","Engaged",82,15,0.464,230,"WARM"
"rapid-media.com","Rapid Media","Entertainment","Small ($1MM-$10MM)","Small (10-49)","Aware",3,6,0.156,70,"COLD"
"atlas-io.com","Atlas Io","Consumer Goods","XXLarge ($1B+)","XXLarge (10,000+)","Unaware",4,1,0.058,755,"COLD"
"clear-solutions.com","Clear Solutions","E-Learning","Large ($100MM-$200MM)","Large (1,000-4,999)","Aware",9,2,0.168,74,"COLD"
"atlas-inc.com","Atlas Inc","Construction","Micro ($0-$1MM)","Micro (1-9)","Aware",18,6,0.186,164,"COLD"
"smart-hub.com","Smart Hub","Retail","XXLarge ($1B+)","XXLarge (10,000+)","Unaware",3,1,0.156,626,"COLD"
"green-works.com","Green Works","Hospital & Health Care","Medium-Large ($50MM-$100MM)","Medium (200-499)","Aware",14,3,0.178,244,"COLD"
"nova-net.com","Nova Net","Financial Services","XLarge ($200MM-$1B)","Large (1,000-4,999)","Aware",4,1,0.158,663,"COLD"
"nova-net.com","Nova Net","Entertainment","Small ($1MM-$10MM)","Small (10-49)","MQL",89,29,0.628,333,"HOT"
"core-media.com","Core Media","E-Learning","Small ($1MM-$10MM)","Medium-Small (50-199)","Engaged",16,11,0.332,194,"WARM"
"vertex-solutions.com","Vertex Solutions","Food & Beverages","Small ($1MM-$10MM)","Medium-Small (50-199)","Unaware",3,1,0.056,81,"COLD"
"global-corp.com","Global Corp","Software / Information Technology","XXLarge ($1B+)","XXLarge (10,000+)","Unaware",5,1,0.160,686,"COLD"
"core-works.com","Core Works","Food & Beverages","Small ($1MM-$10MM)","Small (10-49)","Unaware",4,1,0.058,111,"COLD"
"peak-net.com","Peak Net","Financial Services","Medium-Small ($10MM-$50MM)","Medium-Small (50-199)","Unaware",4,1,0.058,134,"COLD"
"cyber-digital.com","Cyber Digital","Hospital & Health Care","Medium-Large ($50MM-$100MM)","Medium (200-499)","Unaware",1,1,0.052,225,"COLD"
"apex-solutions.com","Apex Solutions","Education Management","Micro ($0-$1MM)","Small (10-49)","Unaware",1,1,0.052,216,"COLD"
"bright-media.com","Bright Media","Hospital & Health Care","Medium-Large ($50MM-$100MM)","Medium-Large (500-999)","Unaware",2,1,0.054,206,"COLD"
"atlas-works.com","Atlas Works","Automotive","Micro ($0-$1MM)","Micro (1-9)","Unaware",4,1,0.058,250,"COLD"
"iron-media.com","Iron Media","Software / Information Technology","Medium-Small ($10MM-$50MM)","Medium-Small (50-199)","Aware",11,3,0.272,185,"COLD"
"smart-hub.com","Smart Hub","Financial Services","Small ($1MM-$10MM)","Medium-Small (50-199)","Aware",5,4,0.160,130,"COLD"
"blue-data.com","Blue Data","Hospital & Health Care","XXLarge ($1B+)","XXLarge (10,000+)","Engaged",16,4,0.332,689,"WARM"
"acme-systems.com","Acme Systems","Hospital & Health Care","XLarge ($200MM-$1B)","XLarge (5,000-10,000)","Aware",22,1,0.194,730,"COLD"
"apex-labs.com","Apex Labs","Education Management","Medium-Small ($10MM-$50MM)","Medium (200-499)","Unaware",5,1,0.060,64,"COLD"
"apex-works.com","Apex Works","Telecommunications","Micro ($0-$1MM)","Micro (1-9)","Unaware",5,1,0.060,92,"COLD"
"smart-solutions.com","Smart Solutions","Retail","Micro ($0-$1MM)","Micro (1-9)","Engaged",11,10,0.422,184,"WARM"
"stellar-systems.com","Stellar Systems","Software / Information Technology","Medium-Small ($10MM-$50MM)","Medium (200-499)","Aware",22,3,0.294,197,"COLD"
"clear-solutions.com","Clear Solutions","Marketing and Advertising","Micro ($0-$1MM)","Small (10-49)","Unaware",5,1,0.060,66,"COLD"
"acme-io.com","Acme Io","Food & Beverages","XLarge ($200MM-$1B)","Large (1,000-4,999)","Engaged",32,17,0.364,773,"WARM"
"swift-io.com","Swift Io","Financial Services","Small ($1MM-$10MM)","Medium-Small (50-199)","Aware",22,3,0.194,130,"COLD"
"nova-hub.com","Nova Hub","Legal Services","Micro ($0-$1MM)","Micro (1-9)","Engaged",68,14,0.436,324,"WARM"
"stellar-corp.com","Stellar Corp","Financial Services","Medium-Large ($50MM-$100MM)","Medium-Large (500-999)","Unaware",2,1,0.054,232,"COLD"
"apex-net.com","Apex Net","Financial Services","Large ($100MM-$200MM)","Large (1,000-4,999)","Engaged",108,8,0.516,315,"HOT"
"global-labs.com","Global Labs","Marketing and Advertising","Micro ($0-$1MM)","Micro (1-9)","Aware",13,3,0.176,171,"COLD"
"clear-systems.com","Clear Systems","Management Consulting","Medium-Small ($10MM-$50MM)","Medium-Small (50-199)","MQL",102,19,0.654,430,"HOT"
"iron-media.com","Iron Media","Software / Information Technology","Small ($1MM-$10MM)","Medium-Small (50-199)","MQL",70,28,0.690,303,"HOT"
"apex-data.com","Apex Data","Manufacturing","Small ($1MM-$10MM)","Medium-Small (50-199)","Unaware",5,1,0.060,173,"COLD"
"acme-labs.com","Acme Labs","Automotive","Medium-Large ($50MM-$100MM)","Medium (200-499)","Unaware",1,1,0.052,94,"COLD"
"acme-systems.com","Acme Systems","Entertainment","Medium-Large ($50MM-$100MM)","Medium (200-499)","Unaware",1,1,0.052,188,"COLD"
"nova-tech.com","Nova Tech","Marketing and Advertising","Medium-Small ($10MM-$50MM)","Medium-Small (50-199)","Unaware",4,1,0.058,206,"COLD"
"prime-hub.com","Prime Hub","Retail","Small ($1MM-$10MM)","Medium-Small (50-199)","Unaware",3,1,0.156,217,"COLD"
"prime-group.com","Prime Group","Education Management","Micro ($0-$1MM)","Micro (1-9)","Unaware",5,1,0.060,136,"COLD"
"clear-solutions.com","Clear Solutions","Retail","Micro ($0-$1MM)","Small (10-49)","Aware",12,3,0.274,80,"COLD"
"blue-corp.com","Blue Corp","Software / Information Technology","Micro ($0-$1MM)","Small (10-49)","MQL",89,10,0.728,228,"HOT"
"blue-solutions.com","Blue Solutions","Software / Information Technology","Micro ($0-$1MM)","Small (10-49)","Aware",17,6,0.284,249,"COLD"
"swift-cloud.com","Swift Cloud","Manufacturing","Medium-Small ($10MM-$50MM)","Medium-Small (50-199)","MQL",87,9,0.624,420,"HOT"
"core-hub.com","Core Hub","Hospital & Health Care","Medium-Large ($50MM-$100MM)","Medium (200-499)","Unaware",3,1,0.056,57,"COLD"
"swift-digital.com","Swift Digital","Software / Information Technology","Micro ($0-$1MM)","Small (10-49)","Unaware",2,1,0.154,103,"COLD"
"vertex-solutions.com","Vertex Solutions","Insurance","Small ($1MM-$10MM)","Small (10-49)","Unaware",4,1,0.058,83,"COLD"
"nexus-digital.com","Nexus Digital","Retail","Medium-Small ($10MM-$50MM)","Medium (200-499)","Unaware",3,1,0.156,165,"COLD"
"cyber-digital.com","Cyber Digital","Financial Services","Medium-Small ($10MM-$50MM)","Medium (200-499)","Unaware",2,1,0.054,227,"COLD"
"nova-solutions.com","Nova Solutions","Education Management","Medium-Small ($10MM-$50MM)","Medium-Small (50-199)","Aware",16,1,0.182,156,"COLD"
"global-solutions.com","Global Solutions","Retail","Medium-Large ($50MM-$100MM)","Medium (200-499)","Aware",13,4,0.276,90,"COLD"
"nexus-hub.com","Nexus Hub","Financial Services","Medium-Large ($50MM-$100MM)","Medium-Large (500-999)","Engaged",49,3,0.398,192,"WARM"
"swift-hub.com","Swift Hub","Software / Information Technology","Large ($100MM-$200MM)","Large (1,000-4,999)","Unaware",1,1,0.152,197,"COLD"
"rapid-cloud.com","Rapid Cloud","Telecommunications","Small ($1MM-$10MM)","Medium-Small (50-199)","Unaware",2,1,0.054,228,"COLD"
"nexus-solutions.com","Nexus Solutions","Marketing and Advertising","Medium-Small ($10MM-$50MM)","Medium (200-499)","Engaged",57,9,0.414,253,"WARM"
"apex-labs.com","Apex Labs","Financial Services","Micro ($0-$1MM)","Micro (1-9)","Aware",11,2,0.172,76,"COLD"
"global-data.com","Global Data","Consumer Goods","XXLarge ($1B+)","XXLarge (10,000+)","Engaged",80,14,0.460,868,"WARM"
"cyber-works.com","Cyber Works","Real Estate","XLarge ($200MM-$1B)","XLarge (5,000-10,000)","Engaged",88,8,0.476,925,"WARM"
"bright-cloud.com","Bright Cloud","Automotive","XLarge ($200MM-$1B)","XLarge (5,000-10,000)","Unaware",5,1,0.060,625,"COLD"
"iron-works.com","Iron Works","Consumer Goods","Medium-Small ($10MM-$50MM)","Medium (200-499)","MQL",146,25,0.742,374,"HOT"
"nova-net.com","Nova Net","E-Learning","Micro ($0-$1MM)","Small (10-49)","Unaware",2,1,0.054,159,"COLD"
"vertex-inc.com","Vertex Inc","Hospital & Health Care","XXLarge ($1B+)","XXLarge (10,000+)","Engaged",51,14,0.402,835,"WARM"
"nova-corp.com","Nova Corp","Construction","Small ($1MM-$10MM)","Medium-Small (50-199)","Unaware",5,1,0.060,154,"COLD"
"blue-systems.com","Blue Systems","Health, Wellness and Fitness","Large ($100MM-$200MM)","Medium-Large (500-999)","Aware",21,5,0.192,178,"COLD"
"iron-data.com","Iron Data","Software / Information Technology","Medium-Small ($10MM-$50MM)","Medium (200-499)","Aware",6,4,0.262,137,"COLD"
"core-io.com","Core Io","Hospital & Health Care","Small ($1MM-$10MM)","Medium-Small (50-199)","Aware",6,6,0.162,183,"COLD"
"peak-data.com","Peak Data","Financial Services","Medium-Large ($50MM-$100MM)","Medium-Large (500-999)","MQL",187,19,0.750,508,"HOT"
"nova-labs.com","Nova Labs","Software / Information Technology","XLarge ($200MM-$1B)","XLarge (5,000-10,000)","Aware",14,2,0.278,635,"COLD"
"vertex-labs.com","Vertex Labs","Software / Information Technology","Medium-Large ($50MM-$100MM)","Medium-Large (500-999)","Engaged",103,8,0.606,414,"HOT"
"stellar-corp.com","Stellar Corp","Manufacturing","Medium-Large ($50MM-$100MM)","Medium-Large (500-999)","Aware",5,3,0.160,238,"COLD"
"green-works.com","Green Works","Consumer Goods","Medium-Small ($10MM-$50MM)","Medium (200-499)","Engaged",97,16,0.494,410,"WARM"
"green-tech.com","Green Tech","Marketing and Advertising","Small ($1MM-$10MM)","Small (10-49)","Unaware",4,1,0.058,189,"COLD"
"smart-io.com","Smart Io","Financial Services","Large ($100MM-$200MM)","Large (1,000-4,999)","Unaware",3,1,0.056,99,"COLD"
"iron-net.com","Iron Net","Insurance","Medium-Small ($10MM-$50MM)","Medium (200-499)","Unaware",4,1,0.058,164,"COLD"
"global-works.com","Global Works","Management Consulting","Medium-Small ($10MM-$50MM)","Medium-Small (50-199)","Unaware",1,1,0.052,125,"COLD"
"bright-group.com","Bright Group","Manufacturing","Micro ($0-$1MM)","Micro (1-9)","Engaged",25,7,0.350,289,"WARM"
"swift-group.com","Swift Group","Financial Services","Large ($100MM-$200MM)","Large (1,000-4,999)","Engaged",84,6,0.468,413,"WARM"
"core-io.com","Core Io","Telecommunications","XXLarge ($1B+)","XXLarge (10,000+)","Engaged",61,7,0.422,793,"WARM"
"blue-net.com","Blue Net","Hospital & Health Care","Medium-Large ($50MM-$100MM)","Medium (200-499)","Unaware",2,1,0.054,199,"COLD"
"swift-systems.com","Swift Systems","Insurance","Small ($1MM-$10MM)","Medium-Small (50-199)","Engaged",21,4,0.342,289,"WARM"
"prime-inc.com","Prime Inc","Software / Information Technology","Small ($1MM-$10MM)","Medium-Small (50-199)","Unaware",3,1,0.156,92,"COLD"
"peak-net.com","Peak Net","Software / Information Technology","Micro ($0-$1MM)","Small (10-49)","Unaware",1,1,0.152,128,"COLD"
"bright-corp.com","Bright Corp","Manufacturing","Micro ($0-$1MM)","Micro (1-9)","Engaged",14,11,0.328,252,"WARM"
"core-tech.com","Core Tech","Health, Wellness and Fitness","Medium-Small ($10MM-$50MM)","Medium-Small (50-199)","Engaged",88,5,0.476,261,"WARM"
"stellar-corp.com","Stellar Corp","Construction","Medium-Large ($50MM-$100MM)","Medium-Large (500-999)","Unaware",3,1,0.056,234,"COLD"
"atlas-digital.com","Atlas Digital","Education Management","Small ($1MM-$10MM)","Medium-Small (50-199)","Aware",22,3,0.194,220,"COLD"
"apex-group.com","Apex Group","Software / Information Technology","Small ($1MM-$10MM)","Small (10-49)","Unaware",2,1,0.154,103,"COLD"
"stellar-works.com","Stellar Works","Legal Services","Medium-Small ($10MM-$50MM)","Medium (200-499)","Unaware",4,1,0.058,79,"COLD"
"cyber-corp.com","Cyber Corp","Food & Beverages","Micro ($0-$1MM)","Small (10-49)","Unaware",2,1,0.054,147,"COLD"
"apex-data.com","Apex Data","Software / Information Technology","Large ($100MM-$200MM)","Large (1,000-4,999)","Engaged",74,10,0.548,311,"WARM"
"smart-systems.com","Smart Systems","Marketing and Advertising","Large ($100MM-$200MM)","Large (1,000-4,999)","Engaged",28,16,0.356,174,"WARM"
"cyber-solutions.com","Cyber Solutions","Software / Information Technology","Small ($1MM-$10MM)","Small (10-49)","Unaware",1,1,0.152,189,"COLD"
"swift-inc.com","Swift Inc","Marketing and Advertising","Large ($100MM-$200MM)","Large (1,000-4,999)","Opportunity",73,11,0.596,306,"HOT"
"acme-systems.com","Acme Systems","Marketing and Advertising","Medium-Large ($50MM-$100MM)","Medium (200-499)","Aware",5,3,0.160,196,"COLD"
"nova-data.com","Nova Data","Entertainment","Medium-Small ($10MM-$50MM)","Medium (200-499)","Aware",18,6,0.186,209,"COLD"
"cyber-media.com","Cyber Media","Hospital & Health Care","Micro ($0-$1MM)","Micro (1-9)","Unaware",3,1,0.056,196,"COLD"
"prime-group.com","Prime Group","Education Management","Medium-Small ($10MM-$50MM)","Medium-Small (50-199)","Unaware",4,1,0.058,134,"COLD"
"bright-io.com","Bright Io","Automotive","Small ($1MM-$10MM)","Medium-Small (50-199)","Aware",13,4,0.176,238,"COLD"
"swift-labs.com","Swift Labs","Insurance","Small ($1MM-$10MM)","Small (10-49)","Unaware",4,1,0.058,63,"COLD"
"nexus-labs.com","Nexus Labs","Consumer Goods","Micro ($0-$1MM)","Micro (1-9)","Unaware",1,1,0.052,152,"COLD"
"swift-hub.com","Swift Hub","Software / Information Technology","Medium-Large ($50MM-$100MM)","Medium (200-499)","Unaware",2,1,0.154,199,"COLD"
"prime-cloud.com","Prime Cloud","Entertainment","Medium-Small ($10MM-$50MM)","Medium-Small (50-199)","Engaged",58,9,0.416,305,"WARM"
"stellar-solutions.com","Stellar Solutions","Food & Beverages","Medium-Small ($10MM-$50MM)","Medium (200-499)","Engaged",75,9,0.450,392,"WARM"
"smart-corp.com","Smart Corp","Marketing and Advertising","Small ($1MM-$10MM)","Medium-Small (50-199)","Aware",21,6,0.192,136,"COLD"
"bright-group.com","Bright Group","Consumer Goods","Medium-Large ($50MM-$100MM)","Medium-Large (500-999)","Aware",18,3,0.186,275,"COLD"
"iron-hub.com","Iron Hub","Real Estate","Medium-Small ($10MM-$50MM)","Medium-Small (50-199)","Unaware",4,1,0.058,141,"COLD"
"swift-inc.com","Swift Inc","Logistics and Supply Chain","Micro ($0-$1MM)","Small (10-49)","Opportunity",125,47,0.700,410,"HOT"
"swift-works.com","Swift Works","E-Learning","XXLarge ($1B+)","XXLarge (10,000+)","Unaware",3,1,0.056,580,"COLD"
"peak-inc.com","Peak Inc","Automotive","XXLarge ($1B+)","XXLarge (10,000+)","Aware",10,2,0.170,616,"COLD"
"smart-io.com","Smart Io","Education Management","Micro ($0-$1MM)","Small (10-49)","MQL",105,9,0.660,303,"HOT"
"peak-net.com","Peak Net","Legal Services","Medium-Small ($10MM-$50MM)","Medium-Small (50-199)","MQL",52,26,0.554,230,"HOT"
"blue-labs.com","Blue Labs","Financial Services","Large ($100MM-$200MM)","Medium-Large (500-999)","Unaware",2,1,0.054,206,"COLD"
"peak-net.com","Peak Net","Software / Information Technology","Micro ($0-$1MM)","Micro (1-9)","Unaware",5,1,0.160,136,"COLD"
"green-corp.com","Green Corp","Legal Services","XLarge ($200MM-$1B)","XLarge (5,000-10,000)","Engaged",19,12,0.338,679,"WARM"
"smart-hub.com","Smart Hub","Software / Information Technology","Micro ($0-$1MM)","Small (10-49)","MQL",76,20,0.702,272,"HOT"
"acme-corp.com","Acme Corp","Retail","Medium-Small ($10MM-$50MM)","Medium-Small (50-199)","MQL",137,15,0.824,361,"HOT"
"core-io.com","Core Io","Marketing and Advertising","Medium-Large ($50MM-$100MM)","Medium-Large (500-999)","Engaged",100,7,0.500,371,"WARM"
"blue-digital.com","Blue Digital","Software / Information Technology","Medium-Small ($10MM-$50MM)","Medium-Small (50-199)","Unaware",4,1,0.158,246,"COLD"
"iron-works.com","Iron Works","Education Management","Medium-Small ($10MM-$50MM)","Medium (200-499)","Aware",3,3,0.156,88,"COLD"
"cyber-tech.com","Cyber Tech","Entertainment","Small ($1MM-$10MM)","Small (10-49)","Unaware",1,1,0.052,228,"COLD"
"peak-works.com","Peak Works","Automotive","Medium-Small ($10MM-$50MM)","Medium (200-499)","Aware",9,3,0.168,144,"COLD"
"clear-digital.com","Clear Digital","Health, Wellness and Fitness","Micro ($0-$1MM)","Micro (1-9)","Aware",17,4,0.184,86,"COLD"
"clear-net.com","Clear Net","Insurance","Large ($100MM-$200MM)","Large (1,000-4,999)","Unaware",2,1,0.054,80,"COLD"
"clear-solutions.com","Clear Solutions","Software / Information Technology","Large ($100MM-$200MM)","Large (1,000-4,999)","Aware",17,5,0.284,90,"COLD"
"green-solutions.com","Green Solutions","Telecommunications","Micro ($0-$1MM)","Micro (1-9)","Unaware",1,1,0.052,247,"COLD"
"rapid-media.com","Rapid Media","Education Management","Large ($100MM-$200MM)","Medium-Large (500-999)","Aware",13,5,0.176,90,"COLD"
"global-io.com","Global Io","Food & Beverages","XLarge ($200MM-$1B)","XLarge (5,000-10,000)","Engaged",104,15,0.508,765,"HOT"
"prime-works.com","Prime Works","Entertainment","Large ($100MM-$200MM)","Large (1,000-4,999)","Aware",4,2,0.158,87,"COLD"
"peak-labs.com","Peak Labs","Software / Information Technology","Small ($1MM-$10MM)","Medium-Small (50-199)","MQL",196,6,0.850,618,"HOT"
"rapid-cloud.com","Rapid Cloud","Financial Services","Micro ($0-$1MM)","Small (10-49)","Aware",19,5,0.188,262,"COLD"
"clear-labs.com","Clear Labs","Automotive","Micro ($0-$1MM)","Small (10-49)","Aware",13,3,0.176,259,"COLD"
"cyber-media.com","Cyber Media","Construction","Micro ($0-$1MM)","Micro (1-9)","Aware",7,6,0.164,204,"COLD"
"rapid-media.com","Rapid Media","Entertainment","Micro ($0-$1MM)","Micro (1-9)","Aware",20,5,0.190,104,"COLD"
"core-tech.com","Core Tech","Marketing and Advertising","Small ($1MM-$10MM)","Medium-Small (50-199)","Unaware",3,1,0.056,91,"COLD"
"vertex-io.com","Vertex Io","Software / Information Technology","Micro ($0-$1MM)","Micro (1-9)","Aware",11,3,0.272,182,"COLD"
"bright-systems.com","Bright Systems","Education Management","Small ($1MM-$10MM)","Small (10-49)","Unaware",2,1,0.054,82,"COLD"
"acme-media.com","Acme Media","Manufacturing","Micro ($0-$1MM)","Micro (1-9)","Unaware",4,1,0.058,129,"COLD"
"iron-systems.com","Iron Systems","Insurance","Medium-Large ($50MM-$100MM)","Medium-Large (500-999)","Opportunity",244,16,0.750,660,"HOT"
"cyber-data.com","Cyber Data","Construction","Small ($1MM-$10MM)","Medium-Small (50-199)","Unaware",2,1,0.054,146,"COLD"
"green-hub.com","Green Hub","Management Consulting","XLarge ($200MM-$1B)","Large (1,000-4,999)","Unaware",3,1,0.056,700,"COLD"
"bright-hub.com","Bright Hub","Financial Services","Medium-Large ($50MM-$100MM)","Medium (200-499)","Unaware",5,1,0.060,190,"COLD"
"nexus-io.com","Nexus Io","Insurance","XLarge ($200MM-$1B)","Large (1,000-4,999)","Unaware",2,1,0.054,683,"COLD"
"smart-hub.com","Smart Hub","Food & Beverages","Micro ($0-$1MM)","Small (10-49)","Engaged",43,16,0.386,206,"WARM"
"swift-group.com","Swift Group","Logistics and Supply Chain","Large ($100MM-$200MM)","Large (1,000-4,999)","Engaged",77,5,0.454,399,"WARM"
"rapid-cloud.com","Rapid Cloud","Retail","XLarge ($200MM-$1B)","Large (1,000-4,999)","Aware",21,5,0.292,766,"COLD"
"swift-digital.com","Swift Digital","Health, Wellness and Fitness","Small ($1MM-$10MM)","Small (10-49)","MQL",188,26,0.750,475,"HOT"
"cyber-io.com","Cyber Io","Marketing and Advertising","Small ($1MM-$10MM)","Medium-Small (50-199)","Aware",21,3,0.192,281,"COLD"
"peak-digital.com","Peak Digital","Health, Wellness and Fitness","Large ($100MM-$200MM)","Medium-Large (500-999)","Unaware",4,1,0.058,122,"COLD"
"vertex-hub.com","Vertex Hub","Insurance","Medium-Small ($10MM-$50MM)","Medium (200-499)","Unaware",5,1,0.060,130,"COLD"
"apex-inc.com","Apex Inc","Automotive","Medium-Small ($10MM-$50MM)","Medium-Small (50-199)","Engaged",62,17,0.424,372,"WARM"
"stellar-tech.com","Stellar Tech","Legal Services","Micro ($0-$1MM)","Small (10-49)","Unaware",1,1,0.052,58,"COLD"
"smart-systems.com","Smart Systems","Food & Beverages","Micro ($0-$1MM)","Micro (1-9)","Unaware",3,1,0.056,124,"COLD"
"green-tech.com","Green Tech","Marketing and Advertising","Large ($100MM-$200MM)","Large (1,000-4,999)","Unaware",2,1,0.054,185,"COLD"
"iron-works.com","Iron Works","Entertainment","Medium-Large ($50MM-$100MM)","Medium (200-499)","Engaged",44,5,0.388,170,"WARM"
"vertex-hub.com","Vertex Hub","Consumer Goods","Micro ($0-$1MM)","Micro (1-9)","Engaged",36,9,0.372,192,"WARM"
"atlas-labs.com","Atlas Labs","Legal Services","XLarge ($200MM-$1B)","Large (1,000-4,999)","Aware",6,4,0.162,688,"COLD"
"swift-corp.com","Swift Corp","Telecommunications","XXLarge ($1B+)","XXLarge (10,000+)","Engaged",67,18,0.434,756,"WARM"
"iron-tech.com","Iron Tech","Software / Information Technology","Large ($100MM-$200MM)","Large (1,000-4,999)","Aware",19,5,0.288,183,"COLD"
"acme-media.com","Acme Media","Marketing and Advertising","XLarge ($200MM-$1B)","XLarge (5,000-10,000)","Opportunity",169,26,0.750,959,"HOT"
"peak-labs.com","Peak Labs","Health, Wellness and Fitness","Large ($100MM-$200MM)","Large (1,000-4,999)","Aware",9,2,0.168,244,"COLD"
"global-tech.com","Global Tech","E-Learning","Small ($1MM-$10MM)","Small (10-49)","Unaware",1,1,0.052,225,"COLD"
"green-group.com","Green Group","Logistics and Supply Chain","Medium-Small ($10MM-$50MM)","Medium-Small (50-199)","Unaware",1,1,0.052,244,"COLD"
"rapid-cloud.com","Rapid Cloud","Retail","Micro ($0-$1MM)","Small (10-49)","Unaware",1,1,0.152,226,"COLD"
"prime-labs.com","Prime Labs","Telecommunications","Medium-Large ($50MM-$100MM)","Medium (200-499)","Unaware",1,1,0.052,68,"COLD"
"iron-systems.com","Iron Systems","Food & Beverages","Small ($1MM-$10MM)","Medium-Small (50-199)","Aware",17,5,0.184,206,"COLD"
"cyber-net.com","Cyber Net","Entertainment","Micro ($0-$1MM)","Micro (1-9)","Aware",13,5,0.176,120,"COLD"
"smart-solutions.com","Smart Solutions","Management Consulting","Small ($1MM-$10MM)","Medium-Small (50-199)","Opportunity",366,13,0.750,894,"HOT"
"rapid-cloud.com","Rapid Cloud","Retail","Medium-Large ($50MM-$100MM)","Medium-Large (500-999)","Unaware",2,1,0.154,228,"COLD"
"atlas-cloud.com","Atlas Cloud","Marketing and Advertising","Small ($1MM-$10MM)","Small (10-49)","Unaware",1,1,0.052,196,"COLD"
"iron-data.com","Iron Data","Food & Beverages","XXLarge ($1B+)","XXLarge (10,000+)","Engaged",26,11,0.352,677,"WARM"
"iron-labs.com","Iron Labs","Health, Wellness and Fitness","Medium-Small ($10MM-$50MM)","Medium (200-499)","Unaware",5,1,0.060,237,"COLD"
"global-solutions.com","Global Solutions","Marketing and Advertising","Small ($1MM-$10MM)","Medium-Small (50-199)","Engaged",50,3,0.400,164,"WARM"
"cyber-cloud.com","Cyber Cloud","E-Learning","Micro ($0-$1MM)","Small (10-49)","Opportunity",482,40,0.750,1015,"HOT"
"iron-data.com","Iron Data","Marketing and Advertising","Micro ($0-$1MM)","Small (10-49)","Engaged",11,10,0.322,147,"WARM"
"peak-digital.com","Peak Digital","Manufacturing","Micro ($0-$1MM)","Micro (1-9)","Aware",16,4,0.182,146,"COLD"
"cyber-hub.com","Cyber Hub","Hospital & Health Care","Small ($1MM-$10MM)","Small (10-49)","Unaware",1,1,0.052,101,"COLD"
"apex-io.com","Apex Io","Food & Beverages","XLarge ($200MM-$1B)","XLarge (5,000-10,000)","Aware",10,4,0.170,724,"COLD"
"green-tech.com","Green Tech","Marketing and Advertising","Small ($1MM-$10MM)","Medium-Small (50-199)","Engaged",39,15,0.378,259,"WARM"
"cyber-io.com","Cyber Io","E-Learning","Small ($1MM-$10MM)","Small (10-49)","Unaware",5,1,0.060,249,"COLD"
"smart-systems.com","Smart Systems","Software / Information Technology","Medium-Small ($10MM-$50MM)","Medium (200-499)","Unaware",3,1,0.156,124,"COLD"
"nova-cloud.com","Nova Cloud","Real Estate","Micro ($0-$1MM)","Micro (1-9)","MQL",52,5,0.554,172,"HOT"
"apex-labs.com","Apex Labs","Insurance","Micro ($0-$1MM)","Micro (1-9)","Unaware",5,1,0.060,64,"COLD"
"peak-digital.com","Peak Digital","Entertainment","Medium-Small ($10MM-$50MM)","Medium-Small (50-199)","Engaged",32,12,0.364,178,"WARM"
"core-corp.com","Core Corp","Management Consulting","Medium-Large ($50MM-$100MM)","Medium (200-499)","Aware",10,2,0.170,256,"COLD"
"stellar-hub.com","Stellar Hub","Insurance","Medium-Large ($50MM-$100MM)","Medium (200-499)","Aware",5,4,0.160,119,"COLD"
"acme-solutions.com","Acme Solutions","Retail","Large ($100MM-$200MM)","Large (1,000-4,999)","Unaware",5,1,0.160,77,"COLD"
"atlas-group.com","Atlas Group","Financial Services","Micro ($0-$1MM)","Small (10-49)","Engaged",27,8,0.354,137,"WARM"
"blue-hub.com","Blue Hub","Consumer Goods","Micro ($0-$1MM)","Micro (1-9)","Engaged",64,7,0.428,195,"WARM"
"smart-data.com","Smart Data","Logistics and Supply Chain","Medium-Large ($50MM-$100MM)","Medium-Large (500-999)","Unaware",4,1,0.058,224,"COLD"
"blue-hub.com","Blue Hub","Software / Information Technology","Large ($100MM-$200MM)","Large (1,000-4,999)","Aware",16,4,0.282,99,"COLD"
"global-systems.com","Global Systems","Software / Information Technology","Small ($1MM-$10MM)","Small (10-49)","Aware",8,3,0.266,243,"COLD"
"vertex-tech.com","Vertex Tech","Food & Beverages","Medium-Large ($50MM-$100MM)","Medium-Large (500-999)","MQL",173,24,0.750,402,"HOT"
"clear-corp.com","Clear Corp","Retail","Medium-Small ($10MM-$50MM)","Medium (200-499)","Engaged",25,4,0.450,295,"WARM"
"iron-cloud.com","Iron Cloud","E-Learning","Micro ($0-$1MM)","Micro (1-9)","Unaware",4,1,0.058,79,"COLD"
"cyber-media.com","Cyber Media","Marketing and Advertising","Large ($100MM-$200MM)","Large (1,000-4,999)","Unaware",4,1,0.058,198,"COLD"
"blue-tech.com","Blue Tech","Retail","XLarge ($200MM-$1B)","Large (1,000-4,999)","MQL",124,24,0.798,868,"HOT"
"blue-net.com","Blue Net","Automotive","Micro ($0-$1MM)","Small (10-49)","Engaged",100,16,0.500,395,"WARM"
"acme-solutions.com","Acme Solutions","Telecommunications","Micro ($0-$1MM)","Micro (1-9)","Aware",15,1,0.180,97,"COLD"
"atlas-labs.com","Atlas Labs","Real Estate","Micro ($0-$1MM)","Small (10-49)","Engaged",101,12,0.502,378,"HOT"
"nexus-cloud.com","Nexus Cloud","Telecommunications","Small ($1MM-$10MM)","Small (10-49)","Engaged",87,6,0.474,419,"WARM"
"atlas-digital.com","Atlas Digital","Management Consulting","Small ($1MM-$10MM)","Medium-Small (50-199)","Unaware",1,1,0.052,178,"COLD"
"cyber-group.com","Cyber Group","Hospital & Health Care","Large ($100MM-$200MM)","Large (1,000-4,999)","MQL",49,5,0.548,159,"HOT"
"swift-hub.com","Swift Hub","Software / Information Technology","Small ($1MM-$10MM)","Medium-Small (50-199)","Unaware",5,1,0.160,205,"COLD"
"iron-works.com","Iron Works","Insurance","Micro ($0-$1MM)","Micro (1-9)","Unaware",3,1,0.056,88,"COLD"
"iron-group.com","Iron Group","Software / Information Technology","Medium-Small ($10MM-$50MM)","Medium (200-499)","MQL",52,10,0.654,299,"HOT"
"green-systems.com","Green Systems","Software / Information Technology","Small ($1MM-$10MM)","Small (10-49)","Engaged",91,10,0.582,392,"WARM"
"green-tech.com","Green Tech","Telecommunications","Large ($100MM-$200MM)","Large (1,000-4,999)","Aware",3,4,0.156,187,"COLD"
"core-tech.com","Core Tech","Health, Wellness and Fitness","Medium-Small ($10MM-$50MM)","Medium-Small (50-199)","Unaware",2,1,0.054,89,"COLD"
"atlas-digital.com","Atlas Digital","Software / Information Technology","Micro ($0-$1MM)","Micro (1-9)","Engaged",75,6,0.550,326,"WARM"
"rapid-cloud.com","Rapid Cloud","Retail","Micro ($0-$1MM)","Micro (1-9)","Aware",16,1,0.282,256,"COLD"
"swift-hub.com","Swift Hub","Hospital & Health Care","XLarge ($200MM-$1B)","Large (1,000-4,999)","Aware",17,3,0.184,729,"COLD"
"green-hub.com","Green Hub","Software / Information Technology","Medium-Small ($10MM-$50MM)","Medium (200-499)","Unaware",4,1,0.158,202,"COLD"
"core-systems.com","Core Systems","Software / Information Technology","Micro ($0-$1MM)","Micro (1-9)","Aware",15,2,0.280,141,"COLD"
"iron-net.com","Iron Net","Retail","Medium-Large ($50MM-$100MM)","Medium (200-499)","Unaware",4,1,0.158,164,"COLD"
"core-corp.com","Core Corp","Software / Information Technology","Medium-Small ($10MM-$50MM)","Medium (200-499)","Unaware",2,1,0.154,240,"COLD"
"prime-systems.com","Prime Systems","E-Learning","Medium-Large ($50MM-$100MM)","Medium (200-499)","Unaware",3,1,0.056,97,"COLD"
"prime-systems.com","Prime Systems","Marketing and Advertising","Medium-Small ($10MM-$50MM)","Medium (200-499)","Unaware",2,1,0.054,95,"COLD"
"rapid-media.com","Rapid Media","E-Learning","Small ($1MM-$10MM)","Medium-Small (50-199)","Unaware",3,1,0.056,70,"COLD"
"global-labs.com","Global Labs","Software / Information Technology","Medium-Large ($50MM-$100MM)","Medium (200-499)","Unaware",4,1,0.158,153,"COLD"
"apex-digital.com","Apex Digital","Education Management","Medium-Small ($10MM-$50MM)","Medium-Small (50-199)","Unaware",4,1,0.058,60,"COLD"
"bright-data.com","Bright Data","Logistics and Supply Chain","Micro ($0-$1MM)","Small (10-49)","Aware",9,5,0.168,142,"COLD"
"global-inc.com","Global Inc","Marketing and Advertising","Small ($1MM-$10MM)","Medium-Small (50-199)","Engaged",73,6,0.446,289,"WARM"
"clear-media.com","Clear Media","Software / Information Technology","Small ($1MM-$10MM)","Small (10-49)","Unaware",4,1,0.158,85,"COLD"
"prime-solutions.com","Prime Solutions","Software / Information Technology","Large ($100MM-$200MM)","Medium-Large (500-999)","Unaware",3,1,0.156,232,"COLD"
"prime-media.com","Prime Media","Management Consulting","Medium-Large ($50MM-$100MM)","Medium-Large (500-999)","Unaware",5,1,0.060,195,"COLD"
"bright-io.com","Bright Io","Software / Information Technology","Large ($100MM-$200MM)","Medium-Large (500-999)","Unaware",1,1,0.152,214,"COLD"
"rapid-io.com","Rapid Io","Hospital & Health Care","Medium-Small ($10MM-$50MM)","Medium (200-499)","Opportunity",388,30,0.750,896,"HOT"
"apex-cloud.com","Apex Cloud","Construction","Large ($100MM-$200MM)","Medium-Large (500-999)","Engaged",93,4,0.486,323,"WARM"
"vertex-data.com","Vertex Data","Manufacturing","Micro ($0-$1MM)","Small (10-49)","MQL",184,11,0.750,519,"HOT"
"vertex-data.com","Vertex Data","Entertainment","Large ($100MM-$200MM)","Medium-Large (500-999)","MQL",228,26,0.750,607,"HOT"
"atlas-cloud.com","Atlas Cloud","Software / Information Technology","Small ($1MM-$10MM)","Medium-Small (50-199)","Unaware",5,1,0.160,204,"COLD"
"blue-media.com","Blue Media","Logistics and Supply Chain","Small ($1MM-$10MM)","Medium-Small (50-199)","Unaware",4,1,0.058,61,"COLD"
"core-solutions.com","Core Solutions","Retail","Micro ($0-$1MM)","Micro (1-9)","Unaware",2,1,0.154,198,"COLD"
"smart-cloud.com","Smart Cloud","Software / Information Technology","Micro ($0-$1MM)","Micro (1-9)","Aware",10,2,0.270,110,"COLD"
"core-tech.com","Core Tech","Software / Information Technology","XXLarge ($1B+)","XXLarge (10,000+)","Unaware",3,1,0.156,591,"COLD"
"peak-net.com","Peak Net","Software / Information Technology","Medium-Small ($10MM-$50MM)","Medium (200-499)","Engaged",84,12,0.568,294,"WARM"
"blue-solutions.com","Blue Solutions","Legal Services","Medium-Small ($10MM-$50MM)","Medium (200-499)","Unaware",1,1,0.052,217,"COLD"
"swift-works.com","Swift Works","Logistics and Supply Chain","XXLarge ($1B+)","XXLarge (10,000+)","Unaware",2,1,0.054,578,"COLD"
"nova-media.com","Nova Media","Software / Information Technology","Medium-Small ($10MM-$50MM)","Medium (200-499)","Aware",4,2,0.258,87,"COLD"
"acme-tech.com","Acme Tech","Marketing and Advertising","Medium-Large ($50MM-$100MM)","Medium-Large (500-999)","Unaware",5,1,0.060,76,"COLD"
"rapid-solutions.com","Rapid Solutions","Automotive","Medium-Large ($50MM-$100MM)","Medium (200-499)","Aware",10,4,0.170,236,"COLD"
"acme-hub.com","Acme Hub","Retail","Medium-Small ($10MM-$50MM)","Medium-Small (50-199)","Engaged",20,12,0.440,186,"WARM"
"prime-labs.com","Prime Labs","Entertainment","Small ($1MM-$10MM)","Small (10-49)","Aware",6,3,0.162,78,"COLD"
"swift-group.com","Swift Group","Marketing and Advertising","Micro ($0-$1MM)","Small (10-49)","Engaged",54,10,0.408,353,"WARM"
"rapid-tech.com","Rapid Tech","Health, Wellness and Fitness","Medium-Small ($10MM-$50MM)","Medium (200-499)","Aware",4,1,0.158,155,"COLD"
"acme-solutions.com","Acme Solutions","Management Consulting","Large ($100MM-$200MM)","Large (1,000-4,999)","Aware",17,2,0.184,101,"COLD"
"green-media.com","Green Media","Food & Beverages","Micro ($0-$1MM)","Small (10-49)","Engaged",47,16,0.394,246,"WARM"
"iron-cloud.com","Iron Cloud","Marketing and Advertising","Medium-Small ($10MM-$50MM)","Medium (200-499)","Aware",18,2,0.186,107,"COLD"
"cyber-group.com","Cyber Group","Automotive","Small ($1MM-$10MM)","Medium-Small (50-199)","MQL",103,19,0.656,267,"HOT"
"iron-labs.com","Iron Labs","Entertainment","Large ($100MM-$200MM)","Large (1,000-4,999)","Unaware",4,1,0.058,235,"COLD"
"cyber-io.com","Cyber Io","Consumer Goods","Medium-Large ($50MM-$100MM)","Medium-Large (500-999)","Unaware",1,1,0.052,241,"COLD"
"cyber-corp.com","Cyber Corp","Retail","Small ($1MM-$10MM)","Medium-Small (50-199)","Unaware",5,1,0.160,153,"COLD"
"cyber-solutions.com","Cyber Solutions","Software / Information Technology","Small ($1MM-$10MM)","Medium-Small (50-199)","Unaware",4,1,0.158,195,"COLD"
"rapid-labs.com","Rapid Labs","Telecommunications","Small ($1MM-$10MM)","Small (10-49)","Unaware",1,1,0.052,225,"COLD"
"peak-systems.com","Peak Systems","Legal Services","Micro ($0-$1MM)","Micro (1-9)","Engaged",63,12,0.426,267,"WARM"
"peak-group.com","Peak Group","Management Consulting","Medium-Large ($50MM-$100MM)","Medium (200-499)","Opportunity",420,21,0.750,966,"HOT"
"cyber-tech.com","Cyber Tech","Software / Information Technology","Large ($100MM-$200MM)","Large (1,000-4,999)","Engaged",47,10,0.494,320,"WARM"
"iron-tech.com","Iron Tech","Software / Information Technology","Micro ($0-$1MM)","Micro (1-9)","Unaware",3,1,0.156,151,"COLD"
"clear-works.com","Clear Works","Legal Services","Medium-Small ($10MM-$50MM)","Medium (200-499)","Engaged",43,11,0.386,312,"WARM"
"rapid-systems.com","Rapid Systems","Entertainment","Medium-Large ($50MM-$100MM)","Medium (200-499)","Aware",5,3,0.160,101,"COLD"
"peak-io.com","Peak Io","Construction","Small ($1MM-$10MM)","Medium-Small (50-199)","MQL",34,26,0.518,226,"HOT"
"swift-cloud.com","Swift Cloud","Software / Information Technology","Micro ($0-$1MM)","Micro (1-9)","Unaware",2,1,0.154,250,"COLD"
"global-labs.com","Global Labs","Consumer Goods","XXLarge ($1B+)","XXLarge (10,000+)","Engaged",85,14,0.470,815,"WARM"
"core-works.com","Core Works","Education Management","Small ($1MM-$10MM)","Small (10-49)","Unaware",3,1,0.056,109,"COLD"
"blue-group.com","Blue Group","Legal Services","Micro ($0-$1MM)","Micro (1-9)","Aware",15,4,0.180,139,"COLD"
"clear-cloud.com","Clear Cloud","Health, Wellness and Fitness","XLarge ($200MM-$1B)","Large (1,000-4,999)","Aware",13,5,0.176,670,"COLD"
"nexus-systems.com","Nexus Systems","Software / Information Technology","Small ($1MM-$10MM)","Medium-Small (50-199)","Engaged",95,7,0.590,249,"WARM"
"smart-solutions.com","Smart Solutions","Financial Services","Micro ($0-$1MM)","Micro (1-9)","MQL",105,6,0.660,372,"HOT"
"global-io.com","Global Io","Automotive","Medium-Small ($10MM-$50MM)","Medium (200-499)","Unaware",4,1,0.058,65,"COLD"
"prime-systems.com","Prime Systems","Food & Beverages","Medium-Large ($50MM-$100MM)","Medium-Large (500-999)","Engaged",26,14,0.352,143,"WARM"
"cyber-media.com","Cyber Media","Software / Information Technology","Medium-Small ($10MM-$50MM)","Medium (200-499)","Aware",21,4,0.292,232,"COLD"
"prime-media.com","Prime Media","Marketing and Advertising","Large ($100MM-$200MM)","Large (1,000-4,999)","Unaware",1,1,0.052,187,"COLD"
"apex-systems.com","Apex Systems","E-Learning","Micro ($0-$1MM)","Micro (1-9)","Aware",6,5,0.162,226,"COLD"
"core-net.com","Core Net","Management Consulting","Small ($1MM-$10MM)","Medium-Small (50-199)","Aware",3,2,0.156,92,"COLD"
"clear-inc.com","Clear Inc","Marketing and Advertising","XXLarge ($1B+)","XXLarge (10,000+)","MQL",185,23,0.750,1107,"HOT"
"peak-media.com","Peak Media","Insurance","Micro ($0-$1MM)","Micro (1-9)","Unaware",1,1,0.052,52,"COLD"
"swift-hub.com","Swift Hub","Software / Information Technology","Small ($1MM-$10MM)","Medium-Small (50-199)","Unaware",2,1,0.154,199,"COLD"
"core-media.com","Core Media","E-Learning","Large ($100MM-$200MM)","Medium-Large (500-999)","Unaware",1,1,0.052,164,"COLD"
"vertex-cloud.com","Vertex Cloud","Management Consulting","Medium-Large ($50MM-$100MM)","Medium-Large (500-999)","Engaged",33,4,0.366,161,"WARM"
"smart-labs.com","Smart Labs","Education Management","Micro ($0-$1MM)","Small (10-49)","Engaged",55,9,0.410,287,"WARM"
"stellar-solutions.com","Stellar Solutions","Entertainment","Micro ($0-$1MM)","Micro (1-9)","Engaged",109,12,0.518,460,"HOT"
"swift-net.com","Swift Net","Software / Information Technology","XLarge ($200MM-$1B)","Large (1,000-4,999)","Unaware",4,1,0.158,732,"COLD"
"cyber-group.com","Cyber Group","Real Estate","Medium-Large ($50MM-$100MM)","Medium-Large (500-999)","Opportunity",133,31,0.716,327,"HOT"
"nova-cloud.com","Nova Cloud","Construction","XXLarge ($1B+)","XXLarge (10,000+)","Aware",21,1,0.192,610,"COLD"
"prime-group.com","Prime Group","Entertainment","Small ($1MM-$10MM)","Medium-Small (50-199)","Unaware",5,1,0.060,136,"COLD"
"swift-digital.com","Swift Digital","Manufacturing","Micro ($0-$1MM)","Small (10-49)","Opportunity",185,15,0.750,469,"HOT"
"rapid-net.com","Rapid Net","Logistics and Supply Chain","Medium-Small ($10MM-$50MM)","Medium-Small (50-199)","MQL",174,20,0.750,544,"HOT"
"peak-group.com","Peak Group","Software / Information Technology","Micro ($0-$1MM)","Micro (1-9)","MQL",225,18,0.850,576,"HOT"
"atlas-inc.com","Atlas Inc","Software / Information Technology","XXLarge ($1B+)","XXLarge (10,000+)","Unaware",4,1,0.158,636,"COLD"
"bright-group.com","Bright Group","Marketing and Advertising","Medium-Small ($10MM-$50MM)","Medium (200-499)","Unaware",1,1,0.052,241,"COLD"
"cyber-digital.com","Cyber Digital","Financial Services","Medium-Small ($10MM-$50MM)","Medium (200-499)","Unaware",3,1,0.056,229,"COLD"
"nexus-inc.com","Nexus Inc","Construction","Large ($100MM-$200MM)","Large (1,000-4,999)","Unaware",5,1,0.060,200,"COLD"
"smart-inc.com","Smart Inc","Marketing and Advertising","Medium-Large ($50MM-$100MM)","Medium-Large (500-999)","Unaware",2,1,0.054,144,"COLD"
"blue-data.com","Blue Data","Construction","Small ($1MM-$10MM)","Medium-Small (50-199)","Aware",5,2,0.160,167,"COLD"
"iron-hub.com","Iron Hub","Financial Services","Small ($1MM-$10MM)","Medium-Small (50-199)","Opportunity",179,30,0.750,491,"HOT"
"rapid-labs.com","Rapid Labs","Financial Services","Micro ($0-$1MM)","Micro (1-9)","Unaware",5,1,0.060,233,"COLD"
"nexus-solutions.com","Nexus Solutions","Financial Services","Medium-Large ($50MM-$100MM)","Medium-Large (500-999)","Aware",14,6,0.178,167,"COLD"
"nexus-inc.com","Nexus Inc","Entertainment","XLarge ($200MM-$1B)","Large (1,000-4,999)","MQL",35,9,0.520,760,"HOT"
"prime-tech.com","Prime Tech","Legal Services","Micro ($0-$1MM)","Micro (1-9)","Opportunity",381,48,0.750,829,"HOT"
"core-systems.com","Core Systems","Food & Beverages","Medium-Small ($10MM-$50MM)","Medium (200-499)","Opportunity",489,17,0.750,1089,"HOT"
"apex-labs.com","Apex Labs","Retail","Large ($100MM-$200MM)","Medium-Large (500-999)","Engaged",107,16,0.614,268,"HOT"
"prime-systems.com","Prime Systems","Marketing and Advertising","Medium-Large ($50MM-$100MM)","Medium (200-499)","Engaged",20,5,0.340,131,"WARM"
"smart-works.com","Smart Works","Marketing and Advertising","Medium-Small ($10MM-$50MM)","Medium (200-499)","Unaware",3,1,0.056,218,"COLD"
"iron-digital.com","Iron Digital","Telecommunications","Micro ($0-$1MM)","Small (10-49)","Aware",8,4,0.166,142,"COLD"
"cyber-digital.com","Cyber Digital","Insurance","XXLarge ($1B+)","XXLarge (10,000+)","Opportunity",147,45,0.744,1017,"HOT"
"smart-systems.com","Smart Systems","Retail","Large ($100MM-$200MM)","Large (1,000-4,999)","Unaware",1,1,0.152,120,"COLD"
"nova-labs.com","Nova Labs","Software / Information Technology","Medium-Large ($50MM-$100MM)","Medium-Large (500-999)","Unaware",4,1,0.158,115,"COLD"
"peak-io.com","Peak Io","Software / Information Technology","Small ($1MM-$10MM)","Medium-Small (50-199)","Engaged",108,17,0.616,374,"HOT"
"apex-hub.com","Apex Hub","Hospital & Health Care","XXLarge ($1B+)","XXLarge (10,000+)","Engaged",99,14,0.498,784,"WARM"
"core-digital.com","Core Digital","Retail","Medium-Small ($10MM-$50MM)","Medium-Small (50-199)","Engaged",39,15,0.478,219,"WARM"
"atlas-io.com","Atlas Io","Real Estate","XXLarge ($1B+)","XXLarge (10,000+)","Aware",20,5,0.190,787,"COLD"
"iron-media.com","Iron Media","Software / Information Technology","Micro ($0-$1MM)","Small (10-49)","Unaware",3,1,0.156,169,"COLD"
"stellar-hub.com","Stellar Hub","Education Management","Small ($1MM-$10MM)","Medium-Small (50-199)","Aware",12,2,0.174,133,"COLD"
"vertex-inc.com","Vertex Inc","Software / Information Technology","Small ($1MM-$10MM)","Medium-Small (50-199)","Opportunity",186,45,0.850,605,"HOT"
"blue-works.com","Blue Works","Health, Wellness and Fitness","Medium-Small ($10MM-$50MM)","Medium (200-499)","Engaged",86,9,0.472,351,"WARM"
"blue-labs.com","Blue Labs","Marketing and Advertising","Small ($1MM-$10MM)","Small (10-49)","Aware",4,2,0.158,210,"COLD"
"acme-data.com","Acme Data","Food & Beverages","XLarge ($200MM-$1B)","XLarge (5,000-10,000)","Aware",21,3,0.192,771,"COLD"
"smart-solutions.com","Smart Solutions","Marketing and Advertising","Medium-Large ($50MM-$100MM)","Medium-Large (500-999)","Unaware",1,1,0.052,164,"COLD"
"atlas-corp.com","Atlas Corp","Retail","XLarge ($200MM-$1B)","Large (1,000-4,999)","Engaged",36,10,0.472,768,"WARM"
"green-cloud.com","Green Cloud","Software / Information Technology","Micro ($0-$1MM)","Micro (1-9)","MQL",73,27,0.696,325,"HOT"
"bright-media.com","Bright Media","Real Estate","Medium-Small ($10MM-$50MM)","Medium-Small (50-199)","Aware",21,4,0.192,244,"COLD"
"acme-systems.com","Acme Systems","Consumer Goods","Micro ($0-$1MM)","Small (10-49)","Unaware",5,1,0.060,196,"COLD"
"atlas-digital.com","Atlas Digital","Education Management","Micro ($0-$1MM)","Small (10-49)","MQL",222,26,0.750,620,"HOT"
"acme-data.com","Acme Data","Retail","Large ($100MM-$200MM)","Medium-Large (500-999)","Unaware",3,1,0.156,235,"COLD"
"iron-works.com","Iron Works","Marketing and Advertising","Small ($1MM-$10MM)","Medium-Small (50-199)","Engaged",52,11,0.404,186,"WARM"
"cyber-inc.com","Cyber Inc","Retail","Small ($1MM-$10MM)","Small (10-49)","Unaware",3,1,0.156,183,"COLD"
"swift-corp.com","Swift Corp","Retail","Small ($1MM-$10MM)","Medium-Small (50-199)","Aware",4,3,0.258,130,"COLD"
"iron-tech.com","Iron Tech","Entertainment","Small ($1MM-$10MM)","Small (10-49)","Engaged",61,7,0.422,267,"WARM"
"swift-cloud.com","Swift Cloud","Software / Information Technology","Small ($1MM-$10MM)","Medium-Small (50-199)","Engaged",42,7,0.484,330,"WARM"
"prime-inc.com","Prime Inc","Manufacturing","Medium-Small ($10MM-$50MM)","Medium-Small (50-199)","Engaged",73,4,0.446,232,"WARM"
"clear-cloud.com","Clear Cloud","Health, Wellness and Fitness","Large ($100MM-$200MM)","Large (1,000-4,999)","Unaware",1,1,0.052,146,"COLD"
"swift-io.com","Swift Io","Consumer Goods","Micro ($0-$1MM)","Micro (1-9)","Unaware",3,1,0.056,92,"COLD"
"core-solutions.com","Core Solutions","Education Management","Small ($1MM-$10MM)","Medium-Small (50-199)","Engaged",53,5,0.406,300,"WARM"
"cyber-data.com","Cyber Data","Financial Services","Micro ($0-$1MM)","Micro (1-9)","Unaware",5,1,0.060,152,"COLD"
"rapid-io.com","Rapid Io","Financial Services","XLarge ($200MM-$1B)","XLarge (5,000-10,000)","Aware",13,4,0.176,646,"COLD"
"iron-digital.com","Iron Digital","Telecommunications","XLarge ($200MM-$1B)","XLarge (5,000-10,000)","Unaware",3,1,0.056,632,"COLD"
"peak-media.com","Peak Media","Software / Information Technology","Micro ($0-$1MM)","Small (10-49)","Aware",14,1,0.278,78,"COLD"
"green-media.com","Green Media","Software / Information Technology","Micro ($0-$1MM)","Small (10-49)","Engaged",13,10,0.426,178,"WARM"
"global-hub.com","Global Hub","Software / Information Technology","Small ($1MM-$10MM)","Medium-Small (50-199)","Unaware",1,1,0.152,109,"COLD"
"bright-works.com","Bright Works","Food & Beverages","Medium-Small ($10MM-$50MM)","Medium (200-499)","Unaware",2,1,0.054,120,"COLD"
"peak-corp.com","Peak Corp","Consumer Goods","Medium-Large ($50MM-$100MM)","Medium (200-499)","Aware",13,4,0.176,190,"COLD"
"acme-io.com","Acme Io","Software / Information Technology","Medium-Small ($10MM-$50MM)","Medium-Small (50-199)","Unaware",3,1,0.156,215,"COLD"
"vertex-hub.com","Vertex Hub","Software / Information Technology","Medium-Small ($10MM-$50MM)","Medium-Small (50-199)","Aware",18,3,0.286,156,"COLD"
"rapid-solutions.com","Rapid Solutions","Manufacturing","Medium-Large ($50MM-$100MM)","Medium-Large (500-999)","Aware",14,2,0.178,244,"COLD"
"prime-systems.com","Prime Systems","Health, Wellness and Fitness","XLarge ($200MM-$1B)","Large (1,000-4,999)","Unaware",5,1,0.060,601,"COLD"
"core-media.com","Core Media","Education Management","Medium-Large ($50MM-$100MM)","Medium (200-499)","Unaware",4,1,0.058,170,"COLD"
"blue-systems.com","Blue Systems","Hospital & Health Care","Small ($1MM-$10MM)","Medium-Small (50-199)","Engaged",32,16,0.364,200,"WARM"
"nova-labs.com","Nova Labs","Food & Beverages","Medium-Small ($10MM-$50MM)","Medium-Small (50-199)","Aware",14,4,0.178,135,"COLD"
"vertex-net.com","Vertex Net","Hospital & Health Care","Medium-Small ($10MM-$50MM)","Medium-Small (50-199)","MQL",166,7,0.750,460,"HOT"
"clear-labs.com","Clear Labs","Education Management","Medium-Small ($10MM-$50MM)","Medium-Small (50-199)","Engaged",105,17,0.510,443,"HOT"
"stellar-inc.com","Stellar Inc","Telecommunications","Medium-Small ($10MM-$50MM)","Medium (200-499)","Unaware",2,1,0.054,144,"COLD"
"stellar-group.com","Stellar Group","Health, Wellness and Fitness","Medium-Large ($50MM-$100MM)","Medium (200-499)","Unaware",2,1,0.054,158,"COLD"
"core-labs.com","Core Labs","Marketing and Advertising","Micro ($0-$1MM)","Small (10-49)","Aware",9,1,0.168,183,"COLD"
"swift-corp.com","Swift Corp","Management Consulting","Micro ($0-$1MM)","Small (10-49)","MQL",67,12,0.584,256,"HOT"
"prime-systems.com","Prime Systems","Retail","Medium-Small ($10MM-$50MM)","Medium-Small (50-199)","Aware",14,5,0.278,119,"COLD"
"global-media.com","Global Media","Real Estate","Medium-Large ($50MM-$100MM)","Medium (200-499)","MQL",83,8,0.616,237,"HOT"
"stellar-hub.com","Stellar Hub","Software / Information Technology","Large ($100MM-$200MM)","Medium-Large (500-999)","Engaged",55,11,0.510,219,"WARM"
"cyber-systems.com","Cyber Systems","Telecommunications","Medium-Large ($50MM-$100MM)","Medium-Large (500-999)","Engaged",84,16,0.468,338,"WARM"
"nexus-data.com","Nexus Data","Food & Beverages","Small ($1MM-$10MM)","Small (10-49)","Aware",20,4,0.190,185,"COLD"
"acme-media.com","Acme Media","Marketing and Advertising","Micro ($0-$1MM)","Micro (1-9)","MQL",196,22,0.750,513,"HOT"
"clear-hub.com","Clear Hub","Software / Information Technology","Medium-Small ($10MM-$50MM)","Medium (200-499)","Engaged",79,4,0.558,266,"WARM"
"global-media.com","Global Media","Automotive","Large ($100MM-$200MM)","Large (1,000-4,999)","Unaware",3,1,0.056,77,"COLD"
"cyber-tech.com","Cyber Tech","Financial Services","Medium-Small ($10MM-$50MM)","Medium-Small (50-199)","Unaware",5,1,0.060,236,"COLD"
"core-digital.com","Core Digital","Retail","Large ($100MM-$200MM)","Large (1,000-4,999)","Aware",10,3,0.270,161,"COLD"
"prime-systems.com","Prime Systems","Education Management","Large ($100MM-$200MM)","Medium-Large (500-999)","Unaware",2,1,0.054,95,"COLD"
"atlas-digital.com","Atlas Digital","Software / Information Technology","Medium-Small ($10MM-$50MM)","Medium (200-499)","Aware",5,2,0.260,186,"COLD"
"swift-inc.com","Swift Inc","Entertainment","Medium-Small ($10MM-$50MM)","Medium (200-499)","Engaged",53,12,0.406,266,"WARM"
"smart-labs.com","Smart Labs","Manufacturing","Large ($100MM-$200MM)","Medium-Large (500-999)","Aware",7,2,0.164,191,"COLD"
"apex-digital.com","Apex Digital","Consumer Goods","Small ($1MM-$10MM)","Medium-Small (50-199)","Unaware",5,1,0.060,62,"COLD"
"peak-works.com","Peak Works","Entertainment","Large ($100MM-$200MM)","Large (1,000-4,999)","Opportunity",98,44,0.646,322,"HOT"
"green-data.com","Green Data","Financial Services","Medium-Large ($50MM-$100MM)","Medium (200-499)","Opportunity",189,37,0.750,518,"HOT"
"peak-digital.com","Peak Digital","Financial Services","Medium-Small ($10MM-$50MM)","Medium-Small (50-199)","Unaware",2,1,0.054,118,"COLD"
"acme-systems.com","Acme Systems","Software / Information Technology","Medium-Small ($10MM-$50MM)","Medium (200-499)","MQL",123,5,0.796,432,"HOT"
"prime-systems.com","Prime Systems","E-Learning","Small ($1MM-$10MM)","Small (10-49)","Aware",3,5,0.156,97,"COLD"
"nova-hub.com","Nova Hub","Food & Beverages","Large ($100MM-$200MM)","Medium-Large (500-999)","Aware",17,1,0.184,222,"COLD"
"green-labs.com","Green Labs","Education Management","Medium-Small ($10MM-$50MM)","Medium-Small (50-199)","Unaware",1,1,0.052,235,"COLD"
"atlas-inc.com","Atlas Inc","Consumer Goods","XXLarge ($1B+)","XXLarge (10,000+)","Aware",12,3,0.174,652,"COLD"
"smart-inc.com","Smart Inc","Automotive","Small ($1MM-$10MM)","Small (10-49)","Unaware",2,1,0.054,144,"COLD"
"nova-systems.com","Nova Systems","Retail","XXLarge ($1B+)","XXLarge (10,000+)","MQL",216,21,0.850,1061,"HOT"
"peak-media.com","Peak Media","Hospital & Health Care","Medium-Large ($50MM-$100MM)","Medium-Large (500-999)","Unaware",5,1,0.060,60,"COLD"
"vertex-digital.com","Vertex Digital","Software / Information Technology","Micro ($0-$1MM)","Small (10-49)","Aware",3,1,0.256,172,"COLD"
"vertex-net.com","Vertex Net","Marketing and Advertising","Micro ($0-$1MM)","Micro (1-9)","Unaware",4,1,0.058,136,"COLD"
"smart-digital.com","Smart Digital","Education Management","Medium-Large ($50MM-$100MM)","Medium (200-499)","Aware",13,5,0.176,157,"COLD"
"core-hub.com","Core Hub","Marketing and Advertising","Small ($1MM-$10MM)","Small (10-49)","Opportunity",61,38,0.572,173,"HOT"
"prime-works.com","Prime Works","Retail","XLarge ($200MM-$1B)","XLarge (5,000-10,000)","Unaware",3,1,0.156,585,"COLD"
"atlas-systems.com","Atlas Systems","Manufacturing","Medium-Large ($50MM-$100MM)","Medium-Large (500-999)","Aware",16,2,0.182,153,"COLD"
"acme-io.com","Acme Io","Automotive","Micro ($0-$1MM)","Micro (1-9)","Aware",9,3,0.168,227,"COLD"
"acme-systems.com","Acme Systems","Real Estate","Small ($1MM-$10MM)","Medium-Small (50-199)","Unaware",2,1,0.054,190,"COLD"
"rapid-data.com","Rapid Data","Retail","Large ($100MM-$200MM)","Medium-Large (500-999)","Aware",4,2,0.258,196,"COLD"
"clear-cloud.com","Clear Cloud","Logistics and Supply Chain","Medium-Large ($50MM-$100MM)","Medium (200-499)","Unaware",5,1,0.060,154,"COLD"
"nexus-solutions.com","Nexus Solutions","Insurance","Small ($1MM-$10MM)","Small (10-49)","Engaged",54,6,0.408,247,"WARM"
"smart-corp.com","Smart Corp","Logistics and Supply Chain","Large ($100MM-$200MM)","Large (1,000-4,999)","Engaged",42,4,0.384,178,"WARM"
"smart-group.com","Smart Group","Logistics and Supply Chain","XXLarge ($1B+)","XXLarge (10,000+)","Aware",5,2,0.160,581,"COLD"
"green-cloud.com","Green Cloud","Software / Information Technology","XXLarge ($1B+)","XXLarge (10,000+)","Unaware",5,1,0.160,689,"COLD"
"rapid-media.com","Rapid Media","Management Consulting","Small ($1MM-$10MM)","Medium-Small (50-199)","Opportunity",493,39,0.750,1050,"HOT"
"smart-corp.com","Smart Corp","Software / Information Technology","Medium-Small ($10MM-$50MM)","Medium (200-499)","Aware",15,6,0.280,124,"COLD"
"prime-group.com","Prime Group","Legal Services","XLarge ($200MM-$1B)","XLarge (5,000-10,000)","Unaware",2,1,0.054,630,"COLD"
"nexus-cloud.com","Nexus Cloud","Legal Services","Micro ($0-$1MM)","Micro (1-9)","Aware",21,5,0.192,287,"COLD"
"vertex-digital.com","Vertex Digital","Marketing and Advertising","Medium-Large ($50MM-$100MM)","Medium (200-499)","Unaware",5,1,0.060,176,"COLD"
"peak-labs.com","Peak Labs","Retail","Small ($1MM-$10MM)","Medium-Small (50-199)","Unaware",5,1,0.160,236,"COLD"
"nova-systems.com","Nova Systems","Retail","Micro ($0-$1MM)","Small (10-49)","Aware",9,5,0.268,147,"COLD"
"prime-digital.com","Prime Digital","Retail","Micro ($0-$1MM)","Micro (1-9)","Engaged",17,5,0.434,250,"WARM"
"green-group.com","Green Group","Automotive","Small ($1MM-$10MM)","Medium-Small (50-199)","Aware",9,4,0.168,260,"COLD"
"stellar-tech.com","Stellar Tech","Software / Information Technology","Micro ($0-$1MM)","Micro (1-9)","Engaged",90,13,0.580,236,"WARM"
"prime-solutions.com","Prime Solutions","Health, Wellness and Fitness","Medium-Large ($50MM-$100MM)","Medium (200-499)","Unaware",5,1,0.060,236,"COLD"
"bright-tech.com","Bright Tech","Real Estate","Small ($1MM-$10MM)","Medium-Small (50-199)","Engaged",27,14,0.354,229,"WARM"
"iron-labs.com","Iron Labs","Education Management","Micro ($0-$1MM)","Small (10-49)","Engaged",43,10,0.386,313,"WARM"
"acme-tech.com","Acme Tech","Retail","XXLarge ($1B+)","XXLarge (10,000+)","Aware",6,5,0.262,578,"COLD"
"prime-solutions.com","Prime Solutions","Marketing and Advertising","Medium-Large ($50MM-$100MM)","Medium (200-499)","Engaged",63,12,0.426,352,"WARM"
"smart-solutions.com","Smart Solutions","Marketing and Advertising","Medium-Small ($10MM-$50MM)","Medium (200-499)","MQL",67,24,0.584,296,"HOT"
"bright-net.com","Bright Net","Entertainment","Large ($100MM-$200MM)","Medium-Large (500-999)","Engaged",61,18,0.422,176,"WARM"
"vertex-media.com","Vertex Media","Manufacturing","Small ($1MM-$10MM)","Small (10-49)","MQL",58,10,0.566,195,"HOT"
"clear-group.com","Clear Group","Retail","Small ($1MM-$10MM)","Medium-Small (50-199)","Unaware",2,1,0.154,172,"COLD"
"acme-net.com","Acme Net","Marketing and Advertising","Large ($100MM-$200MM)","Medium-Large (500-999)","MQL",113,6,0.676,389,"HOT"
"vertex-data.com","Vertex Data","Software / Information Technology","XLarge ($200MM-$1B)","XLarge (5,000-10,000)","Aware",4,5,0.258,659,"COLD"
"clear-works.com","Clear Works","Software / Information Technology","Medium-Large ($50MM-$100MM)","Medium-Large (500-999)","Unaware",4,1,0.158,234,"COLD"
"rapid-cloud.com","Rapid Cloud","Software / Information Technology","Small ($1MM-$10MM)","Small (10-49)","Engaged",99,12,0.598,422,"WARM"
"apex-works.com","Apex Works","Education Management","Small ($1MM-$10MM)","Medium-Small (50-199)","Unaware",4,1,0.058,90,"COLD"
"cyber-inc.com","Cyber Inc","Marketing and Advertising","Micro ($0-$1MM)","Micro (1-9)","Aware",19,4,0.188,215,"COLD"
"bright-solutions.com","Bright Solutions","Real Estate","Small ($1MM-$10MM)","Medium-Small (50-199)","Aware",8,2,0.166,201,"COLD"
"nova-digital.com","Nova Digital","Hospital & Health Care","Micro ($0-$1MM)","Micro (1-9)","Unaware",1,1,0.052,122,"COLD"
"apex-group.com","Apex Group","Consumer Goods","Medium-Large ($50MM-$100MM)","Medium-Large (500-999)","Unaware",2,1,0.054,103,"COLD"
"atlas-group.com","Atlas Group","Food & Beverages","XXLarge ($1B+)","XXLarge (10,000+)","Engaged",90,7,0.480,763,"WARM"
"green-hub.com","Green Hub","Automotive","Medium-Large ($50MM-$100MM)","Medium-Large (500-999)","Engaged",57,8,0.414,308,"WARM"
"smart-tech.com","Smart Tech","Legal Services","Small ($1MM-$10MM)","Medium-Small (50-199)","MQL",77,8,0.604,311,"HOT"
"atlas-tech.com","Atlas Tech","Financial Services","XLarge ($200MM-$1B)","XLarge (5,000-10,000)","Unaware",4,1,0.058,562,"COLD"
"core-solutions.com","Core Solutions","Retail","Medium-Large ($50MM-$100MM)","Medium (200-499)","Unaware",2,1,0.154,198,"COLD"
"peak-net.com","Peak Net","Financial Services","Medium-Small ($10MM-$50MM)","Medium-Small (50-199)","Unaware",2,1,0.054,130,"COLD"
"swift-media.com","Swift Media","Software / Information Technology","Small ($1MM-$10MM)","Medium-Small (50-199)","MQL",163,12,0.850,446,"HOT"
"core-digital.com","Core Digital","Legal Services","Medium-Small ($10MM-$50MM)","Medium-Small (50-199)","Aware",21,4,0.192,183,"COLD"
"prime-labs.com","Prime Labs","Insurance","Large ($100MM-$200MM)","Medium-Large (500-999)","Aware",5,3,0.160,76,"COLD"
"bright-media.com","Bright Media","Software / Information Technology","Small ($1MM-$10MM)","Small (10-49)","Unaware",3,1,0.156,208,"COLD"
"prime-media.com","Prime Media","Marketing and Advertising","XLarge ($200MM-$1B)","XLarge (5,000-10,000)","MQL",104,18,0.658,893,"HOT"
"cyber-group.com","Cyber Group","Insurance","Small ($1MM-$10MM)","Small (10-49)","Aware",18,4,0.186,97,"COLD"
"rapid-tech.com","Rapid Tech","Software / Information Technology","Large ($100MM-$200MM)","Large (1,000-4,999)","MQL",125,27,0.800,397,"HOT"
"global-media.com","Global Media","Telecommunications","XLarge ($200MM-$1B)","XLarge (5,000-10,000)","MQL",184,22,0.750,939,"HOT"
"iron-tech.com","Iron Tech","Consumer Goods","Medium-Small ($10MM-$50MM)","Medium-Small (50-199)","MQL",157,26,0.750,459,"HOT"
"bright-data.com","Bright Data","Entertainment","Micro ($0-$1MM)","Small (10-49)","Engaged",55,3,0.410,234,"WARM"
"nova-data.com","Nova Data","Financial Services","Micro ($0-$1MM)","Small (10-49)","Unaware",5,1,0.060,183,"COLD"
"apex-corp.com","Apex Corp","Education Management","Medium-Small ($10MM-$50MM)","Medium-Small (50-199)","Unaware",1,1,0.052,78,"COLD"
"rapid-works.com","Rapid Works","Education Management","Micro ($0-$1MM)","Small (10-49)","Aware",20,3,0.190,182,"COLD"
"iron-cloud.com","Iron Cloud","Food & Beverages","Medium-Small ($10MM-$50MM)","Medium-Small (50-199)","Unaware",4,1,0.058,79,"COLD"
"smart-systems.com","Smart Systems","Software / Information Technology","XLarge ($200MM-$1B)","Large (1,000-4,999)","Unaware",2,1,0.154,622,"COLD"
"nexus-tech.com","Nexus Tech","Financial Services","Small ($1MM-$10MM)","Medium-Small (50-199)","MQL",222,8,0.750,677,"HOT"
"green-systems.com","Green Systems","Hospital & Health Care","Micro ($0-$1MM)","Micro (1-9)","Unaware",4,1,0.058,218,"COLD"
"nova-works.com","Nova Works","Management Consulting","Micro ($0-$1MM)","Small (10-49)","MQL",72,22,0.594,369,"HOT"
"rapid-group.com","Rapid Group","Health, Wellness and Fitness","Medium-Large ($50MM-$100MM)","Medium-Large (500-999)","Engaged",99,12,0.498,421,"WARM"
"iron-works.com","Iron Works","Software / Information Technology","Medium-Large ($50MM-$100MM)","Medium (200-499)","Engaged",38,5,0.476,158,"WARM"
"rapid-io.com","Rapid Io","Consumer Goods","Small ($1MM-$10MM)","Medium-Small (50-199)","Unaware",3,1,0.056,126,"COLD"
"smart-tech.com","Smart Tech","Telecommunications","Small ($1MM-$10MM)","Small (10-49)","MQL",127,17,0.704,411,"HOT"
"nexus-cloud.com","Nexus Cloud","Management Consulting","Micro ($0-$1MM)","Micro (1-9)","Unaware",4,1,0.058,253,"COLD"
"stellar-corp.com","Stellar Corp","Health, Wellness and Fitness","Medium-Small ($10MM-$50MM)","Medium (200-499)","Engaged",85,18,0.470,398,"WARM"
"nova-systems.com","Nova Systems","Education Management","Medium-Large ($50MM-$100MM)","Medium (200-499)","Unaware",2,1,0.054,133,"COLD"
"prime-group.com","Prime Group","Consumer Goods","Small ($1MM-$10MM)","Small (10-49)","Unaware",4,1,0.058,134,"COLD"
"apex-net.com","Apex Net","Retail","Medium-Large ($50MM-$100MM)","Medium-Large (500-999)","Aware",3,5,0.256,105,"COLD"
"green-cloud.com","Green Cloud","Software / Information Technology","Small ($1MM-$10MM)","Medium-Small (50-199)","Unaware",1,1,0.152,181,"COLD"
"nova-media.com","Nova Media","Software / Information Technology","Small ($1MM-$10MM)","Small (10-49)","Unaware",1,1,0.152,81,"COLD"
"atlas-io.com","Atlas Io","Health, Wellness and Fitness","Micro ($0-$1MM)","Micro (1-9)","Unaware",3,1,0.056,253,"COLD"
"iron-net.com","Iron Net","Entertainment","Large ($100MM-$200MM)","Medium-Large (500-999)","Unaware",3,1,0.056,162,"COLD"
"bright-media.com","Bright Media","Retail","Medium-Small ($10MM-$50MM)","Medium (200-499)","Unaware",1,1,0.152,204,"COLD"
"iron-net.com","Iron Net","Insurance","Medium-Small ($10MM-$50MM)","Medium (200-499)","MQL",208,19,0.750,572,"HOT"
"swift-digital.com","Swift Digital","Construction","Medium-Large ($50MM-$100MM)","Medium-Large (500-999)","Unaware",3,1,0.056,105,"COLD"
"blue-inc.com","Blue Inc","Software / Information Technology","Medium-Large ($50MM-$100MM)","Medium-Large (500-999)","Aware",17,2,0.284,169,"COLD"
"acme-works.com","Acme Works","Financial Services","Micro ($0-$1MM)","Micro (1-9)","Unaware",3,1,0.056,216,"COLD"
"peak-inc.com","Peak Inc","Legal Services","Medium-Small ($10MM-$50MM)","Medium (200-499)","Unaware",5,1,0.060,106,"COLD"
"core-group.com","Core Group","Telecommunications","Medium-Large ($50MM-$100MM)","Medium-Large (500-999)","Aware",3,3,0.156,122,"COLD"
"peak-systems.com","Peak Systems","Consumer Goods","Medium-Small ($10MM-$50MM)","Medium-Small (50-199)","Aware",13,5,0.176,167,"COLD"
"apex-data.com","Apex Data","E-Learning","Large ($100MM-$200MM)","Medium-Large (500-999)","Unaware",5,1,0.060,173,"COLD"
"nova-cloud.com","Nova Cloud","Education Management","Micro ($0-$1MM)","Small (10-49)","Unaware",5,1,0.060,78,"COLD"
"nexus-net.com","Nexus Net","Consumer Goods","Medium-Small ($10MM-$50MM)","Medium-Small (50-199)","Aware",19,5,0.188,241,"COLD"
"global-corp.com","Global Corp","Telecommunications","Medium-Large ($50MM-$100MM)","Medium (200-499)","MQL",229,21,0.750,634,"HOT"
"blue-works.com","Blue Works","Insurance","Micro ($0-$1MM)","Micro (1-9)","MQL",177,13,0.750,533,"HOT"
"iron-io.com","Iron Io","Software / Information Technology","XLarge ($200MM-$1B)","Large (1,000-4,999)","Engaged",32,5,0.464,672,"WARM"
"nexus-hub.com","Nexus Hub","Hospital & Health Care","Large ($100MM-$200MM)","Large (1,000-4,999)","Unaware",2,1,0.054,98,"COLD"
"atlas-inc.com","Atlas Inc","Telecommunications","Medium-Small ($10MM-$50MM)","Medium (200-499)","Unaware",4,1,0.058,136,"COLD"
"smart-group.com","Smart Group","Entertainment","Medium-Small ($10MM-$50MM)","Medium-Small (50-199)","Engaged",103,10,0.506,277,"HOT"
"prime-net.com","Prime Net","Consumer Goods","Medium-Small ($10MM-$50MM)","Medium (200-499)","Engaged",89,6,0.478,394,"WARM"
"vertex-io.com","Vertex Io","Software / Information Technology","Small ($1MM-$10MM)","Small (10-49)","MQL",221,16,0.850,602,"HOT"
"clear-data.com","Clear Data","Entertainment","Medium-Small ($10MM-$50MM)","Medium (200-499)","Engaged",77,7,0.454,209,"WARM"
"smart-systems.com","Smart Systems","Software / Information Technology","Micro ($0-$1MM)","Micro (1-9)","Aware",18,4,0.286,154,"COLD"
"clear-cloud.com","Clear Cloud","Hospital & Health Care","XLarge ($200MM-$1B)","Large (1,000-4,999)","Unaware",2,1,0.054,648,"COLD"
"stellar-corp.com","Stellar Corp","Financial Services","Large ($100MM-$200MM)","Medium-Large (500-999)","Unaware",4,1,0.058,236,"COLD"
"blue-works.com","Blue Works","Hospital & Health Care","Small ($1MM-$10MM)","Medium-Small (50-199)","Unaware",3,1,0.056,185,"COLD"
"bright-tech.com","Bright Tech","E-Learning","Small ($1MM-$10MM)","Medium-Small (50-199)","Opportunity",309,27,0.750,793,"HOT"
"blue-digital.com","Blue Digital","Retail","Medium-Small ($10MM-$50MM)","Medium (200-499)","Unaware",5,1,0.160,248,"COLD"
"cyber-solutions.com","Cyber Solutions","Entertainment","Medium-Large ($50MM-$100MM)","Medium-Large (500-999)","Aware",14,2,0.178,215,"COLD"
"vertex-data.com","Vertex Data","Software / Information Technology","Micro ($0-$1MM)","Small (10-49)","Unaware",3,1,0.156,157,"COLD"
"peak-systems.com","Peak Systems","Financial Services","Medium-Large ($50MM-$100MM)","Medium (200-499)","Unaware",5,1,0.060,151,"COLD"
"core-inc.com","Core Inc","Financial Services","XXLarge ($1B+)","XXLarge (10,000+)","Unaware",1,1,0.052,662,"COLD"
"cyber-io.com","Cyber Io","Health, Wellness and Fitness","Micro ($0-$1MM)","Micro (1-9)","Aware",17,2,0.184,273,"COLD"
"atlas-io.com","Atlas Io","Hospital & Health Care","Medium-Small ($10MM-$50MM)","Medium (200-499)","Unaware",1,1,0.052,249,"COLD"
"atlas-solutions.com","Atlas Solutions","Software / Information Technology","Medium-Large ($50MM-$100MM)","Medium (200-499)","Aware",10,3,0.270,74,"COLD"
"nexus-works.com","Nexus Works","Software / Information Technology","Large ($100MM-$200MM)","Medium-Large (500-999)","Aware",21,5,0.292,181,"COLD"
"nova-tech.com","Nova Tech","Marketing and Advertising","Micro ($0-$1MM)","Micro (1-9)","Unaware",1,1,0.052,200,"COLD"
"cyber-data.com","Cyber Data","Financial Services","Medium-Small ($10MM-$50MM)","Medium (200-499)","Aware",18,5,0.186,178,"COLD"
"apex-digital.com","Apex Digital","Management Consulting","Micro ($0-$1MM)","Micro (1-9)","Unaware",5,1,0.060,62,"COLD"
"bright-works.com","Bright Works","Food & Beverages","Medium-Large ($50MM-$100MM)","Medium-Large (500-999)","Unaware",2,1,0.054,120,"COLD"
"peak-tech.com","Peak Tech","Financial Services","XXLarge ($1B+)","XXLarge (10,000+)","Unaware",3,1,0.056,619,"COLD"
"bright-solutions.com","Bright Solutions","E-Learning","Micro ($0-$1MM)","Micro (1-9)","Unaware",2,1,0.054,189,"COLD"
"stellar-tech.com","Stellar Tech","Entertainment","XLarge ($200MM-$1B)","Large (1,000-4,999)","Engaged",82,3,0.464,720,"WARM"
"peak-tech.com","Peak Tech","Legal Services","Small ($1MM-$10MM)","Medium-Small (50-199)","Unaware",3,1,0.056,119,"COLD"
"stellar-media.com","Stellar Media","Retail","Large ($100MM-$200MM)","Medium-Large (500-999)","MQL",206,28,0.850,466,"HOT"
"swift-digital.com","Swift Digital","Entertainment","Small ($1MM-$10MM)","Small (10-49)","Unaware",5,1,0.060,109,"COLD"
"apex-systems.com","Apex Systems","Financial Services","Medium-Small ($10MM-$50MM)","Medium-Small (50-199)","Unaware",3,1,0.056,220,"COLD"
"green-works.com","Green Works","Marketing and Advertising","Medium-Large ($50MM-$100MM)","Medium-Large (500-999)","Engaged",28,3,0.356,272,"WARM"
"bright-inc.com","Bright Inc","Automotive","XLarge ($200MM-$1B)","Large (1,000-4,999)","Engaged",60,15,0.420,818,"WARM"
"nexus-media.com","Nexus Media","Health, Wellness and Fitness","Large ($100MM-$200MM)","Large (1,000-4,999)","MQL",130,17,0.710,424,"HOT"
"swift-digital.com","Swift Digital","Entertainment","XLarge ($200MM-$1B)","Large (1,000-4,999)","Engaged",71,13,0.442,741,"WARM"
"smart-media.com","Smart Media","Automotive","Micro ($0-$1MM)","Micro (1-9)","Aware",13,5,0.176,139,"COLD"
"core-labs.com","Core Labs","Construction","Large ($100MM-$200MM)","Medium-Large (500-999)","Unaware",5,1,0.060,175,"COLD"
"prime-corp.com","Prime Corp","Logistics and Supply Chain","Medium-Large ($50MM-$100MM)","Medium (200-499)","Opportunity",422,24,0.750,954,"HOT"
"acme-inc.com","Acme Inc","Legal Services","Small ($1MM-$10MM)","Medium-Small (50-199)","Unaware",1,1,0.052,238,"COLD"
"bright-corp.com","Bright Corp","Logistics and Supply Chain","Large ($100MM-$200MM)","Medium-Large (500-999)","Unaware",5,1,0.060,234,"COLD"
"acme-inc.com","Acme Inc","Marketing and Advertising","Micro ($0-$1MM)","Micro (1-9)","Engaged",85,17,0.470,406,"WARM"
"prime-group.com","Prime Group","Marketing and Advertising","Micro ($0-$1MM)","Micro (1-9)","Engaged",48,16,0.396,222,"WARM"
"iron-labs.com","Iron Labs","Education Management","Medium-Small ($10MM-$50MM)","Medium (200-499)","Unaware",1,1,0.052,229,"COLD"
"green-cloud.com","Green Cloud","Health, Wellness and Fitness","Micro ($0-$1MM)","Micro (1-9)","Unaware",1,1,0.052,181,"COLD"
"smart-tech.com","Smart Tech","Manufacturing","Micro ($0-$1MM)","Micro (1-9)","Aware",20,3,0.190,197,"COLD"
"swift-inc.com","Swift Inc","Automotive","Medium-Small ($10MM-$50MM)","Medium-Small (50-199)","Engaged",35,14,0.370,230,"WARM"
"nexus-tech.com","Nexus Tech","Software / Information Technology","Small ($1MM-$10MM)","Medium-Small (50-199)","Aware",6,5,0.262,245,"COLD"
"rapid-media.com","Rapid Media","Software / Information Technology","Small ($1MM-$10MM)","Medium-Small (50-199)","MQL",175,14,0.850,414,"HOT"
"rapid-inc.com","Rapid Inc","Health, Wellness and Fitness","Medium-Small ($10MM-$50MM)","Medium (200-499)","Engaged",44,13,0.388,213,"WARM"
"prime-data.com","Prime Data","Financial Services","Large ($100MM-$200MM)","Medium-Large (500-999)","Unaware",2,1,0.054,253,"COLD"
"swift-group.com","Swift Group","Health, Wellness and Fitness","Medium-Small ($10MM-$50MM)","Medium (200-499)","Unaware",4,1,0.058,253,"COLD"
"peak-systems.com","Peak Systems","Retail","Medium-Small ($10MM-$50MM)","Medium-Small (50-199)","Engaged",87,11,0.574,315,"WARM"
"green-labs.com","Green Labs","Automotive","XLarge ($200MM-$1B)","XLarge (5,000-10,000)","Aware",22,4,0.194,777,"COLD"
"blue-digital.com","Blue Digital","Management Consulting","Medium-Large ($50MM-$100MM)","Medium (200-499)","Unaware",3,1,0.056,244,"COLD"
"rapid-net.com","Rapid Net","Telecommunications","Micro ($0-$1MM)","Small (10-49)","Unaware",1,1,0.052,198,"COLD"
"core-cloud.com","Core Cloud","Legal Services","Medium-Small ($10MM-$50MM)","Medium (200-499)","Engaged",62,11,0.424,204,"WARM"
"vertex-data.com","Vertex Data","Food & Beverages","Micro ($0-$1MM)","Micro (1-9)","Unaware",4,1,0.058,159,"COLD"
"smart-solutions.com","Smart Solutions","Software / Information Technology","XLarge ($200MM-$1B)","Large (1,000-4,999)","Engaged",94,10,0.588,850,"WARM"
"atlas-group.com","Atlas Group","Consumer Goods","Medium-Small ($10MM-$50MM)","Medium (200-499)","Unaware",3,1,0.056,89,"COLD"
"peak-io.com","Peak Io","Health, Wellness and Fitness","Large ($100MM-$200MM)","Medium-Large (500-999)","Engaged",35,16,0.370,228,"WARM"
"acme-group.com","Acme Group","Retail","Large ($100MM-$200MM)","Medium-Large (500-999)","Opportunity",363,46,0.850,879,"HOT"
"nexus-systems.com","Nexus Systems","Marketing and Advertising","Small ($1MM-$10MM)","Medium-Small (50-199)","Aware",4,4,0.158,67,"COLD"
"peak-data.com","Peak Data","Financial Services","XXLarge ($1B+)","XXLarge (10,000+)","Unaware",4,1,0.058,642,"COLD"
"peak-tech.com","Peak Tech","Software / Information Technology","Medium-Small ($10MM-$50MM)","Medium (200-499)","Unaware",4,1,0.158,121,"COLD"
"green-group.com","Green Group","E-Learning","XLarge ($200MM-$1B)","Large (1,000-4,999)","Unaware",2,1,0.054,746,"COLD"
"green-labs.com","Green Labs","Software / Information Technology","Medium-Small ($10MM-$50MM)","Medium-Small (50-199)","Aware",10,1,0.270,253,"COLD"
"nova-solutions.com","Nova Solutions","Real Estate","Medium-Large ($50MM-$100MM)","Medium (200-499)","Engaged",60,9,0.420,244,"WARM"
"cyber-tech.com","Cyber Tech","E-Learning","Micro ($0-$1MM)","Micro (1-9)","Aware",7,2,0.164,240,"COLD"
"smart-net.com","Smart Net","Software / Information Technology","Large ($100MM-$200MM)","Medium-Large (500-999)","Engaged",107,17,0.614,274,"HOT"
"global-hub.com","Global Hub","Software / Information Technology","Small ($1MM-$10MM)","Small (10-49)","Aware",3,1,0.256,113,"COLD"
"smart-digital.com","Smart Digital","Software / Information Technology","Small ($1MM-$10MM)","Medium-Small (50-199)","Unaware",1,1,0.152,133,"COLD"
"clear-labs.com","Clear Labs","Education Management","Medium-Small ($10MM-$50MM)","Medium-Small (50-199)","Unaware",3,1,0.056,239,"COLD"
"cyber-systems.com","Cyber Systems","Hospital & Health Care","Large ($100MM-$200MM)","Large (1,000-4,999)","Engaged",89,17,0.478,348,"WARM"
"smart-corp.com","Smart Corp","Management Consulting","Small ($1MM-$10MM)","Small (10-49)","Aware",19,5,0.188,132,"COLD"
"core-labs.com","Core Labs","Education Management","Medium-Small ($10MM-$50MM)","Medium (200-499)","Unaware",3,1,0.056,171,"COLD"
"clear-solutions.com","Clear Solutions","Software / Information Technology","Small ($1MM-$10MM)","Small (10-49)","Unaware",1,1,0.152,58,"COLD"
"green-corp.com","Green Corp","Manufacturing","Micro ($0-$1MM)","Small (10-49)","Unaware",4,1,0.058,149,"COLD"
"iron-net.com","Iron Net","Telecommunications","Medium-Large ($50MM-$100MM)","Medium-Large (500-999)","Aware",16,5,0.182,188,"COLD"
"apex-solutions.com","Apex Solutions","Financial Services","Medium-Small ($10MM-$50MM)","Medium-Small (50-199)","Unaware",5,1,0.060,224,"COLD"
"peak-group.com","Peak Group","Automotive","Medium-Large ($50MM-$100MM)","Medium-Large (500-999)","Aware",19,3,0.188,164,"COLD"
"smart-media.com","Smart Media","Construction","Large ($100MM-$200MM)","Large (1,000-4,999)","Unaware",1,1,0.052,115,"COLD"
"global-net.com","Global Net","Software / Information Technology","Medium-Small ($10MM-$50MM)","Medium-Small (50-199)","Unaware",2,1,0.154,124,"COLD"
"clear-digital.com","Clear Digital","Retail","Medium-Small ($10MM-$50MM)","Medium (200-499)","Unaware",5,1,0.160,62,"COLD"
"core-corp.com","Core Corp","Entertainment","Large ($100MM-$200MM)","Large (1,000-4,999)","Unaware",5,1,0.060,246,"COLD"
"clear-media.com","Clear Media","Marketing and Advertising","Large ($100MM-$200MM)","Large (1,000-4,999)","Engaged",51,8,0.402,179,"WARM"
"nexus-solutions.com","Nexus Solutions","Hospital & Health Care","Medium-Large ($50MM-$100MM)","Medium-Large (500-999)","Unaware",2,1,0.054,143,"COLD"
"bright-media.com","Bright Media","Entertainment","Micro ($0-$1MM)","Micro (1-9)","Unaware",1,1,0.052,204,"COLD"
"acme-systems.com","Acme Systems","Consumer Goods","Medium-Large ($50MM-$100MM)","Medium-Large (500-999)","Aware",7,4,0.164,200,"COLD"
"prime-works.com","Prime Works","Marketing and Advertising","Medium-Small ($10MM-$50MM)","Medium (200-499)","Unaware",4,1,0.058,87,"COLD"
"core-systems.com","Core Systems","Retail","Micro ($0-$1MM)","Micro (1-9)","Unaware",2,1,0.154,115,"COLD"
"bright-tech.com","Bright Tech","Insurance","Micro ($0-$1MM)","Micro (1-9)","Engaged",38,8,0.376,251,"WARM"
"blue-digital.com","Blue Digital","Real Estate","Medium-Small ($10MM-$50MM)","Medium-Small (50-199)","Unaware",1,1,0.052,240,"COLD"
"peak-net.com","Peak Net","E-Learning","Small ($1MM-$10MM)","Medium-Small (50-199)","Unaware",4,1,0.058,134,"COLD"
"green-group.com","Green Group","Financial Services","XLarge ($200MM-$1B)","XLarge (5,000-10,000)","Unaware",1,1,0.052,744,"COLD"
"nexus-systems.com","Nexus Systems","Software / Information Technology","Medium-Large ($50MM-$100MM)","Medium (200-499)","Unaware",1,1,0.152,61,"COLD"
"swift-systems.com","Swift Systems","Financial Services","Medium-Large ($50MM-$100MM)","Medium (200-499)","Unaware",2,1,0.054,251,"COLD"
"acme-tech.com","Acme Tech","Hospital & Health Care","Small ($1MM-$10MM)","Medium-Small (50-199)","Unaware",3,1,0.056,72,"COLD"
"clear-digital.com","Clear Digital","Software / Information Technology","Large ($100MM-$200MM)","Large (1,000-4,999)","Aware",19,1,0.288,90,"COLD"
"apex-group.com","Apex Group","Software / Information Technology","Micro ($0-$1MM)","Micro (1-9)","MQL",67,24,0.684,233,"HOT"
"global-works.com","Global Works","Real Estate","Micro ($0-$1MM)","Small (10-49)","Engaged",58,9,0.416,239,"WARM"
"smart-solutions.com","Smart Solutions","Manufacturing","Medium-Small ($10MM-$50MM)","Medium (200-499)","Aware",21,4,0.192,204,"COLD"
"smart-solutions.com","Smart Solutions","Automotive","XLarge ($200MM-$1B)","Large (1,000-4,999)","Unaware",1,1,0.052,664,"COLD"
"atlas-digital.com","Atlas Digital","E-Learning","Medium-Small ($10MM-$50MM)","Medium (200-499)","Opportunity",88,31,0.626,352,"HOT"
"nova-group.com","Nova Group","Software / Information Technology","Medium-Large ($50MM-$100MM)","Medium (200-499)","Aware",14,3,0.278,177,"COLD"
"core-net.com","Core Net","Marketing and Advertising","Small ($1MM-$10MM)","Medium-Small (50-199)","Unaware",4,1,0.058,94,"COLD"
"stellar-digital.com","Stellar Digital","Software / Information Technology","Micro ($0-$1MM)","Small (10-49)","Engaged",53,6,0.506,213,"WARM"
"iron-systems.com","Iron Systems","Health, Wellness and Fitness","Medium-Large ($50MM-$100MM)","Medium-Large (500-999)","Unaware",4,1,0.058,180,"COLD"
"acme-solutions.com","Acme Solutions","Financial Services","Small ($1MM-$10MM)","Medium-Small (50-199)","Unaware",5,1,0.060,77,"COLD"
"bright-io.com","Bright Io","Hospital & Health Care","Medium-Small ($10MM-$50MM)","Medium (200-499)","Unaware",1,1,0.052,214,"COLD"
"blue-io.com","Blue Io","Logistics and Supply Chain","Small ($1MM-$10MM)","Small (10-49)","Unaware",4,1,0.058,83,"COLD"
"vertex-data.com","Vertex Data","Logistics and Supply Chain","Large ($100MM-$200MM)","Medium-Large (500-999)","Unaware",3,1,0.056,157,"COLD"
"nova-solutions.com","Nova Solutions","Logistics and Supply Chain","Micro ($0-$1MM)","Micro (1-9)","Unaware",4,1,0.058,132,"COLD"
"swift-group.com","Swift Group","Entertainment","Medium-Small ($10MM-$50MM)","Medium-Small (50-199)","Opportunity",423,43,0.750,1091,"HOT"
"prime-data.com","Prime Data","Automotive","Medium-Small ($10MM-$50MM)","Medium-Small (50-199)","Unaware",1,1,0.052,251,"COLD"
"peak-systems.com","Peak Systems","Marketing and Advertising","XLarge ($200MM-$1B)","XLarge (5,000-10,000)","Unaware",3,1,0.056,647,"COLD"
"blue-digital.com","Blue Digital","Construction","XLarge ($200MM-$1B)","Large (1,000-4,999)","Unaware",4,1,0.058,746,"COLD"
"rapid-labs.com","Rapid Labs","Education Management","XLarge ($200MM-$1B)","XLarge (5,000-10,000)","Aware",22,3,0.194,767,"COLD"
"green-hub.com","Green Hub","Consumer Goods","Small ($1MM-$10MM)","Medium-Small (50-199)","Unaware",1,1,0.052,196,"COLD"
"nexus-solutions.com","Nexus Solutions","Financial Services","Medium-Small ($10MM-$50MM)","Medium (200-499)","Aware",7,5,0.164,153,"COLD"
"blue-media.com","Blue Media","Automotive","Medium-Small ($10MM-$50MM)","Medium-Small (50-199)","MQL",100,30,0.650,253,"HOT"
"rapid-solutions.com","Rapid Solutions","Consumer Goods","Medium-Small ($10MM-$50MM)","Medium (200-499)","Unaware",2,1,0.054,220,"COLD"
"rapid-tech.com","Rapid Tech","Consumer Goods","Micro ($0-$1MM)","Micro (1-9)","MQL",176,11,0.750,499,"HOT"
"nova-io.com","Nova Io","Food & Beverages","Micro ($0-$1MM)","Small (10-49)","Unaware",5,1,0.060,83,"COLD"
"clear-media.com","Clear Media","Retail","Medium-Small ($10MM-$50MM)","Medium (200-499)","Aware",20,1,0.290,117,"COLD"
"stellar-data.com","Stellar Data","Software / Information Technology","Medium-Small ($10MM-$50MM)","Medium-Small (50-199)","Unaware",1,1,0.152,213,"COLD"
"iron-data.com","Iron Data","Health, Wellness and Fitness","Medium-Large ($50MM-$100MM)","Medium-Large (500-999)","Aware",11,4,0.172,147,"COLD"
"green-io.com","Green Io","E-Learning","XLarge ($200MM-$1B)","XLarge (5,000-10,000)","Engaged",53,6,0.406,693,"WARM"
"smart-cloud.com","Smart Cloud","Logistics and Supply Chain","Small ($1MM-$10MM)","Medium-Small (50-199)","Unaware",1,1,0.052,92,"COLD"
"apex-io.com","Apex Io","Education Management","Micro ($0-$1MM)","Micro (1-9)","Unaware",4,1,0.058,212,"COLD"
"iron-solutions.com","Iron Solutions","Hospital & Health Care","Micro ($0-$1MM)","Small (10-49)","Aware",20,1,0.190,288,"COLD"
"vertex-corp.com","Vertex Corp","Hospital & Health Care","Small ($1MM-$10MM)","Medium-Small (50-199)","Engaged",37,5,0.374,206,"WARM"
"blue-group.com","Blue Group","Software / Information Technology","Medium-Small ($10MM-$50MM)","Medium (200-499)","Engaged",103,17,0.606,315,"HOT"
"atlas-systems.com","Atlas Systems","Financial Services","XXLarge ($1B+)","XXLarge (10,000+)","MQL",128,7,0.706,877,"HOT"
"vertex-hub.com","Vertex Hub","Logistics and Supply Chain","XLarge ($200MM-$1B)","Large (1,000-4,999)","MQL",88,25,0.626,796,"HOT"
"blue-media.com","Blue Media","E-Learning","Small ($1MM-$10MM)","Medium-Small (50-199)","Unaware",4,1,0.058,61,"COLD"
"core-io.com","Core Io","Financial Services","Small ($1MM-$10MM)","Small (10-49)","Unaware",4,1,0.058,179,"COLD"
"swift-net.com","Swift Net","Entertainment","Small ($1MM-$10MM)","Medium-Small (50-199)","Aware",8,3,0.166,240,"COLD"
"prime-tech.com","Prime Tech","Software / Information Technology","XXLarge ($1B+)","XXLarge (10,000+)","MQL",225,18,0.850,1017,"HOT"
"prime-digital.com","Prime Digital","Construction","Micro ($0-$1MM)","Micro (1-9)","Aware",6,6,0.162,228,"COLD"
"blue-io.com","Blue Io","Retail","Large ($100MM-$200MM)","Medium-Large (500-999)","Unaware",5,1,0.160,85,"COLD"
"acme-inc.com","Acme Inc","Retail","Large ($100MM-$200MM)","Large (1,000-4,999)","MQL",55,14,0.660,346,"HOT"
"vertex-cloud.com","Vertex Cloud","Legal Services","Medium-Small ($10MM-$50MM)","Medium (200-499)","Unaware",3,1,0.056,101,"COLD"
"peak-group.com","Peak Group","Hospital & Health Care","Large ($100MM-$200MM)","Medium-Large (500-999)","MQL",68,14,0.586,262,"HOT"
"nova-net.com","Nova Net","E-Learning","Medium-Large ($50MM-$100MM)","Medium (200-499)","Unaware",1,1,0.052,157,"COLD"
"stellar-works.com","Stellar Works","Telecommunications","Medium-Large ($50MM-$100MM)","Medium (200-499)","Unaware",2,1,0.054,75,"COLD"
"iron-media.com","Iron Media","Insurance","Medium-Small ($10MM-$50MM)","Medium (200-499)","Unaware",3,1,0.056,169,"COLD"
"global-hub.com","Global Hub","Manufacturing","Medium-Small ($10MM-$50MM)","Medium (200-499)","Unaware",2,1,0.054,111,"COLD"
"nova-media.com","Nova Media","Manufacturing","Medium-Small ($10MM-$50MM)","Medium-Small (50-199)","MQL",115,19,0.680,309,"HOT"
"vertex-digital.com","Vertex Digital","Food & Beverages","Medium-Large ($50MM-$100MM)","Medium-Large (500-999)","Unaware",4,1,0.058,174,"COLD"
"atlas-inc.com","Atlas Inc","Marketing and Advertising","Micro ($0-$1MM)","Micro (1-9)","Unaware",3,1,0.056,134,"COLD"
"smart-labs.com","Smart Labs","Logistics and Supply Chain","Medium-Large ($50MM-$100MM)","Medium-Large (500-999)","Engaged",42,11,0.384,261,"WARM"
"swift-hub.com","Swift Hub","Software / Information Technology","Micro ($0-$1MM)","Micro (1-9)","Engaged",37,15,0.474,269,"WARM"
"green-cloud.com","Green Cloud","Food & Beverages","Medium-Small ($10MM-$50MM)","Medium-Small (50-199)","Aware",10,6,0.170,199,"COLD"
"apex-data.com","Apex Data","Financial Services","Micro ($0-$1MM)","Micro (1-9)","Aware",5,5,0.160,173,"COLD"
"core-cloud.com","Core Cloud","Retail","Medium-Large ($50MM-$100MM)","Medium (200-499)","MQL",103,20,0.756,286,"HOT"
"stellar-works.com","Stellar Works","Retail","Medium-Large ($50MM-$100MM)","Medium (200-499)","Unaware",1,1,0.152,73,"COLD"
"iron-solutions.com","Iron Solutions","Software / Information Technology","Small ($1MM-$10MM)","Small (10-49)","Unaware",5,1,0.160,258,"COLD"
"rapid-hub.com","Rapid Hub","E-Learning","Medium-Small ($10MM-$50MM)","Medium-Small (50-199)","Aware",16,4,0.182,272,"COLD"
"core-digital.com","Core Digital","Food & Beverages","Micro ($0-$1MM)","Micro (1-9)","Aware",17,2,0.184,175,"COLD"
"rapid-net.com","Rapid Net","Education Management","Micro ($0-$1MM)","Micro (1-9)","Unaware",4,1,0.058,204,"COLD"
"acme-corp.com","Acme Corp","Automotive","Small ($1MM-$10MM)","Medium-Small (50-199)","Unaware",4,1,0.058,95,"COLD"
"stellar-tech.com","Stellar Tech","Manufacturing","Medium-Small ($10MM-$50MM)","Medium-Small (50-199)","Engaged",20,4,0.340,96,"WARM"
"nova-systems.com","Nova Systems","Financial Services","Small ($1MM-$10MM)","Medium-Small (50-199)","Unaware",1,1,0.052,131,"COLD"
"nova-works.com","Nova Works","Logistics and Supply Chain","Micro ($0-$1MM)","Micro (1-9)","Unaware",2,1,0.054,229,"COLD"
"nexus-labs.com","Nexus Labs","Hospital & Health Care","Medium-Small ($10MM-$50MM)","Medium-Small (50-199)","Unaware",2,1,0.054,154,"COLD"
"apex-systems.com","Apex Systems","Retail","Micro ($0-$1MM)","Micro (1-9)","Engaged",15,13,0.430,244,"WARM"
"atlas-data.com","Atlas Data","Software / Information Technology","Medium-Large ($50MM-$100MM)","Medium (200-499)","Unaware",2,1,0.154,82,"COLD"
"atlas-io.com","Atlas Io","Software / Information Technology","Medium-Small ($10MM-$50MM)","Medium-Small (50-199)","MQL",228,15,0.850,703,"HOT"
"stellar-media.com","Stellar Media","Financial Services","Medium-Small ($10MM-$50MM)","Medium-Small (50-199)","Unaware",5,1,0.060,64,"COLD"
"smart-works.com","Smart Works","Retail","Micro ($0-$1MM)","Small (10-49)","Engaged",37,11,0.474,286,"WARM"
"cyber-net.com","Cyber Net","Retail","Micro ($0-$1MM)","Micro (1-9)","Unaware",5,1,0.160,104,"COLD"
"stellar-io.com","Stellar Io","Health, Wellness and Fitness","Micro ($0-$1MM)","Micro (1-9)","MQL",170,11,0.750,530,"HOT"
"stellar-labs.com","Stellar Labs","Real Estate","XXLarge ($1B+)","XXLarge (10,000+)","MQL",120,24,0.690,930,"HOT"
"green-digital.com","Green Digital","Entertainment","Medium-Small ($10MM-$50MM)","Medium-Small (50-199)","Engaged",67,17,0.434,247,"WARM"
"cyber-inc.com","Cyber Inc","Telecommunications","Medium-Small ($10MM-$50MM)","Medium-Small (50-199)","Engaged",71,17,0.442,319,"WARM"
"clear-digital.com","Clear Digital","Manufacturing","Medium-Small ($10MM-$50MM)","Medium (200-499)","Aware",18,4,0.186,88,"COLD"
"swift-io.com","Swift Io","Manufacturing","Small ($1MM-$10MM)","Small (10-49)","Unaware",3,1,0.056,92,"COLD"
"atlas-works.com","Atlas Works","Logistics and Supply Chain","Micro ($0-$1MM)","Micro (1-9)","Aware",7,2,0.164,256,"COLD"
"global-solutions.com","Global Solutions","E-Learning","Medium-Large ($50MM-$100MM)","Medium (200-499)","Aware",7,2,0.164,78,"COLD"
"acme-tech.com","Acme Tech","Education Management","Small ($1MM-$10MM)","Medium-Small (50-199)","MQL",170,15,0.750,406,"HOT"
"swift-group.com","Swift Group","Logistics and Supply Chain","Medium-Large ($50MM-$100MM)","Medium (200-499)","Unaware",2,1,0.054,249,"COLD"
"stellar-hub.com","Stellar Hub","Retail","Small ($1MM-$10MM)","Small (10-49)","Engaged",34,11,0.468,177,"WARM"
"core-io.com","Core Io","E-Learning","Large ($100MM-$200MM)","Medium-Large (500-999)","Aware",11,2,0.172,193,"COLD"
"iron-systems.com","Iron Systems","Retail","Small ($1MM-$10MM)","Small (10-49)","Aware",18,3,0.286,208,"COLD"
"apex-works.com","Apex Works","Retail","Micro ($0-$1MM)","Micro (1-9)","Engaged",45,4,0.490,172,"WARM"
"rapid-corp.com","Rapid Corp","E-Learning","Large ($100MM-$200MM)","Large (1,000-4,999)","Unaware",3,1,0.056,223,"COLD"
"apex-inc.com","Apex Inc","Manufacturing","Micro ($0-$1MM)","Small (10-49)","Aware",18,1,0.186,284,"COLD"
"atlas-works.com","Atlas Works","Legal Services","Small ($1MM-$10MM)","Medium-Small (50-199)","Unaware",2,1,0.054,246,"COLD"
"nova-group.com","Nova Group","Financial Services","XLarge ($200MM-$1B)","Large (1,000-4,999)","Unaware",4,1,0.058,657,"COLD"
"vertex-labs.com","Vertex Labs","Consumer Goods","XXLarge ($1B+)","XXLarge (10,000+)","MQL",58,28,0.566,824,"HOT"
"nexus-systems.com","Nexus Systems","Telecommunications","Large ($100MM-$200MM)","Large (1,000-4,999)","Unaware",2,1,0.054,63,"COLD"
"stellar-solutions.com","Stellar Solutions","Consumer Goods","Small ($1MM-$10MM)","Small (10-49)","Unaware",1,1,0.052,244,"COLD"
"cyber-inc.com","Cyber Inc","Marketing and Advertising","Medium-Small ($10MM-$50MM)","Medium (200-499)","Unaware",2,1,0.054,181,"COLD"
"cyber-group.com","Cyber Group","Software / Information Technology","Micro ($0-$1MM)","Micro (1-9)","Unaware",2,1,0.154,65,"COLD"
"stellar-io.com","Stellar Io","Financial Services","Large ($100MM-$200MM)","Large (1,000-4,999)","Engaged",57,17,0.414,304,"WARM"
"cyber-group.com","Cyber Group","Hospital & Health Care","Small ($1MM-$10MM)","Medium-Small (50-199)","Unaware",2,1,0.054,65,"COLD"
"rapid-systems.com","Rapid Systems","Software / Information Technology","Small ($1MM-$10MM)","Medium-Small (50-199)","Opportunity",266,17,0.850,623,"HOT"
"cyber-group.com","Cyber Group","Health, Wellness and Fitness","Small ($1MM-$10MM)","Medium-Small (50-199)","Unaware",1,1,0.052,63,"COLD"
"smart-tech.com","Smart Tech","Software / Information Technology","XLarge ($200MM-$1B)","XLarge (5,000-10,000)","Unaware",4,1,0.158,665,"COLD"
"peak-works.com","Peak Works","Health, Wellness and Fitness","Micro ($0-$1MM)","Micro (1-9)","Aware",10,5,0.170,146,"COLD"
"global-works.com","Global Works","Financial Services","Small ($1MM-$10MM)","Medium-Small (50-199)","Unaware",3,1,0.056,129,"COLD"
"core-tech.com","Core Tech","Consumer Goods","Medium-Large ($50MM-$100MM)","Medium-Large (500-999)","Engaged",108,12,0.516,301,"HOT"
"bright-digital.com","Bright Digital","Software / Information Technology","Micro ($0-$1MM)","Micro (1-9)","MQL",172,15,0.850,468,"HOT"
"apex-tech.com","Apex Tech","Health, Wellness and Fitness","Medium-Small ($10MM-$50MM)","Medium-Small (50-199)","MQL",178,6,0.750,481,"HOT"
"core-hub.com","Core Hub","E-Learning","Micro ($0-$1MM)","Small (10-49)","Aware",6,4,0.162,63,"COLD"
"peak-inc.com","Peak Inc","Telecommunications","Medium-Small ($10MM-$50MM)","Medium (200-499)","Engaged",14,16,0.328,124,"WARM"
"rapid-media.com","Rapid Media","Legal Services","Medium-Small ($10MM-$50MM)","Medium (200-499)","MQL",136,7,0.722,336,"HOT"
"nova-net.com","Nova Net","Consumer Goods","Small ($1MM-$10MM)","Small (10-49)","Unaware",2,1,0.054,159,"COLD"
"peak-tech.com","Peak Tech","Entertainment","Small ($1MM-$10MM)","Medium-Small (50-199)","Unaware",3,1,0.056,119,"COLD"
"bright-works.com","Bright Works","Health, Wellness and Fitness","Medium-Small ($10MM-$50MM)","Medium (200-499)","Unaware",2,1,0.054,120,"COLD"
"global-tech.com","Global Tech","Retail","Small ($1MM-$10MM)","Small (10-49)","Opportunity",265,49,0.850,753,"HOT"
"rapid-data.com","Rapid Data","Entertainment","Micro ($0-$1MM)","Micro (1-9)","Opportunity",464,47,0.750,1116,"HOT"
"atlas-solutions.com","Atlas Solutions","Financial Services","Medium-Large ($50MM-$100MM)","Medium (200-499)","Aware",12,2,0.174,78,"COLD"
"vertex-solutions.com","Vertex Solutions","Education Management","Micro ($0-$1MM)","Micro (1-9)","Unaware",1,1,0.052,77,"COLD"
"acme-cloud.com","Acme Cloud","Logistics and Supply Chain","XLarge ($200MM-$1B)","Large (1,000-4,999)","Unaware",4,1,0.058,699,"COLD"
"swift-works.com","Swift Works","Financial Services","Small ($1MM-$10MM)","Small (10-49)","Aware",17,3,0.184,108,"COLD"
"global-tech.com","Global Tech","Telecommunications","Small ($1MM-$10MM)","Small (10-49)","Unaware",4,1,0.058,231,"COLD"
"stellar-inc.com","Stellar Inc","E-Learning","Small ($1MM-$10MM)","Medium-Small (50-199)","Unaware",4,1,0.058,148,"COLD"
"blue-tech.com","Blue Tech","Manufacturing","Medium-Small ($10MM-$50MM)","Medium (200-499)","Aware",6,3,0.162,132,"COLD"
"peak-corp.com","Peak Corp","Marketing and Advertising","Large ($100MM-$200MM)","Medium-Large (500-999)","Aware",11,1,0.172,186,"COLD"
"nova-corp.com","Nova Corp","Insurance","Large ($100MM-$200MM)","Large (1,000-4,999)","Engaged",60,13,0.420,264,"WARM"
"peak-data.com","Peak Data","Education Management","XLarge ($200MM-$1B)","XLarge (5,000-10,000)","Engaged",26,15,0.352,686,"WARM"
"smart-group.com","Smart Group","Marketing and Advertising","Medium-Small ($10MM-$50MM)","Medium-Small (50-199)","Unaware",5,1,0.060,81,"COLD"
"acme-tech.com","Acme Tech","Retail","Large ($100MM-$200MM)","Large (1,000-4,999)","Aware",7,1,0.264,80,"COLD"
"iron-labs.com","Iron Labs","Education Management","Micro ($0-$1MM)","Micro (1-9)","Unaware",3,1,0.056,233,"COLD"
"peak-net.com","Peak Net","Education Management","XXLarge ($1B+)","XXLarge (10,000+)","Engaged",70,14,0.440,766,"WARM"
"peak-systems.com","Peak Systems","Logistics and Supply Chain","Medium-Large ($50MM-$100MM)","Medium-Large (500-999)","Unaware",1,1,0.052,143,"COLD"
"blue-digital.com","Blue Digital","Education Management","Medium-Large ($50MM-$100MM)","Medium (200-499)","Unaware",5,1,0.060,248,"COLD"
"green-systems.com","Green Systems","Financial Services","Medium-Large ($50MM-$100MM)","Medium-Large (500-999)","Aware",9,4,0.168,228,"COLD"
"cyber-cloud.com","Cyber Cloud","Hospital & Health Care","Micro ($0-$1MM)","Small (10-49)","Unaware",1,1,0.052,53,"COLD"
"nexus-hub.com","Nexus Hub","Legal Services","Small ($1MM-$10MM)","Medium-Small (50-199)","MQL",141,28,0.732,376,"HOT"
"clear-io.com","Clear Io","Retail","Small ($1MM-$10MM)","Small (10-49)","Aware",21,2,0.292,240,"COLD"
"vertex-data.com","Vertex Data","Construction","Medium-Small ($10MM-$50MM)","Medium-Small (50-199)","Unaware",1,1,0.052,153,"COLD"
"iron-digital.com","Iron Digital","Health, Wellness and Fitness","Medium-Large ($50MM-$100MM)","Medium (200-499)","Unaware",2,1,0.054,130,"COLD"
"rapid-net.com","Rapid Net","Legal Services","Small ($1MM-$10MM)","Medium-Small (50-199)","Aware",4,4,0.158,204,"COLD"
"peak-data.com","Peak Data","Hospital & Health Care","XLarge ($200MM-$1B)","Large (1,000-4,999)","Unaware",1,1,0.052,636,"COLD"
"global-works.com","Global Works","Entertainment","Medium-Large ($50MM-$100MM)","Medium-Large (500-999)","Unaware",3,1,0.056,129,"COLD"
"smart-digital.com","Smart Digital","Consumer Goods","Medium-Large ($50MM-$100MM)","Medium (200-499)","Opportunity",337,37,0.750,805,"HOT"
"vertex-labs.com","Vertex Labs","Real Estate","Medium-Large ($50MM-$100MM)","Medium (200-499)","Aware",17,4,0.184,242,"COLD"
"vertex-cloud.com","Vertex Cloud","Marketing and Advertising","XLarge ($200MM-$1B)","Large (1,000-4,999)","Engaged",61,16,0.422,717,"WARM"
"stellar-tech.com","Stellar Tech","Management Consulting","Small ($1MM-$10MM)","Small (10-49)","Aware",9,2,0.168,74,"COLD"
"rapid-net.com","Rapid Net","Telecommunications","Micro ($0-$1MM)","Micro (1-9)","Engaged",71,6,0.442,338,"WARM"
"blue-media.com","Blue Media","Marketing and Advertising","Micro ($0-$1MM)","Micro (1-9)","Unaware",2,1,0.054,57,"COLD"
"clear-tech.com","Clear Tech","Marketing and Advertising","XLarge ($200MM-$1B)","XLarge (5,000-10,000)","Engaged",75,5,0.450,803,"WARM"
"nexus-net.com","Nexus Net","Hospital & Health Care","Medium-Small ($10MM-$50MM)","Medium-Small (50-199)","Aware",11,3,0.172,225,"COLD"
"iron-works.com","Iron Works","Software / Information Technology","XXLarge ($1B+)","XXLarge (10,000+)","Unaware",5,1,0.160,592,"COLD"
"iron-systems.com","Iron Systems","Construction","Small ($1MM-$10MM)","Small (10-49)","Engaged",84,16,0.468,340,"WARM"
"stellar-media.com","Stellar Media","Hospital & Health Care","Small ($1MM-$10MM)","Small (10-49)","Engaged",61,6,0.422,176,"WARM"
"peak-corp.com","Peak Corp","Automotive","Medium-Large ($50MM-$100MM)","Medium-Large (500-999)","Aware",7,1,0.164,178,"COLD"
"vertex-labs.com","Vertex Labs","Insurance","Small ($1MM-$10MM)","Small (10-49)","Unaware",2,1,0.054,212,"COLD"
"atlas-solutions.com","Atlas Solutions","Food & Beverages","Small ($1MM-$10MM)","Medium-Small (50-199)","Aware",10,6,0.170,74,"COLD"
"bright-systems.com","Bright Systems","Automotive","Medium-Large ($50MM-$100MM)","Medium-Large (500-999)","Engaged",95,16,0.490,268,"WARM"
"vertex-hub.com","Vertex Hub","Software / Information Technology","Medium-Large ($50MM-$100MM)","Medium-Large (500-999)","Aware",9,1,0.268,138,"COLD"
"blue-group.com","Blue Group","Software / Information Technology","XXLarge ($1B+)","XXLarge (10,000+)","Unaware",1,1,0.152,611,"COLD"
"blue-data.com","Blue Data","Retail","Medium-Small ($10MM-$50MM)","Medium (200-499)","Unaware",2,1,0.154,161,"COLD"
"stellar-tech.com","Stellar Tech","Manufacturing","Medium-Large ($50MM-$100MM)","Medium (200-499)","Unaware",2,1,0.054,60,"COLD"
"blue-digital.com","Blue Digital","Manufacturing","Micro ($0-$1MM)","Micro (1-9)","Engaged",95,17,0.490,428,"WARM"
"blue-works.com","Blue Works","Construction","Medium-Small ($10MM-$50MM)","Medium (200-499)","Engaged",24,16,0.348,227,"WARM"
"peak-hub.com","Peak Hub","Legal Services","XLarge ($200MM-$1B)","Large (1,000-4,999)","Opportunity",114,30,0.678,947,"HOT"
"stellar-group.com","Stellar Group","Health, Wellness and Fitness","Medium-Large ($50MM-$100MM)","Medium (200-499)","Aware",19,2,0.188,192,"COLD"
"swift-net.com","Swift Net","Automotive","Medium-Small ($10MM-$50MM)","Medium (200-499)","Unaware",4,1,0.058,232,"COLD"
"cyber-group.com","Cyber Group","E-Learning","Micro ($0-$1MM)","Micro (1-9)","Engaged",95,8,0.490,251,"WARM"
"blue-tech.com","Blue Tech","Marketing and Advertising","XLarge ($200MM-$1B)","XLarge (5,000-10,000)","Unaware",5,1,0.060,630,"COLD"
"stellar-systems.com","Stellar Systems","Retail","Medium-Small ($10MM-$50MM)","Medium-Small (50-199)","Opportunity",257,26,0.850,667,"HOT"
"blue-corp.com","Blue Corp","Retail","Micro ($0-$1MM)","Small (10-49)","Engaged",47,5,0.494,144,"WARM"
"prime-group.com","Prime Group","Retail","XXLarge ($1B+)","XXLarge (10,000+)","Unaware",5,1,0.160,636,"COLD"
"smart-group.com","Smart Group","Manufacturing","Medium-Small ($10MM-$50MM)","Medium (200-499)","Unaware",3,1,0.056,77,"COLD"
"core-inc.com","Core Inc","Legal Services","Small ($1MM-$10MM)","Small (10-49)","Aware",5,2,0.160,170,"COLD"
"nexus-labs.com","Nexus Labs","Health, Wellness and Fitness","Small ($1MM-$10MM)","Small (10-49)","Aware",19,5,0.188,188,"COLD"
"core-inc.com","Core Inc","Hospital & Health Care","Micro ($0-$1MM)","Micro (1-9)","Unaware",3,1,0.056,166,"COLD"
"peak-net.com","Peak Net","Consumer Goods","Small ($1MM-$10MM)","Small (10-49)","Unaware",3,1,0.056,132,"COLD"
"vertex-cloud.com","Vertex Cloud","Marketing and Advertising","Micro ($0-$1MM)","Micro (1-9)","MQL",108,25,0.666,311,"HOT"
"prime-labs.com","Prime Labs","Automotive","XXLarge ($1B+)","XXLarge (10,000+)","Unaware",2,1,0.054,570,"COLD"
"apex-labs.com","Apex Labs","Software / Information Technology","Medium-Small ($10MM-$50MM)","Medium (200-499)","Engaged",31,6,0.462,116,"WARM"
"peak-works.com","Peak Works","Financial Services","Micro ($0-$1MM)","Small (10-49)","MQL",229,15,0.750,584,"HOT"
"iron-io.com","Iron Io","Software / Information Technology","Medium-Large ($50MM-$100MM)","Medium-Large (500-999)","Engaged",80,14,0.560,268,"WARM"
"core-data.com","Core Data","Financial Services","Medium-Small ($10MM-$50MM)","Medium-Small (50-199)","Engaged",49,7,0.398,252,"WARM"
"apex-solutions.com","Apex Solutions","Automotive","Micro ($0-$1MM)","Micro (1-9)","Unaware",5,1,0.060,224,"COLD"
"global-tech.com","Global Tech","E-Learning","Medium-Small ($10MM-$50MM)","Medium-Small (50-199)","Opportunity",297,31,0.750,817,"HOT"
"core-solutions.com","Core Solutions","Manufacturing","Large ($100MM-$200MM)","Medium-Large (500-999)","Engaged",66,15,0.432,326,"WARM"
"acme-inc.com","Acme Inc","Consumer Goods","XXLarge ($1B+)","XXLarge (10,000+)","Aware",13,4,0.176,762,"COLD"
"core-inc.com","Core Inc","Marketing and Advertising","Medium-Large ($50MM-$100MM)","Medium (200-499)","Aware",3,2,0.156,166,"COLD"
"acme-labs.com","Acme Labs","Management Consulting","XLarge ($200MM-$1B)","Large (1,000-4,999)","Engaged",100,9,0.500,792,"WARM"
"swift-tech.com","Swift Tech","Financial Services","Micro ($0-$1MM)","Micro (1-9)","Unaware",3,1,0.056,146,"COLD"
"atlas-cloud.com","Atlas Cloud","Marketing and Advertising","Small ($1MM-$10MM)","Small (10-49)","Engaged",91,18,0.482,376,"WARM"
"peak-net.com","Peak Net","Insurance","Micro ($0-$1MM)","Small (10-49)","Unaware",3,1,0.056,132,"COLD"
"peak-group.com","Peak Group","Manufacturing","Micro ($0-$1MM)","Micro (1-9)","Unaware",4,1,0.058,134,"COLD"
"nexus-systems.com","Nexus Systems","Financial Services","Large ($100MM-$200MM)","Medium-Large (500-999)","Unaware",2,1,0.054,63,"COLD"
"global-digital.com","Global Digital","E-Learning","Micro ($0-$1MM)","Micro (1-9)","Unaware",5,1,0.060,191,"COLD"
"nova-works.com","Nova Works","Manufacturing","Micro ($0-$1MM)","Micro (1-9)","Unaware",3,1,0.056,231,"COLD"
"iron-cloud.com","Iron Cloud","Hospital & Health Care","Micro ($0-$1MM)","Small (10-49)","MQL",118,25,0.686,307,"HOT"
"global-hub.com","Global Hub","Consumer Goods","Large ($100MM-$200MM)","Large (1,000-4,999)","Unaware",3,1,0.056,113,"COLD"
"cyber-digital.com","Cyber Digital","Software / Information Technology","Large ($100MM-$200MM)","Large (1,000-4,999)","MQL",48,20,0.646,319,"HOT"
"bright-net.com","Bright Net","Retail","Small ($1MM-$10MM)","Medium-Small (50-199)","Engaged",12,7,0.424,78,"WARM"
"iron-corp.com","Iron Corp","Financial Services","Small ($1MM-$10MM)","Small (10-49)","MQL",81,19,0.612,342,"HOT"
"prime-cloud.com","Prime Cloud","Insurance","Micro ($0-$1MM)","Small (10-49)","Engaged",30,17,0.360,249,"WARM"
"core-systems.com","Core Systems","Health, Wellness and Fitness","Micro ($0-$1MM)","Small (10-49)","Aware",5,1,0.160,121,"COLD"
"core-tech.com","Core Tech","Manufacturing","Large ($100MM-$200MM)","Medium-Large (500-999)","Aware",17,1,0.184,119,"COLD"
"acme-net.com","Acme Net","Marketing and Advertising","Micro ($0-$1MM)","Small (10-49)","Engaged",70,17,0.440,303,"WARM"
"clear-systems.com","Clear Systems","E-Learning","Small ($1MM-$10MM)","Medium-Small (50-199)","Aware",21,1,0.192,268,"COLD"
"prime-data.com","Prime Data","Food & Beverages","Small ($1MM-$10MM)","Small (10-49)","Unaware",4,1,0.058,257,"COLD"
"cyber-inc.com","Cyber Inc","Telecommunications","Medium-Small ($10MM-$50MM)","Medium (200-499)","Unaware",1,1,0.052,179,"COLD"
"vertex-inc.com","Vertex Inc","Food & Beverages","XLarge ($200MM-$1B)","XLarge (5,000-10,000)","Unaware",4,1,0.058,741,"COLD"
"core-tech.com","Core Tech","Management Consulting","Micro ($0-$1MM)","Micro (1-9)","Engaged",65,6,0.430,215,"WARM"
"core-io.com","Core Io","Marketing and Advertising","Medium-Large ($50MM-$100MM)","Medium (200-499)","Unaware",1,1,0.052,173,"COLD"
"nexus-hub.com","Nexus Hub","Construction","Small ($1MM-$10MM)","Medium-Small (50-199)","Aware",5,5,0.160,104,"COLD"
"swift-works.com","Swift Works","Retail","XLarge ($200MM-$1B)","Large (1,000-4,999)","Aware",10,3,0.270,594,"COLD"
"rapid-io.com","Rapid Io","Financial Services","Medium-Large ($50MM-$100MM)","Medium (200-499)","Aware",4,3,0.158,128,"COLD"
"nexus-group.com","Nexus Group","Legal Services","Small ($1MM-$10MM)","Medium-Small (50-199)","Unaware",4,1,0.058,119,"COLD"
"core-media.com","Core Media","Hospital & Health Care","Medium-Large ($50MM-$100MM)","Medium-Large (500-999)","Aware",14,5,0.178,190,"COLD"
"clear-labs.com","Clear Labs","Marketing and Advertising","Medium-Small ($10MM-$50MM)","Medium (200-499)","Unaware",4,1,0.058,241,"COLD"
"peak-group.com","Peak Group","Insurance","Small ($1MM-$10MM)","Small (10-49)","Aware",6,2,0.162,138,"COLD"
"atlas-io.com","Atlas Io","Education Management","Large ($100MM-$200MM)","Large (1,000-4,999)","Unaware",4,1,0.058,255,"COLD"
"bright-hub.com","Bright Hub","Retail","Medium-Small ($10MM-$50MM)","Medium (200-499)","Engaged",81,14,0.562,342,"WARM"
"acme-digital.com","Acme Digital","Food & Beverages","Medium-Large ($50MM-$100MM)","Medium-Large (500-999)","Engaged",104,10,0.508,424,"HOT"
"swift-labs.com","Swift Labs","Legal Services","Micro ($0-$1MM)","Micro (1-9)","Unaware",2,1,0.054,59,"COLD"
"prime-net.com","Prime Net","Management Consulting","Small ($1MM-$10MM)","Small (10-49)","MQL",220,14,0.750,656,"HOT"
"global-group.com","Global Group","Marketing and Advertising","Large ($100MM-$200MM)","Medium-Large (500-999)","MQL",143,9,0.736,447,"HOT"
"rapid-group.com","Rapid Group","Education Management","Medium-Large ($50MM-$100MM)","Medium (200-499)","MQL",124,14,0.698,471,"HOT"
"blue-io.com","Blue Io","Education Management","Medium-Small ($10MM-$50MM)","Medium (200-499)","Unaware",1,1,0.052,77,"COLD"
"nexus-inc.com","Nexus Inc","Health, Wellness and Fitness","Small ($1MM-$10MM)","Small (10-49)","Aware",7,3,0.164,204,"COLD"
"apex-corp.com","Apex Corp","Real Estate","Medium-Large ($50MM-$100MM)","Medium (200-499)","Unaware",5,1,0.060,86,"COLD"
"swift-hub.com","Swift Hub","Management Consulting","Small ($1MM-$10MM)","Small (10-49)","Aware",7,1,0.164,209,"COLD"
"cyber-data.com","Cyber Data","Marketing and Advertising","Medium-Small ($10MM-$50MM)","Medium (200-499)","Engaged",17,7,0.334,176,"WARM"
"vertex-media.com","Vertex Media","Manufacturing","XXLarge ($1B+)","XXLarge (10,000+)","Engaged",45,6,0.390,669,"WARM"
"apex-works.com","Apex Works","Marketing and Advertising","Large ($100MM-$200MM)","Medium-Large (500-999)","Engaged",32,6,0.364,146,"WARM"
"swift-labs.com","Swift Labs","Retail","XLarge ($200MM-$1B)","XLarge (5,000-10,000)","Aware",22,2,0.294,599,"COLD"
"cyber-systems.com","Cyber Systems","Software / Information Technology","Medium-Small ($10MM-$50MM)","Medium-Small (50-199)","Unaware",5,1,0.160,180,"COLD"
"bright-solutions.com","Bright Solutions","Legal Services","Micro ($0-$1MM)","Micro (1-9)","Engaged",87,7,0.474,359,"WARM"
"blue-data.com","Blue Data","Consumer Goods","Small ($1MM-$10MM)","Medium-Small (50-199)","Unaware",3,1,0.056,163,"COLD"
"vertex-works.com","Vertex Works","Health, Wellness and Fitness","Small ($1MM-$10MM)","Medium-Small (50-199)","Aware",11,2,0.172,154,"COLD"
"atlas-data.com","Atlas Data","Management Consulting","Medium-Small ($10MM-$50MM)","Medium-Small (50-199)","Unaware",2,1,0.054,82,"COLD"
"nova-media.com","Nova Media","Logistics and Supply Chain","Small ($1MM-$10MM)","Small (10-49)","Engaged",87,12,0.474,253,"WARM"
"iron-data.com","Iron Data","Entertainment","Medium-Small ($10MM-$50MM)","Medium-Small (50-199)","Engaged",99,12,0.498,323,"WARM"
"stellar-solutions.com","Stellar Solutions","Real Estate","Medium-Small ($10MM-$50MM)","Medium-Small (50-199)","MQL",94,22,0.638,430,"HOT"
"stellar-tech.com","Stellar Tech","Financial Services","Micro ($0-$1MM)","Micro (1-9)","Unaware",2,1,0.054,60,"COLD"
"bright-works.com","Bright Works","Logistics and Supply Chain","Large ($100MM-$200MM)","Medium-Large (500-999)","Aware",4,3,0.158,124,"COLD"
"vertex-solutions.com","Vertex Solutions","Education Management","Medium-Small ($10MM-$50MM)","Medium (200-499)","Unaware",4,1,0.058,83,"COLD"
"atlas-digital.com","Atlas Digital","Entertainment","Micro ($0-$1MM)","Micro (1-9)","Aware",4,4,0.158,184,"COLD"
"peak-media.com","Peak Media","Manufacturing","Medium-Small ($10MM-$50MM)","Medium (200-499)","Unaware",5,1,0.060,60,"COLD"
"iron-labs.com","Iron Labs","Manufacturing","Medium-Small ($10MM-$50MM)","Medium-Small (50-199)","Unaware",5,1,0.060,237,"COLD"
"acme-cloud.com","Acme Cloud","Retail","Micro ($0-$1MM)","Small (10-49)","Unaware",2,1,0.154,195,"COLD"
"prime-corp.com","Prime Corp","Marketing and Advertising","Medium-Small ($10MM-$50MM)","Medium-Small (50-199)","Aware",3,3,0.156,116,"COLD"
"core-media.com","Core Media","Consumer Goods","Micro ($0-$1MM)","Micro (1-9)","Unaware",3,1,0.056,168,"COLD"
"cyber-labs.com","Cyber Labs","Manufacturing","Medium-Small ($10MM-$50MM)","Medium-Small (50-199)","Opportunity",489,11,0.750,1077,"HOT"
"rapid-labs.com","Rapid Labs","Retail","Micro ($0-$1MM)","Micro (1-9)","Unaware",3,1,0.156,229,"COLD"
"bright-corp.com","Bright Corp","Consumer Goods","Medium-Small ($10MM-$50MM)","Medium-Small (50-199)","Unaware",5,1,0.060,234,"COLD"
"iron-tech.com","Iron Tech","Retail","Micro ($0-$1MM)","Small (10-49)","Aware",15,1,0.280,175,"COLD"
"core-systems.com","Core Systems","Software / Information Technology","Small ($1MM-$10MM)","Small (10-49)","Opportunity",196,47,0.850,503,"HOT"
"clear-hub.com","Clear Hub","Real Estate","XLarge ($200MM-$1B)","XLarge (5,000-10,000)","Unaware",2,1,0.054,612,"COLD"
"rapid-hub.com","Rapid Hub","Retail","Medium-Small ($10MM-$50MM)","Medium (200-499)","Unaware",3,1,0.156,246,"COLD"
"blue-cloud.com","Blue Cloud","E-Learning","Micro ($0-$1MM)","Small (10-49)","Unaware",5,1,0.060,73,"COLD"
"cyber-hub.com","Cyber Hub","Legal Services","Small ($1MM-$10MM)","Medium-Small (50-199)","Aware",7,4,0.164,113,"COLD"
"bright-digital.com","Bright Digital","Software / Information Technology","Small ($1MM-$10MM)","Medium-Small (50-199)","Engaged",42,15,0.484,208,"WARM"
"peak-data.com","Peak Data","Hospital & Health Care","Micro ($0-$1MM)","Small (10-49)","Unaware",4,1,0.058,142,"COLD"
"nexus-works.com","Nexus Works","Real Estate","Medium-Small ($10MM-$50MM)","Medium (200-499)","Unaware",2,1,0.054,143,"COLD"
"atlas-systems.com","Atlas Systems","Telecommunications","Micro ($0-$1MM)","Micro (1-9)","Unaware",1,1,0.052,123,"COLD"
"stellar-solutions.com","Stellar Solutions","Insurance","Large ($100MM-$200MM)","Large (1,000-4,999)","Unaware",4,1,0.058,250,"COLD"
"stellar-hub.com","Stellar Hub","Consumer Goods","Micro ($0-$1MM)","Micro (1-9)","Aware",10,3,0.170,129,"COLD"
"acme-media.com","Acme Media","Marketing and Advertising","Micro ($0-$1MM)","Micro (1-9)","Engaged",24,15,0.348,169,"WARM"
"acme-group.com","Acme Group","Retail","XXLarge ($1B+)","XXLarge (10,000+)","MQL",145,8,0.840,943,"HOT"
"acme-group.com","Acme Group","Software / Information Technology","Medium-Small ($10MM-$50MM)","Medium (200-499)","MQL",91,25,0.732,335,"HOT"
"blue-group.com","Blue Group","Legal Services","Small ($1MM-$10MM)","Small (10-49)","Aware",4,3,0.158,117,"COLD"
"iron-data.com","Iron Data","Consumer Goods","XXLarge ($1B+)","XXLarge (10,000+)","Engaged",103,11,0.506,831,"HOT"
"prime-io.com","Prime Io","Automotive","Large ($100MM-$200MM)","Large (1,000-4,999)","Aware",4,2,0.158,110,"COLD"
"atlas-works.com","Atlas Works","Software / Information Technology","Small ($1MM-$10MM)","Medium-Small (50-199)","Aware",18,3,0.286,278,"COLD"
"clear-solutions.com","Clear Solutions","Real Estate","Micro ($0-$1MM)","Micro (1-9)","Unaware",3,1,0.056,62,"COLD"
"stellar-corp.com","Stellar Corp","Software / Information Technology","Medium-Small ($10MM-$50MM)","Medium (200-499)","Unaware",5,1,0.160,238,"COLD"
"apex-inc.com","Apex Inc","Hospital & Health Care","Small ($1MM-$10MM)","Medium-Small (50-199)","Unaware",5,1,0.060,258,"COLD"
"prime-tech.com","Prime Tech","Software / Information Technology","Large ($100MM-$200MM)","Large (1,000-4,999)","Engaged",51,6,0.502,169,"WARM"
"swift-corp.com","Swift Corp","Marketing and Advertising","Small ($1MM-$10MM)","Small (10-49)","MQL",32,21,0.514,186,"HOT"
"global-corp.com","Global Corp","Hospital & Health Care","Small ($1MM-$10MM)","Small (10-49)","Engaged",51,7,0.402,278,"WARM"
"cyber-corp.com","Cyber Corp","Legal Services","Micro ($0-$1MM)","Micro (1-9)","Unaware",3,1,0.056,149,"COLD"
"atlas-media.com","Atlas Media","Consumer Goods","Small ($1MM-$10MM)","Small (10-49)","Engaged",58,13,0.416,341,"WARM"
"green-corp.com","Green Corp","Food & Beverages","Medium-Small ($10MM-$50MM)","Medium-Small (50-199)","Unaware",2,1,0.054,145,"COLD"
"acme-net.com","Acme Net","Telecommunications","Small ($1MM-$10MM)","Small (10-49)","Unaware",5,1,0.060,173,"COLD"
"prime-cloud.com","Prime Cloud","Software / Information Technology","Small ($1MM-$10MM)","Medium-Small (50-199)","Engaged",63,13,0.526,315,"WARM"
"green-digital.com","Green Digital","Manufacturing","Micro ($0-$1MM)","Micro (1-9)","Unaware",5,1,0.060,123,"COLD"
"nexus-solutions.com","Nexus Solutions","Marketing and Advertising","Medium-Large ($50MM-$100MM)","Medium (200-499)","Engaged",41,9,0.382,221,"WARM"
"nova-io.com","Nova Io","Real Estate","Micro ($0-$1MM)","Small (10-49)","Unaware",5,1,0.060,83,"COLD"
"nexus-labs.com","Nexus Labs","Logistics and Supply Chain","Medium-Large ($50MM-$100MM)","Medium (200-499)","Unaware",1,1,0.052,152,"COLD"
"core-hub.com","Core Hub","Construction","Micro ($0-$1MM)","Micro (1-9)","Aware",5,5,0.160,61,"COLD"
"core-group.com","Core Group","Marketing and Advertising","Small ($1MM-$10MM)","Medium-Small (50-199)","Unaware",5,1,0.060,126,"COLD"
"green-works.com","Green Works","Legal Services","Micro ($0-$1MM)","Micro (1-9)","Aware",18,2,0.186,252,"COLD"
"clear-works.com","Clear Works","Consumer Goods","XLarge ($200MM-$1B)","XLarge (5,000-10,000)","Unaware",3,1,0.056,732,"COLD"
"cyber-media.com","Cyber Media","Software / Information Technology","Medium-Large ($50MM-$100MM)","Medium (200-499)","Aware",20,4,0.290,230,"COLD"
"smart-labs.com","Smart Labs","Health, Wellness and Fitness","Medium-Large ($50MM-$100MM)","Medium-Large (500-999)","Unaware",1,1,0.052,179,"COLD"
"apex-group.com","Apex Group","Logistics and Supply Chain","XLarge ($200MM-$1B)","Large (1,000-4,999)","Aware",17,1,0.184,633,"COLD"
"core-group.com","Core Group","Marketing and Advertising","Small ($1MM-$10MM)","Medium-Small (50-199)","Engaged",35,7,0.370,186,"WARM"
"stellar-net.com","Stellar Net","Software / Information Technology","Micro ($0-$1MM)","Small (10-49)","Aware",20,2,0.290,119,"COLD"
"core-systems.com","Core Systems","Marketing and Advertising","XLarge ($200MM-$1B)","Large (1,000-4,999)","MQL",178,20,0.750,967,"HOT"
"blue-io.com","Blue Io","Health, Wellness and Fitness","Medium-Large ($50MM-$100MM)","Medium (200-499)","Unaware",1,1,0.052,77,"COLD"
"clear-media.com","Clear Media","Software / Information Technology","Micro ($0-$1MM)","Micro (1-9)","Aware",19,3,0.288,115,"COLD"
"clear-tech.com","Clear Tech","Food & Beverages","Micro ($0-$1MM)","Micro (1-9)","Engaged",83,14,0.466,319,"WARM"
"clear-io.com","Clear Io","Legal Services","Micro ($0-$1MM)","Micro (1-9)","Aware",11,1,0.172,220,"COLD"
"green-cloud.com","Green Cloud","Entertainment","Large ($100MM-$200MM)","Medium-Large (500-999)","Engaged",71,14,0.442,321,"WARM"
"peak-works.com","Peak Works","Education Management","Medium-Small ($10MM-$50MM)","Medium (200-499)","Unaware",5,1,0.060,136,"COLD"
"green-group.com","Green Group","Marketing and Advertising","Small ($1MM-$10MM)","Small (10-49)","Opportunity",135,16,0.720,512,"HOT"
"iron-hub.com","Iron Hub","Retail","Small ($1MM-$10MM)","Medium-Small (50-199)","Opportunity",394,41,0.850,921,"HOT"
"global-media.com","Global Media","Software / Information Technology","XXLarge ($1B+)","XXLarge (10,000+)","Engaged",86,17,0.572,743,"WARM"
"nexus-corp.com","Nexus Corp","Financial Services","Large ($100MM-$200MM)","Large (1,000-4,999)","Engaged",90,7,0.480,317,"WARM"
"peak-digital.com","Peak Digital","E-Learning","Micro ($0-$1MM)","Micro (1-9)","Unaware",5,1,0.060,124,"COLD"
"atlas-data.com","Atlas Data","Hospital & Health Care","Micro ($0-$1MM)","Small (10-49)","Engaged",85,13,0.470,248,"WARM"
"vertex-group.com","Vertex Group","Health, Wellness and Fitness","Medium-Small ($10MM-$50MM)","Medium-Small (50-199)","Unaware",3,1,0.056,225,"COLD"
"peak-io.com","Peak Io","E-Learning","Small ($1MM-$10MM)","Medium-Small (50-199)","Unaware",3,1,0.056,164,"COLD"
"nexus-data.com","Nexus Data","Marketing and Advertising","XXLarge ($1B+)","XXLarge (10,000+)","Unaware",1,1,0.052,647,"COLD"
"swift-corp.com","Swift Corp","Telecommunications","XXLarge ($1B+)","XXLarge (10,000+)","Aware",10,5,0.170,642,"COLD"
"bright-group.com","Bright Group","Retail","Large ($100MM-$200MM)","Large (1,000-4,999)","Aware",3,3,0.256,245,"COLD"
"acme-inc.com","Acme Inc","Real Estate","Medium-Small ($10MM-$50MM)","Medium-Small (50-199)","MQL",144,19,0.738,524,"HOT"
"clear-net.com","Clear Net","Software / Information Technology","Micro ($0-$1MM)","Small (10-49)","Engaged",70,7,0.540,216,"WARM"
"swift-digital.com","Swift Digital","Manufacturing","Micro ($0-$1MM)","Micro (1-9)","Aware",5,3,0.160,109,"COLD"
"rapid-digital.com","Rapid Digital","Marketing and Advertising","Large ($100MM-$200MM)","Medium-Large (500-999)","Engaged",69,11,0.438,381,"WARM"
"acme-systems.com","Acme Systems","Software / Information Technology","Medium-Small ($10MM-$50MM)","Medium-Small (50-199)","Unaware",4,1,0.158,194,"COLD"
"acme-tech.com","Acme Tech","Entertainment","Large ($100MM-$200MM)","Medium-Large (500-999)","Engaged",102,16,0.504,270,"HOT"
"swift-digital.com","Swift Digital","Food & Beverages","Small ($1MM-$10MM)","Medium-Small (50-199)","Aware",12,3,0.174,123,"COLD"
"smart-solutions.com","Smart Solutions","Retail","Micro ($0-$1MM)","Micro (1-9)","Unaware",5,1,0.160,172,"COLD"
"prime-tech.com","Prime Tech","Entertainment","XLarge ($200MM-$1B)","XLarge (5,000-10,000)","MQL",118,10,0.686,803,"HOT"
"blue-tech.com","Blue Tech","Management Consulting","Medium-Small ($10MM-$50MM)","Medium (200-499)","Opportunity",300,19,0.750,720,"HOT"
"nova-inc.com","Nova Inc","Food & Beverages","Small ($1MM-$10MM)","Medium-Small (50-199)","Unaware",1,1,0.052,189,"COLD"
"nova-digital.com","Nova Digital","Telecommunications","Medium-Large ($50MM-$100MM)","Medium (200-499)","Unaware",3,1,0.056,126,"COLD"
"atlas-cloud.com","Atlas Cloud","Software / Information Technology","Medium-Small ($10MM-$50MM)","Medium-Small (50-199)","MQL",120,20,0.790,434,"HOT"
"rapid-tech.com","Rapid Tech","Marketing and Advertising","Large ($100MM-$200MM)","Medium-Large (500-999)","Engaged",99,3,0.498,345,"WARM"
"blue-media.com","Blue Media","Construction","Medium-Large ($50MM-$100MM)","Medium-Large (500-999)","Unaware",1,1,0.052,55,"COLD"
"swift-hub.com","Swift Hub","Entertainment","Micro ($0-$1MM)","Micro (1-9)","Engaged",62,7,0.424,319,"WARM"
"global-cloud.com","Global Cloud","Marketing and Advertising","Micro ($0-$1MM)","Small (10-49)","Aware",20,2,0.190,131,"COLD"
"acme-group.com","Acme Group","Consumer Goods","Medium-Large ($50MM-$100MM)","Medium-Large (500-999)","Unaware",5,1,0.060,163,"COLD"
"nova-cloud.com","Nova Cloud","Food & Beverages","Medium-Large ($50MM-$100MM)","Medium (200-499)","Engaged",105,17,0.510,278,"HOT"
"prime-cloud.com","Prime Cloud","Retail","Medium-Large ($50MM-$100MM)","Medium (200-499)","Engaged",50,16,0.500,289,"WARM"
"smart-data.com","Smart Data","Manufacturing","Small ($1MM-$10MM)","Medium-Small (50-199)","Unaware",3,1,0.056,222,"COLD"
"global-corp.com","Global Corp","Software / Information Technology","Small ($1MM-$10MM)","Medium-Small (50-199)","Engaged",51,9,0.502,278,"WARM"
"core-solutions.com","Core Solutions","Software / Information Technology","Small ($1MM-$10MM)","Small (10-49)","Aware",12,6,0.274,218,"COLD"
"stellar-media.com","Stellar Media","Marketing and Advertising","Medium-Small ($10MM-$50MM)","Medium (200-499)","Aware",22,3,0.194,98,"COLD"
"global-media.com","Global Media","Marketing and Advertising","Small ($1MM-$10MM)","Small (10-49)","Unaware",1,1,0.052,73,"COLD"
"core-data.com","Core Data","Retail","Medium-Large ($50MM-$100MM)","Medium-Large (500-999)","Unaware",5,1,0.160,164,"COLD"
"clear-net.com","Clear Net","Retail","Micro ($0-$1MM)","Micro (1-9)","Opportunity",458,15,0.850,992,"HOT"
"smart-io.com","Smart Io","Automotive","Micro ($0-$1MM)","Small (10-49)","Unaware",4,1,0.058,101,"COLD"
"green-digital.com","Green Digital","Construction","XLarge ($200MM-$1B)","XLarge (5,000-10,000)","Aware",21,5,0.192,655,"COLD"
"blue-io.com","Blue Io","Entertainment","Medium-Large ($50MM-$100MM)","Medium (200-499)","Engaged",99,9,0.498,273,"WARM"
"atlas-data.com","Atlas Data","Health, Wellness and Fitness","Large ($100MM-$200MM)","Medium-Large (500-999)","Unaware",3,1,0.056,84,"COLD"
"global-group.com","Global Group","Software / Information Technology","Small ($1MM-$10MM)","Small (10-49)","MQL",31,25,0.612,223,"HOT"
"swift-net.com","Swift Net","Financial Services","Small ($1MM-$10MM)","Medium-Small (50-199)","Engaged",60,11,0.420,344,"WARM"
"vertex-digital.com","Vertex Digital","Management Consulting","Medium-Large ($50MM-$100MM)","Medium (200-499)","MQL",176,7,0.750,518,"HOT"
"cyber-io.com","Cyber Io","Retail","Medium-Large ($50MM-$100MM)","Medium (200-499)","Aware",3,6,0.256,245,"COLD"
"atlas-corp.com","Atlas Corp","Marketing and Advertising","Medium-Large ($50MM-$100MM)","Medium (200-499)","Unaware",5,1,0.060,206,"COLD"
"smart-solutions.com","Smart Solutions","Construction","Medium-Small ($10MM-$50MM)","Medium (200-499)","Engaged",45,14,0.390,252,"WARM"
"peak-media.com","Peak Media","Management Consulting","Medium-Small ($10MM-$50MM)","Medium (200-499)","Opportunity",497,20,0.750,1044,"HOT"
"global-cloud.com","Global Cloud","Marketing and Advertising","Micro ($0-$1MM)","Micro (1-9)","Aware",12,3,0.174,115,"COLD"
"bright-inc.com","Bright Inc","Manufacturing","Medium-Small ($10MM-$50MM)","Medium (200-499)","Aware",21,3,0.192,240,"COLD"
"green-media.com","Green Media","Software / Information Technology","Medium-Small ($10MM-$50MM)","Medium-Small (50-199)","Engaged",22,13,0.444,196,"WARM"
"rapid-inc.com","Rapid Inc","Construction","Medium-Large ($50MM-$100MM)","Medium-Large (500-999)","Aware",4,3,0.158,133,"COLD"
"prime-corp.com","Prime Corp","Logistics and Supply Chain","Large ($100MM-$200MM)","Medium-Large (500-999)","MQL",112,22,0.674,334,"HOT"
"blue-media.com","Blue Media","Logistics and Supply Chain","Micro ($0-$1MM)","Micro (1-9)","Engaged",17,16,0.334,87,"WARM"
"stellar-media.com","Stellar Media","Financial Services","Small ($1MM-$10MM)","Small (10-49)","Engaged",94,5,0.488,242,"WARM"
"prime-systems.com","Prime Systems","Manufacturing","Small ($1MM-$10MM)","Medium-Small (50-199)","Unaware",4,1,0.058,99,"COLD"
"stellar-systems.com","Stellar Systems","Retail","Medium-Small ($10MM-$50MM)","Medium (200-499)","Unaware",3,1,0.156,159,"COLD"
"cyber-cloud.com","Cyber Cloud","Financial Services","Micro ($0-$1MM)","Micro (1-9)","Unaware",1,1,0.052,53,"COLD"
"bright-cloud.com","Bright Cloud","Real Estate","Small ($1MM-$10MM)","Medium-Small (50-199)","Aware",14,4,0.178,143,"COLD"
"clear-corp.com","Clear Corp","Marketing and Advertising","Large ($100MM-$200MM)","Medium-Large (500-999)","Unaware",3,1,0.056,251,"COLD"
"core-data.com","Core Data","Logistics and Supply Chain","Medium-Small ($10MM-$50MM)","Medium (200-499)","MQL",86,18,0.622,326,"HOT"
"atlas-inc.com","Atlas Inc","Management Consulting","Large ($100MM-$200MM)","Large (1,000-4,999)","Aware",4,2,0.158,136,"COLD"
"global-net.com","Global Net","Hospital & Health Care","Medium-Small ($10MM-$50MM)","Medium (200-499)","Aware",7,4,0.164,134,"COLD"
"nova-works.com","Nova Works","E-Learning","Micro ($0-$1MM)","Small (10-49)","Unaware",4,1,0.058,233,"COLD"
"prime-group.com","Prime Group","Telecommunications","Medium-Small ($10MM-$50MM)","Medium-Small (50-199)","Unaware",4,1,0.058,134,"COLD"
"blue-cloud.com","Blue Cloud","Automotive","XXLarge ($1B+)","XXLarge (10,000+)","Aware",20,5,0.190,603,"COLD"
"green-io.com","Green Io","Financial Services","Large ($100MM-$200MM)","Large (1,000-4,999)","MQL",201,12,0.750,489,"HOT"
"clear-digital.com","Clear Digital","E-Learning","Medium-Large ($50MM-$100MM)","Medium-Large (500-999)","Unaware",1,1,0.052,54,"COLD"
"clear-works.com","Clear Works","E-Learning","Small ($1MM-$10MM)","Medium-Small (50-199)","MQL",137,6,0.724,500,"HOT"
"green-solutions.com","Green Solutions","Construction","Medium-Small ($10MM-$50MM)","Medium-Small (50-199)","Engaged",72,3,0.444,389,"WARM"
"atlas-cloud.com","Atlas Cloud","Health, Wellness and Fitness","Medium-Small ($10MM-$50MM)","Medium-Small (50-199)","Engaged",98,5,0.496,390,"WARM"
"green-corp.com","Green Corp","Manufacturing","Medium-Small ($10MM-$50MM)","Medium (200-499)","Unaware",2,1,0.054,145,"COLD"
"green-systems.com","Green Systems","Logistics and Supply Chain","Micro ($0-$1MM)","Micro (1-9)","Aware",11,1,0.172,232,"COLD"
"peak-net.com","Peak Net","Education Management","Small ($1MM-$10MM)","Small (10-49)","Aware",19,6,0.188,164,"COLD"
"rapid-data.com","Rapid Data","Food & Beverages","Small ($1MM-$10MM)","Small (10-49)","Aware",7,1,0.164,202,"COLD"
"clear-digital.com","Clear Digital","Food & Beverages","Large ($100MM-$200MM)","Medium-Large (500-999)","Unaware",5,1,0.060,62,"COLD"
"acme-digital.com","Acme Digital","Marketing and Advertising","Large ($100MM-$200MM)","Large (1,000-4,999)","Opportunity",135,15,0.720,486,"HOT"
"acme-labs.com","Acme Labs","Education Management","Micro ($0-$1MM)","Micro (1-9)","Unaware",3,1,0.056,98,"COLD"
"cyber-systems.com","Cyber Systems","Legal Services","Medium-Small ($10MM-$50MM)","Medium (200-499)","Engaged",59,4,0.418,288,"WARM"
"apex-digital.com","Apex Digital","Telecommunications","Medium-Large ($50MM-$100MM)","Medium (200-499)","Engaged",53,3,0.406,158,"WARM"
"atlas-data.com","Atlas Data","Automotive","Medium-Large ($50MM-$100MM)","Medium-Large (500-999)","Unaware",1,1,0.052,80,"COLD"
"peak-net.com","Peak Net","Automotive","Small ($1MM-$10MM)","Small (10-49)","MQL",80,20,0.610,286,"HOT"
"smart-group.com","Smart Group","Software / Information Technology","Micro ($0-$1MM)","Micro (1-9)","Engaged",73,7,0.546,217,"WARM"
"smart-io.com","Smart Io","Financial Services","Small ($1MM-$10MM)","Small (10-49)","MQL",208,16,0.750,509,"HOT"
"clear-corp.com","Clear Corp","Software / Information Technology","Medium-Small ($10MM-$50MM)","Medium (200-499)","Unaware",1,1,0.152,247,"COLD"
"rapid-io.com","Rapid Io","Insurance","Medium-Large ($50MM-$100MM)","Medium (200-499)","Unaware",4,1,0.058,128,"COLD"
"bright-net.com","Bright Net","Health, Wellness and Fitness","Large ($100MM-$200MM)","Medium-Large (500-999)","Unaware",5,1,0.060,64,"COLD"
"apex-digital.com","Apex Digital","Insurance","Medium-Small ($10MM-$50MM)","Medium-Small (50-199)","Opportunity",193,39,0.750,438,"HOT"
"stellar-group.com","Stellar Group","Retail","Medium-Large ($50MM-$100MM)","Medium (200-499)","Engaged",17,11,0.434,188,"WARM"
"stellar-cloud.com","Stellar Cloud","Construction","XXLarge ($1B+)","XXLarge (10,000+)","Unaware",4,1,0.058,571,"COLD"
"iron-tech.com","Iron Tech","Marketing and Advertising","Small ($1MM-$10MM)","Small (10-49)","Engaged",33,13,0.366,211,"WARM"
"swift-tech.com","Swift Tech","Retail","Micro ($0-$1MM)","Micro (1-9)","Aware",22,6,0.294,184,"COLD"
"nova-systems.com","Nova Systems","Management Consulting","Large ($100MM-$200MM)","Large (1,000-4,999)","MQL",79,5,0.608,287,"HOT"
"blue-tech.com","Blue Tech","Marketing and Advertising","Medium-Small ($10MM-$50MM)","Medium (200-499)","Aware",5,5,0.160,130,"COLD"
"nova-net.com","Nova Net","Software / Information Technology","XLarge ($200MM-$1B)","Large (1,000-4,999)","Unaware",1,1,0.152,657,"COLD"
"nova-media.com","Nova Media","Retail","Micro ($0-$1MM)","Small (10-49)","Unaware",4,1,0.158,87,"COLD"
"core-inc.com","Core Inc","Consumer Goods","Medium-Small ($10MM-$50MM)","Medium (200-499)","Unaware",2,1,0.054,164,"COLD"
"nova-data.com","Nova Data","Health, Wellness and Fitness","Medium-Large ($50MM-$100MM)","Medium (200-499)","Unaware",1,1,0.052,175,"COLD"
"smart-cloud.com","Smart Cloud","Hospital & Health Care","Medium-Large ($50MM-$100MM)","Medium (200-499)","Aware",8,3,0.166,106,"COLD"
"smart-digital.com","Smart Digital","Software / Information Technology","Small ($1MM-$10MM)","Small (10-49)","MQL",133,12,0.816,397,"HOT"
"prime-media.com","Prime Media","Construction","Micro ($0-$1MM)","Micro (1-9)","Engaged",65,14,0.430,315,"WARM"
"apex-corp.com","Apex Corp","Software / Information Technology","Medium-Small ($10MM-$50MM)","Medium (200-499)","Aware",15,2,0.280,106,"COLD"
"nexus-group.com","Nexus Group","Retail","Small ($1MM-$10MM)","Small (10-49)","Engaged",28,16,0.456,167,"WARM"
"core-cloud.com","Core Cloud","Food & Beverages","XXLarge ($1B+)","XXLarge (10,000+)","Engaged",43,9,0.386,666,"WARM"
"smart-systems.com","Smart Systems","Automotive","Small ($1MM-$10MM)","Medium-Small (50-199)","MQL",51,24,0.552,220,"HOT"
"swift-inc.com","Swift Inc","Legal Services","Medium-Large ($50MM-$100MM)","Medium-Large (500-999)","Unaware",2,1,0.054,164,"COLD"
"prime-net.com","Prime Net","Marketing and Advertising","Medium-Small ($10MM-$50MM)","Medium (200-499)","Engaged",85,17,0.470,386,"WARM"
"cyber-corp.com","Cyber Corp","Consumer Goods","Medium-Small ($10MM-$50MM)","Medium (200-499)","Aware",13,2,0.176,169,"COLD"
"bright-labs.com","Bright Labs","Legal Services","Medium-Large ($50MM-$100MM)","Medium-Large (500-999)","Unaware",1,1,0.052,116,"COLD"
"peak-data.com","Peak Data","Software / Information Technology","Small ($1MM-$10MM)","Small (10-49)","Opportunity",214,19,0.850,562,"HOT"
"atlas-cloud.com","Atlas Cloud","Financial Services","Large ($100MM-$200MM)","Large (1,000-4,999)","Aware",18,4,0.186,230,"COLD"
"core-tech.com","Core Tech","Food & Beverages","Medium-Small ($10MM-$50MM)","Medium (200-499)","Unaware",4,1,0.058,93,"COLD"
"vertex-data.com","Vertex Data","Software / Information Technology","Medium-Small ($10MM-$50MM)","Medium (200-499)","Aware",6,5,0.262,163,"COLD"
"nova-works.com","Nova Works","Construction","Medium-Small ($10MM-$50MM)","Medium (200-499)","MQL",215,16,0.750,655,"HOT"
"blue-cloud.com","Blue Cloud","Consumer Goods","Medium-Small ($10MM-$50MM)","Medium (200-499)","Aware",13,5,0.176,89,"COLD"
"prime-net.com","Prime Net","Logistics and Supply Chain","Small ($1MM-$10MM)","Small (10-49)","Unaware",2,1,0.054,220,"COLD"
"nova-data.com","Nova Data","Manufacturing","Micro ($0-$1MM)","Micro (1-9)","Aware",21,3,0.192,215,"COLD"
"global-inc.com","Global Inc","E-Learning","Small ($1MM-$10MM)","Small (10-49)","Unaware",5,1,0.060,153,"COLD"
"nexus-labs.com","Nexus Labs","Logistics and Supply Chain","Small ($1MM-$10MM)","Small (10-49)","Engaged",59,11,0.418,268,"WARM"
"acme-tech.com","Acme Tech","Construction","Medium-Small ($10MM-$50MM)","Medium (200-499)","Aware",15,4,0.180,96,"COLD"
"nexus-corp.com","Nexus Corp","Food & Beverages","XLarge ($200MM-$1B)","Large (1,000-4,999)","Unaware",5,1,0.060,647,"COLD"
"blue-net.com","Blue Net","Legal Services","XXLarge ($1B+)","XXLarge (10,000+)","Aware",20,4,0.190,735,"COLD"
"bright-tech.com","Bright Tech","Marketing and Advertising","Medium-Small ($10MM-$50MM)","Medium (200-499)","Engaged",71,9,0.442,317,"WARM"
"rapid-corp.com","Rapid Corp","Software / Information Technology","Micro ($0-$1MM)","Small (10-49)","Unaware",1,1,0.152,219,"COLD"
"atlas-labs.com","Atlas Labs","Manufacturing","Medium-Large ($50MM-$100MM)","Medium-Large (500-999)","Engaged",54,18,0.408,284,"WARM"
"vertex-systems.com","Vertex Systems","Financial Services","Large ($100MM-$200MM)","Medium-Large (500-999)","Aware",21,2,0.192,256,"COLD"
"nova-solutions.com","Nova Solutions","E-Learning","Large ($100MM-$200MM)","Large (1,000-4,999)","MQL",74,19,0.598,272,"HOT"
"peak-cloud.com","Peak Cloud","Financial Services","Large ($100MM-$200MM)","Medium-Large (500-999)","MQL",134,5,0.718,339,"HOT"
"stellar-tech.com","Stellar Tech","Software / Information Technology","Medium-Small ($10MM-$50MM)","Medium-Small (50-199)","Engaged",34,4,0.468,124,"WARM"
"prime-digital.com","Prime Digital","Automotive","Micro ($0-$1MM)","Micro (1-9)","Unaware",3,1,0.056,222,"COLD"
"apex-net.com","Apex Net","Education Management","Small ($1MM-$10MM)","Medium-Small (50-199)","Engaged",101,4,0.502,301,"HOT"
"peak-net.com","Peak Net","Real Estate","Micro ($0-$1MM)","Micro (1-9)","Unaware",1,1,0.052,128,"COLD"
"blue-labs.com","Blue Labs","Construction","Small ($1MM-$10MM)","Medium-Small (50-199)","Engaged",70,4,0.440,342,"WARM"
"prime-hub.com","Prime Hub","Insurance","Medium-Small ($10MM-$50MM)","Medium (200-499)","Engaged",29,10,0.358,269,"WARM"
"core-cloud.com","Core Cloud","Management Consulting","XLarge ($200MM-$1B)","Large (1,000-4,999)","Unaware",1,1,0.052,582,"COLD"
"bright-group.com","Bright Group","Construction","Micro ($0-$1MM)","Micro (1-9)","Engaged",86,7,0.472,411,"WARM"
"swift-solutions.com","Swift Solutions","Health, Wellness and Fitness","Micro ($0-$1MM)","Small (10-49)","Aware",13,5,0.176,169,"COLD"
"atlas-labs.com","Atlas Labs","Marketing and Advertising","Micro ($0-$1MM)","Micro (1-9)","Unaware",2,1,0.054,180,"COLD"
"swift-cloud.com","Swift Cloud","Real Estate","Large ($100MM-$200MM)","Large (1,000-4,999)","Opportunity",481,28,0.750,1208,"HOT"
"global-inc.com","Global Inc","Telecommunications","Micro ($0-$1MM)","Micro (1-9)","Unaware",3,1,0.056,149,"COLD"
"swift-hub.com","Swift Hub","Construction","Medium-Small ($10MM-$50MM)","Medium (200-499)","Unaware",2,1,0.054,199,"COLD"
"peak-io.com","Peak Io","E-Learning","Large ($100MM-$200MM)","Large (1,000-4,999)","Opportunity",406,41,0.750,970,"HOT"
"blue-works.com","Blue Works","Management Consulting","Micro ($0-$1MM)","Micro (1-9)","Aware",17,2,0.184,213,"COLD"
"prime-cloud.com","Prime Cloud","Health, Wellness and Fitness","Small ($1MM-$10MM)","Medium-Small (50-199)","Engaged",53,17,0.406,295,"WARM"
"atlas-io.com","Atlas Io","Management Consulting","Small ($1MM-$10MM)","Small (10-49)","Unaware",1,1,0.052,249,"COLD"
"bright-cloud.com","Bright Cloud","Legal Services","Small ($1MM-$10MM)","Medium-Small (50-199)","Engaged",107,9,0.514,329,"HOT"
"bright-data.com","Bright Data","Education Management","Large ($100MM-$200MM)","Medium-Large (500-999)","MQL",194,10,0.750,512,"HOT"
"core-corp.com","Core Corp","Hospital & Health Care","Medium-Small ($10MM-$50MM)","Medium (200-499)","Unaware",2,1,0.054,240,"COLD"
"clear-labs.com","Clear Labs","Software / Information Technology","Micro ($0-$1MM)","Small (10-49)","Engaged",61,12,0.522,355,"WARM"
"clear-corp.com","Clear Corp","Marketing and Advertising","Medium-Large ($50MM-$100MM)","Medium (200-499)","Aware",9,3,0.168,263,"COLD"
"clear-media.com","Clear Media","Retail","Large ($100MM-$200MM)","Large (1,000-4,999)","Engaged",28,13,0.456,133,"WARM"
"prime-cloud.com","Prime Cloud","Financial Services","Micro ($0-$1MM)","Micro (1-9)","Engaged",27,3,0.354,243,"WARM"
"smart-tech.com","Smart Tech","Manufacturing","Micro ($0-$1MM)","Micro (1-9)","Aware",5,2,0.160,167,"COLD"
"smart-solutions.com","Smart Solutions","Financial Services","Medium-Small ($10MM-$50MM)","Medium (200-499)","Unaware",1,1,0.052,164,"COLD"
"nova-tech.com","Nova Tech","Health, Wellness and Fitness","Small ($1MM-$10MM)","Medium-Small (50-199)","Aware",5,3,0.160,208,"COLD"
"vertex-labs.com","Vertex Labs","Legal Services","Micro ($0-$1MM)","Micro (1-9)","MQL",179,21,0.750,566,"HOT"
"vertex-solutions.com","Vertex Solutions","Marketing and Advertising","Micro ($0-$1MM)","Micro (1-9)","Aware",11,2,0.172,97,"COLD"
"rapid-inc.com","Rapid Inc","Marketing and Advertising","Medium-Large ($50MM-$100MM)","Medium (200-499)","Engaged",22,4,0.344,169,"WARM"
"nova-tech.com","Nova Tech","Automotive","Small ($1MM-$10MM)","Small (10-49)","Aware",17,5,0.184,232,"COLD"
"clear-io.com","Clear Io","Automotive","Medium-Small ($10MM-$50MM)","Medium-Small (50-199)","Opportunity",399,39,0.750,996,"HOT"
"swift-labs.com","Swift Labs","Software / Information Technology","Micro ($0-$1MM)","Micro (1-9)","Unaware",4,1,0.158,63,"COLD"
"cyber-group.com","Cyber Group","Entertainment","Micro ($0-$1MM)","Micro (1-9)","MQL",135,20,0.720,331,"HOT"
"bright-tech.com","Bright Tech","Management Consulting","Small ($1MM-$10MM)","Medium-Small (50-199)","Aware",19,3,0.188,213,"COLD"
"nexus-cloud.com","Nexus Cloud","Entertainment","Medium-Large ($50MM-$100MM)","Medium-Large (500-999)","Aware",8,1,0.166,261,"COLD"
"smart-works.com","Smart Works","Logistics and Supply Chain","Small ($1MM-$10MM)","Small (10-49)","Unaware",2,1,0.054,216,"COLD"
"stellar-cloud.com","Stellar Cloud","Software / Information Technology","Micro ($0-$1MM)","Micro (1-9)","Aware",13,2,0.276,89,"COLD"
"stellar-works.com","Stellar Works","Hospital & Health Care","Medium-Large ($50MM-$100MM)","Medium-Large (500-999)","Engaged",63,12,0.426,197,"WARM"
"clear-systems.com","Clear Systems","Legal Services","Medium-Small ($10MM-$50MM)","Medium-Small (50-199)","Aware",21,5,0.192,268,"COLD"
"swift-media.com","Swift Media","Manufacturing","Medium-Small ($10MM-$50MM)","Medium-Small (50-199)","Aware",18,3,0.186,156,"COLD"
"blue-digital.com","Blue Digital","Software / Information Technology","Medium-Large ($50MM-$100MM)","Medium-Large (500-999)","Unaware",1,1,0.152,240,"COLD"
"global-io.com","Global Io","Construction","Large ($100MM-$200MM)","Medium-Large (500-999)","Unaware",3,1,0.056,63,"COLD"
"atlas-media.com","Atlas Media","Software / Information Technology","Small ($1MM-$10MM)","Medium-Small (50-199)","Unaware",2,1,0.154,229,"COLD"
"core-io.com","Core Io","Software / Information Technology","Small ($1MM-$10MM)","Small (10-49)","Unaware",5,1,0.160,181,"COLD"
"atlas-data.com","Atlas Data","E-Learning","Micro ($0-$1MM)","Micro (1-9)","Engaged",31,14,0.362,140,"WARM"
"core-net.com","Core Net","Marketing and Advertising","Medium-Small ($10MM-$50MM)","Medium (200-499)","Unaware",2,1,0.054,90,"COLD"
"blue-io.com","Blue Io","Marketing and Advertising","Medium-Small ($10MM-$50MM)","Medium-Small (50-199)","Engaged",25,7,0.350,125,"WARM"
"global-media.com","Global Media","Telecommunications","Micro ($0-$1MM)","Micro (1-9)","Aware",13,5,0.176,97,"COLD"
"rapid-labs.com","Rapid Labs","Consumer Goods","Medium-Small ($10MM-$50MM)","Medium (200-499)","Unaware",3,1,0.056,229,"COLD"
"nexus-data.com","Nexus Data","Education Management","Micro ($0-$1MM)","Micro (1-9)","Engaged",89,18,0.478,323,"WARM"
"rapid-corp.com","Rapid Corp","Software / Information Technology","Micro ($0-$1MM)","Micro (1-9)","Unaware",5,1,0.160,227,"COLD"
"global-works.com","Global Works","Software / Information Technology","Small ($1MM-$10MM)","Medium-Small (50-199)","Aware",18,2,0.286,159,"COLD"
"bright-corp.com","Bright Corp","Management Consulting","Small ($1MM-$10MM)","Small (10-49)","Unaware",4,1,0.058,232,"COLD"
"clear-corp.com","Clear Corp","Legal Services","XXLarge ($1B+)","XXLarge (10,000+)","Unaware",4,1,0.058,753,"COLD"
"vertex-data.com","Vertex Data","Financial Services","Small ($1MM-$10MM)","Small (10-49)","Aware",17,3,0.184,185,"COLD"
"green-inc.com","Green Inc","Education Management","XLarge ($200MM-$1B)","Large (1,000-4,999)","Unaware",2,1,0.054,570,"COLD"
"stellar-data.com","Stellar Data","Software / Information Technology","Medium-Large ($50MM-$100MM)","Medium (200-499)","Engaged",62,16,0.524,335,"WARM"
"rapid-digital.com","Rapid Digital","Legal Services","Medium-Large ($50MM-$100MM)","Medium-Large (500-999)","Engaged",60,6,0.420,363,"WARM"
"cyber-io.com","Cyber Io","Education Management","Medium-Small ($10MM-$50MM)","Medium-Small (50-199)","Unaware",5,1,0.060,249,"COLD"
"bright-solutions.com","Bright Solutions","Consumer Goods","Medium-Small ($10MM-$50MM)","Medium (200-499)","MQL",178,21,0.750,541,"HOT"
"clear-inc.com","Clear Inc","Manufacturing","XLarge ($200MM-$1B)","Large (1,000-4,999)","Engaged",10,5,0.320,757,"WARM"
"rapid-group.com","Rapid Group","Telecommunications","Medium-Small ($10MM-$50MM)","Medium-Small (50-199)","Unaware",3,1,0.056,229,"COLD"
"peak-data.com","Peak Data","Real Estate","Large ($100MM-$200MM)","Large (1,000-4,999)","Unaware",5,1,0.060,144,"COLD"
"cyber-tech.com","Cyber Tech","Marketing and Advertising","Micro ($0-$1MM)","Micro (1-9)","Aware",22,6,0.194,270,"COLD"
"vertex-corp.com","Vertex Corp","Education Management","Large ($100MM-$200MM)","Medium-Large (500-999)","Engaged",83,9,0.466,298,"WARM"
"prime-works.com","Prime Works","Insurance","Medium-Small ($10MM-$50MM)","Medium-Small (50-199)","Aware",8,5,0.166,95,"COLD"
"iron-systems.com","Iron Systems","Real Estate","Large ($100MM-$200MM)","Large (1,000-4,999)","Unaware",1,1,0.052,174,"COLD"
"core-corp.com","Core Corp","Software / Information Technology","Medium-Small ($10MM-$50MM)","Medium (200-499)","Unaware",1,1,0.152,238,"COLD"
"prime-cloud.com","Prime Cloud","Software / Information Technology","Large ($100MM-$200MM)","Medium-Large (500-999)","Aware",17,4,0.284,223,"COLD"
"cyber-io.com","Cyber Io","Health, Wellness and Fitness","Large ($100MM-$200MM)","Large (1,000-4,999)","Engaged",24,14,0.348,287,"WARM"
"prime-corp.com","Prime Corp","Manufacturing","Medium-Large ($50MM-$100MM)","Medium (200-499)","Aware",16,5,0.182,142,"COLD"
"blue-group.com","Blue Group","Health, Wellness and Fitness","Micro ($0-$1MM)","Micro (1-9)","MQL",215,28,0.750,539,"HOT"
"prime-systems.com","Prime Systems","Manufacturing","Small ($1MM-$10MM)","Small (10-49)","MQL",66,17,0.582,223,"HOT"
"bright-solutions.com","Bright Solutions","Manufacturing","Small ($1MM-$10MM)","Medium-Small (50-199)","Unaware",4,1,0.058,193,"COLD"
"atlas-io.com","Atlas Io","Marketing and Advertising","Micro ($0-$1MM)","Micro (1-9)","Unaware",2,1,0.054,251,"COLD"
"core-io.com","Core Io","Manufacturing","Small ($1MM-$10MM)","Medium-Small (50-199)","Unaware",1,1,0.052,173,"COLD"
"rapid-group.com","Rapid Group","Manufacturing","XLarge ($200MM-$1B)","Large (1,000-4,999)","Unaware",2,1,0.054,727,"COLD"
"peak-works.com","Peak Works","Food & Beverages","Micro ($0-$1MM)","Micro (1-9)","Aware",18,4,0.186,162,"COLD"
"green-group.com","Green Group","Marketing and Advertising","Medium-Small ($10MM-$50MM)","Medium (200-499)","Unaware",5,1,0.060,252,"COLD"
"green-hub.com","Green Hub","Financial Services","Medium-Large ($50MM-$100MM)","Medium (200-499)","MQL",42,11,0.534,278,"HOT"
"nova-hub.com","Nova Hub","Health, Wellness and Fitness","Small ($1MM-$10MM)","Medium-Small (50-199)","MQL",48,30,0.546,284,"HOT"
"clear-io.com","Clear Io","Software / Information Technology","Micro ($0-$1MM)","Small (10-49)","MQL",130,17,0.810,458,"HOT"
"cyber-tech.com","Cyber Tech","Retail","Medium-Small ($10MM-$50MM)","Medium (200-499)","Unaware",1,1,0.152,228,"COLD"
"nexus-media.com","Nexus Media","Retail","Medium-Large ($50MM-$100MM)","Medium (200-499)","Aware",22,6,0.294,208,"COLD"
"iron-io.com","Iron Io","Marketing and Advertising","Large ($100MM-$200MM)","Large (1,000-4,999)","Unaware",2,1,0.054,112,"COLD"
"blue-systems.com","Blue Systems","Health, Wellness and Fitness","Small ($1MM-$10MM)","Medium-Small (50-199)","Unaware",1,1,0.052,138,"COLD"
"green-net.com","Green Net","Construction","Micro ($0-$1MM)","Micro (1-9)","Unaware",3,1,0.056,161,"COLD"
"nexus-group.com","Nexus Group","Consumer Goods","Small ($1MM-$10MM)","Medium-Small (50-199)","Unaware",5,1,0.060,121,"COLD"
"vertex-labs.com","Vertex Labs","Software / Information Technology","Small ($1MM-$10MM)","Medium-Small (50-199)","Aware",15,5,0.280,238,"COLD"
"global-solutions.com","Global Solutions","Software / Information Technology","Micro ($0-$1MM)","Micro (1-9)","MQL",181,8,0.850,426,"HOT"
"green-solutions.com","Green Solutions","Marketing and Advertising","Micro ($0-$1MM)","Small (10-49)","Unaware",4,1,0.058,253,"COLD"
"blue-systems.com","Blue Systems","Entertainment","Medium-Small ($10MM-$50MM)","Medium-Small (50-199)","Unaware",5,1,0.060,146,"COLD"
"stellar-labs.com","Stellar Labs","Construction","Medium-Large ($50MM-$100MM)","Medium (200-499)","Aware",21,2,0.192,232,"COLD"
"prime-inc.com","Prime Inc","Software / Information Technology","Micro ($0-$1MM)","Micro (1-9)","Unaware",1,1,0.152,88,"COLD"
"nexus-hub.com","Nexus Hub","Food & Beverages","Medium-Large ($50MM-$100MM)","Medium-Large (500-999)","Unaware",2,1,0.054,98,"COLD"
"cyber-tech.com","Cyber Tech","Retail","Medium-Small ($10MM-$50MM)","Medium (200-499)","MQL",124,29,0.798,474,"HOT"
"stellar-inc.com","Stellar Inc","Financial Services","Micro ($0-$1MM)","Small (10-49)","Engaged",104,17,0.508,348,"HOT"
"green-systems.com","Green Systems","Construction","Micro ($0-$1MM)","Small (10-49)","Aware",16,6,0.182,242,"COLD"
"nova-hub.com","Nova Hub","Construction","Small ($1MM-$10MM)","Small (10-49)","Aware",12,2,0.174,212,"COLD"
"nexus-io.com","Nexus Io","Software / Information Technology","Large ($100MM-$200MM)","Large (1,000-4,999)","Aware",7,1,0.264,193,"COLD"
"apex-inc.com","Apex Inc","Entertainment","Large ($100MM-$200MM)","Large (1,000-4,999)","Unaware",5,1,0.060,258,"COLD"
"nova-hub.com","Nova Hub","Marketing and Advertising","Small ($1MM-$10MM)","Medium-Small (50-199)","Unaware",4,1,0.058,196,"COLD"
"rapid-inc.com","Rapid Inc","Financial Services","Small ($1MM-$10MM)","Medium-Small (50-199)","Unaware",2,1,0.054,129,"COLD"
"iron-group.com","Iron Group","Software / Information Technology","Medium-Small ($10MM-$50MM)","Medium (200-499)","Aware",16,3,0.282,227,"COLD"
"iron-labs.com","Iron Labs","Logistics and Supply Chain","Medium-Small ($10MM-$50MM)","Medium (200-499)","Aware",13,2,0.176,253,"COLD"
"clear-tech.com","Clear Tech","Retail","Medium-Small ($10MM-$50MM)","Medium (200-499)","MQL",213,21,0.850,579,"HOT"
"nexus-inc.com","Nexus Inc","Software / Information Technology","Medium-Large ($50MM-$100MM)","Medium-Large (500-999)","Engaged",49,6,0.498,288,"WARM"
"swift-labs.com","Swift Labs","Marketing and Advertising","XLarge ($200MM-$1B)","Large (1,000-4,999)","MQL",97,14,0.644,749,"HOT"
"bright-group.com","Bright Group","Logistics and Supply Chain","XXLarge ($1B+)","XXLarge (10,000+)","Aware",17,3,0.184,773,"COLD"
"nexus-systems.com","Nexus Systems","Marketing and Advertising","Medium-Large ($50MM-$100MM)","Medium-Large (500-999)","Aware",20,6,0.190,99,"COLD"
"cyber-works.com","Cyber Works","Manufacturing","Micro ($0-$1MM)","Micro (1-9)","MQL",128,26,0.706,505,"HOT"
"core-cloud.com","Core Cloud","Marketing and Advertising","Small ($1MM-$10MM)","Medium-Small (50-199)","Aware",4,4,0.158,88,"COLD"
"rapid-hub.com","Rapid Hub","Real Estate","Small ($1MM-$10MM)","Small (10-49)","MQL",71,15,0.592,382,"HOT"
"global-inc.com","Global Inc","Hospital & Health Care","Medium-Large ($50MM-$100MM)","Medium-Large (500-999)","MQL",134,27,0.718,411,"HOT"
"rapid-group.com","Rapid Group","E-Learning","Large ($100MM-$200MM)","Large (1,000-4,999)","Unaware",1,1,0.052,225,"COLD"
"clear-io.com","Clear Io","Logistics and Supply Chain","Micro ($0-$1MM)","Micro (1-9)","Opportunity",67,39,0.584,332,"HOT"
"bright-systems.com","Bright Systems","Entertainment","Small ($1MM-$10MM)","Small (10-49)","Unaware",3,1,0.056,84,"COLD"
"stellar-media.com","Stellar Media","Legal Services","Medium-Large ($50MM-$100MM)","Medium-Large (500-999)","Unaware",4,1,0.058,62,"COLD"
"prime-tech.com","Prime Tech","Software / Information Technology","Medium-Small ($10MM-$50MM)","Medium-Small (50-199)","Unaware",4,1,0.158,75,"COLD"
"apex-group.com","Apex Group","Financial Services","XLarge ($200MM-$1B)","Large (1,000-4,999)","Engaged",39,6,0.378,677,"WARM"
"rapid-corp.com","Rapid Corp","Marketing and Advertising","XLarge ($200MM-$1B)","XLarge (5,000-10,000)","Aware",7,3,0.164,731,"COLD"
"nexus-solutions.com","Nexus Solutions","Construction","Micro ($0-$1MM)","Micro (1-9)","Aware",9,3,0.168,157,"COLD"
"swift-inc.com","Swift Inc","Automotive","Small ($1MM-$10MM)","Small (10-49)","Aware",3,1,0.156,166,"COLD"
"swift-corp.com","Swift Corp","Software / Information Technology","Large ($100MM-$200MM)","Large (1,000-4,999)","Unaware",4,1,0.158,130,"COLD"
"peak-solutions.com","Peak Solutions","Retail","Micro ($0-$1MM)","Micro (1-9)","Unaware",1,1,0.152,102,"COLD"
"bright-inc.com","Bright Inc","Retail","XLarge ($200MM-$1B)","Large (1,000-4,999)","Unaware",3,1,0.156,704,"COLD"
"prime-solutions.com","Prime Solutions","Insurance","Medium-Large ($50MM-$100MM)","Medium (200-499)","Unaware",1,1,0.052,228,"COLD"
"stellar-group.com","Stellar Group","Education Management","Micro ($0-$1MM)","Micro (1-9)","Unaware",4,1,0.058,162,"COLD"
"apex-group.com","Apex Group","Entertainment","Micro ($0-$1MM)","Micro (1-9)","Aware",17,5,0.184,133,"COLD"
"swift-solutions.com","Swift Solutions","Retail","Medium-Large ($50MM-$100MM)","Medium (200-499)","Unaware",3,1,0.156,149,"COLD"
"blue-media.com","Blue Media","Health, Wellness and Fitness","Medium-Small ($10MM-$50MM)","Medium (200-499)","Aware",21,1,0.192,95,"COLD"
"peak-media.com","Peak Media","E-Learning","Micro ($0-$1MM)","Micro (1-9)","Unaware",5,1,0.060,60,"COLD"
"peak-data.com","Peak Data","Marketing and Advertising","Micro ($0-$1MM)","Small (10-49)","Engaged",15,5,0.330,164,"WARM"
"clear-hub.com","Clear Hub","Retail","Medium-Small ($10MM-$50MM)","Medium-Small (50-199)","Aware",11,4,0.272,130,"COLD"
"atlas-works.com","Atlas Works","Management Consulting","XXLarge ($1B+)","XXLarge (10,000+)","Engaged",22,3,0.344,786,"WARM"
"rapid-hub.com","Rapid Hub","Telecommunications","XXLarge ($1B+)","XXLarge (10,000+)","Engaged",106,7,0.512,952,"HOT"
"cyber-systems.com","Cyber Systems","Manufacturing","Small ($1MM-$10MM)","Small (10-49)","Unaware",2,1,0.054,174,"COLD"
"swift-io.com","Swift Io","Marketing and Advertising","Large ($100MM-$200MM)","Large (1,000-4,999)","Unaware",5,1,0.060,96,"COLD"
"atlas-io.com","Atlas Io","Construction","Medium-Large ($50MM-$100MM)","Medium (200-499)","Engaged",15,5,0.330,277,"WARM"
"core-tech.com","Core Tech","Management Consulting","Micro ($0-$1MM)","Micro (1-9)","MQL",139,9,0.728,363,"HOT"
"acme-solutions.com","Acme Solutions","Legal Services","Medium-Small ($10MM-$50MM)","Medium (200-499)","Unaware",2,1,0.054,71,"COLD"
"peak-corp.com","Peak Corp","Insurance","Small ($1MM-$10MM)","Medium-Small (50-199)","Aware",17,2,0.184,198,"COLD"
"green-digital.com","Green Digital","Financial Services","Micro ($0-$1MM)","Micro (1-9)","Unaware",3,1,0.056,119,"COLD"
"nexus-inc.com","Nexus Inc","E-Learning","Micro ($0-$1MM)","Micro (1-9)","Unaware",3,1,0.056,196,"COLD"
"smart-digital.com","Smart Digital","Logistics and Supply Chain","Medium-Large ($50MM-$100MM)","Medium (200-499)","Unaware",3,1,0.056,137,"COLD"
"apex-media.com","Apex Media","Software / Information Technology","Medium-Small ($10MM-$50MM)","Medium-Small (50-199)","Unaware",3,1,0.156,180,"COLD"
"bright-works.com","Bright Works","Management Consulting","Micro ($0-$1MM)","Small (10-49)","Unaware",4,1,0.058,124,"COLD"
"bright-data.com","Bright Data","Retail","Micro ($0-$1MM)","Small (10-49)","Aware",6,4,0.262,136,"COLD"
"acme-group.com","Acme Group","Retail","XLarge ($200MM-$1B)","XLarge (5,000-10,000)","Unaware",1,1,0.152,655,"COLD"
"bright-corp.com","Bright Corp","Financial Services","Small ($1MM-$10MM)","Small (10-49)","Unaware",3,1,0.056,230,"COLD"
"apex-solutions.com","Apex Solutions","Entertainment","Micro ($0-$1MM)","Micro (1-9)","MQL",65,30,0.580,344,"HOT"
"acme-solutions.com","Acme Solutions","Food & Beverages","Micro ($0-$1MM)","Micro (1-9)","Unaware",2,1,0.054,71,"COLD"
"swift-cloud.com","Swift Cloud","Health, Wellness and Fitness","Micro ($0-$1MM)","Small (10-49)","Unaware",5,1,0.060,256,"COLD"
"peak-media.com","Peak Media","Automotive","Small ($1MM-$10MM)","Small (10-49)","Unaware",3,1,0.056,56,"COLD"
"bright-corp.com","Bright Corp","Marketing and Advertising","Small ($1MM-$10MM)","Medium-Small (50-199)","Unaware",4,1,0.058,232,"COLD"
"core-data.com","Core Data","Software / Information Technology","Medium-Small ($10MM-$50MM)","Medium (200-499)","Aware",22,1,0.294,198,"COLD"
"prime-works.com","Prime Works","Health, Wellness and Fitness","Medium-Small ($10MM-$50MM)","Medium (200-499)","Unaware",1,1,0.052,81,"COLD"
"stellar-systems.com","Stellar Systems","Software / Information Technology","Medium-Small ($10MM-$50MM)","Medium (200-499)","Aware",3,6,0.256,159,"COLD"
"acme-works.com","Acme Works","Logistics and Supply Chain","Micro ($0-$1MM)","Micro (1-9)","MQL",120,28,0.690,450,"HOT"
"peak-labs.com","Peak Labs","Management Consulting","Medium-Large ($50MM-$100MM)","Medium-Large (500-999)","Aware",19,5,0.188,264,"COLD"
"apex-group.com","Apex Group","Software / Information Technology","Medium-Large ($50MM-$100MM)","Medium-Large (500-999)","Unaware",4,1,0.158,107,"COLD"
"nexus-hub.com","Nexus Hub","Construction","Large ($100MM-$200MM)","Large (1,000-4,999)","Engaged",60,12,0.420,214,"WARM"
"smart-labs.com","Smart Labs","Management Consulting","Medium-Large ($50MM-$100MM)","Medium-Large (500-999)","Engaged",37,12,0.374,251,"WARM"
"apex-tech.com","Apex Tech","Software / Information Technology","Small ($1MM-$10MM)","Small (10-49)","Unaware",1,1,0.152,127,"COLD"
"vertex-data.com","Vertex Data","Health, Wellness and Fitness","Large ($100MM-$200MM)","Medium-Large (500-999)","Unaware",5,1,0.060,161,"COLD"
"nova-io.com","Nova Io","Software / Information Technology","XLarge ($200MM-$1B)","Large (1,000-4,999)","Aware",20,3,0.290,613,"COLD"
"swift-digital.com","Swift Digital","Software / Information Technology","Medium-Large ($50MM-$100MM)","Medium (200-499)","Unaware",4,1,0.158,107,"COLD"
"clear-inc.com","Clear Inc","Insurance","Large ($100MM-$200MM)","Large (1,000-4,999)","Aware",9,2,0.168,255,"COLD"
"peak-works.com","Peak Works","E-Learning","Small ($1MM-$10MM)","Small (10-49)","Aware",15,5,0.180,156,"COLD"
"apex-digital.com","Apex Digital","Real Estate","Medium-Small ($10MM-$50MM)","Medium-Small (50-199)","Unaware",3,1,0.056,58,"COLD"
"acme-cloud.com","Acme Cloud","Insurance","Large ($100MM-$200MM)","Large (1,000-4,999)","Unaware",3,1,0.056,197,"COLD"
"iron-net.com","Iron Net","E-Learning","XLarge ($200MM-$1B)","Large (1,000-4,999)","Unaware",5,1,0.060,666,"COLD"
"green-net.com","Green Net","Manufacturing","Medium-Large ($50MM-$100MM)","Medium (200-499)","Unaware",1,1,0.052,157,"COLD"
"rapid-systems.com","Rapid Systems","Software / Information Technology","Micro ($0-$1MM)","Small (10-49)","Aware",15,5,0.280,121,"COLD"
"cyber-tech.com","Cyber Tech","Consumer Goods","Medium-Small ($10MM-$50MM)","Medium (200-499)","Unaware",3,1,0.056,232,"COLD"
"iron-hub.com","Iron Hub","Legal Services","XXLarge ($1B+)","XXLarge (10,000+)","Unaware",4,1,0.058,641,"COLD"
"peak-works.com","Peak Works","Hospital & Health Care","Medium-Small ($10MM-$50MM)","Medium (200-499)","Unaware",5,1,0.060,136,"COLD"
"vertex-group.com","Vertex Group","Hospital & Health Care","Medium-Small ($10MM-$50MM)","Medium (200-499)","Unaware",2,1,0.054,223,"COLD"
"cyber-net.com","Cyber Net","Education Management","Small ($1MM-$10MM)","Medium-Small (50-199)","Engaged",85,10,0.470,264,"WARM"
"rapid-tech.com","Rapid Tech","Software / Information Technology","Medium-Large ($50MM-$100MM)","Medium (200-499)","Unaware",1,1,0.152,149,"COLD"
"blue-hub.com","Blue Hub","Automotive","XLarge ($200MM-$1B)","XLarge (5,000-10,000)","Unaware",4,1,0.058,575,"COLD"
"prime-data.com","Prime Data","Marketing and Advertising","Small ($1MM-$10MM)","Medium-Small (50-199)","Aware",20,4,0.190,289,"COLD"
"clear-systems.com","Clear Systems","Entertainment","Large ($100MM-$200MM)","Large (1,000-4,999)","Aware",20,3,0.190,266,"COLD"
"bright-group.com","Bright Group","Management Consulting","Micro ($0-$1MM)","Small (10-49)","Unaware",5,1,0.060,249,"COLD"
"rapid-corp.com","Rapid Corp","Software / Information Technology","XXLarge ($1B+)","XXLarge (10,000+)","Unaware",5,1,0.160,727,"COLD"
"global-cloud.com","Global Cloud","Logistics and Supply Chain","Micro ($0-$1MM)","Micro (1-9)","Engaged",37,6,0.374,165,"WARM"
"rapid-solutions.com","Rapid Solutions","Manufacturing","Micro ($0-$1MM)","Micro (1-9)","Engaged",60,7,0.420,336,"WARM"
"apex-media.com","Apex Media","Financial Services","Micro ($0-$1MM)","Micro (1-9)","Unaware",4,1,0.058,182,"COLD"
"vertex-group.com","Vertex Group","Financial Services","Small ($1MM-$10MM)","Medium-Small (50-199)","Unaware",5,1,0.060,229,"COLD"
"green-io.com","Green Io","Retail","Micro ($0-$1MM)","Micro (1-9)","Aware",18,4,0.286,123,"COLD"
"nexus-data.com","Nexus Data","Hospital & Health Care","Medium-Large ($50MM-$100MM)","Medium-Large (500-999)","Unaware",3,1,0.056,151,"COLD"
"swift-group.com","Swift Group","Entertainment","Medium-Large ($50MM-$100MM)","Medium-Large (500-999)","MQL",64,29,0.578,373,"HOT"
"prime-group.com","Prime Group","Food & Beverages","Micro ($0-$1MM)","Micro (1-9)","Unaware",3,1,0.056,132,"COLD"
"core-cloud.com","Core Cloud","Software / Information Technology","Micro ($0-$1MM)","Small (10-49)","Opportunity",316,23,0.850,712,"HOT"
"cyber-data.com","Cyber Data","Marketing and Advertising","Large ($100MM-$200MM)","Large (1,000-4,999)","Aware",18,1,0.186,178,"COLD"
"green-hub.com","Green Hub","Retail","Large ($100MM-$200MM)","Medium-Large (500-999)","Engaged",53,9,0.506,300,"WARM"
"cyber-tech.com","Cyber Tech","Hospital & Health Care","XLarge ($200MM-$1B)","Large (1,000-4,999)","Engaged",86,12,0.472,898,"WARM"
"core-io.com","Core Io","Health, Wellness and Fitness","Small ($1MM-$10MM)","Small (10-49)","Unaware",1,1,0.052,173,"COLD"
"global-inc.com","Global Inc","Hospital & Health Care","Large ($100MM-$200MM)","Large (1,000-4,999)","Engaged",103,3,0.506,349,"HOT"
"atlas-io.com","Atlas Io","Software / Information Technology","Micro ($0-$1MM)","Micro (1-9)","Aware",3,2,0.256,253,"COLD"
"prime-hub.com","Prime Hub","Education Management","Medium-Large ($50MM-$100MM)","Medium-Large (500-999)","Aware",18,3,0.186,247,"COLD"
"peak-systems.com","Peak Systems","Financial Services","Medium-Large ($50MM-$100MM)","Medium (200-499)","Aware",11,3,0.172,163,"COLD"
"blue-io.com","Blue Io","Management Consulting","Medium-Small ($10MM-$50MM)","Medium-Small (50-199)","Aware",6,4,0.162,87,"COLD"
"green-solutions.com","Green Solutions","Manufacturing","Small ($1MM-$10MM)","Medium-Small (50-199)","Unaware",5,1,0.060,255,"COLD"
"prime-digital.com","Prime Digital","E-Learning","XLarge ($200MM-$1B)","Large (1,000-4,999)","Unaware",2,1,0.054,720,"COLD"
"prime-data.com","Prime Data","Retail","Large ($100MM-$200MM)","Large (1,000-4,999)","Unaware",4,1,0.158,257,"COLD"
"blue-works.com","Blue Works","Entertainment","Medium-Small ($10MM-$50MM)","Medium-Small (50-199)","Unaware",1,1,0.052,181,"COLD"
"global-solutions.com","Global Solutions","Software / Information Technology","Small ($1MM-$10MM)","Medium-Small (50-199)","MQL",207,12,0.850,478,"HOT"
"bright-cloud.com","Bright Cloud","Management Consulting","Small ($1MM-$10MM)","Small (10-49)","Aware",14,3,0.178,143,"COLD"
"bright-corp.com","Bright Corp","Software / Information Technology","Micro ($0-$1MM)","Micro (1-9)","Unaware",5,1,0.160,234,"COLD"
"global-hub.com","Global Hub","Insurance","Small ($1MM-$10MM)","Small (10-49)","Opportunity",135,16,0.720,377,"HOT"
"blue-inc.com","Blue Inc","Education Management","Micro ($0-$1MM)","Small (10-49)","Aware",9,2,0.168,153,"COLD"
"nexus-inc.com","Nexus Inc","Consumer Goods","Medium-Large ($50MM-$100MM)","Medium-Large (500-999)","Unaware",5,1,0.060,200,"COLD"
"rapid-corp.com","Rapid Corp","Marketing and Advertising","Large ($100MM-$200MM)","Large (1,000-4,999)","Engaged",70,18,0.440,357,"WARM"
"bright-systems.com","Bright Systems","Insurance","Medium-Large ($50MM-$100MM)","Medium (200-499)","MQL",149,12,0.748,376,"HOT"
"atlas-net.com","Atlas Net","Telecommunications","Micro ($0-$1MM)","Micro (1-9)","Aware",10,3,0.170,172,"COLD"
"smart-data.com","Smart Data","Manufacturing","Micro ($0-$1MM)","Micro (1-9)","Unaware",4,1,0.058,224,"COLD"
"nexus-labs.com","Nexus Labs","Software / Information Technology","Medium-Small ($10MM-$50MM)","Medium (200-499)","Engaged",61,10,0.522,272,"WARM"
"smart-data.com","Smart Data","Logistics and Supply Chain","Medium-Large ($50MM-$100MM)","Medium-Large (500-999)","Engaged",16,8,0.332,248,"WARM"
"apex-net.com","Apex Net","Construction","Medium-Small ($10MM-$50MM)","Medium (200-499)","Aware",9,2,0.168,117,"COLD"
"global-digital.com","Global Digital","Marketing and Advertising","Small ($1MM-$10MM)","Small (10-49)","Aware",4,3,0.158,189,"COLD"
"stellar-hub.com","Stellar Hub","Software / Information Technology","Micro ($0-$1MM)","Micro (1-9)","Opportunity",145,27,0.840,399,"HOT"
"cyber-tech.com","Cyber Tech","Management Consulting","Medium-Small ($10MM-$50MM)","Medium-Small (50-199)","Unaware",4,1,0.058,234,"COLD"
"iron-io.com","Iron Io","Hospital & Health Care","Medium-Small ($10MM-$50MM)","Medium (200-499)","Opportunity",157,46,0.750,422,"HOT"
"blue-media.com","Blue Media","Software / Information Technology","Large ($100MM-$200MM)","Medium-Large (500-999)","Unaware",4,1,0.158,61,"COLD"
"green-data.com","Green Data","Consumer Goods","Small ($1MM-$10MM)","Medium-Small (50-199)","Opportunity",303,16,0.750,746,"HOT"
"stellar-data.com","Stellar Data","Marketing and Advertising","Micro ($0-$1MM)","Micro (1-9)","Unaware",5,1,0.060,221,"COLD"
"atlas-tech.com","Atlas Tech","E-Learning","Small ($1MM-$10MM)","Small (10-49)","Engaged",17,12,0.334,88,"WARM"
"peak-hub.com","Peak Hub","Insurance","Medium-Small ($10MM-$50MM)","Medium-Small (50-199)","Opportunity",256,48,0.750,731,"HOT"
"smart-labs.com","Smart Labs","Retail","Medium-Large ($50MM-$100MM)","Medium-Large (500-999)","Unaware",3,1,0.156,183,"COLD"
"apex-io.com","Apex Io","Consumer Goods","Medium-Large ($50MM-$100MM)","Medium-Large (500-999)","Unaware",2,1,0.054,208,"COLD"
"core-labs.com","Core Labs","Software / Information Technology","Large ($100MM-$200MM)","Medium-Large (500-999)","MQL",84,6,0.718,333,"HOT"
"cyber-labs.com","Cyber Labs","Manufacturing","Medium-Small ($10MM-$50MM)","Medium (200-499)","Aware",3,4,0.156,105,"COLD"
"vertex-media.com","Vertex Media","Food & Beverages","Small ($1MM-$10MM)","Small (10-49)","MQL",59,29,0.568,197,"HOT"
"peak-works.com","Peak Works","Telecommunications","Large ($100MM-$200MM)","Medium-Large (500-999)","Engaged",22,16,0.344,170,"WARM"
"iron-digital.com","Iron Digital","Marketing and Advertising","Micro ($0-$1MM)","Micro (1-9)","Unaware",3,1,0.056,132,"COLD"
"nexus-labs.com","Nexus Labs","Logistics and Supply Chain","Medium-Small ($10MM-$50MM)","Medium (200-499)","Unaware",2,1,0.054,154,"COLD"
"rapid-media.com","Rapid Media","Software / Information Technology","Medium-Small ($10MM-$50MM)","Medium-Small (50-199)","Unaware",2,1,0.154,68,"COLD"
"global-hub.com","Global Hub","Marketing and Advertising","Medium-Small ($10MM-$50MM)","Medium (200-499)","Aware",22,4,0.194,151,"COLD"
"nexus-corp.com","Nexus Corp","Automotive","Large ($100MM-$200MM)","Medium-Large (500-999)","Opportunity",167,41,0.750,471,"HOT"
"swift-solutions.com","Swift Solutions","Logistics and Supply Chain","Medium-Large ($50MM-$100MM)","Medium (200-499)","Opportunity",405,49,0.750,953,"HOT"
"smart-works.com","Smart Works","Automotive","Medium-Large ($50MM-$100MM)","Medium-Large (500-999)","Unaware",3,1,0.056,218,"COLD"
"atlas-io.com","Atlas Io","Automotive","Medium-Large ($50MM-$100MM)","Medium (200-499)","Aware",5,4,0.160,257,"COLD"
"global-digital.com","Global Digital","Education Management","Micro ($0-$1MM)","Micro (1-9)","Unaware",4,1,0.058,189,"COLD"
"swift-systems.com","Swift Systems","Software / Information Technology","Medium-Small ($10MM-$50MM)","Medium-Small (50-199)","Unaware",2,1,0.154,251,"COLD"
"clear-digital.com","Clear Digital","Hospital & Health Care","XXLarge ($1B+)","XXLarge (10,000+)","Engaged",13,7,0.326,578,"WARM"
"peak-corp.com","Peak Corp","Real Estate","Micro ($0-$1MM)","Small (10-49)","Unaware",3,1,0.056,170,"COLD"
"atlas-media.com","Atlas Media","Construction","Small ($1MM-$10MM)","Medium-Small (50-199)","MQL",105,16,0.660,435,"HOT"
"nexus-digital.com","Nexus Digital","Entertainment","Medium-Large ($50MM-$100MM)","Medium (200-499)","Unaware",4,1,0.058,167,"COLD"
"nova-cloud.com","Nova Cloud","Consumer Goods","Micro ($0-$1MM)","Micro (1-9)","Unaware",3,1,0.056,74,"COLD"
"vertex-group.com","Vertex Group","Real Estate","Large ($100MM-$200MM)","Medium-Large (500-999)","Unaware",4,1,0.058,227,"COLD"
"clear-hub.com","Clear Hub","Insurance","Medium-Large ($50MM-$100MM)","Medium-Large (500-999)","Aware",20,3,0.190,148,"COLD"
"rapid-data.com","Rapid Data","Marketing and Advertising","Small ($1MM-$10MM)","Small (10-49)","Engaged",28,12,0.356,244,"WARM"
"iron-cloud.com","Iron Cloud","Consumer Goods","Small ($1MM-$10MM)","Small (10-49)","Unaware",5,1,0.060,81,"COLD"
"blue-works.com","Blue Works","Marketing and Advertising","Medium-Small ($10MM-$50MM)","Medium (200-499)","Aware",20,3,0.190,219,"COLD"
"stellar-tech.com","Stellar Tech","Health, Wellness and Fitness","Micro ($0-$1MM)","Small (10-49)","Unaware",2,1,0.054,60,"COLD"
"clear-digital.com","Clear Digital","Software / Information Technology","Small ($1MM-$10MM)","Medium-Small (50-199)","Unaware",4,1,0.158,60,"COLD"
"atlas-media.com","Atlas Media","Automotive","XXLarge ($1B+)","XXLarge (10,000+)","Engaged",76,12,0.452,877,"WARM"
"vertex-corp.com","Vertex Corp","Education Management","Medium-Small ($10MM-$50MM)","Medium (200-499)","Engaged",52,18,0.404,236,"WARM"
"nexus-inc.com","Nexus Inc","Logistics and Supply Chain","XLarge ($200MM-$1B)","Large (1,000-4,999)","Engaged",60,7,0.420,810,"WARM"
"iron-inc.com","Iron Inc","Retail","Medium-Small ($10MM-$50MM)","Medium-Small (50-199)","Unaware",1,1,0.152,106,"COLD"
"nova-tech.com","Nova Tech","Real Estate","Small ($1MM-$10MM)","Medium-Small (50-199)","Aware",9,3,0.168,216,"COLD"
"smart-inc.com","Smart Inc","Software / Information Technology","Large ($100MM-$200MM)","Medium-Large (500-999)","Unaware",5,1,0.160,150,"COLD"
"cyber-inc.com","Cyber Inc","Retail","Medium-Small ($10MM-$50MM)","Medium-Small (50-199)","MQL",41,12,0.632,259,"HOT"
"vertex-works.com","Vertex Works","Entertainment","Medium-Small ($10MM-$50MM)","Medium-Small (50-199)","MQL",127,25,0.704,386,"HOT"
"global-corp.com","Global Corp","Legal Services","Small ($1MM-$10MM)","Medium-Small (50-199)","Engaged",37,16,0.374,250,"WARM"
"global-hub.com","Global Hub","Hospital & Health Care","Micro ($0-$1MM)","Micro (1-9)","MQL",42,19,0.534,191,"HOT"
"nexus-inc.com","Nexus Inc","Financial Services","Small ($1MM-$10MM)","Small (10-49)","MQL",30,11,0.510,250,"HOT"
"smart-digital.com","Smart Digital","Construction","Large ($100MM-$200MM)","Large (1,000-4,999)","Unaware",1,1,0.052,133,"COLD"
"smart-solutions.com","Smart Solutions","E-Learning","Small ($1MM-$10MM)","Small (10-49)","Engaged",76,17,0.452,314,"WARM"
"nova-media.com","Nova Media","Retail","Micro ($0-$1MM)","Micro (1-9)","Unaware",4,1,0.158,87,"COLD"
"iron-solutions.com","Iron Solutions","Financial Services","Small ($1MM-$10MM)","Small (10-49)","MQL",158,27,0.750,564,"HOT"
"nexus-cloud.com","Nexus Cloud","Retail","Small ($1MM-$10MM)","Small (10-49)","Engaged",61,18,0.522,367,"WARM"
"clear-cloud.com","Clear Cloud","Financial Services","Medium-Large ($50MM-$100MM)","Medium (200-499)","Unaware",3,1,0.056,150,"COLD"
"swift-works.com","Swift Works","Food & Beverages","Small ($1MM-$10MM)","Small (10-49)","Aware",11,3,0.172,96,"COLD"
"green-digital.com","Green Digital","E-Learning","Micro ($0-$1MM)","Micro (1-9)","Aware",6,4,0.162,125,"COLD"
"bright-works.com","Bright Works","Financial Services","Medium-Small ($10MM-$50MM)","Medium (200-499)","Unaware",3,1,0.056,122,"COLD"
"core-group.com","Core Group","Entertainment","Medium-Large ($50MM-$100MM)","Medium-Large (500-999)","Unaware",2,1,0.054,120,"COLD"
"nova-cloud.com","Nova Cloud","E-Learning","Micro ($0-$1MM)","Micro (1-9)","Opportunity",318,24,0.750,704,"HOT"
"nexus-cloud.com","Nexus Cloud","Software / Information Technology","Medium-Large ($50MM-$100MM)","Medium-Large (500-999)","Aware",8,5,0.266,261,"COLD"
"stellar-cloud.com","Stellar Cloud","Marketing and Advertising","Small ($1MM-$10MM)","Medium-Small (50-199)","Aware",16,3,0.182,95,"COLD"
"prime-systems.com","Prime Systems","Entertainment","Micro ($0-$1MM)","Micro (1-9)","Aware",18,2,0.186,127,"COLD"
"nexus-works.com","Nexus Works","Marketing and Advertising","XXLarge ($1B+)","XXLarge (10,000+)","MQL",185,13,0.750,1009,"HOT"
"bright-media.com","Bright Media","Consumer Goods","Large ($100MM-$200MM)","Medium-Large (500-999)","Unaware",3,1,0.056,208,"COLD"
"clear-inc.com","Clear Inc","Retail","Medium-Large ($50MM-$100MM)","Medium-Large (500-999)","Unaware",1,1,0.152,239,"COLD"
"swift-data.com","Swift Data","Food & Beverages","Medium-Large ($50MM-$100MM)","Medium-Large (500-999)","Unaware",5,1,0.060,229,"COLD"
"cyber-net.com","Cyber Net","Manufacturing","XXLarge ($1B+)","XXLarge (10,000+)","Aware",15,5,0.180,624,"COLD"
"nova-digital.com","Nova Digital","Marketing and Advertising","Micro ($0-$1MM)","Small (10-49)","Engaged",17,16,0.334,154,"WARM"
"swift-cloud.com","Swift Cloud","Software / Information Technology","XLarge ($200MM-$1B)","Large (1,000-4,999)","Unaware",3,1,0.156,752,"COLD"
"swift-net.com","Swift Net","Consumer Goods","Medium-Large ($50MM-$100MM)","Medium-Large (500-999)","Unaware",5,1,0.060,234,"COLD"
"clear-systems.com","Clear Systems","Insurance","Micro ($0-$1MM)","Small (10-49)","Unaware",4,1,0.058,234,"COLD"
"nova-media.com","Nova Media","Software / Information Technology","XLarge ($200MM-$1B)","Large (1,000-4,999)","Unaware",2,1,0.154,583,"COLD"
"atlas-works.com","Atlas Works","Retail","Medium-Large ($50MM-$100MM)","Medium (200-499)","Unaware",2,1,0.154,246,"COLD"
"prime-systems.com","Prime Systems","Telecommunications","Medium-Small ($10MM-$50MM)","Medium (200-499)","Aware",19,1,0.188,129,"COLD"
"atlas-data.com","Atlas Data","Software / Information Technology","Micro ($0-$1MM)","Micro (1-9)","Unaware",3,1,0.156,84,"COLD"
"prime-systems.com","Prime Systems","Consumer Goods","Small ($1MM-$10MM)","Small (10-49)","Engaged",47,17,0.394,185,"WARM"
"rapid-inc.com","Rapid Inc","Food & Beverages","Micro ($0-$1MM)","Small (10-49)","Aware",11,6,0.172,147,"COLD"
"smart-labs.com","Smart Labs","Retail","XLarge ($200MM-$1B)","XLarge (5,000-10,000)","Aware",7,4,0.264,691,"COLD"
"apex-inc.com","Apex Inc","Health, Wellness and Fitness","Medium-Small ($10MM-$50MM)","Medium-Small (50-199)","Engaged",105,17,0.510,458,"HOT"
"apex-solutions.com","Apex Solutions","Entertainment","Small ($1MM-$10MM)","Small (10-49)","Aware",15,2,0.180,244,"COLD"
"green-systems.com","Green Systems","Software / Information Technology","Medium-Small ($10MM-$50MM)","Medium-Small (50-199)","Unaware",1,1,0.152,212,"COLD"
"iron-inc.com","Iron Inc","Marketing and Advertising","Medium-Small ($10MM-$50MM)","Medium (200-499)","Engaged",13,10,0.326,130,"WARM"
"smart-group.com","Smart Group","Software / Information Technology","Small ($1MM-$10MM)","Small (10-49)","Unaware",2,1,0.154,75,"COLD"
"stellar-io.com","Stellar Io","Software / Information Technology","Medium-Large ($50MM-$100MM)","Medium-Large (500-999)","Engaged",27,4,0.454,244,"WARM"
"stellar-io.com","Stellar Io","Software / Information Technology","Medium-Small ($10MM-$50MM)","Medium (200-499)","Unaware",1,1,0.152,192,"COLD"
"swift-works.com","Swift Works","Insurance","Micro ($0-$1MM)","Micro (1-9)","Unaware",2,1,0.054,78,"COLD"
"core-corp.com","Core Corp","Consumer Goods","Micro ($0-$1MM)","Micro (1-9)","Unaware",5,1,0.060,246,"COLD"
"clear-group.com","Clear Group","Insurance","Micro ($0-$1MM)","Micro (1-9)","Unaware",2,1,0.054,172,"COLD"
"swift-data.com","Swift Data","Automotive","Medium-Large ($50MM-$100MM)","Medium-Large (500-999)","Engaged",87,15,0.474,393,"WARM"
"green-io.com","Green Io","Marketing and Advertising","Small ($1MM-$10MM)","Small (10-49)","Engaged",35,10,0.370,157,"WARM"
"nova-media.com","Nova Media","Retail","Medium-Large ($50MM-$100MM)","Medium (200-499)","Unaware",4,1,0.158,87,"COLD"
"apex-data.com","Apex Data","Software / Information Technology","Medium-Large ($50MM-$100MM)","Medium (200-499)","Unaware",2,1,0.154,167,"COLD"
"green-cloud.com","Green Cloud","Software / Information Technology","Micro ($0-$1MM)","Micro (1-9)","Aware",21,5,0.292,221,"COLD"
"rapid-tech.com","Rapid Tech","Food & Beverages","Micro ($0-$1MM)","Micro (1-9)","Unaware",1,1,0.052,149,"COLD"
"clear-media.com","Clear Media","Health, Wellness and Fitness","Micro ($0-$1MM)","Small (10-49)","Aware",14,6,0.178,105,"COLD"
"cyber-hub.com","Cyber Hub","Retail","Micro ($0-$1MM)","Small (10-49)","Engaged",54,6,0.508,207,"WARM"
"blue-solutions.com","Blue Solutions","Hospital & Health Care","Medium-Small ($10MM-$50MM)","Medium (200-499)","Unaware",2,1,0.054,219,"COLD"
"atlas-inc.com","Atlas Inc","Marketing and Advertising","XXLarge ($1B+)","XXLarge (10,000+)","Unaware",1,1,0.052,630,"COLD"
"stellar-hub.com","Stellar Hub","Software / Information Technology","Small ($1MM-$10MM)","Medium-Small (50-199)","Unaware",4,1,0.158,117,"COLD"
"atlas-net.com","Atlas Net","Legal Services","Small ($1MM-$10MM)","Small (10-49)","Unaware",4,1,0.058,160,"COLD"
"core-works.com","Core Works","Construction","XLarge ($200MM-$1B)","XLarge (5,000-10,000)","Aware",8,2,0.166,619,"COLD"
"global-systems.com","Global Systems","Management Consulting","Small ($1MM-$10MM)","Small (10-49)","MQL",188,12,0.750,603,"HOT"
"vertex-labs.com","Vertex Labs","Software / Information Technology","Medium-Small ($10MM-$50MM)","Medium-Small (50-199)","Engaged",70,4,0.540,348,"WARM"
"core-works.com","Core Works","Software / Information Technology","Medium-Small ($10MM-$50MM)","Medium-Small (50-199)","Engaged",85,6,0.570,273,"WARM"
"bright-tech.com","Bright Tech","Marketing and Advertising","Medium-Small ($10MM-$50MM)","Medium (200-499)","Engaged",74,9,0.448,323,"WARM"
"iron-tech.com","Iron Tech","Legal Services","XXLarge ($1B+)","XXLarge (10,000+)","Unaware",3,1,0.056,651,"COLD"
"vertex-net.com","Vertex Net","Education Management","Micro ($0-$1MM)","Micro (1-9)","Aware",22,5,0.194,172,"COLD"
"smart-net.com","Smart Net","E-Learning","Large ($100MM-$200MM)","Medium-Large (500-999)","Aware",12,2,0.174,84,"COLD"
"acme-group.com","Acme Group","Financial Services","Medium-Small ($10MM-$50MM)","Medium (200-499)","Unaware",4,1,0.058,161,"COLD"
"vertex-digital.com","Vertex Digital","Hospital & Health Care","Micro ($0-$1MM)","Micro (1-9)","Aware",4,5,0.158,174,"COLD"
"swift-inc.com","Swift Inc","Real Estate","Medium-Large ($50MM-$100MM)","Medium-Large (500-999)","Aware",7,2,0.164,174,"COLD"
"nexus-tech.com","Nexus Tech","Telecommunications","Medium-Small ($10MM-$50MM)","Medium-Small (50-199)","Aware",13,4,0.176,259,"COLD"
"swift-corp.com","Swift Corp","Financial Services","Small ($1MM-$10MM)","Medium-Small (50-199)","Unaware",1,1,0.052,124,"COLD"
"peak-cloud.com","Peak Cloud","Financial Services","Medium-Small ($10MM-$50MM)","Medium (200-499)","Aware",16,2,0.182,103,"COLD"
"iron-tech.com","Iron Tech","Logistics and Supply Chain","Medium-Large ($50MM-$100MM)","Medium (200-499)","Aware",4,2,0.158,153,"COLD"
"core-inc.com","Core Inc","Legal Services","Medium-Small ($10MM-$50MM)","Medium (200-499)","Unaware",2,1,0.054,164,"COLD"
"prime-works.com","Prime Works","Food & Beverages","XXLarge ($1B+)","XXLarge (10,000+)","MQL",179,15,0.750,937,"HOT"
"nexus-solutions.com","Nexus Solutions","Management Consulting","Medium-Large ($50MM-$100MM)","Medium (200-499)","Unaware",2,1,0.054,143,"COLD"
"stellar-corp.com","Stellar Corp","Health, Wellness and Fitness","Small ($1MM-$10MM)","Medium-Small (50-199)","Unaware",3,1,0.056,234,"COLD"
"smart-solutions.com","Smart Solutions","Management Consulting","Large ($100MM-$200MM)","Large (1,000-4,999)","Opportunity",53,30,0.556,268,"HOT"
"atlas-hub.com","Atlas Hub","Manufacturing","Medium-Large ($50MM-$100MM)","Medium-Large (500-999)","Aware",9,2,0.168,158,"COLD"
"acme-cloud.com","Acme Cloud","Marketing and Advertising","Micro ($0-$1MM)","Small (10-49)","MQL",156,19,0.750,503,"HOT"
"green-hub.com","Green Hub","Software / Information Technology","Micro ($0-$1MM)","Micro (1-9)","Aware",20,4,0.290,234,"COLD"
"stellar-hub.com","Stellar Hub","Logistics and Supply Chain","Medium-Large ($50MM-$100MM)","Medium-Large (500-999)","Aware",11,4,0.172,131,"COLD"
"global-solutions.com","Global Solutions","Health, Wellness and Fitness","XXLarge ($1B+)","XXLarge (10,000+)","Engaged",93,10,0.486,750,"WARM"
"apex-inc.com","Apex Inc","Hospital & Health Care","Large ($100MM-$200MM)","Large (1,000-4,999)","MQL",158,19,0.750,564,"HOT"
"bright-hub.com","Bright Hub","Retail","Micro ($0-$1MM)","Micro (1-9)","Unaware",3,1,0.156,186,"COLD"
"apex-labs.com","Apex Labs","Retail","Large ($100MM-$200MM)","Large (1,000-4,999)","MQL",130,29,0.810,314,"HOT"
"swift-labs.com","Swift Labs","Software / Information Technology","Micro ($0-$1MM)","Micro (1-9)","Aware",17,1,0.284,89,"COLD"
"nova-cloud.com","Nova Cloud","Marketing and Advertising","Micro ($0-$1MM)","Micro (1-9)","Unaware",2,1,0.054,72,"COLD"
"apex-inc.com","Apex Inc","Insurance","Large ($100MM-$200MM)","Large (1,000-4,999)","Aware",21,4,0.192,290,"COLD"
"vertex-labs.com","Vertex Labs","Education Management","Medium-Large ($50MM-$100MM)","Medium (200-499)","Engaged",61,16,0.422,330,"WARM"
"acme-hub.com","Acme Hub","Financial Services","Small ($1MM-$10MM)","Small (10-49)","Unaware",2,1,0.054,150,"COLD"
"iron-digital.com","Iron Digital","Entertainment","Small ($1MM-$10MM)","Small (10-49)","Unaware",5,1,0.060,136,"COLD"
"core-group.com","Core Group","Retail","Medium-Large ($50MM-$100MM)","Medium-Large (500-999)","Aware",20,4,0.290,156,"COLD"
"green-media.com","Green Media","Software / Information Technology","Micro ($0-$1MM)","Micro (1-9)","Unaware",5,1,0.160,162,"COLD"
"blue-inc.com","Blue Inc","E-Learning","Medium-Small ($10MM-$50MM)","Medium-Small (50-199)","Engaged",71,14,0.442,277,"WARM"
"prime-inc.com","Prime Inc","Telecommunications","Medium-Large ($50MM-$100MM)","Medium-Large (500-999)","Unaware",1,1,0.052,88,"COLD"
"iron-labs.com","Iron Labs","Marketing and Advertising","Small ($1MM-$10MM)","Medium-Small (50-199)","Engaged",15,15,0.330,257,"WARM"
"global-digital.com","Global Digital","Consumer Goods","Small ($1MM-$10MM)","Small (10-49)","MQL",227,24,0.750,635,"HOT"
"peak-inc.com","Peak Inc","Construction","Small ($1MM-$10MM)","Medium-Small (50-199)","Aware",19,5,0.188,134,"COLD"
"bright-systems.com","Bright Systems","Food & Beverages","Medium-Small ($10MM-$50MM)","Medium (200-499)","Aware",4,2,0.158,86,"COLD"
"prime-tech.com","Prime Tech","Software / Information Technology","XXLarge ($1B+)","XXLarge (10,000+)","Engaged",24,8,0.448,615,"WARM"
"vertex-systems.com","Vertex Systems","Hospital & Health Care","Medium-Small ($10MM-$50MM)","Medium-Small (50-199)","Engaged",17,13,0.334,248,"WARM"
"atlas-media.com","Atlas Media","E-Learning","Medium-Small ($10MM-$50MM)","Medium (200-499)","MQL",183,25,0.750,591,"HOT"
"global-group.com","Global Group","Legal Services","Medium-Small ($10MM-$50MM)","Medium (200-499)","Unaware",4,1,0.058,169,"COLD"
"global-hub.com","Global Hub","Software / Information Technology","Large ($100MM-$200MM)","Large (1,000-4,999)","Unaware",2,1,0.154,111,"COLD"
"global-corp.com","Global Corp","Software / Information Technology","Micro ($0-$1MM)","Micro (1-9)","Unaware",4,1,0.158,184,"COLD"
"swift-media.com","Swift Media","Marketing and Advertising","Medium-Small ($10MM-$50MM)","Medium (200-499)","Unaware",3,1,0.056,126,"COLD"
"iron-tech.com","Iron Tech","Marketing and Advertising","Medium-Small ($10MM-$50MM)","Medium (200-499)","Engaged",83,12,0.466,311,"WARM"
"atlas-corp.com","Atlas Corp","Logistics and Supply Chain","Micro ($0-$1MM)","Micro (1-9)","Aware",8,3,0.166,212,"COLD"
"green-tech.com","Green Tech","Hospital & Health Care","Large ($100MM-$200MM)","Medium-Large (500-999)","Aware",4,6,0.158,189,"COLD"
"smart-solutions.com","Smart Solutions","Real Estate","Medium-Small ($10MM-$50MM)","Medium (200-499)","MQL",44,25,0.538,250,"HOT"
"rapid-media.com","Rapid Media","Health, Wellness and Fitness","Small ($1MM-$10MM)","Medium-Small (50-199)","Unaware",3,1,0.056,70,"COLD"
"core-solutions.com","Core Solutions","Logistics and Supply Chain","Medium-Small ($10MM-$50MM)","Medium (200-499)","Unaware",4,1,0.058,202,"COLD"
"green-systems.com","Green Systems","Management Consulting","Micro ($0-$1MM)","Micro (1-9)","MQL",62,10,0.574,334,"HOT"
"nova-io.com","Nova Io","Software / Information Technology","Micro ($0-$1MM)","Micro (1-9)","MQL",98,17,0.746,269,"HOT"
"nova-corp.com","Nova Corp","Retail","Micro ($0-$1MM)","Micro (1-9)","Aware",22,5,0.294,188,"COLD"
"clear-digital.com","Clear Digital","Automotive","Micro ($0-$1MM)","Micro (1-9)","MQL",168,17,0.750,388,"HOT"
"global-inc.com","Global Inc","Manufacturing","Micro ($0-$1MM)","Micro (1-9)","Unaware",4,1,0.058,151,"COLD"
"stellar-group.com","Stellar Group","Construction","Micro ($0-$1MM)","Micro (1-9)","Aware",22,3,0.194,198,"COLD"
"clear-systems.com","Clear Systems","Manufacturing","Medium-Large ($50MM-$100MM)","Medium (200-499)","MQL",74,5,0.598,374,"HOT"
"prime-io.com","Prime Io","Software / Information Technology","Micro ($0-$1MM)","Micro (1-9)","Unaware",3,1,0.156,108,"COLD"
"peak-inc.com","Peak Inc","Education Management","Small ($1MM-$10MM)","Small (10-49)","Unaware",4,1,0.058,104,"COLD"
"nexus-cloud.com","Nexus Cloud","Logistics and Supply Chain","Medium-Small ($10MM-$50MM)","Medium-Small (50-199)","Engaged",53,13,0.406,351,"WARM"
"iron-tech.com","Iron Tech","Health, Wellness and Fitness","XXLarge ($1B+)","XXLarge (10,000+)","Unaware",2,1,0.054,649,"COLD"
"green-tech.com","Green Tech","Management Consulting","Small ($1MM-$10MM)","Small (10-49)","Opportunity",372,32,0.750,925,"HOT"
"iron-group.com","Iron Group","Construction","Micro ($0-$1MM)","Small (10-49)","Aware",7,5,0.164,209,"COLD"
"smart-tech.com","Smart Tech","Retail","XXLarge ($1B+)","XXLarge (10,000+)","Opportunity",95,30,0.740,847,"HOT"
"acme-inc.com","Acme Inc","Real Estate","Micro ($0-$1MM)","Micro (1-9)","Aware",19,4,0.188,274,"COLD"
"cyber-media.com","Cyber Media","Marketing and Advertising","Small ($1MM-$10MM)","Medium-Small (50-199)","MQL",134,17,0.718,458,"HOT"
"atlas-group.com","Atlas Group","Marketing and Advertising","Small ($1MM-$10MM)","Small (10-49)","Unaware",4,1,0.058,91,"COLD"
"vertex-solutions.com","Vertex Solutions","Real Estate","Micro ($0-$1MM)","Micro (1-9)","Engaged",100,9,0.500,275,"WARM"
"vertex-tech.com","Vertex Tech","Logistics and Supply Chain","XLarge ($200MM-$1B)","Large (1,000-4,999)","MQL",164,8,0.750,884,"HOT"
"clear-tech.com","Clear Tech","Entertainment","Micro ($0-$1MM)","Small (10-49)","Aware",18,5,0.186,189,"COLD"
"acme-media.com","Acme Media","Telecommunications","Medium-Small ($10MM-$50MM)","Medium (200-499)","Engaged",54,17,0.408,229,"WARM"
