"SITE_DOMAIN","AD_FORMAT","DEVICE_TYPE_LABEL","GEO_DMA","CONTENT_GENRE","IMPRESSIONS","PURCHASES","PURCHASE_RATE","YIELD_MULTIPLIER","SUPPORT"
"techcrunch.com","banner","Connected TV","New York","",751,8,0.01065,2.853,751
"tmz.com","native","Tablet","Denver","",376,1,0.00266,0.713,376
"weather.com","banner","Set Top Box","New York","",770,6,0.00779,2.087,770
"nytimes.com","native","Connected TV","New York","",407,2,0.00491,1.316,407
"techcrunch.com","banner","Set Top Box","New York","",784,1,0.00128,0.342,784
"bbc.com","video","Connected TV","Los Angeles","",398,3,0.00754,2.019,398
"tmz.com","native","Connected Device","Dallas-Ft. Worth","",365,0,0.00000,0.000,365
"weather.com","native","Personal Computer","Houston","",371,0,0.00000,0.000,371
"cnn.com","video","Personal Computer","Denver","",364,2,0.00550,1.472,364
"people.com","video","Set Top Box","Miami","",390,0,0.00000,0.000,390
"foxnews.com","video","Personal Computer","Houston","",369,4,0.01084,2.904,369
"cnn.com","video","Personal Computer","Los Angeles","",350,2,0.00571,1.531,350
"foxnews.com","video","Tablet","Denver","",375,0,0.00000,0.000,375
"weather.com","native","Set Top Box","Philadelphia","",337,5,0.01484,3.975,337
"buzzfeed.com","native","Set Top Box","New York","",404,0,0.00000,0.000,404
"cnn.com","native","Connected Device","Houston","",380,0,0.00000,0.000,380
"people.com","native","Tablet","Dallas-Ft. Worth","",388,1,0.00258,0.690,388
"nytimes.com","video","Connected Device","Philadelphia","",372,0,0.00000,0.000,372
"cnn.com","banner","Tablet","Atlanta","",745,1,0.00134,0.359,745
"espn.com","native","Phone","Houston","",353,1,0.00283,0.759,353
"techcrunch.com","video","Tablet","Miami","",364,1,0.00275,0.736,364
"espn.com","native","Connected TV","Denver","",402,4,0.00995,2.665,402
"cnet.com","banner","Connected TV","Dallas-Ft. Worth","",817,4,0.00490,1.312,817
"techcrunch.com","banner","Connected Device","Philadelphia","",754,2,0.00265,0.711,754
"weather.com","native","Tablet","Houston","",381,2,0.00525,1.406,381
"cnet.com","video","Phone","Phoenix","",386,0,0.00000,0.000,386
"tmz.com","video","Mobile/Tablet","New York","",382,2,0.00524,1.403,382
"bbc.com","native","Set Top Box","Philadelphia","",378,2,0.00529,1.417,378
"tmz.com","native","Personal Computer","Philadelphia","",379,1,0.00264,0.707,379
"washingtonpost.com","video","Phone","Houston","",410,0,0.00000,0.000,410
"buzzfeed.com","banner","Tablet","Miami","",784,5,0.00638,1.709,784
"theverge.com","banner","Mobile/Tablet","New York","",790,4,0.00506,1.356,790
"espn.com","video","Set Top Box","Phoenix","",355,3,0.00845,2.264,355
"theverge.com","video","Tablet","Denver","",393,2,0.00509,1.363,393
"cnn.com","native","Phone","Dallas-Ft. Worth","",392,1,0.00255,0.683,392
"people.com","video","Connected TV","Atlanta","",364,5,0.01374,3.680,364
"espn.com","video","Personal Computer","Los Angeles","",368,1,0.00272,0.728,368
"bbc.com","native","Phone","Houston","",449,1,0.00223,0.597,449
"people.com","video","Connected TV","Chicago","",415,2,0.00482,1.291,415
"nytimes.com","banner","Connected TV","Dallas-Ft. Worth","",789,0,0.00000,0.000,789
"nytimes.com","native","Connected TV","Houston","",405,4,0.00988,2.646,405
"people.com","banner","Connected Device","Houston","",795,3,0.00377,1.011,795
"people.com","native","Phone","Miami","",378,3,0.00794,2.126,378
"espn.com","native","Phone","Miami","",382,0,0.00000,0.000,382
"variety.com","video","Connected Device","Chicago","",385,2,0.00520,1.392,385
"nytimes.com","native","Set Top Box","New York","",366,3,0.00820,2.196,366
"people.com","video","Phone","Dallas-Ft. Worth","",382,2,0.00524,1.403,382
"variety.com","banner","Mobile/Tablet","New York","",771,4,0.00519,1.390,771
"cnet.com","native","Connected TV","New York","",366,0,0.00000,0.000,366
"techcrunch.com","native","Connected TV","New York","",355,0,0.00000,0.000,355
"bbc.com","video","Phone","Dallas-Ft. Worth","",384,3,0.00781,2.093,384
"buzzfeed.com","banner","Tablet","Phoenix","",731,1,0.00137,0.366,731
"bbc.com","video","Connected TV","Houston","",423,1,0.00236,0.633,423
"bbc.com","video","Connected TV","Phoenix","",391,3,0.00767,2.055,391
"washingtonpost.com","banner","Phone","Los Angeles","",753,2,0.00266,0.711,753
"techcrunch.com","banner","Tablet","Phoenix","",763,1,0.00131,0.351,763
"cnn.com","banner","Phone","Phoenix","",770,0,0.00000,0.000,770
"nytimes.com","video","Personal Computer","New York","",334,0,0.00000,0.000,334
"tmz.com","native","Set Top Box","Dallas-Ft. Worth","",386,4,0.01036,2.776,386
"washingtonpost.com","native","Set Top Box","Atlanta","",405,3,0.00741,1.984,405
"forbes.com","banner","Connected Device","Los Angeles","",718,3,0.00418,1.119,718
"nytimes.com","banner","Set Top Box","Miami","",762,6,0.00787,2.109,762
"nytimes.com","native","Set Top Box","Houston","",375,2,0.00533,1.429,375
"forbes.com","banner","Connected TV","Houston","",738,4,0.00542,1.452,738
"foxnews.com","video","Phone","Chicago","",397,0,0.00000,0.000,397
"buzzfeed.com","banner","Set Top Box","New York","",700,1,0.00143,0.383,700
"cnn.com","banner","Connected Device","Dallas-Ft. Worth","",757,2,0.00264,0.708,757
"espn.com","banner","Tablet","Los Angeles","",803,3,0.00374,1.001,803
"tmz.com","video","Set Top Box","Denver","",369,0,0.00000,0.000,369
"theverge.com","video","Tablet","Atlanta","",379,1,0.00264,0.707,379
"people.com","native","Set Top Box","Philadelphia","",384,3,0.00781,2.093,384
"cnet.com","native","Mobile/Tablet","Philadelphia","",403,5,0.01241,3.324,403
"cnn.com","banner","Connected TV","Dallas-Ft. Worth","",753,2,0.00266,0.711,753
"people.com","banner","Connected TV","Atlanta","",785,2,0.00255,0.683,785
"cnet.com","video","Phone","Philadelphia","",404,1,0.00248,0.663,404
"techcrunch.com","native","Phone","Phoenix","",394,0,0.00000,0.000,394
"theverge.com","native","Tablet","Philadelphia","",378,2,0.00529,1.417,378
"theverge.com","banner","Personal Computer","Houston","",759,2,0.00264,0.706,759
"weather.com","banner","Connected Device","Phoenix","",804,4,0.00498,1.333,804
"forbes.com","banner","Mobile/Tablet","Houston","",738,5,0.00678,1.815,738
"bbc.com","banner","Mobile/Tablet","Houston","",781,2,0.00256,0.686,781
"washingtonpost.com","native","Personal Computer","Philadelphia","",373,1,0.00268,0.718,373
"cnet.com","banner","Connected TV","Denver","",748,5,0.00668,1.791,748
"nytimes.com","native","Set Top Box","Atlanta","",403,0,0.00000,0.000,403
"bbc.com","video","Tablet","Phoenix","",362,1,0.00276,0.740,362
"bbc.com","banner","Set Top Box","Miami","",749,5,0.00668,1.788,749
"theverge.com","banner","Connected TV","Philadelphia","",740,6,0.00811,2.172,740
"tmz.com","banner","Connected TV","Dallas-Ft. Worth","",768,3,0.00391,1.046,768
"buzzfeed.com","banner","Connected TV","Philadelphia","",774,0,0.00000,0.000,774
"techcrunch.com","video","Connected Device","Denver","",360,1,0.00278,0.744,360
"espn.com","banner","Connected Device","Dallas-Ft. Worth","",746,1,0.00134,0.359,746
"foxnews.com","banner","Tablet","Phoenix","",787,1,0.00127,0.340,787
"cnet.com","native","Mobile/Tablet","Houston","",404,0,0.00000,0.000,404
"washingtonpost.com","native","Tablet","Atlanta","",420,2,0.00476,1.276,420
"espn.com","video","Set Top Box","Philadelphia","",336,1,0.00298,0.797,336
"cnet.com","banner","Set Top Box","Philadelphia","",748,2,0.00267,0.716,748
"cnet.com","native","Mobile/Tablet","Dallas-Ft. Worth","",364,1,0.00275,0.736,364
"forbes.com","banner","Mobile/Tablet","Los Angeles","",770,3,0.00390,1.044,770
"nytimes.com","video","Connected TV","Houston","",385,2,0.00520,1.392,385
"washingtonpost.com","video","Connected TV","Atlanta","",374,1,0.00267,0.716,374
"theverge.com","native","Personal Computer","Atlanta","",352,1,0.00284,0.761,352
"techcrunch.com","native","Connected Device","Dallas-Ft. Worth","",389,1,0.00257,0.689,389
"bbc.com","native","Connected Device","Philadelphia","",385,3,0.00779,2.087,385
"espn.com","native","Phone","Atlanta","",401,1,0.00249,0.668,401
"bbc.com","video","Tablet","Miami","",383,0,0.00000,0.000,383
"espn.com","video","Connected Device","Atlanta","",377,2,0.00531,1.421,377
"forbes.com","native","Connected Device","Dallas-Ft. Worth","",410,2,0.00488,1.307,410
"tmz.com","native","Tablet","Los Angeles","",349,2,0.00573,1.535,349
"theverge.com","video","Connected Device","Denver","",386,4,0.01036,2.776,386
"techcrunch.com","video","Connected TV","Phoenix","",369,3,0.00813,2.178,369
"tmz.com","native","Connected TV","Phoenix","",351,3,0.00855,2.290,351
"weather.com","video","Connected TV","Atlanta","",344,4,0.01163,3.115,344
"espn.com","native","Mobile/Tablet","Miami","",405,1,0.00247,0.661,405
"cnet.com","native","Set Top Box","Philadelphia","",389,0,0.00000,0.000,389
"buzzfeed.com","native","Connected Device","Denver","",374,1,0.00267,0.716,374
"cnn.com","native","Phone","Houston","",394,0,0.00000,0.000,394
"forbes.com","video","Connected TV","Atlanta","",375,1,0.00267,0.714,375
"theverge.com","banner","Connected TV","Chicago","",758,2,0.00264,0.707,758
"washingtonpost.com","video","Tablet","Denver","",418,1,0.00239,0.641,418
"cnn.com","banner","Personal Computer","Denver","",748,4,0.00535,1.433,748
"theverge.com","video","Tablet","Chicago","",359,0,0.00000,0.000,359
"cnn.com","video","Connected Device","Los Angeles","",387,2,0.00517,1.384,387
"tmz.com","banner","Connected Device","Philadelphia","",764,3,0.00393,1.052,764
"forbes.com","video","Phone","Chicago","",407,2,0.00491,1.316,407
"theverge.com","video","Set Top Box","Miami","",349,1,0.00287,0.767,349
"theverge.com","native","Connected Device","Phoenix","",344,3,0.00872,2.336,344
"variety.com","banner","Mobile/Tablet","Houston","",739,6,0.00812,2.175,739
"cnn.com","native","Mobile/Tablet","Phoenix","",398,3,0.00754,2.019,398
"forbes.com","banner","Connected TV","Dallas-Ft. Worth","",720,3,0.00417,1.116,720
"variety.com","banner","Connected Device","Miami","",798,1,0.00125,0.336,798
"variety.com","video","Set Top Box","Chicago","",384,2,0.00521,1.395,384
"cnet.com","banner","Set Top Box","Chicago","",778,4,0.00514,1.377,778
"washingtonpost.com","banner","Connected Device","Miami","",740,2,0.00270,0.724,740
"foxnews.com","video","Phone","Philadelphia","",382,2,0.00524,1.403,382
"people.com","video","Set Top Box","New York","",416,1,0.00240,0.644,416
"variety.com","video","Tablet","New York","",387,1,0.00258,0.692,387
"people.com","video","Mobile/Tablet","Dallas-Ft. Worth","",385,4,0.01039,2.783,385
"nytimes.com","banner","Set Top Box","Los Angeles","",757,4,0.00528,1.415,757
"espn.com","video","Connected TV","Houston","",383,3,0.00783,2.098,383
"forbes.com","native","Connected TV","Los Angeles","",390,2,0.00513,1.374,390
"foxnews.com","native","Mobile/Tablet","Chicago","",367,1,0.00273,0.730,367
"theverge.com","banner","Connected TV","Dallas-Ft. Worth","",726,1,0.00138,0.369,726
"cnn.com","native","Personal Computer","Chicago","",352,0,0.00000,0.000,352
"weather.com","banner","Connected Device","Houston","",821,3,0.00365,0.979,821
"cnet.com","video","Tablet","Dallas-Ft. Worth","",359,1,0.00279,0.746,359
"washingtonpost.com","native","Phone","Chicago","",399,0,0.00000,0.000,399
"cnn.com","video","Connected TV","Philadelphia","",375,1,0.00267,0.714,375
"techcrunch.com","video","Phone","New York","",351,0,0.00000,0.000,351
"buzzfeed.com","native","Connected Device","Atlanta","",356,0,0.00000,0.000,356
"bbc.com","banner","Mobile/Tablet","Denver","",750,5,0.00667,1.786,750
"weather.com","native","Mobile/Tablet","Atlanta","",406,2,0.00493,1.320,406
"forbes.com","native","Phone","Houston","",374,2,0.00535,1.433,374
"variety.com","native","Connected TV","Miami","",387,1,0.00258,0.692,387
"cnet.com","banner","Mobile/Tablet","Chicago","",758,4,0.00528,1.414,758
"cnet.com","video","Connected Device","Phoenix","",361,0,0.00000,0.000,361
"cnn.com","video","Mobile/Tablet","Miami","",367,0,0.00000,0.000,367
"variety.com","video","Phone","Houston","",391,0,0.00000,0.000,391
"bbc.com","native","Mobile/Tablet","New York","",418,3,0.00718,1.923,418
"tmz.com","video","Connected TV","Chicago","",363,5,0.01377,3.690,363
"washingtonpost.com","banner","Mobile/Tablet","Atlanta","",749,1,0.00134,0.358,749
"theverge.com","banner","Personal Computer","Atlanta","",721,3,0.00416,1.115,721
"variety.com","video","Connected Device","Miami","",388,0,0.00000,0.000,388
"forbes.com","banner","Personal Computer","Los Angeles","",742,2,0.00270,0.722,742
"forbes.com","native","Phone","Phoenix","",392,1,0.00255,0.683,392
"washingtonpost.com","native","Connected Device","Atlanta","",379,0,0.00000,0.000,379
"bbc.com","native","Tablet","Miami","",382,1,0.00262,0.701,382
"forbes.com","video","Connected Device","Chicago","",396,2,0.00505,1.353,396
"people.com","native","Connected Device","Denver","",385,1,0.00260,0.696,385
"variety.com","banner","Phone","Phoenix","",773,2,0.00259,0.693,773
"foxnews.com","video","Connected TV","Dallas-Ft. Worth","",386,1,0.00259,0.694,386
"washingtonpost.com","banner","Tablet","Dallas-Ft. Worth","",774,2,0.00258,0.692,774
"cnet.com","banner","Connected Device","Philadelphia","",725,5,0.00690,1.848,725
"forbes.com","banner","Connected Device","Dallas-Ft. Worth","",772,1,0.00130,0.347,772
"buzzfeed.com","video","Personal Computer","Philadelphia","",390,4,0.01026,2.747,390
"tmz.com","banner","Tablet","New York","",749,3,0.00401,1.073,749
"bbc.com","banner","Connected Device","Phoenix","",769,3,0.00390,1.045,769
"cnet.com","video","Personal Computer","Chicago","",392,0,0.00000,0.000,392
"tmz.com","video","Connected Device","Denver","",376,0,0.00000,0.000,376
"cnn.com","banner","Connected Device","Chicago","",722,0,0.00000,0.000,722
"washingtonpost.com","banner","Connected TV","Denver","",768,5,0.00651,1.744,768
"theverge.com","video","Personal Computer","Denver","",364,2,0.00550,1.472,364
"espn.com","native","Personal Computer","Houston","",375,1,0.00267,0.714,375
"variety.com","banner","Phone","Los Angeles","",788,4,0.00508,1.360,788
"cnn.com","native","Set Top Box","Denver","",326,1,0.00307,0.822,326
"washingtonpost.com","video","Set Top Box","Denver","",393,1,0.00255,0.682,393
"cnet.com","video","Set Top Box","New York","",401,1,0.00249,0.668,401
"cnn.com","banner","Set Top Box","Denver","",801,3,0.00375,1.003,801
"tmz.com","video","Set Top Box","Miami","",349,3,0.00860,2.303,349
"foxnews.com","native","Connected Device","Dallas-Ft. Worth","",388,1,0.00258,0.690,388
"bbc.com","video","Connected Device","Dallas-Ft. Worth","",409,1,0.00245,0.655,409
"forbes.com","video","Mobile/Tablet","Chicago","",373,2,0.00536,1.436,373
"washingtonpost.com","banner","Tablet","Philadelphia","",741,3,0.00405,1.085,741
"nytimes.com","native","Personal Computer","Chicago","",420,0,0.00000,0.000,420
"tmz.com","video","Phone","Denver","",343,3,0.00875,2.343,343
"buzzfeed.com","video","Mobile/Tablet","Philadelphia","",397,0,0.00000,0.000,397
"washingtonpost.com","banner","Personal Computer","Philadelphia","",758,7,0.00924,2.474,758
"weather.com","banner","Connected Device","Atlanta","",739,4,0.00541,1.450,739
"buzzfeed.com","banner","Tablet","Los Angeles","",758,1,0.00132,0.353,758
"cnet.com","native","Connected Device","Los Angeles","",389,2,0.00514,1.377,389
"espn.com","video","Tablet","Los Angeles","",382,2,0.00524,1.403,382
"tmz.com","banner","Tablet","Philadelphia","",743,1,0.00135,0.361,743
"nytimes.com","video","Personal Computer","Dallas-Ft. Worth","",355,0,0.00000,0.000,355
"bbc.com","native","Personal Computer","Philadelphia","",413,2,0.00484,1.297,413
"tmz.com","banner","Mobile/Tablet","Chicago","",754,4,0.00531,1.421,754
"tmz.com","video","Connected Device","Los Angeles","",383,0,0.00000,0.000,383
"foxnews.com","native","Personal Computer","Denver","",383,0,0.00000,0.000,383
"cnn.com","native","Set Top Box","Dallas-Ft. Worth","",410,4,0.00976,2.613,410
"forbes.com","banner","Phone","Philadelphia","",737,3,0.00407,1.091,737
"cnn.com","native","Connected Device","Phoenix","",389,4,0.01028,2.755,389
"tmz.com","banner","Set Top Box","Los Angeles","",802,2,0.00249,0.668,802
"bbc.com","native","Connected TV","New York","",405,1,0.00247,0.661,405
"cnet.com","native","Tablet","New York","",410,3,0.00732,1.960,410
"foxnews.com","banner","Mobile/Tablet","Dallas-Ft. Worth","",682,2,0.00293,0.786,682
"variety.com","banner","Phone","Miami","",703,2,0.00285,0.762,703
"tmz.com","video","Mobile/Tablet","Miami","",366,2,0.00546,1.464,366
"forbes.com","native","Connected Device","Philadelphia","",415,3,0.00723,1.937,415
"espn.com","banner","Phone","Miami","",731,5,0.00684,1.832,731
"nytimes.com","video","Personal Computer","Philadelphia","",393,0,0.00000,0.000,393
"espn.com","video","Connected Device","Phoenix","",370,2,0.00541,1.448,370
"cnn.com","native","Tablet","Miami","",395,0,0.00000,0.000,395
"variety.com","video","Personal Computer","Philadelphia","",381,1,0.00263,0.703,381
"forbes.com","video","Connected TV","Chicago","",393,1,0.00255,0.682,393
"tmz.com","native","Mobile/Tablet","Los Angeles","",406,2,0.00493,1.320,406
"weather.com","native","Set Top Box","Denver","",409,2,0.00489,1.310,409
"people.com","banner","Personal Computer","Houston","",778,0,0.00000,0.000,778
"techcrunch.com","banner","Set Top Box","Chicago","",774,9,0.01163,3.115,774
"nytimes.com","native","Set Top Box","Miami","",400,0,0.00000,0.000,400
"cnn.com","banner","Connected TV","Philadelphia","",831,4,0.00481,1.289,831
"cnet.com","native","Tablet","Los Angeles","",387,1,0.00258,0.692,387
"weather.com","video","Connected Device","Phoenix","",400,1,0.00250,0.670,400
"weather.com","native","Set Top Box","Atlanta","",391,0,0.00000,0.000,391
"tmz.com","native","Connected Device","Philadelphia","",359,0,0.00000,0.000,359
"theverge.com","banner","Phone","Dallas-Ft. Worth","",772,3,0.00389,1.041,772
"nytimes.com","banner","Tablet","Philadelphia","",807,1,0.00124,0.332,807
"techcrunch.com","banner","Tablet","Denver","",783,1,0.00128,0.342,783
"techcrunch.com","native","Phone","Los Angeles","",433,2,0.00462,1.237,433
"bbc.com","banner","Set Top Box","Dallas-Ft. Worth","",807,1,0.00124,0.332,807
"theverge.com","native","Mobile/Tablet","New York","",371,2,0.00539,1.444,371
"forbes.com","native","Personal Computer","Miami","",374,2,0.00535,1.433,374
"techcrunch.com","banner","Personal Computer","Atlanta","",792,3,0.00379,1.015,792
"buzzfeed.com","native","Personal Computer","Dallas-Ft. Worth","",381,2,0.00525,1.406,381
"espn.com","video","Connected TV","Atlanta","",397,2,0.00504,1.350,397
"bbc.com","native","Mobile/Tablet","Los Angeles","",363,0,0.00000,0.000,363
"espn.com","banner","Set Top Box","Philadelphia","",770,0,0.00000,0.000,770
"nytimes.com","video","Set Top Box","Chicago","",381,0,0.00000,0.000,381
"espn.com","native","Set Top Box","New York","",366,0,0.00000,0.000,366
"techcrunch.com","native","Connected Device","Phoenix","",354,0,0.00000,0.000,354
"buzzfeed.com","native","Tablet","New York","",393,1,0.00255,0.682,393
"tmz.com","banner","Connected Device","Miami","",793,2,0.00252,0.676,793
"forbes.com","video","Tablet","Atlanta","",407,1,0.00246,0.658,407
"people.com","native","Tablet","Los Angeles","",375,0,0.00000,0.000,375
"cnet.com","native","Connected TV","Los Angeles","",358,2,0.00559,1.497,358
"bbc.com","native","Phone","New York","",401,1,0.00249,0.668,401
"cnn.com","video","Set Top Box","Phoenix","",373,2,0.00536,1.436,373
"espn.com","video","Tablet","Chicago","",361,1,0.00277,0.742,361
"weather.com","video","Connected TV","Philadelphia","",384,0,0.00000,0.000,384
"tmz.com","video","Connected TV","Houston","",336,1,0.00298,0.797,336
"espn.com","native","Connected TV","New York","",375,4,0.01067,2.857,375
"people.com","video","Mobile/Tablet","Atlanta","",364,2,0.00550,1.472,364
"people.com","native","Tablet","Denver","",379,2,0.00528,1.414,379
"tmz.com","native","Connected Device","Denver","",393,1,0.00255,0.682,393
"theverge.com","native","Personal Computer","Philadelphia","",368,1,0.00272,0.728,368
"forbes.com","video","Set Top Box","Chicago","",386,2,0.00518,1.388,386
"buzzfeed.com","video","Mobile/Tablet","Denver","",373,2,0.00536,1.436,373
"nytimes.com","native","Mobile/Tablet","Phoenix","",409,4,0.00978,2.620,409
"buzzfeed.com","native","Connected TV","Denver","",424,3,0.00708,1.895,424
"espn.com","native","Mobile/Tablet","Houston","",333,2,0.00601,1.609,333
"people.com","native","Connected Device","Los Angeles","",395,1,0.00253,0.678,395
"espn.com","banner","Connected TV","Phoenix","",789,5,0.00634,1.698,789
"techcrunch.com","banner","Connected TV","Los Angeles","",726,0,0.00000,0.000,726
"cnn.com","native","Connected TV","Philadelphia","",371,1,0.00270,0.722,371
"cnn.com","banner","Personal Computer","Phoenix","",763,1,0.00131,0.351,763
"bbc.com","banner","Set Top Box","Los Angeles","",785,2,0.00255,0.683,785
"people.com","banner","Connected TV","Chicago","",746,7,0.00938,2.514,746
"theverge.com","banner","Personal Computer","New York","",745,2,0.00269,0.719,745
"bbc.com","video","Set Top Box","New York","",374,0,0.00000,0.000,374
"theverge.com","video","Phone","New York","",393,1,0.00255,0.682,393
"weather.com","banner","Connected TV","Chicago","",725,3,0.00414,1.108,725
"cnn.com","banner","Personal Computer","Dallas-Ft. Worth","",718,4,0.00557,1.492,718
"bbc.com","video","Connected Device","New York","",350,1,0.00286,0.765,350
"foxnews.com","banner","Phone","New York","",723,4,0.00553,1.482,723
"cnet.com","native","Connected Device","Chicago","",400,1,0.00250,0.670,400
"techcrunch.com","video","Tablet","Phoenix","",390,0,0.00000,0.000,390
"forbes.com","video","Connected TV","Miami","",409,0,0.00000,0.000,409
"washingtonpost.com","native","Personal Computer","Los Angeles","",369,1,0.00271,0.726,369
"foxnews.com","video","Connected TV","Phoenix","",384,3,0.00781,2.093,384
"bbc.com","video","Set Top Box","Phoenix","",380,2,0.00526,1.410,380
"bbc.com","native","Personal Computer","Houston","",363,2,0.00551,1.476,363
"cnet.com","native","Tablet","Houston","",394,0,0.00000,0.000,394
"foxnews.com","video","Set Top Box","New York","",391,1,0.00256,0.685,391
"people.com","native","Mobile/Tablet","Miami","",382,2,0.00524,1.403,382
"weather.com","video","Connected Device","Los Angeles","",385,2,0.00520,1.392,385
"forbes.com","native","Phone","Chicago","",373,0,0.00000,0.000,373
"weather.com","native","Phone","Chicago","",339,2,0.00590,1.580,339
"nytimes.com","video","Personal Computer","Atlanta","",372,2,0.00538,1.440,372
"theverge.com","native","Set Top Box","Dallas-Ft. Worth","",395,0,0.00000,0.000,395
"variety.com","banner","Tablet","Miami","",733,1,0.00136,0.365,733
"people.com","native","Personal Computer","Atlanta","",397,0,0.00000,0.000,397
"washingtonpost.com","native","Phone","Miami","",394,1,0.00254,0.680,394
"nytimes.com","native","Connected Device","New York","",383,0,0.00000,0.000,383
"espn.com","video","Connected Device","New York","",381,2,0.00525,1.406,381
"tmz.com","video","Phone","New York","",398,3,0.00754,2.019,398
"bbc.com","video","Connected Device","Miami","",352,1,0.00284,0.761,352
"forbes.com","video","Personal Computer","Atlanta","",363,1,0.00276,0.738,363
"bbc.com","banner","Connected Device","Dallas-Ft. Worth","",740,3,0.00405,1.086,740
"theverge.com","native","Phone","Philadelphia","",388,2,0.00516,1.381,388
"espn.com","native","Tablet","Denver","",355,1,0.00282,0.755,355
"buzzfeed.com","video","Personal Computer","Denver","",362,1,0.00276,0.740,362
"buzzfeed.com","video","Connected Device","New York","",391,2,0.00512,1.370,391
"people.com","native","Connected TV","Miami","",407,3,0.00737,1.975,407
"washingtonpost.com","native","Connected TV","Phoenix","",382,4,0.01047,2.805,382
"theverge.com","native","Phone","Chicago","",393,0,0.00000,0.000,393
"variety.com","video","Personal Computer","New York","",378,2,0.00529,1.417,378
"nytimes.com","video","Personal Computer","Denver","",380,0,0.00000,0.000,380
"buzzfeed.com","video","Set Top Box","New York","",360,3,0.00833,2.232,360
"buzzfeed.com","video","Connected Device","Houston","",338,2,0.00592,1.585,338
"nytimes.com","native","Mobile/Tablet","Atlanta","",394,3,0.00761,2.040,394
"nytimes.com","native","Phone","New York","",371,0,0.00000,0.000,371
"variety.com","native","Connected TV","Los Angeles","",366,1,0.00273,0.732,366
"people.com","video","Connected TV","Phoenix","",410,6,0.01463,3.920,410
"forbes.com","banner","Connected Device","Phoenix","",775,1,0.00129,0.346,775
"nytimes.com","banner","Connected Device","Philadelphia","",733,0,0.00000,0.000,733
"cnn.com","video","Connected TV","Chicago","",398,0,0.00000,0.000,398
"variety.com","native","Connected Device","New York","",383,2,0.00522,1.399,383
"foxnews.com","banner","Personal Computer","Philadelphia","",718,5,0.00696,1.866,718
"espn.com","banner","Connected TV","Dallas-Ft. Worth","",771,3,0.00389,1.042,771
"nytimes.com","banner","Mobile/Tablet","Phoenix","",751,3,0.00400,1.070,751
"buzzfeed.com","video","Phone","Phoenix","",360,1,0.00278,0.744,360
"nytimes.com","video","Personal Computer","Houston","",406,2,0.00493,1.320,406
"techcrunch.com","banner","Phone","Atlanta","",802,4,0.00499,1.336,802
"theverge.com","native","Set Top Box","Chicago","",385,0,0.00000,0.000,385
"forbes.com","banner","Tablet","Houston","",762,1,0.00131,0.351,762
"theverge.com","banner","Connected TV","New York","",776,3,0.00387,1.036,776
"forbes.com","banner","Connected Device","Atlanta","",763,2,0.00262,0.702,763
"cnn.com","banner","Connected TV","Chicago","",769,3,0.00390,1.045,769
"weather.com","native","Personal Computer","New York","",363,4,0.01102,2.952,363
"variety.com","video","Tablet","Los Angeles","",372,0,0.00000,0.000,372
"bbc.com","banner","Tablet","Miami","",723,3,0.00415,1.111,723
"techcrunch.com","video","Mobile/Tablet","New York","",347,1,0.00288,0.772,347
"forbes.com","banner","Connected Device","New York","",752,2,0.00266,0.713,752
"espn.com","banner","Set Top Box","New York","",761,1,0.00131,0.352,761
"espn.com","native","Connected TV","Atlanta","",384,1,0.00260,0.698,384
"bbc.com","native","Mobile/Tablet","Miami","",419,0,0.00000,0.000,419
"bbc.com","native","Connected Device","New York","",396,0,0.00000,0.000,396
"cnet.com","banner","Set Top Box","Dallas-Ft. Worth","",742,6,0.00809,2.166,742
"techcrunch.com","video","Set Top Box","Atlanta","",381,0,0.00000,0.000,381
"cnet.com","banner","Mobile/Tablet","Los Angeles","",776,2,0.00258,0.690,776
"people.com","banner","Tablet","Chicago","",751,4,0.00533,1.427,751
"washingtonpost.com","native","Mobile/Tablet","Chicago","",373,2,0.00536,1.436,373
"cnn.com","native","Set Top Box","Philadelphia","",361,2,0.00554,1.484,361
"foxnews.com","banner","Set Top Box","Chicago","",749,4,0.00534,1.430,749
"cnet.com","native","Set Top Box","New York","",372,1,0.00269,0.720,372
"espn.com","banner","Mobile/Tablet","Atlanta","",734,5,0.00681,1.825,734
"foxnews.com","video","Connected Device","Philadelphia","",373,1,0.00268,0.718,373
"bbc.com","banner","Connected TV","Miami","",775,4,0.00516,1.383,775
"tmz.com","video","Tablet","Miami","",385,0,0.00000,0.000,385
"bbc.com","video","Connected TV","Miami","",361,1,0.00277,0.742,361
"foxnews.com","banner","Tablet","Atlanta","",766,2,0.00261,0.699,766
"cnn.com","native","Personal Computer","Phoenix","",391,1,0.00256,0.685,391
"foxnews.com","native","Connected TV","Chicago","",383,1,0.00261,0.699,383
"cnet.com","native","Personal Computer","Atlanta","",399,2,0.00501,1.343,399
"cnet.com","banner","Tablet","New York","",770,3,0.00390,1.044,770
"buzzfeed.com","native","Personal Computer","Houston","",388,3,0.00773,2.071,388
"foxnews.com","native","Connected TV","Dallas-Ft. Worth","",398,3,0.00754,2.019,398
"espn.com","native","Connected TV","Philadelphia","",369,0,0.00000,0.000,369
"cnet.com","video","Mobile/Tablet","Atlanta","",391,1,0.00256,0.685,391
"theverge.com","video","Connected Device","New York","",334,0,0.00000,0.000,334
"nytimes.com","video","Set Top Box","Phoenix","",401,0,0.00000,0.000,401
"techcrunch.com","video","Connected TV","New York","",402,4,0.00995,2.665,402
"bbc.com","native","Personal Computer","Miami","",364,0,0.00000,0.000,364
"bbc.com","banner","Tablet","Dallas-Ft. Worth","",759,3,0.00395,1.059,759
"foxnews.com","native","Connected Device","Miami","",381,0,0.00000,0.000,381
"variety.com","native","Phone","New York","",398,0,0.00000,0.000,398
"foxnews.com","video","Connected TV","New York","",415,4,0.00964,2.582,415
"nytimes.com","banner","Tablet","Denver","",726,2,0.00276,0.738,726
"cnet.com","banner","Mobile/Tablet","Phoenix","",745,3,0.00403,1.079,745
"nytimes.com","native","Tablet","Dallas-Ft. Worth","",401,1,0.00249,0.668,401
"techcrunch.com","native","Phone","Houston","",409,1,0.00245,0.655,409
"bbc.com","native","Mobile/Tablet","Denver","",349,4,0.01146,3.070,349
"techcrunch.com","native","Tablet","Chicago","",384,2,0.00521,1.395,384
"people.com","native","Mobile/Tablet","Phoenix","",372,3,0.00807,2.160,372
"techcrunch.com","native","Set Top Box","Dallas-Ft. Worth","",353,0,0.00000,0.000,353
"tmz.com","banner","Phone","Philadelphia","",807,4,0.00496,1.328,807
"variety.com","video","Tablet","Atlanta","",396,1,0.00253,0.676,396
"espn.com","video","Phone","Denver","",385,1,0.00260,0.696,385
"washingtonpost.com","video","Set Top Box","Los Angeles","",386,3,0.00777,2.082,386
"theverge.com","banner","Phone","Phoenix","",728,2,0.00275,0.736,728
"theverge.com","banner","Phone","Atlanta","",745,3,0.00403,1.079,745
"foxnews.com","banner","Mobile/Tablet","Denver","",739,3,0.00406,1.088,739
"people.com","banner","Tablet","Atlanta","",766,4,0.00522,1.399,766
"cnn.com","video","Connected TV","Los Angeles","",358,0,0.00000,0.000,358
"buzzfeed.com","banner","Phone","Philadelphia","",805,2,0.00248,0.665,805
"tmz.com","native","Personal Computer","New York","",389,2,0.00514,1.377,389
"bbc.com","banner","Personal Computer","Denver","",830,6,0.00723,1.937,830
"buzzfeed.com","video","Mobile/Tablet","Atlanta","",376,4,0.01064,2.850,376
"tmz.com","video","Personal Computer","Miami","",402,4,0.00995,2.665,402
"foxnews.com","banner","Personal Computer","Dallas-Ft. Worth","",736,2,0.00272,0.728,736
"cnn.com","native","Tablet","Phoenix","",373,0,0.00000,0.000,373
"people.com","video","Mobile/Tablet","Philadelphia","",396,2,0.00505,1.353,396
"theverge.com","video","Connected TV","Philadelphia","",390,1,0.00256,0.687,390
"weather.com","banner","Tablet","Los Angeles","",737,1,0.00136,0.364,737
"buzzfeed.com","banner","Connected TV","Miami","",759,4,0.00527,1.412,759
"foxnews.com","banner","Mobile/Tablet","Phoenix","",767,5,0.00652,1.746,767
"tmz.com","banner","Tablet","Denver","",822,3,0.00365,0.978,822
"cnet.com","banner","Connected TV","Houston","",741,3,0.00405,1.085,741
"nytimes.com","banner","Set Top Box","Atlanta","",753,5,0.00664,1.779,753
"nytimes.com","banner","Mobile/Tablet","Philadelphia","",795,3,0.00377,1.011,795
"theverge.com","banner","Connected TV","Houston","",760,4,0.00526,1.410,760
"forbes.com","banner","Personal Computer","Philadelphia","",756,2,0.00265,0.709,756
"forbes.com","banner","Set Top Box","Phoenix","",777,1,0.00129,0.345,777
"forbes.com","native","Tablet","Los Angeles","",406,0,0.00000,0.000,406
"buzzfeed.com","native","Tablet","Atlanta","",366,0,0.00000,0.000,366
"espn.com","banner","Set Top Box","Dallas-Ft. Worth","",743,2,0.00269,0.721,743
"cnet.com","banner","Personal Computer","Philadelphia","",767,3,0.00391,1.048,767
"washingtonpost.com","native","Mobile/Tablet","Phoenix","",338,0,0.00000,0.000,338
"people.com","video","Personal Computer","Atlanta","",408,4,0.00980,2.626,408
"weather.com","native","Connected Device","Los Angeles","",409,1,0.00245,0.655,409
"theverge.com","banner","Phone","New York","",765,1,0.00131,0.350,765
"bbc.com","video","Tablet","Los Angeles","",366,1,0.00273,0.732,366
"variety.com","video","Mobile/Tablet","Denver","",386,0,0.00000,0.000,386
"espn.com","native","Phone","Chicago","",368,4,0.01087,2.912,368
"techcrunch.com","video","Mobile/Tablet","Philadelphia","",391,4,0.01023,2.740,391
"weather.com","video","Personal Computer","Houston","",355,2,0.00563,1.509,355
"weather.com","banner","Mobile/Tablet","New York","",788,2,0.00254,0.680,788
"people.com","native","Set Top Box","Miami","",389,3,0.00771,2.066,389
"espn.com","video","Mobile/Tablet","Denver","",390,5,0.01282,3.435,390
"forbes.com","video","Phone","Houston","",391,0,0.00000,0.000,391
"espn.com","native","Phone","Philadelphia","",374,4,0.01070,2.865,374
"cnet.com","native","Phone","Philadelphia","",371,0,0.00000,0.000,371
"bbc.com","native","Set Top Box","Dallas-Ft. Worth","",394,0,0.00000,0.000,394
"people.com","banner","Set Top Box","Houston","",735,6,0.00816,2.187,735
"variety.com","video","Tablet","Phoenix","",405,0,0.00000,0.000,405
"nytimes.com","video","Tablet","Denver","",401,1,0.00249,0.668,401
"buzzfeed.com","native","Connected Device","Chicago","",366,1,0.00273,0.732,366
"buzzfeed.com","video","Set Top Box","Phoenix","",390,1,0.00256,0.687,390
"tmz.com","native","Phone","Phoenix","",378,2,0.00529,1.417,378
"espn.com","video","Connected Device","Philadelphia","",418,1,0.00239,0.641,418
"weather.com","native","Connected TV","Chicago","",393,2,0.00509,1.363,393
"cnn.com","native","Mobile/Tablet","Philadelphia","",353,2,0.00567,1.518,353
"variety.com","banner","Connected Device","Chicago","",750,0,0.00000,0.000,750
"foxnews.com","video","Connected TV","Houston","",396,2,0.00505,1.353,396
"variety.com","video","Personal Computer","Miami","",388,5,0.01289,3.452,388
"tmz.com","video","Personal Computer","New York","",384,1,0.00260,0.698,384
"buzzfeed.com","banner","Connected Device","New York","",772,2,0.00259,0.694,772
"washingtonpost.com","banner","Tablet","Houston","",739,3,0.00406,1.088,739
"forbes.com","banner","Connected Device","Philadelphia","",801,2,0.00250,0.669,801
"weather.com","native","Phone","Los Angeles","",355,3,0.00845,2.264,355
"bbc.com","native","Phone","Philadelphia","",384,2,0.00521,1.395,384
"tmz.com","banner","Connected TV","Miami","",738,4,0.00542,1.452,738
"techcrunch.com","banner","Personal Computer","Los Angeles","",711,3,0.00422,1.130,711
"buzzfeed.com","native","Phone","New York","",356,0,0.00000,0.000,356
"forbes.com","banner","Connected TV","New York","",703,5,0.00711,1.905,703
"washingtonpost.com","native","Mobile/Tablet","Dallas-Ft. Worth","",379,1,0.00264,0.707,379
"bbc.com","native","Connected TV","Atlanta","",395,0,0.00000,0.000,395
"theverge.com","native","Phone","Houston","",361,1,0.00277,0.742,361
"cnet.com","banner","Connected Device","Denver","",761,4,0.00526,1.408,761
"foxnews.com","banner","Phone","Denver","",727,7,0.00963,2.579,727
"nytimes.com","banner","Connected TV","Denver","",777,0,0.00000,0.000,777
"cnn.com","native","Mobile/Tablet","New York","",382,1,0.00262,0.701,382
"forbes.com","video","Set Top Box","New York","",371,1,0.00270,0.722,371
"forbes.com","native","Set Top Box","Chicago","",409,2,0.00489,1.310,409
"espn.com","native","Personal Computer","Atlanta","",346,3,0.00867,2.323,346
"nytimes.com","banner","Connected Device","Phoenix","",780,1,0.00128,0.343,780
"variety.com","banner","Connected TV","Phoenix","",723,3,0.00415,1.111,723
"cnn.com","video","Phone","Phoenix","",349,0,0.00000,0.000,349
"forbes.com","banner","Set Top Box","Miami","",791,2,0.00253,0.677,791
"theverge.com","banner","Connected Device","New York","",766,1,0.00131,0.350,766
"forbes.com","native","Tablet","Philadelphia","",382,1,0.00262,0.701,382
"foxnews.com","native","Mobile/Tablet","Philadelphia","",370,0,0.00000,0.000,370
"forbes.com","native","Personal Computer","Houston","",350,1,0.00286,0.765,350
"forbes.com","native","Personal Computer","Dallas-Ft. Worth","",402,1,0.00249,0.666,402
"forbes.com","native","Personal Computer","Denver","",357,1,0.00280,0.750,357
"tmz.com","banner","Personal Computer","Chicago","",783,2,0.00255,0.684,783
"tmz.com","video","Tablet","Phoenix","",383,2,0.00522,1.399,383
"forbes.com","native","Connected Device","Chicago","",394,1,0.00254,0.680,394
"buzzfeed.com","video","Mobile/Tablet","Houston","",405,3,0.00741,1.984,405
"tmz.com","banner","Set Top Box","Denver","",741,1,0.00135,0.362,741
"washingtonpost.com","native","Connected TV","Philadelphia","",386,2,0.00518,1.388,386
"nytimes.com","video","Set Top Box","New York","",366,0,0.00000,0.000,366
"people.com","native","Connected TV","Philadelphia","",378,5,0.01323,3.544,378
"people.com","native","Connected TV","Atlanta","",416,2,0.00481,1.288,416
"espn.com","native","Connected TV","Chicago","",386,6,0.01554,4.164,386
"cnet.com","native","Phone","Los Angeles","",364,1,0.00275,0.736,364
"cnet.com","native","Connected Device","New York","",365,0,0.00000,0.000,365
"weather.com","native","Personal Computer","Philadelphia","",366,5,0.01366,3.660,366
"bbc.com","video","Phone","Denver","",376,0,0.00000,0.000,376
"tmz.com","banner","Connected TV","Atlanta","",749,4,0.00534,1.430,749
"nytimes.com","banner","Personal Computer","Los Angeles","",757,3,0.00396,1.062,757
"techcrunch.com","banner","Set Top Box","Dallas-Ft. Worth","",706,4,0.00567,1.518,706
"cnn.com","banner","Set Top Box","Houston","",773,4,0.00518,1.386,773
"variety.com","native","Connected Device","Denver","",414,4,0.00966,2.588,414
"washingtonpost.com","banner","Phone","Houston","",821,3,0.00365,0.979,821
"foxnews.com","native","Set Top Box","Dallas-Ft. Worth","",413,1,0.00242,0.649,413
"espn.com","banner","Tablet","Chicago","",774,6,0.00775,2.077,774
"foxnews.com","banner","Personal Computer","Houston","",758,2,0.00264,0.707,758
"bbc.com","banner","Connected TV","New York","",767,4,0.00522,1.397,767
"variety.com","video","Personal Computer","Chicago","",389,1,0.00257,0.689,389
"variety.com","banner","Connected Device","Phoenix","",766,4,0.00522,1.399,766
"cnet.com","banner","Tablet","Chicago","",748,4,0.00535,1.433,748
"techcrunch.com","video","Connected Device","Los Angeles","",389,0,0.00000,0.000,389
"nytimes.com","banner","Personal Computer","Phoenix","",801,2,0.00250,0.669,801
"buzzfeed.com","native","Personal Computer","Los Angeles","",377,5,0.01326,3.553,377
"techcrunch.com","native","Mobile/Tablet","Dallas-Ft. Worth","",403,2,0.00496,1.329,403
"techcrunch.com","banner","Mobile/Tablet","Dallas-Ft. Worth","",758,2,0.00264,0.707,758
"buzzfeed.com","banner","Phone","Dallas-Ft. Worth","",756,3,0.00397,1.063,756
"techcrunch.com","banner","Connected Device","Dallas-Ft. Worth","",796,3,0.00377,1.010,796
"washingtonpost.com","banner","Connected TV","New York","",788,4,0.00508,1.360,788
"cnet.com","video","Phone","Atlanta","",382,0,0.00000,0.000,382
"cnet.com","banner","Connected Device","Los Angeles","",796,4,0.00503,1.346,796
"variety.com","banner","Connected TV","Los Angeles","",779,6,0.00770,2.063,779
"cnn.com","native","Tablet","Chicago","",381,0,0.00000,0.000,381
"washingtonpost.com","native","Connected Device","New York","",376,1,0.00266,0.713,376
"bbc.com","banner","Personal Computer","Philadelphia","",749,4,0.00534,1.430,749
"variety.com","video","Set Top Box","Denver","",370,0,0.00000,0.000,370
"weather.com","banner","Connected TV","Atlanta","",747,3,0.00402,1.076,747
"cnet.com","banner","Connected Device","Miami","",716,4,0.00559,1.497,716
"buzzfeed.com","native","Tablet","Phoenix","",407,1,0.00246,0.658,407
"washingtonpost.com","video","Set Top Box","Chicago","",357,1,0.00280,0.750,357
"espn.com","banner","Personal Computer","Philadelphia","",781,6,0.00768,2.058,781
"cnet.com","banner","Personal Computer","Miami","",754,1,0.00133,0.355,754
"people.com","video","Phone","Denver","",367,3,0.00817,2.190,367
"cnn.com","native","Set Top Box","Phoenix","",377,0,0.00000,0.000,377
"theverge.com","banner","Connected Device","Miami","",769,3,0.00390,1.045,769
"theverge.com","banner","Tablet","Los Angeles","",744,2,0.00269,0.720,744
"nytimes.com","banner","Connected Device","Denver","",792,2,0.00253,0.676,792
"cnn.com","banner","Phone","Denver","",704,0,0.00000,0.000,704
"espn.com","video","Phone","Dallas-Ft. Worth","",412,3,0.00728,1.951,412
"bbc.com","banner","Tablet","Atlanta","",757,1,0.00132,0.354,757
"washingtonpost.com","video","Connected Device","Houston","",356,2,0.00562,1.505,356
"cnn.com","native","Set Top Box","Miami","",380,1,0.00263,0.705,380
"espn.com","banner","Set Top Box","Phoenix","",794,1,0.00126,0.337,794
"espn.com","native","Set Top Box","Chicago","",388,1,0.00258,0.690,388
"people.com","video","Connected Device","Phoenix","",437,0,0.00000,0.000,437
"theverge.com","video","Connected Device","Dallas-Ft. Worth","",366,0,0.00000,0.000,366
"espn.com","native","Mobile/Tablet","Los Angeles","",372,0,0.00000,0.000,372
"foxnews.com","banner","Set Top Box","Miami","",754,1,0.00133,0.355,754
"forbes.com","video","Set Top Box","Denver","",398,2,0.00503,1.346,398
"theverge.com","video","Connected Device","Los Angeles","",387,1,0.00258,0.692,387
"nytimes.com","banner","Set Top Box","Phoenix","",769,0,0.00000,0.000,769
"espn.com","banner","Set Top Box","Chicago","",784,1,0.00128,0.342,784
"washingtonpost.com","native","Tablet","Phoenix","",359,2,0.00557,1.492,359
"espn.com","banner","Mobile/Tablet","Denver","",739,6,0.00812,2.175,739
"cnet.com","banner","Personal Computer","Los Angeles","",796,2,0.00251,0.673,796
"bbc.com","banner","Connected TV","Philadelphia","",746,5,0.00670,1.795,746
"foxnews.com","banner","Mobile/Tablet","Miami","",742,5,0.00674,1.805,742
"weather.com","native","Mobile/Tablet","Los Angeles","",388,1,0.00258,0.690,388
"bbc.com","video","Set Top Box","Houston","",377,1,0.00265,0.711,377
"theverge.com","native","Tablet","Miami","",374,2,0.00535,1.433,374
"nytimes.com","video","Phone","Phoenix","",397,0,0.00000,0.000,397
"bbc.com","video","Connected TV","New York","",385,5,0.01299,3.479,385
"cnn.com","banner","Set Top Box","Miami","",746,3,0.00402,1.077,746
"buzzfeed.com","video","Personal Computer","Miami","",392,4,0.01020,2.733,392
"washingtonpost.com","video","Phone","Los Angeles","",371,1,0.00270,0.722,371
"espn.com","video","Connected TV","New York","",391,5,0.01279,3.426,391
"techcrunch.com","native","Connected TV","Dallas-Ft. Worth","",385,3,0.00779,2.087,385
"nytimes.com","video","Connected TV","New York","",398,0,0.00000,0.000,398
"nytimes.com","video","Mobile/Tablet","Philadelphia","",397,0,0.00000,0.000,397
"tmz.com","banner","Phone","Los Angeles","",767,1,0.00130,0.349,767
"buzzfeed.com","banner","Personal Computer","Miami","",769,2,0.00260,0.697,769
"buzzfeed.com","video","Set Top Box","Philadelphia","",383,1,0.00261,0.699,383
"tmz.com","native","Mobile/Tablet","Atlanta","",388,2,0.00516,1.381,388
"people.com","video","Tablet","Miami","",380,1,0.00263,0.705,380
"nytimes.com","banner","Mobile/Tablet","Chicago","",757,2,0.00264,0.708,757
"theverge.com","native","Set Top Box","Houston","",375,1,0.00267,0.714,375
"nytimes.com","banner","Set Top Box","Dallas-Ft. Worth","",774,3,0.00388,1.038,774
"nytimes.com","banner","Phone","Los Angeles","",713,3,0.00421,1.127,713
"foxnews.com","native","Phone","Chicago","",373,1,0.00268,0.718,373
"people.com","video","Connected TV","Miami","",400,2,0.00500,1.339,400
"people.com","banner","Set Top Box","Philadelphia","",753,2,0.00266,0.711,753
"variety.com","banner","Tablet","Atlanta","",764,5,0.00655,1.753,764
"variety.com","native","Phone","Denver","",405,2,0.00494,1.323,405
"washingtonpost.com","native","Personal Computer","Chicago","",393,0,0.00000,0.000,393
"cnet.com","native","Tablet","Atlanta","",393,2,0.00509,1.363,393
"variety.com","banner","Personal Computer","Miami","",764,2,0.00262,0.701,764
"foxnews.com","banner","Personal Computer","Denver","",739,3,0.00406,1.088,739
"people.com","banner","Connected TV","Los Angeles","",780,5,0.00641,1.717,780
"forbes.com","native","Mobile/Tablet","Houston","",384,0,0.00000,0.000,384
"espn.com","video","Tablet","Denver","",359,3,0.00836,2.239,359
"bbc.com","video","Connected Device","Houston","",382,2,0.00524,1.403,382
"weather.com","video","Mobile/Tablet","Philadelphia","",401,2,0.00499,1.336,401
"variety.com","native","Mobile/Tablet","Phoenix","",394,0,0.00000,0.000,394
"washingtonpost.com","video","Connected TV","Houston","",354,2,0.00565,1.514,354
"buzzfeed.com","native","Personal Computer","Philadelphia","",368,1,0.00272,0.728,368
"espn.com","native","Personal Computer","Los Angeles","",384,3,0.00781,2.093,384
"theverge.com","native","Personal Computer","Los Angeles","",399,0,0.00000,0.000,399
"foxnews.com","video","Set Top Box","Denver","",402,1,0.00249,0.666,402
"forbes.com","native","Phone","Los Angeles","",397,0,0.00000,0.000,397
"weather.com","native","Tablet","New York","",410,1,0.00244,0.653,410
"tmz.com","video","Connected TV","Dallas-Ft. Worth","",372,5,0.01344,3.601,372
"bbc.com","native","Set Top Box","Chicago","",406,3,0.00739,1.979,406
"espn.com","banner","Phone","Denver","",720,3,0.00417,1.116,720
"techcrunch.com","banner","Set Top Box","Houston","",728,2,0.00275,0.736,728
"cnet.com","banner","Set Top Box","Phoenix","",724,1,0.00138,0.370,724
"cnn.com","native","Mobile/Tablet","Denver","",407,0,0.00000,0.000,407
"weather.com","native","Connected TV","New York","",355,3,0.00845,2.264,355
"cnn.com","native","Personal Computer","Los Angeles","",405,0,0.00000,0.000,405
"nytimes.com","native","Personal Computer","New York","",393,1,0.00255,0.682,393
"techcrunch.com","video","Personal Computer","New York","",380,1,0.00263,0.705,380
"tmz.com","native","Phone","New York","",406,1,0.00246,0.660,406
"nytimes.com","video","Mobile/Tablet","Los Angeles","",403,1,0.00248,0.665,403
"variety.com","banner","Mobile/Tablet","Dallas-Ft. Worth","",735,4,0.00544,1.458,735
"bbc.com","native","Set Top Box","Los Angeles","",378,0,0.00000,0.000,378
"buzzfeed.com","native","Tablet","Dallas-Ft. Worth","",404,2,0.00495,1.326,404
"espn.com","banner","Mobile/Tablet","Houston","",739,3,0.00406,1.088,739
"buzzfeed.com","native","Connected TV","Phoenix","",372,1,0.00269,0.720,372
"cnn.com","native","Set Top Box","Houston","",366,0,0.00000,0.000,366
"foxnews.com","native","Phone","Atlanta","",441,3,0.00680,1.822,441
"weather.com","native","Connected Device","Miami","",385,1,0.00260,0.696,385
"cnet.com","native","Connected Device","Miami","",378,1,0.00265,0.709,378
"foxnews.com","video","Phone","Miami","",390,3,0.00769,2.061,390
"cnn.com","banner","Mobile/Tablet","Los Angeles","",776,4,0.00516,1.381,776
"forbes.com","video","Tablet","Miami","",414,1,0.00242,0.647,414
"foxnews.com","native","Personal Computer","Chicago","",377,1,0.00265,0.711,377
"washingtonpost.com","video","Connected TV","Philadelphia","",361,0,0.00000,0.000,361
"foxnews.com","video","Mobile/Tablet","New York","",384,0,0.00000,0.000,384
"people.com","video","Personal Computer","Houston","",405,0,0.00000,0.000,405
"bbc.com","banner","Phone","Atlanta","",713,2,0.00281,0.751,713
"tmz.com","banner","Set Top Box","Atlanta","",741,1,0.00135,0.362,741
"washingtonpost.com","video","Tablet","Philadelphia","",383,2,0.00522,1.399,383
"people.com","video","Set Top Box","Dallas-Ft. Worth","",374,2,0.00535,1.433,374
"foxnews.com","native","Phone","Philadelphia","",373,0,0.00000,0.000,373
"cnet.com","native","Tablet","Denver","",390,1,0.00256,0.687,390
"cnn.com","banner","Set Top Box","Chicago","",775,3,0.00387,1.037,775
"forbes.com","native","Connected TV","Chicago","",383,1,0.00261,0.699,383
"buzzfeed.com","video","Set Top Box","Chicago","",364,1,0.00275,0.736,364
"cnet.com","video","Connected TV","Phoenix","",398,1,0.00251,0.673,398
"washingtonpost.com","video","Personal Computer","Chicago","",380,1,0.00263,0.705,380
"weather.com","video","Set Top Box","New York","",356,1,0.00281,0.752,356
"theverge.com","native","Mobile/Tablet","Miami","",392,1,0.00255,0.683,392
"theverge.com","video","Tablet","Miami","",386,3,0.00777,2.082,386
"espn.com","native","Set Top Box","Los Angeles","",387,1,0.00258,0.692,387
"tmz.com","video","Set Top Box","Chicago","",392,1,0.00255,0.683,392
"cnet.com","banner","Personal Computer","Denver","",778,2,0.00257,0.689,778
"theverge.com","banner","Connected TV","Miami","",786,5,0.00636,1.704,786
"nytimes.com","video","Personal Computer","Los Angeles","",401,3,0.00748,2.004,401
"bbc.com","banner","Tablet","Philadelphia","",775,4,0.00516,1.383,775
"theverge.com","native","Connected TV","Denver","",358,1,0.00279,0.748,358
"techcrunch.com","banner","Mobile/Tablet","Philadelphia","",768,4,0.00521,1.395,768
"nytimes.com","native","Mobile/Tablet","New York","",367,0,0.00000,0.000,367
"nytimes.com","native","Personal Computer","Los Angeles","",390,0,0.00000,0.000,390
"bbc.com","video","Connected Device","Philadelphia","",360,2,0.00556,1.488,360
"variety.com","video","Connected TV","Dallas-Ft. Worth","",398,3,0.00754,2.019,398
"foxnews.com","video","Mobile/Tablet","Los Angeles","",382,3,0.00785,2.104,382
"washingtonpost.com","video","Phone","New York","",364,2,0.00550,1.472,364
"variety.com","native","Connected TV","Atlanta","",387,1,0.00258,0.692,387
"washingtonpost.com","video","Connected TV","Phoenix","",356,1,0.00281,0.752,356
"cnn.com","banner","Connected Device","Philadelphia","",777,0,0.00000,0.000,777
"cnet.com","native","Set Top Box","Chicago","",379,0,0.00000,0.000,379
"people.com","native","Tablet","Chicago","",382,0,0.00000,0.000,382
"people.com","video","Tablet","Los Angeles","",394,3,0.00761,2.040,394
"nytimes.com","native","Connected Device","Philadelphia","",388,0,0.00000,0.000,388
"theverge.com","native","Connected Device","Denver","",389,0,0.00000,0.000,389
"nytimes.com","banner","Phone","Phoenix","",722,2,0.00277,0.742,722
"foxnews.com","banner","Phone","Philadelphia","",719,1,0.00139,0.373,719
"washingtonpost.com","video","Mobile/Tablet","Houston","",424,0,0.00000,0.000,424
"cnet.com","video","Mobile/Tablet","Denver","",370,3,0.00811,2.172,370
"tmz.com","banner","Mobile/Tablet","Atlanta","",778,3,0.00386,1.033,778
"variety.com","video","Mobile/Tablet","Chicago","",421,1,0.00238,0.636,421
"theverge.com","video","Connected Device","Miami","",373,1,0.00268,0.718,373
"people.com","banner","Tablet","Houston","",761,2,0.00263,0.704,761
"forbes.com","native","Mobile/Tablet","Chicago","",419,1,0.00239,0.639,419
"variety.com","native","Tablet","Chicago","",390,0,0.00000,0.000,390
"bbc.com","banner","Set Top Box","New York","",779,2,0.00257,0.688,779
"people.com","native","Mobile/Tablet","New York","",390,4,0.01026,2.747,390
"variety.com","banner","Mobile/Tablet","Phoenix","",778,3,0.00386,1.033,778
"washingtonpost.com","video","Mobile/Tablet","Dallas-Ft. Worth","",369,1,0.00271,0.726,369
"nytimes.com","video","Set Top Box","Los Angeles","",390,1,0.00256,0.687,390
"buzzfeed.com","banner","Tablet","Atlanta","",784,1,0.00128,0.342,784
"theverge.com","video","Set Top Box","Denver","",385,2,0.00520,1.392,385
"washingtonpost.com","video","Connected TV","New York","",396,2,0.00505,1.353,396
"buzzfeed.com","video","Phone","Chicago","",387,1,0.00258,0.692,387
"forbes.com","banner","Phone","New York","",740,1,0.00135,0.362,740
"espn.com","native","Personal Computer","Phoenix","",398,2,0.00503,1.346,398
"buzzfeed.com","native","Mobile/Tablet","Dallas-Ft. Worth","",394,2,0.00508,1.360,394
"foxnews.com","video","Mobile/Tablet","Philadelphia","",353,0,0.00000,0.000,353
"theverge.com","native","Connected TV","New York","",378,2,0.00529,1.417,378
"nytimes.com","native","Connected Device","Denver","",422,0,0.00000,0.000,422
"cnet.com","banner","Tablet","Houston","",798,4,0.00501,1.343,798
"washingtonpost.com","banner","Personal Computer","Atlanta","",787,7,0.00890,2.383,787
"washingtonpost.com","native","Connected Device","Miami","",390,3,0.00769,2.061,390
"techcrunch.com","video","Tablet","Dallas-Ft. Worth","",404,1,0.00248,0.663,404
"cnn.com","video","Connected TV","New York","",392,2,0.00510,1.367,392
"bbc.com","video","Connected TV","Dallas-Ft. Worth","",406,1,0.00246,0.660,406
"variety.com","banner","Connected TV","Houston","",779,3,0.00385,1.032,779
"theverge.com","video","Phone","Atlanta","",383,2,0.00522,1.399,383
"weather.com","native","Set Top Box","Chicago","",380,0,0.00000,0.000,380
"nytimes.com","banner","Connected Device","Houston","",761,1,0.00131,0.352,761
"buzzfeed.com","banner","Phone","Miami","",752,2,0.00266,0.713,752
"variety.com","banner","Connected TV","Dallas-Ft. Worth","",750,0,0.00000,0.000,750
"cnn.com","native","Phone","Chicago","",404,0,0.00000,0.000,404
"cnn.com","video","Set Top Box","Denver","",414,4,0.00966,2.588,414
"nytimes.com","video","Connected Device","Houston","",369,0,0.00000,0.000,369
"techcrunch.com","native","Set Top Box","Houston","",362,1,0.00276,0.740,362
"washingtonpost.com","native","Set Top Box","Miami","",405,1,0.00247,0.661,405
"bbc.com","video","Personal Computer","Los Angeles","",362,1,0.00276,0.740,362
"variety.com","video","Tablet","Miami","",369,0,0.00000,0.000,369
"variety.com","banner","Connected TV","New York","",754,2,0.00265,0.711,754
"nytimes.com","video","Tablet","New York","",398,2,0.00503,1.346,398
"theverge.com","native","Connected Device","Philadelphia","",423,1,0.00236,0.633,423
"weather.com","banner","Connected TV","Los Angeles","",840,6,0.00714,1.913,840
"cnn.com","native","Phone","Los Angeles","",361,2,0.00554,1.484,361
"nytimes.com","native","Phone","Atlanta","",387,1,0.00258,0.692,387
"techcrunch.com","video","Set Top Box","Phoenix","",378,3,0.00794,2.126,378
"cnn.com","video","Mobile/Tablet","Denver","",387,2,0.00517,1.384,387
"forbes.com","banner","Connected TV","Chicago","",768,4,0.00521,1.395,768
"buzzfeed.com","video","Connected Device","Atlanta","",383,2,0.00522,1.399,383
"cnn.com","banner","Phone","New York","",739,1,0.00135,0.362,739
"foxnews.com","native","Mobile/Tablet","Miami","",404,3,0.00743,1.989,404
"buzzfeed.com","native","Tablet","Houston","",374,0,0.00000,0.000,374
"forbes.com","video","Phone","Philadelphia","",391,1,0.00256,0.685,391
"tmz.com","native","Connected Device","Atlanta","",382,1,0.00262,0.701,382
"washingtonpost.com","video","Phone","Denver","",386,0,0.00000,0.000,386
"tmz.com","video","Set Top Box","Houston","",354,0,0.00000,0.000,354
"variety.com","banner","Tablet","Philadelphia","",803,4,0.00498,1.334,803
"bbc.com","native","Connected Device","Denver","",355,0,0.00000,0.000,355
"weather.com","banner","Phone","New York","",774,3,0.00388,1.038,774
"cnn.com","banner","Phone","Houston","",834,3,0.00360,0.964,834
"people.com","banner","Set Top Box","New York","",763,3,0.00393,1.053,763
"foxnews.com","native","Phone","Dallas-Ft. Worth","",368,2,0.00544,1.456,368
"buzzfeed.com","native","Connected TV","New York","",377,2,0.00531,1.421,377
"nytimes.com","video","Set Top Box","Dallas-Ft. Worth","",384,2,0.00521,1.395,384
"washingtonpost.com","banner","Personal Computer","Houston","",780,2,0.00256,0.687,780
"theverge.com","banner","Set Top Box","Dallas-Ft. Worth","",739,4,0.00541,1.450,739
"washingtonpost.com","banner","Phone","Chicago","",768,1,0.00130,0.349,768
"people.com","video","Phone","Miami","",344,2,0.00581,1.557,344
"cnn.com","native","Phone","Phoenix","",374,0,0.00000,0.000,374
"forbes.com","banner","Connected TV","Atlanta","",792,2,0.00253,0.676,792
"theverge.com","native","Connected TV","Houston","",347,2,0.00576,1.544,347
"cnet.com","video","Mobile/Tablet","Chicago","",388,2,0.00516,1.381,388
"washingtonpost.com","banner","Connected TV","Phoenix","",770,1,0.00130,0.348,770
"washingtonpost.com","video","Mobile/Tablet","Miami","",388,2,0.00516,1.381,388
"people.com","banner","Connected Device","Chicago","",761,2,0.00263,0.704,761
"cnet.com","banner","Set Top Box","Los Angeles","",764,1,0.00131,0.351,764
"weather.com","video","Phone","Houston","",412,0,0.00000,0.000,412
"tmz.com","video","Tablet","Chicago","",364,2,0.00550,1.472,364
"buzzfeed.com","video","Personal Computer","Phoenix","",387,1,0.00258,0.692,387
"techcrunch.com","video","Personal Computer","Phoenix","",379,3,0.00792,2.121,379
"techcrunch.com","banner","Mobile/Tablet","Miami","",732,1,0.00137,0.366,732
"techcrunch.com","video","Set Top Box","Dallas-Ft. Worth","",398,4,0.01005,2.692,398
"washingtonpost.com","video","Phone","Atlanta","",362,1,0.00276,0.740,362
"cnet.com","banner","Tablet","Miami","",751,3,0.00400,1.070,751
"espn.com","banner","Connected Device","Chicago","",737,4,0.00543,1.454,737
"nytimes.com","banner","Phone","Denver","",740,1,0.00135,0.362,740
"bbc.com","native","Personal Computer","Denver","",377,1,0.00265,0.711,377
"nytimes.com","native","Phone","Chicago","",373,2,0.00536,1.436,373
"foxnews.com","native","Personal Computer","Atlanta","",411,1,0.00243,0.652,411
"buzzfeed.com","banner","Mobile/Tablet","Miami","",742,5,0.00674,1.805,742
"espn.com","video","Personal Computer","Atlanta","",421,0,0.00000,0.000,421
"washingtonpost.com","video","Set Top Box","Houston","",362,1,0.00276,0.740,362
"cnn.com","video","Tablet","New York","",358,1,0.00279,0.748,358
"people.com","banner","Connected TV","Philadelphia","",729,5,0.00686,1.837,729
"forbes.com","banner","Personal Computer","Miami","",760,1,0.00132,0.353,760
"bbc.com","native","Connected TV","Denver","",386,1,0.00259,0.694,386
"foxnews.com","video","Mobile/Tablet","Denver","",420,0,0.00000,0.000,420
"forbes.com","native","Connected TV","Phoenix","",369,2,0.00542,1.452,369
"techcrunch.com","video","Set Top Box","Los Angeles","",339,1,0.00295,0.790,339
"espn.com","native","Connected Device","Phoenix","",386,0,0.00000,0.000,386
"forbes.com","banner","Tablet","Chicago","",697,3,0.00430,1.153,697
"forbes.com","video","Connected TV","Phoenix","",376,3,0.00798,2.137,376
"people.com","video","Personal Computer","Chicago","",344,0,0.00000,0.000,344
"people.com","video","Phone","Chicago","",363,1,0.00276,0.738,363
"tmz.com","native","Phone","Miami","",410,3,0.00732,1.960,410
"bbc.com","video","Mobile/Tablet","Atlanta","",390,2,0.00513,1.374,390
"theverge.com","video","Tablet","New York","",372,0,0.00000,0.000,372
"buzzfeed.com","native","Set Top Box","Houston","",364,2,0.00550,1.472,364
"nytimes.com","native","Set Top Box","Philadelphia","",367,2,0.00545,1.460,367
"bbc.com","video","Phone","Miami","",377,1,0.00265,0.711,377
"theverge.com","video","Tablet","Phoenix","",383,1,0.00261,0.699,383
"techcrunch.com","native","Mobile/Tablet","Houston","",377,0,0.00000,0.000,377
"tmz.com","native","Connected TV","Chicago","",378,2,0.00529,1.417,378
"buzzfeed.com","video","Connected TV","Houston","",362,0,0.00000,0.000,362
"forbes.com","native","Connected Device","Phoenix","",376,3,0.00798,2.137,376
"cnn.com","video","Tablet","Los Angeles","",389,1,0.00257,0.689,389
"forbes.com","banner","Set Top Box","Denver","",764,2,0.00262,0.701,764
"foxnews.com","native","Connected Device","Phoenix","",371,1,0.00270,0.722,371
"tmz.com","banner","Mobile/Tablet","Dallas-Ft. Worth","",797,2,0.00251,0.672,797
"buzzfeed.com","video","Personal Computer","New York","",360,3,0.00833,2.232,360
"buzzfeed.com","banner","Phone","Houston","",782,1,0.00128,0.343,782
"theverge.com","native","Mobile/Tablet","Los Angeles","",399,3,0.00752,2.014,399
"variety.com","banner","Personal Computer","New York","",738,3,0.00407,1.089,738
"weather.com","banner","Connected Device","Denver","",730,2,0.00274,0.734,730
"buzzfeed.com","native","Tablet","Los Angeles","",392,0,0.00000,0.000,392
"nytimes.com","banner","Personal Computer","Denver","",784,2,0.00255,0.683,784
"espn.com","video","Phone","Philadelphia","",389,3,0.00771,2.066,389
"weather.com","native","Connected TV","Phoenix","",374,2,0.00535,1.433,374
"cnn.com","banner","Mobile/Tablet","Atlanta","",774,1,0.00129,0.346,774
"people.com","banner","Connected TV","Denver","",763,5,0.00655,1.755,763
"techcrunch.com","native","Connected TV","Miami","",386,0,0.00000,0.000,386
"theverge.com","native","Set Top Box","Los Angeles","",354,2,0.00565,1.514,354
"washingtonpost.com","video","Personal Computer","Dallas-Ft. Worth","",373,4,0.01072,2.873,373
"people.com","native","Tablet","Miami","",348,2,0.00575,1.540,348
"foxnews.com","video","Personal Computer","Denver","",402,1,0.00249,0.666,402
"weather.com","native","Phone","Denver","",394,0,0.00000,0.000,394
"buzzfeed.com","native","Mobile/Tablet","New York","",395,1,0.00253,0.678,395
"foxnews.com","native","Personal Computer","Phoenix","",386,3,0.00777,2.082,386
"cnet.com","native","Mobile/Tablet","New York","",366,3,0.00820,2.196,366
"cnet.com","native","Phone","Chicago","",397,0,0.00000,0.000,397
"nytimes.com","native","Tablet","Phoenix","",395,2,0.00506,1.356,395
"bbc.com","native","Personal Computer","Los Angeles","",408,0,0.00000,0.000,408
"people.com","banner","Set Top Box","Miami","",780,4,0.00513,1.374,780
"variety.com","video","Connected Device","New York","",390,1,0.00256,0.687,390
"nytimes.com","native","Mobile/Tablet","Houston","",376,2,0.00532,1.425,376
"weather.com","native","Connected TV","Denver","",374,4,0.01070,2.865,374
"people.com","native","Phone","Philadelphia","",375,1,0.00267,0.714,375
"tmz.com","native","Connected Device","Chicago","",396,1,0.00253,0.676,396
"bbc.com","banner","Connected Device","Atlanta","",787,3,0.00381,1.021,787
"weather.com","native","Phone","Miami","",411,1,0.00243,0.652,411
"nytimes.com","banner","Connected TV","Philadelphia","",763,7,0.00917,2.458,763
"buzzfeed.com","banner","Connected TV","Phoenix","",760,2,0.00263,0.705,760
"techcrunch.com","native","Mobile/Tablet","New York","",386,4,0.01036,2.776,386
"foxnews.com","banner","Personal Computer","New York","",762,0,0.00000,0.000,762
"washingtonpost.com","banner","Phone","Atlanta","",743,5,0.00673,1.803,743
"washingtonpost.com","banner","Mobile/Tablet","Chicago","",793,2,0.00252,0.676,793
"techcrunch.com","banner","Tablet","Los Angeles","",757,2,0.00264,0.708,757
"espn.com","banner","Connected Device","Philadelphia","",753,5,0.00664,1.779,753
"tmz.com","native","Phone","Los Angeles","",362,1,0.00276,0.740,362
"theverge.com","native","Mobile/Tablet","Dallas-Ft. Worth","",408,0,0.00000,0.000,408
"washingtonpost.com","native","Phone","Phoenix","",377,2,0.00531,1.421,377
"tmz.com","native","Connected TV","Miami","",347,3,0.00865,2.316,347
"foxnews.com","banner","Connected TV","Atlanta","",793,7,0.00883,2.365,793
"foxnews.com","banner","Tablet","Miami","",757,3,0.00396,1.062,757
"people.com","banner","Connected Device","Phoenix","",777,1,0.00129,0.345,777
"espn.com","banner","Connected Device","Miami","",770,1,0.00130,0.348,770
"people.com","video","Set Top Box","Philadelphia","",376,1,0.00266,0.713,376
"foxnews.com","banner","Set Top Box","New York","",754,1,0.00133,0.355,754
"buzzfeed.com","banner","Tablet","New York","",773,3,0.00388,1.040,773
"variety.com","native","Connected TV","Chicago","",364,5,0.01374,3.680,364
"techcrunch.com","video","Connected Device","Miami","",377,3,0.00796,2.132,377
"techcrunch.com","video","Connected TV","Los Angeles","",336,0,0.00000,0.000,336
"weather.com","native","Tablet","Denver","",358,4,0.01117,2.993,358
"foxnews.com","native","Set Top Box","Philadelphia","",377,0,0.00000,0.000,377
"nytimes.com","native","Personal Computer","Dallas-Ft. Worth","",347,0,0.00000,0.000,347
"cnet.com","banner","Personal Computer","Houston","",715,0,0.00000,0.000,715
"weather.com","banner","Connected Device","Philadelphia","",788,7,0.00888,2.380,788
"people.com","native","Tablet","Atlanta","",386,1,0.00259,0.694,386
"forbes.com","native","Connected Device","Denver","",367,0,0.00000,0.000,367
"nytimes.com","video","Set Top Box","Denver","",391,2,0.00512,1.370,391
"variety.com","video","Phone","Philadelphia","",358,1,0.00279,0.748,358
"people.com","native","Phone","Dallas-Ft. Worth","",370,2,0.00541,1.448,370
"foxnews.com","video","Phone","Denver","",367,0,0.00000,0.000,367
"cnn.com","banner","Connected TV","Phoenix","",775,4,0.00516,1.383,775
"theverge.com","native","Set Top Box","Phoenix","",381,2,0.00525,1.406,381
"techcrunch.com","banner","Personal Computer","New York","",783,4,0.00511,1.369,783
"washingtonpost.com","banner","Set Top Box","Philadelphia","",829,4,0.00483,1.293,829
"weather.com","native","Tablet","Phoenix","",417,0,0.00000,0.000,417
"foxnews.com","banner","Tablet","New York","",691,0,0.00000,0.000,691
"bbc.com","native","Tablet","Houston","",367,3,0.00817,2.190,367
"weather.com","banner","Mobile/Tablet","Atlanta","",729,4,0.00549,1.470,729
"forbes.com","native","Personal Computer","New York","",392,2,0.00510,1.367,392
"foxnews.com","native","Phone","Miami","",382,0,0.00000,0.000,382
"theverge.com","native","Connected Device","Miami","",381,0,0.00000,0.000,381
"weather.com","banner","Tablet","Atlanta","",790,2,0.00253,0.678,790
"tmz.com","banner","Connected Device","New York","",761,1,0.00131,0.352,761
"theverge.com","native","Mobile/Tablet","Houston","",369,0,0.00000,0.000,369
"buzzfeed.com","banner","Connected Device","Miami","",758,2,0.00264,0.707,758
"techcrunch.com","banner","Connected TV","Phoenix","",710,4,0.00563,1.509,710
"espn.com","native","Set Top Box","Atlanta","",411,1,0.00243,0.652,411
"cnn.com","video","Personal Computer","Chicago","",373,0,0.00000,0.000,373
"tmz.com","video","Connected Device","Houston","",409,0,0.00000,0.000,409
"buzzfeed.com","video","Mobile/Tablet","Los Angeles","",377,1,0.00265,0.711,377
"cnet.com","banner","Connected Device","New York","",810,2,0.00247,0.661,810
"cnet.com","banner","Tablet","Atlanta","",773,0,0.00000,0.000,773
"bbc.com","banner","Mobile/Tablet","New York","",778,5,0.00643,1.722,778
"tmz.com","native","Tablet","Philadelphia","",359,3,0.00836,2.239,359
"espn.com","banner","Phone","New York","",701,2,0.00285,0.764,701
"people.com","banner","Connected Device","New York","",794,6,0.00756,2.024,794
"forbes.com","native","Set Top Box","Atlanta","",375,0,0.00000,0.000,375
"people.com","banner","Connected TV","Miami","",761,6,0.00788,2.112,761
"cnn.com","banner","Connected Device","Denver","",765,2,0.00261,0.700,765
"washingtonpost.com","native","Connected Device","Philadelphia","",348,0,0.00000,0.000,348
"buzzfeed.com","banner","Connected Device","Los Angeles","",774,4,0.00517,1.384,774
"weather.com","video","Connected Device","Miami","",369,1,0.00271,0.726,369
"people.com","video","Connected Device","Dallas-Ft. Worth","",390,1,0.00256,0.687,390
"nytimes.com","native","Personal Computer","Atlanta","",363,1,0.00276,0.738,363
"cnet.com","video","Set Top Box","Chicago","",392,2,0.00510,1.367,392
"variety.com","video","Personal Computer","Denver","",380,0,0.00000,0.000,380
"variety.com","video","Tablet","Houston","",384,2,0.00521,1.395,384
"buzzfeed.com","banner","Personal Computer","Philadelphia","",815,2,0.00245,0.657,815
"tmz.com","banner","Connected Device","Phoenix","",744,1,0.00134,0.360,744
"weather.com","native","Connected Device","Philadelphia","",364,3,0.00824,2.208,364
"foxnews.com","banner","Mobile/Tablet","New York","",699,2,0.00286,0.766,699
"espn.com","video","Phone","Phoenix","",387,0,0.00000,0.000,387
"tmz.com","video","Mobile/Tablet","Houston","",377,2,0.00531,1.421,377
"techcrunch.com","video","Connected TV","Atlanta","",388,4,0.01031,2.762,388
"theverge.com","video","Personal Computer","New York","",392,3,0.00765,2.050,392
"forbes.com","video","Personal Computer","Denver","",393,3,0.00763,2.045,393
"people.com","banner","Tablet","Miami","",738,6,0.00813,2.178,738
"tmz.com","banner","Tablet","Phoenix","",761,3,0.00394,1.056,761
"foxnews.com","banner","Connected TV","Phoenix","",767,4,0.00522,1.397,767
"cnet.com","banner","Connected TV","Philadelphia","",795,6,0.00755,2.022,795
"theverge.com","banner","Mobile/Tablet","Dallas-Ft. Worth","",746,1,0.00134,0.359,746
"variety.com","native","Set Top Box","Dallas-Ft. Worth","",362,2,0.00553,1.480,362
"espn.com","banner","Connected TV","Philadelphia","",762,5,0.00656,1.758,762
"people.com","video","Set Top Box","Los Angeles","",410,0,0.00000,0.000,410
"weather.com","video","Phone","Miami","",419,1,0.00239,0.639,419
"espn.com","native","Phone","Denver","",368,2,0.00544,1.456,368
"weather.com","native","Phone","Houston","",360,0,0.00000,0.000,360
"espn.com","banner","Personal Computer","Denver","",766,3,0.00392,1.049,766
"people.com","native","Connected Device","Dallas-Ft. Worth","",386,3,0.00777,2.082,386
"tmz.com","banner","Personal Computer","Dallas-Ft. Worth","",812,0,0.00000,0.000,812
"techcrunch.com","native","Connected TV","Phoenix","",394,3,0.00761,2.040,394
"cnn.com","video","Connected TV","Miami","",388,2,0.00516,1.381,388
"buzzfeed.com","banner","Personal Computer","Dallas-Ft. Worth","",756,7,0.00926,2.480,756
"variety.com","banner","Mobile/Tablet","Los Angeles","",761,3,0.00394,1.056,761
"espn.com","banner","Personal Computer","Chicago","",722,3,0.00416,1.113,722
"washingtonpost.com","banner","Phone","New York","",761,0,0.00000,0.000,761
"washingtonpost.com","banner","Connected Device","Dallas-Ft. Worth","",750,2,0.00267,0.714,750
"forbes.com","video","Set Top Box","Houston","",422,0,0.00000,0.000,422
"espn.com","video","Set Top Box","Denver","",381,2,0.00525,1.406,381
"cnet.com","banner","Mobile/Tablet","Denver","",789,1,0.00127,0.339,789
"forbes.com","native","Connected TV","Philadelphia","",421,1,0.00238,0.636,421
"tmz.com","banner","Mobile/Tablet","Denver","",796,3,0.00377,1.010,796
"theverge.com","banner","Mobile/Tablet","Miami","",738,3,0.00407,1.089,738
"nytimes.com","video","Mobile/Tablet","Chicago","",349,2,0.00573,1.535,349
"bbc.com","banner","Mobile/Tablet","Philadelphia","",750,4,0.00533,1.429,750
"variety.com","native","Set Top Box","Atlanta","",424,0,0.00000,0.000,424
"variety.com","native","Connected TV","New York","",379,3,0.00792,2.121,379
"cnet.com","video","Connected Device","Dallas-Ft. Worth","",372,0,0.00000,0.000,372
"bbc.com","native","Personal Computer","Phoenix","",396,2,0.00505,1.353,396
"espn.com","video","Personal Computer","Miami","",384,2,0.00521,1.395,384
"theverge.com","banner","Phone","Philadelphia","",726,3,0.00413,1.107,726
"washingtonpost.com","video","Phone","Chicago","",391,2,0.00512,1.370,391
"forbes.com","native","Connected TV","Denver","",438,0,0.00000,0.000,438
"foxnews.com","native","Set Top Box","New York","",375,1,0.00267,0.714,375
"cnn.com","native","Personal Computer","Atlanta","",376,0,0.00000,0.000,376
"theverge.com","native","Mobile/Tablet","Phoenix","",369,0,0.00000,0.000,369
"cnet.com","video","Set Top Box","Miami","",382,1,0.00262,0.701,382
"cnn.com","video","Personal Computer","New York","",433,2,0.00462,1.237,433
"variety.com","native","Set Top Box","Houston","",405,0,0.00000,0.000,405
"foxnews.com","video","Set Top Box","Atlanta","",388,0,0.00000,0.000,388
"espn.com","banner","Phone","Dallas-Ft. Worth","",762,4,0.00525,1.406,762
"bbc.com","banner","Connected TV","Houston","",774,5,0.00646,1.731,774
"buzzfeed.com","native","Phone","Denver","",349,0,0.00000,0.000,349
"bbc.com","video","Set Top Box","Los Angeles","",371,1,0.00270,0.722,371
"techcrunch.com","native","Personal Computer","Chicago","",392,0,0.00000,0.000,392
"weather.com","native","Connected TV","Dallas-Ft. Worth","",401,2,0.00499,1.336,401
"theverge.com","banner","Mobile/Tablet","Houston","",779,2,0.00257,0.688,779
"weather.com","video","Phone","New York","",378,1,0.00265,0.709,378
"forbes.com","banner","Connected Device","Chicago","",775,1,0.00129,0.346,775
"cnn.com","video","Connected Device","Phoenix","",368,0,0.00000,0.000,368
"bbc.com","video","Tablet","Denver","",364,2,0.00550,1.472,364
"bbc.com","native","Connected TV","Dallas-Ft. Worth","",369,3,0.00813,2.178,369
"espn.com","native","Tablet","Atlanta","",391,0,0.00000,0.000,391
"buzzfeed.com","banner","Mobile/Tablet","Atlanta","",765,7,0.00915,2.451,765
"cnn.com","banner","Phone","Philadelphia","",755,3,0.00397,1.065,755
"variety.com","banner","Set Top Box","New York","",750,3,0.00400,1.072,750
"techcrunch.com","banner","Connected TV","Atlanta","",796,1,0.00126,0.336,796
"washingtonpost.com","native","Mobile/Tablet","Denver","",384,2,0.00521,1.395,384
"forbes.com","video","Tablet","Dallas-Ft. Worth","",367,2,0.00545,1.460,367
"cnet.com","banner","Tablet","Los Angeles","",780,2,0.00256,0.687,780
"cnet.com","video","Personal Computer","Miami","",367,2,0.00545,1.460,367
"buzzfeed.com","banner","Phone","Phoenix","",767,4,0.00522,1.397,767
"techcrunch.com","native","Tablet","Dallas-Ft. Worth","",393,2,0.00509,1.363,393
"cnn.com","banner","Mobile/Tablet","Dallas-Ft. Worth","",718,2,0.00279,0.746,718
"forbes.com","banner","Phone","Dallas-Ft. Worth","",761,3,0.00394,1.056,761
"variety.com","banner","Connected Device","Philadelphia","",768,5,0.00651,1.744,768
"people.com","video","Tablet","Chicago","",382,1,0.00262,0.701,382
"weather.com","video","Mobile/Tablet","New York","",340,2,0.00588,1.576,340
"forbes.com","banner","Personal Computer","New York","",780,0,0.00000,0.000,780
"nytimes.com","video","Tablet","Phoenix","",378,1,0.00265,0.709,378
"forbes.com","banner","Mobile/Tablet","Miami","",717,2,0.00279,0.747,717
"variety.com","native","Connected TV","Houston","",386,3,0.00777,2.082,386
"foxnews.com","video","Tablet","Dallas-Ft. Worth","",335,1,0.00299,0.800,335
"techcrunch.com","banner","Set Top Box","Phoenix","",745,3,0.00403,1.079,745
"tmz.com","native","Connected Device","New York","",397,1,0.00252,0.675,397
"techcrunch.com","banner","Personal Computer","Miami","",778,2,0.00257,0.689,778
"espn.com","video","Connected TV","Chicago","",419,1,0.00239,0.639,419
"people.com","native","Phone","Chicago","",367,2,0.00545,1.460,367
"people.com","native","Connected Device","Chicago","",382,2,0.00524,1.403,382
"buzzfeed.com","banner","Connected Device","Dallas-Ft. Worth","",765,2,0.00261,0.700,765
"cnn.com","native","Personal Computer","Houston","",397,2,0.00504,1.350,397
"techcrunch.com","banner","Connected Device","Atlanta","",728,1,0.00137,0.368,728
"cnet.com","banner","Personal Computer","Atlanta","",785,6,0.00764,2.047,785
"bbc.com","native","Connected TV","Philadelphia","",383,2,0.00522,1.399,383
"bbc.com","video","Connected Device","Denver","",409,0,0.00000,0.000,409
"bbc.com","banner","Phone","Denver","",763,3,0.00393,1.053,763
"bbc.com","banner","Tablet","Chicago","",742,1,0.00135,0.361,742
"cnn.com","banner","Tablet","New York","",760,3,0.00395,1.057,760
"cnn.com","native","Phone","New York","",367,3,0.00817,2.190,367
"bbc.com","banner","Connected Device","Philadelphia","",809,2,0.00247,0.662,809
"cnet.com","video","Tablet","New York","",383,0,0.00000,0.000,383
"tmz.com","video","Set Top Box","New York","",383,0,0.00000,0.000,383
"washingtonpost.com","native","Tablet","Miami","",410,1,0.00244,0.653,410
"cnet.com","video","Personal Computer","New York","",382,4,0.01047,2.805,382
"theverge.com","native","Set Top Box","New York","",339,0,0.00000,0.000,339
"foxnews.com","native","Set Top Box","Miami","",382,0,0.00000,0.000,382
"espn.com","video","Phone","Los Angeles","",392,2,0.00510,1.367,392
"forbes.com","native","Personal Computer","Chicago","",369,0,0.00000,0.000,369
"weather.com","native","Connected Device","Atlanta","",413,1,0.00242,0.649,413
"people.com","native","Set Top Box","Los Angeles","",399,2,0.00501,1.343,399
"tmz.com","video","Personal Computer","Philadelphia","",384,0,0.00000,0.000,384
"espn.com","native","Set Top Box","Philadelphia","",414,0,0.00000,0.000,414
"people.com","native","Set Top Box","Phoenix","",391,2,0.00512,1.370,391
"bbc.com","native","Tablet","Philadelphia","",371,0,0.00000,0.000,371
"washingtonpost.com","banner","Mobile/Tablet","Dallas-Ft. Worth","",715,3,0.00420,1.124,715
"espn.com","video","Connected Device","Chicago","",381,0,0.00000,0.000,381
"variety.com","banner","Personal Computer","Phoenix","",743,3,0.00404,1.082,743
"people.com","video","Phone","Atlanta","",387,0,0.00000,0.000,387
"espn.com","video","Connected TV","Denver","",377,4,0.01061,2.842,377
"foxnews.com","native","Set Top Box","Los Angeles","",379,4,0.01055,2.827,379
"cnn.com","banner","Connected TV","Atlanta","",756,1,0.00132,0.354,756
"tmz.com","banner","Set Top Box","New York","",736,3,0.00408,1.092,736
"people.com","video","Tablet","Denver","",376,1,0.00266,0.713,376
"foxnews.com","video","Set Top Box","Los Angeles","",370,5,0.01351,3.620,370
"weather.com","video","Phone","Dallas-Ft. Worth","",400,2,0.00500,1.339,400
"espn.com","banner","Tablet","Houston","",792,7,0.00884,2.368,792
"foxnews.com","native","Set Top Box","Phoenix","",398,3,0.00754,2.019,398
"tmz.com","banner","Phone","Denver","",759,1,0.00132,0.353,759
"forbes.com","banner","Set Top Box","Philadelphia","",752,1,0.00133,0.356,752
"washingtonpost.com","native","Phone","New York","",375,0,0.00000,0.000,375
"bbc.com","video","Connected TV","Philadelphia","",378,4,0.01058,2.835,378
"techcrunch.com","banner","Mobile/Tablet","Denver","",710,1,0.00141,0.377,710
"foxnews.com","banner","Mobile/Tablet","Philadelphia","",850,4,0.00471,1.261,850
"people.com","banner","Connected Device","Los Angeles","",776,4,0.00516,1.381,776
"theverge.com","native","Phone","Miami","",392,0,0.00000,0.000,392
"people.com","banner","Set Top Box","Dallas-Ft. Worth","",769,5,0.00650,1.742,769
"washingtonpost.com","native","Phone","Denver","",425,0,0.00000,0.000,425
"techcrunch.com","native","Tablet","New York","",416,4,0.00962,2.576,416
"espn.com","native","Tablet","Chicago","",372,1,0.00269,0.720,372
"variety.com","native","Personal Computer","Chicago","",388,0,0.00000,0.000,388
"theverge.com","video","Connected TV","Houston","",378,0,0.00000,0.000,378
"theverge.com","video","Tablet","Los Angeles","",397,0,0.00000,0.000,397
"variety.com","banner","Personal Computer","Chicago","",794,2,0.00252,0.675,794
"washingtonpost.com","video","Phone","Miami","",384,2,0.00521,1.395,384
"bbc.com","native","Tablet","Los Angeles","",380,0,0.00000,0.000,380
"forbes.com","native","Set Top Box","Los Angeles","",379,1,0.00264,0.707,379
"bbc.com","banner","Personal Computer","Miami","",778,6,0.00771,2.066,778
"buzzfeed.com","video","Connected Device","Denver","",358,3,0.00838,2.245,358
"washingtonpost.com","banner","Tablet","Miami","",710,3,0.00423,1.132,710
"nytimes.com","video","Connected Device","Atlanta","",409,1,0.00245,0.655,409
"weather.com","banner","Connected TV","Philadelphia","",781,2,0.00256,0.686,781
"theverge.com","video","Connected Device","Phoenix","",399,5,0.01253,3.357,399
"tmz.com","banner","Phone","Atlanta","",742,2,0.00270,0.722,742
"forbes.com","banner","Connected TV","Denver","",817,4,0.00490,1.312,817
"cnet.com","video","Tablet","Phoenix","",390,1,0.00256,0.687,390
"forbes.com","banner","Connected Device","Miami","",810,1,0.00124,0.331,810
"variety.com","banner","Personal Computer","Denver","",790,5,0.00633,1.695,790
"nytimes.com","banner","Personal Computer","Philadelphia","",780,3,0.00385,1.030,780
"tmz.com","banner","Set Top Box","Philadelphia","",738,4,0.00542,1.452,738
"nytimes.com","video","Tablet","Philadelphia","",380,1,0.00263,0.705,380
"foxnews.com","video","Personal Computer","Philadelphia","",395,4,0.01013,2.713,395
"cnet.com","native","Personal Computer","Miami","",404,1,0.00248,0.663,404
"espn.com","banner","Mobile/Tablet","Los Angeles","",775,4,0.00516,1.383,775
"washingtonpost.com","video","Connected Device","Miami","",384,2,0.00521,1.395,384
"variety.com","video","Mobile/Tablet","Dallas-Ft. Worth","",354,2,0.00565,1.514,354
"techcrunch.com","native","Phone","Philadelphia","",343,2,0.00583,1.562,343
"weather.com","native","Personal Computer","Chicago","",376,3,0.00798,2.137,376
"cnet.com","video","Phone","New York","",386,2,0.00518,1.388,386
"bbc.com","native","Connected Device","Chicago","",372,0,0.00000,0.000,372
"weather.com","video","Set Top Box","Philadelphia","",380,1,0.00263,0.705,380
"bbc.com","video","Personal Computer","New York","",385,2,0.00520,1.392,385
"techcrunch.com","native","Phone","New York","",367,1,0.00273,0.730,367
"variety.com","video","Phone","Los Angeles","",369,0,0.00000,0.000,369
"foxnews.com","video","Tablet","Houston","",400,0,0.00000,0.000,400
"cnet.com","video","Connected Device","Denver","",371,2,0.00539,1.444,371
"foxnews.com","video","Connected TV","Philadelphia","",384,3,0.00781,2.093,384
"variety.com","native","Connected TV","Phoenix","",356,0,0.00000,0.000,356
"bbc.com","native","Personal Computer","Chicago","",339,0,0.00000,0.000,339
"theverge.com","native","Phone","Denver","",378,3,0.00794,2.126,378
"theverge.com","video","Set Top Box","Los Angeles","",380,1,0.00263,0.705,380
"cnet.com","video","Tablet","Atlanta","",356,0,0.00000,0.000,356
"washingtonpost.com","native","Connected TV","Houston","",414,2,0.00483,1.294,414
"people.com","banner","Mobile/Tablet","Chicago","",772,6,0.00777,2.082,772
"people.com","video","Personal Computer","Dallas-Ft. Worth","",372,2,0.00538,1.440,372
"foxnews.com","banner","Connected TV","New York","",772,6,0.00777,2.082,772
"foxnews.com","banner","Set Top Box","Phoenix","",781,3,0.00384,1.029,781
"washingtonpost.com","native","Personal Computer","Phoenix","",377,3,0.00796,2.132,377
"forbes.com","banner","Personal Computer","Phoenix","",782,2,0.00256,0.685,782
"tmz.com","video","Personal Computer","Denver","",393,1,0.00255,0.682,393
"weather.com","video","Personal Computer","Miami","",358,2,0.00559,1.497,358
"washingtonpost.com","video","Tablet","Atlanta","",402,1,0.00249,0.666,402
"cnet.com","video","Phone","Houston","",396,1,0.00253,0.676,396
"people.com","video","Personal Computer","Los Angeles","",410,1,0.00244,0.653,410
"cnet.com","video","Tablet","Miami","",370,2,0.00541,1.448,370
"techcrunch.com","banner","Connected Device","Chicago","",767,1,0.00130,0.349,767
"tmz.com","native","Mobile/Tablet","New York","",384,3,0.00781,2.093,384
"tmz.com","native","Phone","Chicago","",391,1,0.00256,0.685,391
"forbes.com","native","Personal Computer","Phoenix","",394,2,0.00508,1.360,394
"buzzfeed.com","native","Phone","Los Angeles","",396,0,0.00000,0.000,396
"nytimes.com","banner","Mobile/Tablet","Denver","",702,3,0.00427,1.145,702
"theverge.com","native","Connected TV","Chicago","",370,1,0.00270,0.724,370
"washingtonpost.com","native","Phone","Los Angeles","",373,1,0.00268,0.718,373
"foxnews.com","video","Connected TV","Denver","",382,1,0.00262,0.701,382
"foxnews.com","banner","Personal Computer","Los Angeles","",787,1,0.00127,0.340,787
"foxnews.com","native","Tablet","Phoenix","",392,0,0.00000,0.000,392
"theverge.com","native","Phone","Phoenix","",404,1,0.00248,0.663,404
"bbc.com","banner","Connected TV","Chicago","",773,2,0.00259,0.693,773
"forbes.com","video","Personal Computer","Houston","",377,2,0.00531,1.421,377
"foxnews.com","native","Tablet","Atlanta","",408,2,0.00490,1.313,408
"espn.com","native","Connected Device","Dallas-Ft. Worth","",359,1,0.00279,0.746,359
"variety.com","native","Set Top Box","Phoenix","",388,0,0.00000,0.000,388
"techcrunch.com","native","Personal Computer","Phoenix","",422,2,0.00474,1.269,422
"tmz.com","banner","Personal Computer","Houston","",778,3,0.00386,1.033,778
"buzzfeed.com","native","Connected Device","Houston","",370,2,0.00541,1.448,370
"theverge.com","banner","Personal Computer","Chicago","",739,3,0.00406,1.088,739
"washingtonpost.com","banner","Phone","Phoenix","",746,5,0.00670,1.795,746
"forbes.com","banner","Personal Computer","Dallas-Ft. Worth","",778,2,0.00257,0.689,778
"forbes.com","native","Mobile/Tablet","Denver","",408,0,0.00000,0.000,408
"foxnews.com","banner","Connected TV","Miami","",751,8,0.01065,2.853,751
"buzzfeed.com","video","Connected TV","Philadelphia","",372,1,0.00269,0.720,372
"tmz.com","video","Phone","Philadelphia","",360,2,0.00556,1.488,360
"buzzfeed.com","native","Mobile/Tablet","Phoenix","",375,1,0.00267,0.714,375
"tmz.com","native","Phone","Atlanta","",372,1,0.00269,0.720,372
"people.com","video","Mobile/Tablet","Los Angeles","",384,0,0.00000,0.000,384
"weather.com","video","Connected Device","Atlanta","",370,4,0.01081,2.896,370
"espn.com","native","Mobile/Tablet","Denver","",378,1,0.00265,0.709,378
"nytimes.com","native","Tablet","Miami","",387,2,0.00517,1.384,387
"forbes.com","video","Personal Computer","Phoenix","",364,2,0.00550,1.472,364
"theverge.com","banner","Set Top Box","Los Angeles","",753,5,0.00664,1.779,753
"cnet.com","video","Connected TV","Philadelphia","",387,1,0.00258,0.692,387
"people.com","native","Connected Device","Miami","",373,1,0.00268,0.718,373
"foxnews.com","banner","Phone","Miami","",775,3,0.00387,1.037,775
"nytimes.com","banner","Connected Device","Dallas-Ft. Worth","",772,2,0.00259,0.694,772
"espn.com","video","Mobile/Tablet","Phoenix","",387,2,0.00517,1.384,387
"weather.com","video","Connected TV","Dallas-Ft. Worth","",372,2,0.00538,1.440,372
"forbes.com","banner","Mobile/Tablet","Dallas-Ft. Worth","",776,5,0.00644,1.726,776
"foxnews.com","banner","Tablet","Chicago","",745,2,0.00269,0.719,745
"nytimes.com","banner","Phone","New York","",765,4,0.00523,1.401,765
"espn.com","banner","Personal Computer","Houston","",815,3,0.00368,0.986,815
"buzzfeed.com","native","Connected TV","Chicago","",391,5,0.01279,3.426,391
"weather.com","banner","Set Top Box","Los Angeles","",761,1,0.00131,0.352,761
"nytimes.com","banner","Phone","Atlanta","",804,2,0.00249,0.666,804
"nytimes.com","banner","Set Top Box","New York","",760,2,0.00263,0.705,760
"techcrunch.com","video","Personal Computer","Atlanta","",393,0,0.00000,0.000,393
"weather.com","banner","Connected Device","New York","",790,2,0.00253,0.678,790
"forbes.com","video","Connected Device","Philadelphia","",346,0,0.00000,0.000,346
"techcrunch.com","native","Connected Device","Miami","",364,1,0.00275,0.736,364
"techcrunch.com","banner","Phone","Houston","",748,0,0.00000,0.000,748
"techcrunch.com","native","Connected TV","Atlanta","",367,2,0.00545,1.460,367
"forbes.com","native","Mobile/Tablet","Atlanta","",399,3,0.00752,2.014,399
"weather.com","banner","Tablet","Houston","",735,7,0.00952,2.551,735
"variety.com","video","Phone","Phoenix","",355,0,0.00000,0.000,355
"bbc.com","native","Mobile/Tablet","Dallas-Ft. Worth","",377,2,0.00531,1.421,377
"people.com","banner","Set Top Box","Phoenix","",737,4,0.00543,1.454,737
"washingtonpost.com","native","Tablet","Houston","",423,1,0.00236,0.633,423
"people.com","video","Set Top Box","Chicago","",408,3,0.00735,1.970,408
"foxnews.com","banner","Connected Device","Philadelphia","",766,2,0.00261,0.699,766
"people.com","banner","Personal Computer","Denver","",758,3,0.00396,1.060,758
"variety.com","native","Set Top Box","Miami","",399,2,0.00501,1.343,399
"weather.com","native","Personal Computer","Phoenix","",403,1,0.00248,0.665,403
"cnn.com","native","Personal Computer","Denver","",356,2,0.00562,1.505,356
"variety.com","native","Phone","Chicago","",389,0,0.00000,0.000,389
"people.com","video","Connected Device","Los Angeles","",393,1,0.00255,0.682,393
"buzzfeed.com","native","Connected TV","Philadelphia","",356,1,0.00281,0.752,356
"cnet.com","video","Personal Computer","Los Angeles","",347,1,0.00288,0.772,347
"variety.com","banner","Mobile/Tablet","Philadelphia","",752,3,0.00399,1.069,752
"nytimes.com","banner","Set Top Box","Houston","",770,2,0.00260,0.696,770
"theverge.com","video","Mobile/Tablet","Atlanta","",411,2,0.00487,1.304,411
"forbes.com","video","Connected TV","Philadelphia","",373,0,0.00000,0.000,373
"theverge.com","video","Phone","Dallas-Ft. Worth","",410,1,0.00244,0.653,410
"washingtonpost.com","native","Set Top Box","Denver","",349,0,0.00000,0.000,349
"bbc.com","banner","Tablet","New York","",803,3,0.00374,1.001,803
"foxnews.com","native","Personal Computer","Dallas-Ft. Worth","",375,0,0.00000,0.000,375
"weather.com","native","Personal Computer","Denver","",361,1,0.00277,0.742,361
"tmz.com","banner","Set Top Box","Chicago","",765,2,0.00261,0.700,765
"cnet.com","banner","Tablet","Denver","",769,1,0.00130,0.348,769
"people.com","video","Tablet","New York","",393,2,0.00509,1.363,393
"bbc.com","video","Tablet","Dallas-Ft. Worth","",392,0,0.00000,0.000,392
"cnn.com","native","Tablet","Denver","",376,1,0.00266,0.713,376
"bbc.com","video","Set Top Box","Philadelphia","",376,0,0.00000,0.000,376
"buzzfeed.com","video","Personal Computer","Los Angeles","",419,0,0.00000,0.000,419
"tmz.com","native","Set Top Box","Houston","",388,2,0.00516,1.381,388
"weather.com","banner","Phone","Miami","",749,1,0.00134,0.358,749
"washingtonpost.com","native","Set Top Box","Houston","",391,0,0.00000,0.000,391
"cnn.com","native","Connected Device","Miami","",371,0,0.00000,0.000,371
"weather.com","native","Set Top Box","Dallas-Ft. Worth","",411,1,0.00243,0.652,411
"foxnews.com","video","Mobile/Tablet","Dallas-Ft. Worth","",385,1,0.00260,0.696,385
"tmz.com","banner","Personal Computer","Phoenix","",744,2,0.00269,0.720,744
"tmz.com","native","Mobile/Tablet","Chicago","",380,2,0.00526,1.410,380
"forbes.com","native","Mobile/Tablet","New York","",340,1,0.00294,0.788,340
"nytimes.com","native","Personal Computer","Miami","",356,1,0.00281,0.752,356
"bbc.com","banner","Phone","Houston","",739,4,0.00541,1.450,739
"washingtonpost.com","banner","Connected TV","Atlanta","",739,6,0.00812,2.175,739
"theverge.com","video","Tablet","Dallas-Ft. Worth","",359,0,0.00000,0.000,359
"washingtonpost.com","video","Mobile/Tablet","Los Angeles","",389,1,0.00257,0.689,389
"nytimes.com","native","Phone","Phoenix","",384,0,0.00000,0.000,384
"bbc.com","banner","Tablet","Los Angeles","",761,2,0.00263,0.704,761
"techcrunch.com","banner","Mobile/Tablet","Chicago","",772,3,0.00389,1.041,772
"variety.com","video","Phone","Atlanta","",374,2,0.00535,1.433,374
"cnet.com","native","Personal Computer","Chicago","",354,0,0.00000,0.000,354
"people.com","video","Mobile/Tablet","Miami","",362,5,0.01381,3.700,362
"variety.com","banner","Phone","Atlanta","",762,0,0.00000,0.000,762
"people.com","video","Connected Device","Denver","",366,2,0.00546,1.464,366
"techcrunch.com","banner","Personal Computer","Houston","",757,2,0.00264,0.708,757
"espn.com","banner","Tablet","Miami","",745,3,0.00403,1.079,745
"washingtonpost.com","banner","Connected Device","Denver","",731,3,0.00410,1.099,731
"nytimes.com","video","Mobile/Tablet","Dallas-Ft. Worth","",384,2,0.00521,1.395,384
"people.com","native","Personal Computer","Houston","",373,2,0.00536,1.436,373
"variety.com","native","Connected Device","Houston","",428,1,0.00234,0.626,428
"weather.com","native","Tablet","Miami","",360,0,0.00000,0.000,360
"variety.com","native","Mobile/Tablet","Houston","",417,0,0.00000,0.000,417
"cnet.com","video","Personal Computer","Houston","",394,1,0.00254,0.680,394
"theverge.com","native","Tablet","Dallas-Ft. Worth","",404,0,0.00000,0.000,404
"washingtonpost.com","banner","Set Top Box","Miami","",808,2,0.00248,0.663,808
"buzzfeed.com","native","Mobile/Tablet","Philadelphia","",380,3,0.00790,2.115,380
"cnet.com","banner","Connected TV","Miami","",740,6,0.00811,2.172,740
"forbes.com","banner","Mobile/Tablet","New York","",760,2,0.00263,0.705,760
"foxnews.com","native","Connected TV","Los Angeles","",398,4,0.01005,2.692,398
"weather.com","banner","Set Top Box","Denver","",719,3,0.00417,1.118,719
"cnn.com","native","Connected TV","Houston","",377,1,0.00265,0.711,377
"cnn.com","video","Tablet","Denver","",390,2,0.00513,1.374,390
"techcrunch.com","banner","Set Top Box","Miami","",807,1,0.00124,0.332,807
"cnet.com","native","Personal Computer","Houston","",373,1,0.00268,0.718,373
"bbc.com","video","Phone","Philadelphia","",375,1,0.00267,0.714,375
"forbes.com","video","Mobile/Tablet","Atlanta","",378,1,0.00265,0.709,378
"buzzfeed.com","video","Connected TV","Chicago","",366,3,0.00820,2.196,366
"nytimes.com","banner","Tablet","Los Angeles","",756,6,0.00794,2.126,756
"foxnews.com","native","Tablet","Chicago","",376,0,0.00000,0.000,376
"weather.com","video","Tablet","Dallas-Ft. Worth","",381,0,0.00000,0.000,381
"theverge.com","native","Mobile/Tablet","Chicago","",419,2,0.00477,1.279,419
"cnet.com","video","Phone","Los Angeles","",433,2,0.00462,1.237,433
"people.com","native","Personal Computer","Dallas-Ft. Worth","",375,2,0.00533,1.429,375
"nytimes.com","native","Mobile/Tablet","Los Angeles","",356,0,0.00000,0.000,356
"buzzfeed.com","video","Connected TV","Atlanta","",426,2,0.00470,1.258,426
"theverge.com","video","Personal Computer","Dallas-Ft. Worth","",374,1,0.00267,0.716,374
"tmz.com","video","Connected TV","Denver","",367,3,0.00817,2.190,367
"weather.com","banner","Phone","Atlanta","",745,7,0.00940,2.517,745
"nytimes.com","native","Set Top Box","Dallas-Ft. Worth","",381,1,0.00263,0.703,381
"people.com","video","Mobile/Tablet","Phoenix","",388,3,0.00773,2.071,388
"bbc.com","video","Tablet","Philadelphia","",379,2,0.00528,1.414,379
"buzzfeed.com","video","Tablet","Denver","",391,1,0.00256,0.685,391
"techcrunch.com","video","Set Top Box","Denver","",361,0,0.00000,0.000,361
"tmz.com","native","Phone","Denver","",380,1,0.00263,0.705,380
"techcrunch.com","native","Connected Device","Chicago","",396,2,0.00505,1.353,396
"washingtonpost.com","video","Personal Computer","Philadelphia","",392,1,0.00255,0.683,392
"variety.com","video","Connected Device","Dallas-Ft. Worth","",397,3,0.00756,2.024,397
"forbes.com","video","Connected Device","Dallas-Ft. Worth","",372,4,0.01075,2.881,372
"theverge.com","video","Phone","Miami","",389,2,0.00514,1.377,389
"washingtonpost.com","video","Personal Computer","Miami","",398,3,0.00754,2.019,398
"variety.com","native","Tablet","Los Angeles","",371,1,0.00270,0.722,371
"bbc.com","banner","Connected Device","Los Angeles","",779,0,0.00000,0.000,779
"cnn.com","banner","Tablet","Denver","",768,1,0.00130,0.349,768
"cnn.com","native","Phone","Atlanta","",378,3,0.00794,2.126,378
"theverge.com","banner","Tablet","Miami","",786,4,0.00509,1.363,786
"forbes.com","banner","Mobile/Tablet","Denver","",767,5,0.00652,1.746,767
"buzzfeed.com","video","Set Top Box","Denver","",372,0,0.00000,0.000,372
"tmz.com","native","Connected Device","Miami","",385,1,0.00260,0.696,385
"foxnews.com","video","Phone","New York","",367,3,0.00817,2.190,367
"weather.com","native","Phone","New York","",409,1,0.00245,0.655,409
"espn.com","video","Mobile/Tablet","Dallas-Ft. Worth","",376,3,0.00798,2.137,376
"weather.com","banner","Set Top Box","Dallas-Ft. Worth","",795,3,0.00377,1.011,795
"cnet.com","banner","Connected TV","Los Angeles","",782,3,0.00384,1.028,782
"cnn.com","video","Personal Computer","Miami","",369,0,0.00000,0.000,369
"weather.com","native","Connected Device","Denver","",381,0,0.00000,0.000,381
"washingtonpost.com","banner","Set Top Box","New York","",777,1,0.00129,0.345,777
"techcrunch.com","native","Connected TV","Los Angeles","",380,2,0.00526,1.410,380
"variety.com","banner","Phone","Dallas-Ft. Worth","",704,2,0.00284,0.761,704
"techcrunch.com","banner","Personal Computer","Phoenix","",738,2,0.00271,0.726,738
"weather.com","video","Set Top Box","Los Angeles","",392,1,0.00255,0.683,392
"foxnews.com","banner","Connected Device","Chicago","",732,3,0.00410,1.098,732
"washingtonpost.com","native","Tablet","Los Angeles","",374,3,0.00802,2.149,374
"foxnews.com","video","Personal Computer","New York","",400,0,0.00000,0.000,400
"forbes.com","native","Connected TV","Miami","",363,4,0.01102,2.952,363
"bbc.com","video","Set Top Box","Denver","",376,0,0.00000,0.000,376
"theverge.com","banner","Tablet","Chicago","",758,1,0.00132,0.353,758
"foxnews.com","video","Mobile/Tablet","Houston","",359,2,0.00557,1.492,359
"cnet.com","video","Phone","Miami","",390,3,0.00769,2.061,390
"people.com","native","Connected Device","Philadelphia","",369,2,0.00542,1.452,369
"theverge.com","native","Set Top Box","Philadelphia","",403,0,0.00000,0.000,403
"techcrunch.com","video","Phone","Philadelphia","",390,1,0.00256,0.687,390
"tmz.com","native","Set Top Box","Atlanta","",385,3,0.00779,2.087,385
"cnet.com","video","Personal Computer","Philadelphia","",365,2,0.00548,1.468,365
"washingtonpost.com","video","Mobile/Tablet","Denver","",351,3,0.00855,2.290,351
"tmz.com","banner","Connected Device","Denver","",763,1,0.00131,0.351,763
"buzzfeed.com","video","Personal Computer","Atlanta","",397,1,0.00252,0.675,397
"techcrunch.com","video","Personal Computer","Houston","",337,1,0.00297,0.795,337
"nytimes.com","banner","Tablet","Houston","",808,1,0.00124,0.332,808
"weather.com","native","Tablet","Atlanta","",335,2,0.00597,1.599,335
"weather.com","video","Connected TV","Chicago","",381,2,0.00525,1.406,381
"tmz.com","banner","Personal Computer","Miami","",741,1,0.00135,0.362,741
"techcrunch.com","native","Personal Computer","Houston","",344,1,0.00291,0.779,344
"forbes.com","native","Mobile/Tablet","Los Angeles","",415,3,0.00723,1.937,415
"forbes.com","banner","Phone","Phoenix","",748,4,0.00535,1.433,748
"foxnews.com","banner","Connected Device","Miami","",737,0,0.00000,0.000,737
"espn.com","video","Connected TV","Phoenix","",366,1,0.00273,0.732,366
"cnet.com","banner","Phone","Chicago","",804,2,0.00249,0.666,804
"cnet.com","banner","Set Top Box","Miami","",738,2,0.00271,0.726,738
"cnet.com","native","Mobile/Tablet","Miami","",385,1,0.00260,0.696,385
"espn.com","banner","Personal Computer","Miami","",807,8,0.00991,2.656,807
"nytimes.com","video","Connected Device","Phoenix","",390,0,0.00000,0.000,390
"techcrunch.com","banner","Set Top Box","Atlanta","",800,1,0.00125,0.335,800
"theverge.com","video","Personal Computer","Chicago","",384,1,0.00260,0.698,384
"washingtonpost.com","native","Personal Computer","Denver","",367,1,0.00273,0.730,367
"espn.com","banner","Connected Device","Phoenix","",760,4,0.00526,1.410,760
"cnet.com","native","Mobile/Tablet","Phoenix","",351,0,0.00000,0.000,351
"cnet.com","video","Mobile/Tablet","Dallas-Ft. Worth","",387,1,0.00258,0.692,387
"variety.com","video","Phone","Chicago","",402,2,0.00498,1.333,402
"buzzfeed.com","native","Set Top Box","Denver","",354,2,0.00565,1.514,354
"bbc.com","banner","Personal Computer","Houston","",700,3,0.00429,1.148,700
"washingtonpost.com","video","Set Top Box","Phoenix","",405,1,0.00247,0.661,405
"people.com","native","Mobile/Tablet","Philadelphia","",367,1,0.00273,0.730,367
"nytimes.com","video","Phone","New York","",380,0,0.00000,0.000,380
"weather.com","video","Personal Computer","Denver","",349,3,0.00860,2.303,349
"buzzfeed.com","banner","Connected Device","Denver","",790,3,0.00380,1.017,790
"weather.com","video","Personal Computer","Atlanta","",395,1,0.00253,0.678,395
"bbc.com","video","Mobile/Tablet","Dallas-Ft. Worth","",363,1,0.00276,0.738,363
"foxnews.com","native","Phone","Phoenix","",394,1,0.00254,0.680,394
"weather.com","banner","Set Top Box","Phoenix","",779,6,0.00770,2.063,779
"variety.com","banner","Set Top Box","Dallas-Ft. Worth","",816,2,0.00245,0.657,816
"foxnews.com","native","Personal Computer","Philadelphia","",394,2,0.00508,1.360,394
"bbc.com","video","Personal Computer","Phoenix","",386,0,0.00000,0.000,386
"forbes.com","video","Connected TV","Houston","",409,0,0.00000,0.000,409
"washingtonpost.com","native","Mobile/Tablet","New York","",390,3,0.00769,2.061,390
"bbc.com","video","Connected Device","Phoenix","",372,1,0.00269,0.720,372
"buzzfeed.com","native","Phone","Philadelphia","",393,3,0.00763,2.045,393
"buzzfeed.com","video","Tablet","Phoenix","",381,2,0.00525,1.406,381
"bbc.com","video","Set Top Box","Chicago","",407,1,0.00246,0.658,407
"forbes.com","video","Personal Computer","Chicago","",400,1,0.00250,0.670,400
"cnet.com","video","Tablet","Houston","",358,0,0.00000,0.000,358
"techcrunch.com","native","Set Top Box","Los Angeles","",380,2,0.00526,1.410,380
"tmz.com","banner","Connected Device","Chicago","",776,1,0.00129,0.345,776
"foxnews.com","banner","Connected TV","Philadelphia","",739,7,0.00947,2.537,739
"nytimes.com","native","Connected TV","Denver","",430,2,0.00465,1.246,430
"variety.com","video","Connected Device","Los Angeles","",404,2,0.00495,1.326,404
"cnet.com","banner","Phone","Atlanta","",762,3,0.00394,1.055,762
"washingtonpost.com","banner","Connected TV","Miami","",790,5,0.00633,1.695,790
"cnn.com","banner","Personal Computer","Chicago","",779,0,0.00000,0.000,779
"washingtonpost.com","native","Connected Device","Dallas-Ft. Worth","",390,2,0.00513,1.374,390
"weather.com","banner","Connected TV","Miami","",805,3,0.00373,0.998,805
"techcrunch.com","native","Personal Computer","Miami","",385,2,0.00520,1.392,385
"techcrunch.com","native","Mobile/Tablet","Chicago","",407,1,0.00246,0.658,407
"people.com","banner","Tablet","Los Angeles","",744,6,0.00807,2.160,744
"espn.com","banner","Mobile/Tablet","Miami","",766,6,0.00783,2.098,766
"cnet.com","native","Connected TV","Denver","",380,3,0.00790,2.115,380
"theverge.com","native","Connected Device","New York","",379,1,0.00264,0.707,379
"nytimes.com","banner","Mobile/Tablet","Atlanta","",766,0,0.00000,0.000,766
"foxnews.com","video","Set Top Box","Philadelphia","",429,2,0.00466,1.249,429
"bbc.com","banner","Phone","Dallas-Ft. Worth","",797,2,0.00251,0.672,797
"variety.com","banner","Set Top Box","Phoenix","",771,1,0.00130,0.347,771
"weather.com","banner","Phone","Houston","",810,2,0.00247,0.661,810
"espn.com","banner","Mobile/Tablet","Dallas-Ft. Worth","",810,4,0.00494,1.323,810
"espn.com","banner","Tablet","Atlanta","",721,6,0.00832,2.229,721
"washingtonpost.com","video","Tablet","Miami","",358,0,0.00000,0.000,358
"cnet.com","banner","Mobile/Tablet","New York","",791,2,0.00253,0.677,791
"people.com","banner","Tablet","Denver","",753,4,0.00531,1.423,753
"washingtonpost.com","video","Mobile/Tablet","Philadelphia","",390,0,0.00000,0.000,390
"buzzfeed.com","banner","Set Top Box","Atlanta","",774,2,0.00258,0.692,774
"variety.com","video","Personal Computer","Phoenix","",355,0,0.00000,0.000,355
"cnn.com","video","Connected Device","Atlanta","",403,0,0.00000,0.000,403
"cnet.com","native","Set Top Box","Phoenix","",416,3,0.00721,1.932,416
"variety.com","video","Tablet","Philadelphia","",411,5,0.01217,3.259,411
"weather.com","banner","Personal Computer","Philadelphia","",761,1,0.00131,0.352,761
"variety.com","video","Mobile/Tablet","Atlanta","",412,3,0.00728,1.951,412
"weather.com","native","Connected TV","Miami","",394,2,0.00508,1.360,394
"forbes.com","banner","Set Top Box","Dallas-Ft. Worth","",798,0,0.00000,0.000,798
"variety.com","banner","Tablet","Denver","",776,5,0.00644,1.726,776
"variety.com","video","Personal Computer","Atlanta","",356,2,0.00562,1.505,356
"buzzfeed.com","banner","Set Top Box","Denver","",791,1,0.00126,0.339,791
"cnn.com","native","Mobile/Tablet","Houston","",394,3,0.00761,2.040,394
"tmz.com","banner","Tablet","Miami","",755,4,0.00530,1.419,755
"espn.com","banner","Set Top Box","Atlanta","",775,2,0.00258,0.691,775
"nytimes.com","native","Mobile/Tablet","Miami","",398,1,0.00251,0.673,398
"buzzfeed.com","banner","Mobile/Tablet","Houston","",754,3,0.00398,1.066,754
"foxnews.com","native","Phone","Denver","",359,0,0.00000,0.000,359
"buzzfeed.com","banner","Connected Device","Houston","",761,1,0.00131,0.352,761
"buzzfeed.com","banner","Set Top Box","Phoenix","",794,2,0.00252,0.675,794
"variety.com","banner","Connected Device","Atlanta","",760,3,0.00395,1.057,760
"theverge.com","native","Tablet","Los Angeles","",384,3,0.00781,2.093,384
"cnet.com","video","Phone","Chicago","",427,0,0.00000,0.000,427
"bbc.com","native","Connected TV","Los Angeles","",413,1,0.00242,0.649,413
"variety.com","native","Tablet","Atlanta","",382,1,0.00262,0.701,382
"foxnews.com","banner","Personal Computer","Miami","",774,2,0.00258,0.692,774
"foxnews.com","video","Connected Device","Phoenix","",376,1,0.00266,0.713,376
"cnet.com","native","Connected TV","Miami","",393,2,0.00509,1.363,393
"theverge.com","banner","Connected Device","Houston","",764,1,0.00131,0.351,764
"buzzfeed.com","banner","Set Top Box","Chicago","",761,6,0.00788,2.112,761
"theverge.com","native","Personal Computer","Miami","",396,2,0.00505,1.353,396
"weather.com","video","Mobile/Tablet","Chicago","",377,2,0.00531,1.421,377
"weather.com","native","Connected Device","Phoenix","",396,1,0.00253,0.676,396
"nytimes.com","video","Personal Computer","Phoenix","",338,1,0.00296,0.793,338
"foxnews.com","video","Mobile/Tablet","Atlanta","",392,2,0.00510,1.367,392
"people.com","video","Tablet","Philadelphia","",385,1,0.00260,0.696,385
"weather.com","banner","Connected Device","Dallas-Ft. Worth","",720,0,0.00000,0.000,720
"cnn.com","banner","Connected TV","Houston","",749,0,0.00000,0.000,749
"people.com","video","Phone","New York","",414,3,0.00725,1.941,414
"theverge.com","banner","Connected Device","Denver","",755,3,0.00397,1.065,755
"people.com","native","Set Top Box","Houston","",395,3,0.00760,2.035,395
"buzzfeed.com","native","Phone","Chicago","",393,4,0.01018,2.726,393
"espn.com","video","Personal Computer","Denver","",387,3,0.00775,2.077,387
"techcrunch.com","banner","Tablet","Dallas-Ft. Worth","",760,1,0.00132,0.353,760
"techcrunch.com","banner","Personal Computer","Denver","",762,2,0.00263,0.703,762
"foxnews.com","native","Set Top Box","Atlanta","",386,1,0.00259,0.694,386
"theverge.com","native","Connected Device","Houston","",377,0,0.00000,0.000,377
"techcrunch.com","video","Connected Device","Phoenix","",366,1,0.00273,0.732,366
"cnet.com","native","Mobile/Tablet","Denver","",388,0,0.00000,0.000,388
"techcrunch.com","native","Set Top Box","Chicago","",387,2,0.00517,1.384,387
"variety.com","video","Personal Computer","Dallas-Ft. Worth","",376,2,0.00532,1.425,376
"washingtonpost.com","native","Phone","Atlanta","",393,1,0.00255,0.682,393
"people.com","video","Tablet","Houston","",401,0,0.00000,0.000,401
"tmz.com","video","Set Top Box","Philadelphia","",404,1,0.00248,0.663,404
"cnet.com","native","Connected Device","Philadelphia","",365,0,0.00000,0.000,365
"buzzfeed.com","native","Personal Computer","New York","",374,2,0.00535,1.433,374
"variety.com","native","Connected Device","Atlanta","",370,0,0.00000,0.000,370
"variety.com","native","Phone","Dallas-Ft. Worth","",412,0,0.00000,0.000,412
"tmz.com","banner","Set Top Box","Dallas-Ft. Worth","",776,4,0.00516,1.381,776
"people.com","banner","Set Top Box","Los Angeles","",774,2,0.00258,0.692,774
"tmz.com","banner","Personal Computer","New York","",724,2,0.00276,0.740,724
"foxnews.com","video","Personal Computer","Los Angeles","",338,1,0.00296,0.793,338
"foxnews.com","native","Phone","Houston","",381,1,0.00263,0.703,381
"theverge.com","native","Phone","New York","",372,0,0.00000,0.000,372
"techcrunch.com","video","Personal Computer","Miami","",369,2,0.00542,1.452,369
"nytimes.com","native","Mobile/Tablet","Dallas-Ft. Worth","",439,3,0.00683,1.831,439
"cnet.com","banner","Mobile/Tablet","Dallas-Ft. Worth","",710,3,0.00423,1.132,710
"variety.com","banner","Set Top Box","Atlanta","",775,2,0.00258,0.691,775
"buzzfeed.com","banner","Connected Device","Chicago","",753,1,0.00133,0.356,753
"espn.com","banner","Connected TV","New York","",751,6,0.00799,2.140,751
"espn.com","banner","Connected TV","Chicago","",722,8,0.01108,2.968,722
"buzzfeed.com","video","Phone","Atlanta","",372,0,0.00000,0.000,372
"foxnews.com","banner","Set Top Box","Philadelphia","",793,1,0.00126,0.338,793
"bbc.com","native","Personal Computer","Dallas-Ft. Worth","",356,1,0.00281,0.752,356
"people.com","banner","Mobile/Tablet","Denver","",777,7,0.00901,2.413,777
"espn.com","banner","Mobile/Tablet","Philadelphia","",768,4,0.00521,1.395,768
"forbes.com","video","Tablet","Denver","",378,2,0.00529,1.417,378
"tmz.com","video","Tablet","Atlanta","",383,1,0.00261,0.699,383
"weather.com","video","Phone","Phoenix","",386,1,0.00259,0.694,386
"bbc.com","banner","Tablet","Phoenix","",808,3,0.00371,0.995,808
"people.com","native","Personal Computer","Philadelphia","",361,1,0.00277,0.742,361
"bbc.com","video","Phone","Los Angeles","",388,1,0.00258,0.690,388
"tmz.com","video","Personal Computer","Phoenix","",381,1,0.00263,0.703,381
"weather.com","video","Mobile/Tablet","Dallas-Ft. Worth","",384,0,0.00000,0.000,384
"techcrunch.com","native","Connected Device","Philadelphia","",362,1,0.00276,0.740,362
"tmz.com","banner","Phone","Houston","",789,1,0.00127,0.339,789
"bbc.com","banner","Phone","New York","",798,5,0.00627,1.679,798
"washingtonpost.com","native","Mobile/Tablet","Houston","",411,1,0.00243,0.652,411
"cnn.com","banner","Tablet","Dallas-Ft. Worth","",738,2,0.00271,0.726,738
"buzzfeed.com","native","Connected TV","Atlanta","",375,1,0.00267,0.714,375
"buzzfeed.com","video","Connected Device","Miami","",379,3,0.00792,2.121,379
"variety.com","native","Tablet","Dallas-Ft. Worth","",383,2,0.00522,1.399,383
"bbc.com","video","Phone","Phoenix","",373,0,0.00000,0.000,373
"weather.com","video","Personal Computer","New York","",391,2,0.00512,1.370,391
"espn.com","video","Phone","Atlanta","",384,0,0.00000,0.000,384
"tmz.com","banner","Mobile/Tablet","Miami","",782,5,0.00639,1.713,782
"forbes.com","banner","Set Top Box","Atlanta","",720,7,0.00972,2.604,720
"forbes.com","native","Connected Device","Atlanta","",404,0,0.00000,0.000,404
"weather.com","banner","Tablet","Denver","",794,3,0.00378,1.012,794
"cnet.com","native","Mobile/Tablet","Chicago","",396,0,0.00000,0.000,396
"bbc.com","video","Connected TV","Chicago","",358,1,0.00279,0.748,358
"bbc.com","native","Personal Computer","Atlanta","",377,0,0.00000,0.000,377
"bbc.com","native","Tablet","Denver","",374,2,0.00535,1.433,374
"people.com","native","Phone","Los Angeles","",351,0,0.00000,0.000,351
"weather.com","banner","Set Top Box","Miami","",757,8,0.01057,2.831,757
"people.com","native","Mobile/Tablet","Houston","",366,3,0.00820,2.196,366
"foxnews.com","native","Set Top Box","Houston","",390,0,0.00000,0.000,390
"cnn.com","native","Connected Device","New York","",384,2,0.00521,1.395,384
"espn.com","native","Connected TV","Phoenix","",384,3,0.00781,2.093,384
"cnn.com","video","Connected Device","New York","",362,3,0.00829,2.220,362
"weather.com","banner","Tablet","Phoenix","",826,3,0.00363,0.973,826
"people.com","banner","Tablet","New York","",758,4,0.00528,1.414,758
"buzzfeed.com","banner","Connected TV","Houston","",793,2,0.00252,0.676,793
"nytimes.com","banner","Personal Computer","Dallas-Ft. Worth","",796,1,0.00126,0.336,796
"espn.com","banner","Set Top Box","Houston","",752,2,0.00266,0.713,752
"cnet.com","banner","Connected TV","Phoenix","",732,5,0.00683,1.830,732
"bbc.com","native","Phone","Chicago","",388,0,0.00000,0.000,388
"bbc.com","banner","Set Top Box","Philadelphia","",743,4,0.00538,1.442,743
"buzzfeed.com","native","Set Top Box","Atlanta","",369,1,0.00271,0.726,369
"cnn.com","video","Connected TV","Houston","",379,3,0.00792,2.121,379
"weather.com","native","Mobile/Tablet","Denver","",387,4,0.01034,2.769,387
"espn.com","native","Connected Device","New York","",376,0,0.00000,0.000,376
"theverge.com","video","Mobile/Tablet","Denver","",366,4,0.01093,2.928,366
"forbes.com","native","Connected TV","Dallas-Ft. Worth","",393,4,0.01018,2.726,393
"theverge.com","banner","Set Top Box","Philadelphia","",742,1,0.00135,0.361,742
"nytimes.com","native","Connected TV","Dallas-Ft. Worth","",401,3,0.00748,2.004,401
"bbc.com","banner","Connected TV","Denver","",733,3,0.00409,1.096,733
"people.com","native","Connected TV","Denver","",371,2,0.00539,1.444,371
"foxnews.com","video","Tablet","Atlanta","",376,1,0.00266,0.713,376
"variety.com","video","Set Top Box","Philadelphia","",382,0,0.00000,0.000,382
"espn.com","native","Connected Device","Miami","",400,1,0.00250,0.670,400
"forbes.com","video","Mobile/Tablet","Los Angeles","",370,2,0.00541,1.448,370
"bbc.com","banner","Mobile/Tablet","Atlanta","",781,2,0.00256,0.686,781
"weather.com","banner","Personal Computer","Houston","",747,4,0.00536,1.435,747
"weather.com","video","Tablet","Philadelphia","",387,2,0.00517,1.384,387
"people.com","video","Personal Computer","Philadelphia","",347,1,0.00288,0.772,347
"people.com","video","Connected TV","New York","",428,3,0.00701,1.878,428
"washingtonpost.com","video","Connected TV","Chicago","",374,1,0.00267,0.716,374
"forbes.com","banner","Tablet","Atlanta","",712,4,0.00562,1.505,712
"cnn.com","banner","Set Top Box","New York","",739,3,0.00406,1.088,739
"tmz.com","banner","Set Top Box","Phoenix","",778,2,0.00257,0.689,778
"theverge.com","native","Mobile/Tablet","Atlanta","",348,2,0.00575,1.540,348
"buzzfeed.com","video","Set Top Box","Los Angeles","",399,0,0.00000,0.000,399
"tmz.com","native","Mobile/Tablet","Denver","",380,1,0.00263,0.705,380
"forbes.com","banner","Connected TV","Philadelphia","",762,1,0.00131,0.351,762
"cnn.com","native","Phone","Philadelphia","",378,0,0.00000,0.000,378
"foxnews.com","native","Mobile/Tablet","Denver","",381,2,0.00525,1.406,381
"buzzfeed.com","video","Phone","New York","",378,1,0.00265,0.709,378
"people.com","native","Mobile/Tablet","Denver","",400,3,0.00750,2.009,400
"tmz.com","video","Connected Device","Dallas-Ft. Worth","",360,0,0.00000,0.000,360
"cnet.com","video","Set Top Box","Houston","",348,0,0.00000,0.000,348
"cnet.com","native","Set Top Box","Houston","",383,1,0.00261,0.699,383
"tmz.com","video","Tablet","New York","",382,1,0.00262,0.701,382
"theverge.com","native","Tablet","Phoenix","",414,3,0.00725,1.941,414
"foxnews.com","native","Connected TV","Phoenix","",334,0,0.00000,0.000,334
"tmz.com","video","Mobile/Tablet","Denver","",382,2,0.00524,1.403,382
"variety.com","video","Connected TV","New York","",356,1,0.00281,0.752,356
"variety.com","video","Phone","Miami","",390,2,0.00513,1.374,390
"cnn.com","video","Phone","Houston","",404,2,0.00495,1.326,404
"buzzfeed.com","banner","Mobile/Tablet","Los Angeles","",751,4,0.00533,1.427,751
"buzzfeed.com","banner","Personal Computer","Atlanta","",706,4,0.00567,1.518,706
"tmz.com","video","Mobile/Tablet","Dallas-Ft. Worth","",397,0,0.00000,0.000,397
"techcrunch.com","banner","Tablet","Miami","",756,3,0.00397,1.063,756
"tmz.com","banner","Phone","Chicago","",780,1,0.00128,0.343,780
"nytimes.com","native","Phone","Denver","",371,0,0.00000,0.000,371
"people.com","banner","Set Top Box","Denver","",767,3,0.00391,1.048,767
"bbc.com","banner","Phone","Phoenix","",770,4,0.00520,1.392,770
"washingtonpost.com","video","Tablet","New York","",387,0,0.00000,0.000,387
"espn.com","banner","Tablet","Phoenix","",785,3,0.00382,1.024,785
"weather.com","banner","Connected TV","Houston","",757,6,0.00793,2.123,757
"bbc.com","banner","Connected TV","Atlanta","",741,5,0.00675,1.808,741
"people.com","banner","Phone","Los Angeles","",738,2,0.00271,0.726,738
"weather.com","native","Connected TV","Philadelphia","",405,3,0.00741,1.984,405
"nytimes.com","native","Tablet","Houston","",385,1,0.00260,0.696,385
"cnn.com","video","Mobile/Tablet","Chicago","",380,2,0.00526,1.410,380
"buzzfeed.com","video","Connected TV","Dallas-Ft. Worth","",400,2,0.00500,1.339,400
"tmz.com","native","Personal Computer","Los Angeles","",384,0,0.00000,0.000,384
"washingtonpost.com","native","Connected TV","Chicago","",392,2,0.00510,1.367,392
"tmz.com","banner","Connected TV","Los Angeles","",780,2,0.00256,0.687,780
"tmz.com","banner","Phone","Dallas-Ft. Worth","",779,0,0.00000,0.000,779
"people.com","banner","Mobile/Tablet","Miami","",756,4,0.00529,1.417,756
"cnet.com","banner","Tablet","Philadelphia","",797,3,0.00376,1.008,797
"forbes.com","native","Tablet","Atlanta","",397,0,0.00000,0.000,397
"weather.com","native","Personal Computer","Los Angeles","",390,2,0.00513,1.374,390
"espn.com","native","Mobile/Tablet","Atlanta","",383,0,0.00000,0.000,383
"espn.com","native","Mobile/Tablet","New York","",332,1,0.00301,0.807,332
"forbes.com","native","Phone","Dallas-Ft. Worth","",399,0,0.00000,0.000,399
"forbes.com","banner","Phone","Houston","",765,0,0.00000,0.000,765
"weather.com","video","Mobile/Tablet","Houston","",386,3,0.00777,2.082,386
"tmz.com","banner","Mobile/Tablet","Philadelphia","",765,2,0.00261,0.700,765
"weather.com","video","Connected TV","New York","",359,3,0.00836,2.239,359
"espn.com","banner","Connected Device","Denver","",741,3,0.00405,1.085,741
"tmz.com","native","Tablet","Miami","",367,2,0.00545,1.460,367
"theverge.com","native","Tablet","Atlanta","",363,0,0.00000,0.000,363
"espn.com","banner","Connected Device","Atlanta","",769,5,0.00650,1.742,769
"variety.com","native","Connected Device","Dallas-Ft. Worth","",389,2,0.00514,1.377,389
"people.com","banner","Connected Device","Atlanta","",785,2,0.00255,0.683,785
"nytimes.com","banner","Connected TV","Los Angeles","",776,2,0.00258,0.690,776
"cnn.com","video","Mobile/Tablet","New York","",403,0,0.00000,0.000,403
"bbc.com","native","Tablet","Phoenix","",392,1,0.00255,0.683,392
"nytimes.com","video","Mobile/Tablet","Phoenix","",377,1,0.00265,0.711,377
"espn.com","video","Connected Device","Dallas-Ft. Worth","",391,1,0.00256,0.685,391
"foxnews.com","video","Set Top Box","Dallas-Ft. Worth","",396,2,0.00505,1.353,396
"weather.com","video","Connected Device","Denver","",394,1,0.00254,0.680,394
"cnn.com","video","Mobile/Tablet","Dallas-Ft. Worth","",355,0,0.00000,0.000,355
"techcrunch.com","native","Tablet","Denver","",374,1,0.00267,0.716,374
"espn.com","native","Phone","Dallas-Ft. Worth","",367,2,0.00545,1.460,367
"forbes.com","native","Tablet","Denver","",341,0,0.00000,0.000,341
"forbes.com","banner","Tablet","New York","",780,3,0.00385,1.030,780
"people.com","banner","Personal Computer","Miami","",825,4,0.00485,1.299,825
"variety.com","native","Set Top Box","Philadelphia","",383,1,0.00261,0.699,383
"forbes.com","video","Mobile/Tablet","Philadelphia","",377,0,0.00000,0.000,377
"weather.com","video","Tablet","Miami","",353,1,0.00283,0.759,353
"theverge.com","native","Connected TV","Philadelphia","",369,0,0.00000,0.000,369
"variety.com","banner","Tablet","Phoenix","",776,2,0.00258,0.690,776
"nytimes.com","native","Phone","Houston","",391,2,0.00512,1.370,391
"variety.com","banner","Tablet","Los Angeles","",831,0,0.00000,0.000,831
"forbes.com","video","Connected Device","Miami","",395,2,0.00506,1.356,395
"foxnews.com","native","Connected TV","Houston","",370,3,0.00811,2.172,370
"foxnews.com","video","Phone","Atlanta","",359,1,0.00279,0.746,359
"forbes.com","banner","Connected Device","Houston","",760,6,0.00790,2.115,760
"variety.com","native","Set Top Box","Chicago","",369,0,0.00000,0.000,369
"cnn.com","native","Tablet","Los Angeles","",374,0,0.00000,0.000,374
"techcrunch.com","native","Connected TV","Chicago","",372,4,0.01075,2.881,372
"buzzfeed.com","video","Tablet","Philadelphia","",403,0,0.00000,0.000,403
"buzzfeed.com","banner","Personal Computer","Phoenix","",768,4,0.00521,1.395,768
"bbc.com","banner","Connected Device","Houston","",708,1,0.00141,0.378,708
"buzzfeed.com","banner","Tablet","Chicago","",808,4,0.00495,1.326,808
"buzzfeed.com","banner","Set Top Box","Miami","",768,1,0.00130,0.349,768
"espn.com","banner","Phone","Atlanta","",778,2,0.00257,0.689,778
"nytimes.com","native","Connected TV","Phoenix","",427,4,0.00937,2.510,427
"forbes.com","video","Phone","Denver","",412,2,0.00485,1.300,412
"theverge.com","banner","Personal Computer","Los Angeles","",789,6,0.00761,2.037,789
"forbes.com","banner","Mobile/Tablet","Atlanta","",791,2,0.00253,0.677,791
"washingtonpost.com","native","Tablet","Dallas-Ft. Worth","",359,0,0.00000,0.000,359
"nytimes.com","native","Connected Device","Dallas-Ft. Worth","",379,1,0.00264,0.707,379
"theverge.com","native","Personal Computer","Chicago","",373,3,0.00804,2.155,373
"variety.com","native","Tablet","Phoenix","",382,0,0.00000,0.000,382
"nytimes.com","banner","Phone","Philadelphia","",787,3,0.00381,1.021,787
"weather.com","banner","Personal Computer","New York","",727,1,0.00138,0.369,727
"cnet.com","native","Connected TV","Atlanta","",391,1,0.00256,0.685,391
"washingtonpost.com","native","Connected TV","Los Angeles","",372,2,0.00538,1.440,372
"cnet.com","banner","Phone","Los Angeles","",765,1,0.00131,0.350,765
"cnn.com","video","Connected Device","Denver","",388,2,0.00516,1.381,388
"washingtonpost.com","video","Connected Device","Chicago","",343,1,0.00292,0.781,343
"nytimes.com","video","Connected TV","Denver","",375,0,0.00000,0.000,375
"washingtonpost.com","banner","Connected TV","Los Angeles","",758,2,0.00264,0.707,758
"cnet.com","native","Personal Computer","Phoenix","",365,1,0.00274,0.734,365
"cnn.com","video","Connected TV","Denver","",396,3,0.00758,2.029,396
"cnet.com","video","Personal Computer","Atlanta","",371,3,0.00809,2.166,371
"tmz.com","native","Tablet","Dallas-Ft. Worth","",360,1,0.00278,0.744,360
"espn.com","native","Personal Computer","Miami","",376,2,0.00532,1.425,376
"buzzfeed.com","video","Set Top Box","Houston","",390,0,0.00000,0.000,390
"variety.com","video","Connected Device","Atlanta","",406,4,0.00985,2.639,406
"espn.com","native","Phone","Phoenix","",385,0,0.00000,0.000,385
"foxnews.com","video","Mobile/Tablet","Chicago","",360,1,0.00278,0.744,360
"buzzfeed.com","native","Phone","Phoenix","",388,4,0.01031,2.762,388
"buzzfeed.com","native","Tablet","Denver","",338,0,0.00000,0.000,338
"bbc.com","video","Mobile/Tablet","Philadelphia","",367,2,0.00545,1.460,367
"theverge.com","video","Connected TV","Dallas-Ft. Worth","",374,4,0.01070,2.865,374
"forbes.com","video","Phone","Phoenix","",392,0,0.00000,0.000,392
"variety.com","native","Phone","Los Angeles","",370,2,0.00541,1.448,370
"variety.com","native","Mobile/Tablet","Denver","",352,1,0.00284,0.761,352
"cnet.com","video","Tablet","Denver","",387,1,0.00258,0.692,387
"nytimes.com","video","Connected TV","Dallas-Ft. Worth","",388,1,0.00258,0.690,388
"buzzfeed.com","native","Phone","Miami","",352,1,0.00284,0.761,352
"cnet.com","video","Set Top Box","Los Angeles","",397,0,0.00000,0.000,397
"bbc.com","video","Phone","New York","",365,0,0.00000,0.000,365
"washingtonpost.com","video","Personal Computer","Atlanta","",358,1,0.00279,0.748,358
"weather.com","native","Set Top Box","New York","",426,1,0.00235,0.629,426
"cnet.com","native","Connected TV","Philadelphia","",371,1,0.00270,0.722,371
"washingtonpost.com","banner","Mobile/Tablet","Philadelphia","",747,3,0.00402,1.076,747
"washingtonpost.com","video","Phone","Phoenix","",400,0,0.00000,0.000,400
"techcrunch.com","banner","Connected Device","Phoenix","",766,2,0.00261,0.699,766
"weather.com","video","Personal Computer","Chicago","",417,2,0.00480,1.285,417
"washingtonpost.com","banner","Connected Device","New York","",754,1,0.00133,0.355,754
"cnet.com","banner","Personal Computer","New York","",746,1,0.00134,0.359,746
"theverge.com","video","Connected Device","Chicago","",398,1,0.00251,0.673,398
"espn.com","native","Tablet","Miami","",380,2,0.00526,1.410,380
"tmz.com","native","Connected Device","Houston","",363,0,0.00000,0.000,363
"cnet.com","banner","Mobile/Tablet","Houston","",744,1,0.00134,0.360,744
"cnet.com","native","Connected TV","Chicago","",397,4,0.01008,2.699,397
"espn.com","banner","Tablet","Denver","",778,1,0.00129,0.344,778
"nytimes.com","banner","Mobile/Tablet","Houston","",779,2,0.00257,0.688,779
"foxnews.com","video","Connected TV","Miami","",399,4,0.01003,2.686,399
"techcrunch.com","banner","Phone","New York","",782,2,0.00256,0.685,782
"bbc.com","native","Phone","Phoenix","",366,1,0.00273,0.732,366
"buzzfeed.com","video","Tablet","Atlanta","",365,1,0.00274,0.734,365
"tmz.com","native","Personal Computer","Phoenix","",376,2,0.00532,1.425,376
"washingtonpost.com","native","Connected Device","Denver","",403,0,0.00000,0.000,403
"foxnews.com","native","Connected Device","Los Angeles","",381,1,0.00263,0.703,381
"cnn.com","native","Set Top Box","Chicago","",381,0,0.00000,0.000,381
"espn.com","native","Connected TV","Houston","",361,1,0.00277,0.742,361
"forbes.com","native","Connected TV","Houston","",373,1,0.00268,0.718,373
"espn.com","native","Set Top Box","Dallas-Ft. Worth","",365,3,0.00822,2.202,365
"cnet.com","native","Phone","Phoenix","",387,1,0.00258,0.692,387
"washingtonpost.com","banner","Mobile/Tablet","Denver","",747,1,0.00134,0.359,747
"nytimes.com","video","Phone","Philadelphia","",372,3,0.00807,2.160,372
"espn.com","video","Personal Computer","Phoenix","",356,3,0.00843,2.257,356
"cnet.com","native","Connected Device","Houston","",382,2,0.00524,1.403,382
"nytimes.com","banner","Personal Computer","New York","",765,2,0.00261,0.700,765
"espn.com","video","Tablet","Miami","",392,0,0.00000,0.000,392
"buzzfeed.com","native","Connected TV","Houston","",365,0,0.00000,0.000,365
"buzzfeed.com","native","Phone","Houston","",383,1,0.00261,0.699,383
"espn.com","banner","Connected TV","Miami","",742,3,0.00404,1.083,742
"espn.com","banner","Personal Computer","Phoenix","",777,5,0.00644,1.724,777
"weather.com","banner","Tablet","Miami","",727,2,0.00275,0.737,727
"weather.com","video","Mobile/Tablet","Miami","",391,1,0.00256,0.685,391
"tmz.com","video","Connected TV","Los Angeles","",398,2,0.00503,1.346,398
"nytimes.com","native","Connected TV","Philadelphia","",409,1,0.00245,0.655,409
"nytimes.com","video","Tablet","Miami","",399,0,0.00000,0.000,399
"nytimes.com","video","Mobile/Tablet","Houston","",379,2,0.00528,1.414,379
"buzzfeed.com","native","Mobile/Tablet","Chicago","",398,1,0.00251,0.673,398
"buzzfeed.com","video","Tablet","Miami","",410,2,0.00488,1.307,410
"techcrunch.com","native","Connected Device","Houston","",421,2,0.00475,1.273,421
"forbes.com","video","Connected TV","New York","",378,4,0.01058,2.835,378
"tmz.com","video","Tablet","Los Angeles","",391,0,0.00000,0.000,391
"forbes.com","banner","Set Top Box","Houston","",736,4,0.00544,1.456,736
"people.com","native","Tablet","Philadelphia","",400,2,0.00500,1.339,400
"techcrunch.com","native","Tablet","Atlanta","",365,1,0.00274,0.734,365
"buzzfeed.com","video","Phone","Denver","",379,1,0.00264,0.707,379
"forbes.com","native","Connected Device","Miami","",399,2,0.00501,1.343,399
"bbc.com","native","Set Top Box","New York","",392,0,0.00000,0.000,392
"cnn.com","banner","Tablet","Phoenix","",776,1,0.00129,0.345,776
"cnet.com","video","Connected TV","Dallas-Ft. Worth","",379,1,0.00264,0.707,379
"cnn.com","native","Mobile/Tablet","Atlanta","",387,2,0.00517,1.384,387
"nytimes.com","banner","Set Top Box","Denver","",725,4,0.00552,1.478,725
"washingtonpost.com","video","Connected Device","Los Angeles","",369,1,0.00271,0.726,369
"weather.com","native","Phone","Dallas-Ft. Worth","",407,2,0.00491,1.316,407
"forbes.com","video","Set Top Box","Phoenix","",373,1,0.00268,0.718,373
"espn.com","native","Connected Device","Los Angeles","",370,1,0.00270,0.724,370
"washingtonpost.com","banner","Personal Computer","New York","",735,3,0.00408,1.093,735
"forbes.com","native","Personal Computer","Philadelphia","",404,0,0.00000,0.000,404
"nytimes.com","video","Connected TV","Los Angeles","",374,2,0.00535,1.433,374
"techcrunch.com","native","Tablet","Los Angeles","",383,0,0.00000,0.000,383
"people.com","native","Personal Computer","New York","",406,1,0.00246,0.660,406
"foxnews.com","native","Tablet","Los Angeles","",384,2,0.00521,1.395,384
"weather.com","banner","Connected Device","Los Angeles","",725,3,0.00414,1.108,725
"espn.com","video","Tablet","Houston","",382,1,0.00262,0.701,382
"cnn.com","banner","Set Top Box","Phoenix","",797,0,0.00000,0.000,797
"bbc.com","video","Personal Computer","Denver","",358,1,0.00279,0.748,358
"cnn.com","banner","Mobile/Tablet","Philadelphia","",745,6,0.00805,2.158,745
"cnet.com","banner","Connected TV","Chicago","",714,3,0.00420,1.126,714
"forbes.com","video","Mobile/Tablet","Dallas-Ft. Worth","",380,1,0.00263,0.705,380
"washingtonpost.com","banner","Set Top Box","Los Angeles","",723,1,0.00138,0.370,723
"bbc.com","video","Tablet","New York","",389,1,0.00257,0.689,389
"variety.com","banner","Phone","Houston","",748,3,0.00401,1.074,748
"buzzfeed.com","banner","Phone","Denver","",772,2,0.00259,0.694,772
"buzzfeed.com","native","Personal Computer","Atlanta","",355,0,0.00000,0.000,355
"bbc.com","video","Mobile/Tablet","Denver","",409,1,0.00245,0.655,409
"foxnews.com","native","Personal Computer","Miami","",412,1,0.00243,0.650,412
"buzzfeed.com","video","Phone","Philadelphia","",360,2,0.00556,1.488,360
"washingtonpost.com","banner","Personal Computer","Miami","",785,0,0.00000,0.000,785
"foxnews.com","banner","Connected TV","Denver","",758,2,0.00264,0.707,758
"washingtonpost.com","native","Connected Device","Chicago","",385,1,0.00260,0.696,385
"techcrunch.com","video","Tablet","Philadelphia","",375,0,0.00000,0.000,375
"techcrunch.com","video","Phone","Houston","",386,2,0.00518,1.388,386
"espn.com","banner","Phone","Los Angeles","",750,5,0.00667,1.786,750
"cnet.com","video","Connected TV","Los Angeles","",378,1,0.00265,0.709,378
"buzzfeed.com","video","Connected Device","Dallas-Ft. Worth","",389,3,0.00771,2.066,389
"variety.com","video","Mobile/Tablet","Houston","",380,1,0.00263,0.705,380
"washingtonpost.com","video","Tablet","Chicago","",376,0,0.00000,0.000,376
"washingtonpost.com","native","Personal Computer","Dallas-Ft. Worth","",399,1,0.00251,0.671,399
"bbc.com","native","Connected Device","Dallas-Ft. Worth","",373,2,0.00536,1.436,373
"variety.com","video","Connected TV","Miami","",389,0,0.00000,0.000,389
"foxnews.com","video","Connected Device","Atlanta","",346,0,0.00000,0.000,346
"theverge.com","video","Connected Device","Atlanta","",367,2,0.00545,1.460,367
"nytimes.com","native","Personal Computer","Phoenix","",378,0,0.00000,0.000,378
"people.com","native","Connected TV","Chicago","",358,4,0.01117,2.993,358
"washingtonpost.com","banner","Connected TV","Dallas-Ft. Worth","",747,5,0.00669,1.793,747
"washingtonpost.com","video","Connected Device","Philadelphia","",379,3,0.00792,2.121,379
"tmz.com","banner","Mobile/Tablet","Phoenix","",758,2,0.00264,0.707,758
"weather.com","video","Mobile/Tablet","Denver","",393,2,0.00509,1.363,393
"buzzfeed.com","banner","Tablet","Denver","",736,2,0.00272,0.728,736
"people.com","banner","Phone","Philadelphia","",770,3,0.00390,1.044,770
"buzzfeed.com","native","Tablet","Chicago","",374,2,0.00535,1.433,374
"washingtonpost.com","video","Connected TV","Los Angeles","",398,0,0.00000,0.000,398
"people.com","video","Personal Computer","Denver","",425,1,0.00235,0.630,425
"espn.com","banner","Connected TV","Houston","",727,6,0.00825,2.211,727
"cnet.com","video","Set Top Box","Denver","",368,0,0.00000,0.000,368
"nytimes.com","video","Mobile/Tablet","Denver","",410,2,0.00488,1.307,410
"bbc.com","native","Mobile/Tablet","Houston","",395,0,0.00000,0.000,395
"cnet.com","native","Connected TV","Dallas-Ft. Worth","",364,4,0.01099,2.944,364
"cnn.com","native","Personal Computer","New York","",382,1,0.00262,0.701,382
"techcrunch.com","banner","Connected Device","Denver","",748,3,0.00401,1.074,748
"washingtonpost.com","video","Mobile/Tablet","Chicago","",395,3,0.00760,2.035,395
"foxnews.com","video","Personal Computer","Atlanta","",390,1,0.00256,0.687,390
"foxnews.com","native","Mobile/Tablet","Atlanta","",400,1,0.00250,0.670,400
"washingtonpost.com","native","Tablet","Chicago","",382,1,0.00262,0.701,382
"tmz.com","native","Personal Computer","Dallas-Ft. Worth","",375,0,0.00000,0.000,375
"people.com","native","Personal Computer","Los Angeles","",346,2,0.00578,1.548,346
"people.com","video","Personal Computer","Miami","",409,1,0.00245,0.655,409
"techcrunch.com","video","Connected Device","New York","",380,2,0.00526,1.410,380
"cnn.com","banner","Connected Device","New York","",759,1,0.00132,0.353,759
"espn.com","banner","Tablet","Philadelphia","",757,1,0.00132,0.354,757
"weather.com","banner","Set Top Box","Houston","",770,7,0.00909,2.435,770
"theverge.com","native","Tablet","Chicago","",370,1,0.00270,0.724,370
"techcrunch.com","native","Set Top Box","Phoenix","",361,4,0.01108,2.968,361
"techcrunch.com","banner","Personal Computer","Philadelphia","",795,0,0.00000,0.000,795
"people.com","banner","Personal Computer","Dallas-Ft. Worth","",704,3,0.00426,1.141,704
"cnn.com","video","Connected Device","Dallas-Ft. Worth","",383,2,0.00522,1.399,383
"theverge.com","video","Set Top Box","Houston","",355,0,0.00000,0.000,355
"weather.com","banner","Tablet","New York","",809,6,0.00742,1.987,809
"washingtonpost.com","banner","Personal Computer","Denver","",730,2,0.00274,0.734,730
"washingtonpost.com","native","Connected TV","Atlanta","",370,2,0.00541,1.448,370
"espn.com","banner","Phone","Chicago","",800,6,0.00750,2.009,800
"bbc.com","banner","Tablet","Denver","",779,3,0.00385,1.032,779
"weather.com","native","Set Top Box","Houston","",372,2,0.00538,1.440,372
"foxnews.com","banner","Phone","Phoenix","",790,3,0.00380,1.017,790
"bbc.com","native","Tablet","Chicago","",365,2,0.00548,1.468,365
"techcrunch.com","native","Tablet","Philadelphia","",380,3,0.00790,2.115,380
"buzzfeed.com","video","Mobile/Tablet","Chicago","",401,2,0.00499,1.336,401
"theverge.com","banner","Mobile/Tablet","Los Angeles","",804,0,0.00000,0.000,804
"buzzfeed.com","video","Connected Device","Phoenix","",360,1,0.00278,0.744,360
"tmz.com","banner","Connected Device","Dallas-Ft. Worth","",768,4,0.00521,1.395,768
"people.com","native","Mobile/Tablet","Dallas-Ft. Worth","",397,1,0.00252,0.675,397
"washingtonpost.com","video","Set Top Box","Atlanta","",352,1,0.00284,0.761,352
"foxnews.com","banner","Personal Computer","Phoenix","",685,5,0.00730,1.955,685
"weather.com","native","Mobile/Tablet","Dallas-Ft. Worth","",398,5,0.01256,3.365,398
"cnet.com","video","Mobile/Tablet","Los Angeles","",414,1,0.00242,0.647,414
"washingtonpost.com","banner","Connected Device","Atlanta","",820,8,0.00976,2.613,820
"people.com","native","Personal Computer","Miami","",386,4,0.01036,2.776,386
"buzzfeed.com","banner","Connected TV","New York","",760,5,0.00658,1.762,760
"tmz.com","video","Mobile/Tablet","Los Angeles","",394,6,0.01523,4.079,394
"espn.com","native","Tablet","Philadelphia","",380,0,0.00000,0.000,380
"cnet.com","native","Set Top Box","Denver","",371,2,0.00539,1.444,371
"forbes.com","banner","Personal Computer","Chicago","",753,2,0.00266,0.711,753
"cnet.com","banner","Phone","Denver","",793,4,0.00504,1.351,793
"bbc.com","video","Set Top Box","Miami","",420,2,0.00476,1.276,420
"tmz.com","banner","Tablet","Houston","",716,0,0.00000,0.000,716
"nytimes.com","native","Connected TV","Los Angeles","",370,2,0.00541,1.448,370
"espn.com","native","Mobile/Tablet","Chicago","",356,2,0.00562,1.505,356
"people.com","banner","Phone","Chicago","",773,5,0.00647,1.733,773
"people.com","banner","Phone","Phoenix","",746,3,0.00402,1.077,746
"foxnews.com","banner","Personal Computer","Chicago","",800,3,0.00375,1.005,800
"variety.com","banner","Connected TV","Atlanta","",784,0,0.00000,0.000,784
"tmz.com","video","Personal Computer","Atlanta","",363,0,0.00000,0.000,363
"foxnews.com","banner","Set Top Box","Atlanta","",782,2,0.00256,0.685,782
"tmz.com","banner","Connected TV","Denver","",736,0,0.00000,0.000,736
"variety.com","native","Personal Computer","Philadelphia","",359,2,0.00557,1.492,359
"bbc.com","video","Connected Device","Los Angeles","",395,0,0.00000,0.000,395
"nytimes.com","native","Tablet","New York","",387,0,0.00000,0.000,387
"weather.com","banner","Mobile/Tablet","Miami","",767,9,0.01173,3.143,767
"espn.com","video","Phone","Miami","",362,3,0.00829,2.220,362
"forbes.com","video","Set Top Box","Dallas-Ft. Worth","",400,1,0.00250,0.670,400
"foxnews.com","video","Tablet","Phoenix","",393,1,0.00255,0.682,393
"variety.com","native","Phone","Philadelphia","",376,1,0.00266,0.713,376
"foxnews.com","banner","Personal Computer","Atlanta","",729,3,0.00412,1.102,729
"cnn.com","native","Connected TV","Los Angeles","",351,1,0.00285,0.763,351
"cnn.com","video","Set Top Box","Miami","",405,2,0.00494,1.323,405
"tmz.com","native","Mobile/Tablet","Dallas-Ft. Worth","",320,1,0.00313,0.837,320
"nytimes.com","banner","Tablet","Miami","",750,2,0.00267,0.714,750
"bbc.com","banner","Phone","Philadelphia","",797,6,0.00753,2.017,797
"variety.com","banner","Connected Device","Houston","",786,3,0.00382,1.023,786
"weather.com","banner","Personal Computer","Denver","",785,5,0.00637,1.706,785
"techcrunch.com","banner","Connected TV","Denver","",772,3,0.00389,1.041,772
"tmz.com","banner","Mobile/Tablet","Los Angeles","",760,0,0.00000,0.000,760
"foxnews.com","video","Phone","Los Angeles","",351,1,0.00285,0.763,351
"nytimes.com","banner","Connected Device","Chicago","",757,1,0.00132,0.354,757
"espn.com","banner","Set Top Box","Miami","",790,2,0.00253,0.678,790
"people.com","video","Phone","Philadelphia","",402,3,0.00746,1.999,402
"weather.com","native","Phone","Atlanta","",384,3,0.00781,2.093,384
"espn.com","video","Mobile/Tablet","New York","",375,3,0.00800,2.143,375
"techcrunch.com","native","Mobile/Tablet","Denver","",393,2,0.00509,1.363,393
"espn.com","native","Tablet","New York","",381,1,0.00263,0.703,381
"people.com","native","Connected Device","New York","",399,0,0.00000,0.000,399
"espn.com","banner","Personal Computer","New York","",771,7,0.00908,2.432,771
"theverge.com","video","Personal Computer","Atlanta","",383,2,0.00522,1.399,383
"forbes.com","banner","Tablet","Miami","",773,3,0.00388,1.040,773
"theverge.com","video","Phone","Chicago","",351,1,0.00285,0.763,351
"people.com","native","Connected Device","Atlanta","",361,1,0.00277,0.742,361
"weather.com","video","Set Top Box","Phoenix","",401,0,0.00000,0.000,401
"variety.com","video","Connected TV","Phoenix","",370,1,0.00270,0.724,370
"forbes.com","native","Tablet","Houston","",358,2,0.00559,1.497,358
"cnn.com","video","Phone","Philadelphia","",334,1,0.00299,0.802,334
"forbes.com","video","Connected Device","Atlanta","",390,0,0.00000,0.000,390
"bbc.com","video","Phone","Houston","",374,0,0.00000,0.000,374
"espn.com","video","Phone","New York","",445,2,0.00449,1.204,445
"forbes.com","native","Connected TV","Atlanta","",340,2,0.00588,1.576,340
"forbes.com","native","Set Top Box","New York","",378,2,0.00529,1.417,378
"tmz.com","banner","Connected TV","Houston","",775,3,0.00387,1.037,775
"buzzfeed.com","video","Connected TV","Los Angeles","",405,1,0.00247,0.661,405
"cnn.com","banner","Mobile/Tablet","Phoenix","",738,7,0.00949,2.541,738
"espn.com","banner","Set Top Box","Denver","",763,3,0.00393,1.053,763
"espn.com","banner","Phone","Houston","",762,4,0.00525,1.406,762
"weather.com","banner","Tablet","Philadelphia","",784,4,0.00510,1.367,784
"forbes.com","native","Tablet","Miami","",370,1,0.00270,0.724,370
"bbc.com","banner","Personal Computer","New York","",811,2,0.00247,0.661,811
"tmz.com","banner","Connected Device","Atlanta","",723,1,0.00138,0.370,723
"weather.com","banner","Set Top Box","Chicago","",760,5,0.00658,1.762,760
"people.com","banner","Phone","Dallas-Ft. Worth","",702,1,0.00143,0.382,702
"cnet.com","banner","Phone","Dallas-Ft. Worth","",776,3,0.00387,1.036,776
"cnn.com","banner","Personal Computer","Los Angeles","",746,6,0.00804,2.155,746
"foxnews.com","video","Connected Device","Denver","",399,0,0.00000,0.000,399
"bbc.com","video","Mobile/Tablet","Chicago","",366,5,0.01366,3.660,366
"washingtonpost.com","video","Connected Device","Phoenix","",395,2,0.00506,1.356,395
"variety.com","banner","Tablet","Houston","",791,3,0.00379,1.016,791
"buzzfeed.com","banner","Phone","New York","",781,3,0.00384,1.029,781
"foxnews.com","video","Phone","Phoenix","",375,1,0.00267,0.714,375
"cnn.com","video","Connected TV","Dallas-Ft. Worth","",393,3,0.00763,2.045,393
"cnn.com","banner","Tablet","Miami","",700,3,0.00429,1.148,700
"nytimes.com","native","Set Top Box","Los Angeles","",369,1,0.00271,0.726,369
"tmz.com","video","Connected TV","Miami","",376,2,0.00532,1.425,376
"cnn.com","banner","Personal Computer","Atlanta","",761,1,0.00131,0.352,761
"weather.com","native","Connected Device","Chicago","",396,3,0.00758,2.029,396
"techcrunch.com","native","Set Top Box","Atlanta","",411,2,0.00487,1.304,411
"washingtonpost.com","banner","Personal Computer","Chicago","",765,6,0.00784,2.101,765
"washingtonpost.com","video","Set Top Box","New York","",379,0,0.00000,0.000,379
"buzzfeed.com","banner","Phone","Los Angeles","",766,4,0.00522,1.399,766
"foxnews.com","video","Connected Device","Chicago","",398,1,0.00251,0.673,398
"cnn.com","video","Set Top Box","Chicago","",374,1,0.00267,0.716,374
"foxnews.com","banner","Tablet","Dallas-Ft. Worth","",787,0,0.00000,0.000,787
"weather.com","banner","Personal Computer","Dallas-Ft. Worth","",754,3,0.00398,1.066,754
"people.com","banner","Set Top Box","Chicago","",762,1,0.00131,0.351,762
"techcrunch.com","native","Connected Device","Atlanta","",362,1,0.00276,0.740,362
"people.com","banner","Mobile/Tablet","Atlanta","",797,6,0.00753,2.017,797
"nytimes.com","banner","Connected TV","Miami","",793,5,0.00631,1.689,793
"techcrunch.com","native","Phone","Miami","",385,2,0.00520,1.392,385
"washingtonpost.com","native","Tablet","Denver","",402,1,0.00249,0.666,402
"variety.com","video","Phone","New York","",406,1,0.00246,0.660,406
"techcrunch.com","video","Set Top Box","Chicago","",390,2,0.00513,1.374,390
"cnet.com","native","Connected Device","Phoenix","",373,1,0.00268,0.718,373
"techcrunch.com","video","Connected TV","Miami","",366,3,0.00820,2.196,366
"cnn.com","video","Mobile/Tablet","Phoenix","",346,2,0.00578,1.548,346
"weather.com","banner","Phone","Chicago","",761,3,0.00394,1.056,761
"cnet.com","native","Connected Device","Atlanta","",393,1,0.00255,0.682,393
"techcrunch.com","video","Mobile/Tablet","Denver","",395,2,0.00506,1.356,395
"theverge.com","banner","Connected TV","Atlanta","",763,3,0.00393,1.053,763
"weather.com","banner","Mobile/Tablet","Los Angeles","",759,3,0.00395,1.059,759
"bbc.com","video","Tablet","Atlanta","",386,3,0.00777,2.082,386
"cnn.com","banner","Connected TV","Denver","",734,0,0.00000,0.000,734
"techcrunch.com","video","Phone","Miami","",366,0,0.00000,0.000,366
"espn.com","video","Set Top Box","Miami","",389,0,0.00000,0.000,389
"foxnews.com","banner","Phone","Dallas-Ft. Worth","",792,1,0.00126,0.338,792
"buzzfeed.com","native","Personal Computer","Chicago","",402,0,0.00000,0.000,402
"weather.com","video","Connected Device","New York","",407,1,0.00246,0.658,407
"techcrunch.com","banner","Connected TV","Philadelphia","",760,3,0.00395,1.057,760
"forbes.com","banner","Connected TV","Phoenix","",780,7,0.00897,2.404,780
"espn.com","video","Set Top Box","Dallas-Ft. Worth","",411,0,0.00000,0.000,411
"buzzfeed.com","banner","Mobile/Tablet","Chicago","",781,4,0.00512,1.372,781
"weather.com","video","Personal Computer","Los Angeles","",393,3,0.00763,2.045,393
"weather.com","native","Phone","Phoenix","",373,1,0.00268,0.718,373
"techcrunch.com","video","Connected Device","Dallas-Ft. Worth","",341,4,0.01173,3.142,341
"cnn.com","native","Connected TV","Atlanta","",344,0,0.00000,0.000,344
"variety.com","video","Connected TV","Denver","",367,2,0.00545,1.460,367
"theverge.com","banner","Connected Device","Chicago","",759,3,0.00395,1.059,759
"espn.com","video","Tablet","Phoenix","",359,1,0.00279,0.746,359
"forbes.com","native","Tablet","Chicago","",385,1,0.00260,0.696,385
"forbes.com","video","Connected TV","Los Angeles","",393,4,0.01018,2.726,393
"nytimes.com","video","Connected TV","Miami","",372,3,0.00807,2.160,372
"buzzfeed.com","video","Phone","Dallas-Ft. Worth","",394,0,0.00000,0.000,394
"buzzfeed.com","native","Personal Computer","Phoenix","",358,0,0.00000,0.000,358
"techcrunch.com","video","Set Top Box","Houston","",379,0,0.00000,0.000,379
"forbes.com","video","Phone","Dallas-Ft. Worth","",386,1,0.00259,0.694,386
"forbes.com","native","Phone","Miami","",390,2,0.00513,1.374,390
"forbes.com","banner","Connected TV","Miami","",726,2,0.00276,0.738,726
"theverge.com","banner","Phone","Chicago","",707,2,0.00283,0.758,707
"tmz.com","video","Mobile/Tablet","Chicago","",379,3,0.00792,2.121,379
"buzzfeed.com","video","Personal Computer","Dallas-Ft. Worth","",359,2,0.00557,1.492,359
"techcrunch.com","native","Mobile/Tablet","Los Angeles","",369,2,0.00542,1.452,369
"buzzfeed.com","banner","Tablet","Houston","",763,1,0.00131,0.351,763
"buzzfeed.com","banner","Connected TV","Chicago","",765,8,0.01046,2.802,765
"tmz.com","native","Connected TV","Atlanta","",408,2,0.00490,1.313,408
"theverge.com","video","Personal Computer","Houston","",419,2,0.00477,1.279,419
"cnn.com","video","Phone","Los Angeles","",396,2,0.00505,1.353,396
"tmz.com","video","Personal Computer","Chicago","",398,0,0.00000,0.000,398
"espn.com","banner","Personal Computer","Dallas-Ft. Worth","",736,4,0.00544,1.456,736
"buzzfeed.com","banner","Personal Computer","New York","",767,2,0.00261,0.699,767
"nytimes.com","video","Tablet","Los Angeles","",382,1,0.00262,0.701,382
"cnn.com","native","Set Top Box","Atlanta","",392,1,0.00255,0.683,392
"theverge.com","video","Set Top Box","Phoenix","",377,1,0.00265,0.711,377
"washingtonpost.com","video","Set Top Box","Miami","",349,3,0.00860,2.303,349
"tmz.com","video","Tablet","Dallas-Ft. Worth","",336,0,0.00000,0.000,336
"washingtonpost.com","video","Connected TV","Miami","",353,1,0.00283,0.759,353
"variety.com","video","Tablet","Dallas-Ft. Worth","",398,1,0.00251,0.673,398
"theverge.com","banner","Set Top Box","Houston","",788,0,0.00000,0.000,788
"weather.com","native","Connected Device","Dallas-Ft. Worth","",377,0,0.00000,0.000,377
"nytimes.com","banner","Connected Device","New York","",748,3,0.00401,1.074,748
"tmz.com","native","Connected Device","Phoenix","",364,1,0.00275,0.736,364
"espn.com","video","Mobile/Tablet","Philadelphia","",379,2,0.00528,1.414,379
"people.com","banner","Connected TV","New York","",771,1,0.00130,0.347,771
"forbes.com","native","Set Top Box","Dallas-Ft. Worth","",351,2,0.00570,1.526,351
"people.com","video","Mobile/Tablet","New York","",388,3,0.00773,2.071,388
"cnn.com","banner","Connected TV","Los Angeles","",751,1,0.00133,0.357,751
"cnn.com","native","Connected TV","Phoenix","",379,1,0.00264,0.707,379
"washingtonpost.com","native","Connected Device","Los Angeles","",404,1,0.00248,0.663,404
"espn.com","banner","Connected Device","Los Angeles","",787,2,0.00254,0.681,787
"cnn.com","banner","Mobile/Tablet","Chicago","",779,2,0.00257,0.688,779
"tmz.com","banner","Connected Device","Houston","",787,3,0.00381,1.021,787
"cnn.com","video","Mobile/Tablet","Atlanta","",416,0,0.00000,0.000,416
"cnn.com","native","Connected Device","Los Angeles","",393,1,0.00255,0.682,393
"foxnews.com","video","Connected Device","Los Angeles","",391,2,0.00512,1.370,391
"forbes.com","banner","Mobile/Tablet","Chicago","",806,4,0.00496,1.329,806
"weather.com","native","Tablet","Philadelphia","",398,1,0.00251,0.673,398
"washingtonpost.com","banner","Tablet","Chicago","",751,3,0.00400,1.070,751
"people.com","banner","Connected TV","Phoenix","",803,10,0.01245,3.336,803
"techcrunch.com","banner","Connected Device","Houston","",797,3,0.00376,1.008,797
"theverge.com","native","Connected Device","Dallas-Ft. Worth","",391,2,0.00512,1.370,391
"bbc.com","video","Connected Device","Chicago","",386,2,0.00518,1.388,386
"bbc.com","banner","Connected TV","Los Angeles","",783,2,0.00255,0.684,783
"theverge.com","banner","Set Top Box","Chicago","",793,1,0.00126,0.338,793
"people.com","video","Set Top Box","Houston","",367,5,0.01362,3.650,367
"cnn.com","video","Personal Computer","Dallas-Ft. Worth","",375,1,0.00267,0.714,375
"weather.com","native","Set Top Box","Miami","",390,0,0.00000,0.000,390
"cnet.com","native","Personal Computer","Philadelphia","",370,0,0.00000,0.000,370
"tmz.com","native","Connected TV","Houston","",358,3,0.00838,2.245,358
"washingtonpost.com","native","Set Top Box","Dallas-Ft. Worth","",379,0,0.00000,0.000,379
"theverge.com","banner","Phone","Los Angeles","",772,2,0.00259,0.694,772
"espn.com","native","Connected Device","Denver","",383,2,0.00522,1.399,383
"bbc.com","banner","Set Top Box","Atlanta","",827,1,0.00121,0.324,827
"buzzfeed.com","native","Mobile/Tablet","Denver","",382,0,0.00000,0.000,382
"tmz.com","native","Phone","Dallas-Ft. Worth","",407,2,0.00491,1.316,407
"variety.com","video","Connected Device","Denver","",380,4,0.01053,2.820,380
"people.com","banner","Connected Device","Miami","",711,2,0.00281,0.754,711
"cnet.com","video","Connected Device","Miami","",364,2,0.00550,1.472,364
"nytimes.com","banner","Set Top Box","Chicago","",743,1,0.00135,0.361,743
"cnn.com","banner","Phone","Miami","",762,6,0.00787,2.109,762
"weather.com","native","Connected TV","Houston","",387,7,0.01809,4.845,387
"variety.com","banner","Connected TV","Philadelphia","",762,3,0.00394,1.055,762
"theverge.com","banner","Tablet","Phoenix","",754,2,0.00265,0.711,754
"washingtonpost.com","native","Set Top Box","Phoenix","",382,1,0.00262,0.701,382
"variety.com","native","Mobile/Tablet","Philadelphia","",393,1,0.00255,0.682,393
"techcrunch.com","video","Connected TV","Philadelphia","",377,3,0.00796,2.132,377
"tmz.com","video","Phone","Atlanta","",368,2,0.00544,1.456,368
"tmz.com","video","Mobile/Tablet","Atlanta","",390,0,0.00000,0.000,390
"theverge.com","video","Personal Computer","Los Angeles","",410,2,0.00488,1.307,410
"foxnews.com","video","Personal Computer","Chicago","",365,2,0.00548,1.468,365
"espn.com","native","Tablet","Houston","",369,0,0.00000,0.000,369
"buzzfeed.com","native","Connected Device","Los Angeles","",384,1,0.00260,0.698,384
"weather.com","banner","Connected Device","Chicago","",790,6,0.00760,2.035,790
"people.com","native","Personal Computer","Chicago","",361,1,0.00277,0.742,361
"theverge.com","native","Tablet","New York","",388,1,0.00258,0.690,388
"foxnews.com","native","Personal Computer","Houston","",362,3,0.00829,2.220,362
"cnn.com","video","Phone","Chicago","",356,3,0.00843,2.257,356
"espn.com","native","Mobile/Tablet","Phoenix","",382,2,0.00524,1.403,382
"tmz.com","native","Mobile/Tablet","Miami","",360,0,0.00000,0.000,360
"bbc.com","native","Connected Device","Atlanta","",388,2,0.00516,1.381,388
"washingtonpost.com","banner","Connected Device","Los Angeles","",730,0,0.00000,0.000,730
"nytimes.com","native","Tablet","Atlanta","",348,0,0.00000,0.000,348
"tmz.com","banner","Personal Computer","Los Angeles","",800,3,0.00375,1.005,800
"foxnews.com","video","Connected Device","New York","",388,2,0.00516,1.381,388
"washingtonpost.com","banner","Phone","Miami","",744,2,0.00269,0.720,744
"cnn.com","video","Connected Device","Philadelphia","",382,1,0.00262,0.701,382
"buzzfeed.com","banner","Mobile/Tablet","Phoenix","",782,1,0.00128,0.343,782
"cnn.com","banner","Mobile/Tablet","Miami","",785,1,0.00127,0.341,785
"variety.com","native","Mobile/Tablet","Dallas-Ft. Worth","",373,2,0.00536,1.436,373
"forbes.com","banner","Connected TV","Los Angeles","",780,9,0.01154,3.091,780
"espn.com","video","Personal Computer","New York","",381,0,0.00000,0.000,381
"weather.com","banner","Phone","Los Angeles","",774,3,0.00388,1.038,774
"nytimes.com","banner","Phone","Chicago","",821,1,0.00122,0.326,821
"nytimes.com","native","Phone","Philadelphia","",383,1,0.00261,0.699,383
"people.com","banner","Connected Device","Philadelphia","",780,3,0.00385,1.030,780
"foxnews.com","video","Tablet","Chicago","",359,1,0.00279,0.746,359
"espn.com","video","Tablet","New York","",341,1,0.00293,0.786,341
"nytimes.com","banner","Connected TV","Houston","",779,8,0.01027,2.751,779
"theverge.com","video","Connected Device","Philadelphia","",403,0,0.00000,0.000,403
"tmz.com","native","Connected TV","Philadelphia","",398,4,0.01005,2.692,398
"people.com","video","Connected TV","Los Angeles","",373,3,0.00804,2.155,373
"techcrunch.com","video","Connected TV","Dallas-Ft. Worth","",398,3,0.00754,2.019,398
"techcrunch.com","video","Mobile/Tablet","Chicago","",396,0,0.00000,0.000,396
"variety.com","banner","Set Top Box","Denver","",740,2,0.00270,0.724,740
"cnn.com","banner","Connected TV","New York","",771,4,0.00519,1.390,771
"espn.com","native","Tablet","Phoenix","",420,1,0.00238,0.638,420
"techcrunch.com","banner","Tablet","Houston","",837,1,0.00120,0.320,837
"variety.com","video","Connected Device","Philadelphia","",353,2,0.00567,1.518,353
"nytimes.com","video","Set Top Box","Atlanta","",387,1,0.00258,0.692,387
"theverge.com","banner","Tablet","Dallas-Ft. Worth","",773,1,0.00129,0.347,773
"buzzfeed.com","video","Set Top Box","Miami","",395,0,0.00000,0.000,395
"nytimes.com","video","Connected Device","Miami","",362,0,0.00000,0.000,362
"techcrunch.com","video","Mobile/Tablet","Los Angeles","",365,1,0.00274,0.734,365
"forbes.com","video","Personal Computer","Dallas-Ft. Worth","",409,0,0.00000,0.000,409
"cnet.com","video","Tablet","Chicago","",375,2,0.00533,1.429,375
"people.com","native","Mobile/Tablet","Chicago","",376,4,0.01064,2.850,376
"weather.com","banner","Personal Computer","Los Angeles","",776,3,0.00387,1.036,776
"washingtonpost.com","banner","Connected Device","Philadelphia","",782,1,0.00128,0.343,782
"bbc.com","native","Set Top Box","Denver","",352,0,0.00000,0.000,352
"buzzfeed.com","video","Mobile/Tablet","Phoenix","",369,4,0.01084,2.904,369
"weather.com","native","Set Top Box","Los Angeles","",401,5,0.01247,3.340,401
"techcrunch.com","video","Phone","Atlanta","",366,1,0.00273,0.732,366
"weather.com","video","Phone","Denver","",379,2,0.00528,1.414,379
"forbes.com","banner","Phone","Los Angeles","",742,4,0.00539,1.444,742
"weather.com","banner","Mobile/Tablet","Philadelphia","",770,4,0.00520,1.392,770
"cnet.com","native","Mobile/Tablet","Atlanta","",389,2,0.00514,1.377,389
"forbes.com","banner","Connected Device","Denver","",767,1,0.00130,0.349,767
"bbc.com","native","Connected TV","Miami","",368,2,0.00544,1.456,368
"tmz.com","banner","Phone","New York","",800,3,0.00375,1.005,800
"bbc.com","native","Connected Device","Phoenix","",372,4,0.01075,2.881,372
"foxnews.com","video","Personal Computer","Phoenix","",385,1,0.00260,0.696,385
"tmz.com","banner","Tablet","Los Angeles","",765,2,0.00261,0.700,765
"weather.com","video","Set Top Box","Miami","",385,0,0.00000,0.000,385
"variety.com","banner","Personal Computer","Dallas-Ft. Worth","",801,2,0.00250,0.669,801
"weather.com","native","Personal Computer","Atlanta","",400,1,0.00250,0.670,400
"cnet.com","video","Mobile/Tablet","Phoenix","",340,1,0.00294,0.788,340
"techcrunch.com","native","Set Top Box","New York","",379,2,0.00528,1.414,379
"tmz.com","video","Phone","Los Angeles","",399,1,0.00251,0.671,399
"washingtonpost.com","banner","Connected Device","Chicago","",767,3,0.00391,1.048,767
"foxnews.com","native","Phone","New York","",392,1,0.00255,0.683,392
"theverge.com","native","Set Top Box","Miami","",401,3,0.00748,2.004,401
"people.com","native","Connected Device","Phoenix","",354,1,0.00283,0.757,354
"bbc.com","banner","Connected TV","Dallas-Ft. Worth","",729,2,0.00274,0.735,729
"forbes.com","video","Connected TV","Denver","",380,0,0.00000,0.000,380
"variety.com","banner","Connected Device","Dallas-Ft. Worth","",761,2,0.00263,0.704,761
"buzzfeed.com","video","Set Top Box","Atlanta","",354,1,0.00283,0.757,354
"nytimes.com","banner","Connected TV","Phoenix","",797,3,0.00376,1.008,797
"weather.com","banner","Connected TV","Dallas-Ft. Worth","",801,5,0.00624,1.672,801
"bbc.com","banner","Phone","Los Angeles","",766,0,0.00000,0.000,766
"theverge.com","native","Phone","Los Angeles","",347,1,0.00288,0.772,347
"weather.com","video","Tablet","Houston","",400,1,0.00250,0.670,400
"cnet.com","native","Phone","Denver","",367,1,0.00273,0.730,367
"foxnews.com","banner","Tablet","Houston","",779,3,0.00385,1.032,779
"cnn.com","video","Connected Device","Miami","",421,2,0.00475,1.273,421
"nytimes.com","native","Mobile/Tablet","Philadelphia","",424,6,0.01415,3.791,424
"nytimes.com","native","Phone","Miami","",384,2,0.00521,1.395,384
"washingtonpost.com","banner","Personal Computer","Dallas-Ft. Worth","",716,2,0.00279,0.748,716
"foxnews.com","banner","Tablet","Philadelphia","",750,0,0.00000,0.000,750
"variety.com","banner","Connected TV","Miami","",790,2,0.00253,0.678,790
"people.com","video","Connected Device","Miami","",370,0,0.00000,0.000,370
"theverge.com","native","Connected TV","Atlanta","",391,2,0.00512,1.370,391
"weather.com","banner","Personal Computer","Atlanta","",798,5,0.00627,1.679,798
"espn.com","native","Connected TV","Los Angeles","",384,4,0.01042,2.791,384
"people.com","video","Tablet","Atlanta","",390,0,0.00000,0.000,390
"espn.com","video","Mobile/Tablet","Chicago","",323,0,0.00000,0.000,323
"theverge.com","native","Tablet","Denver","",384,1,0.00260,0.698,384
"cnn.com","video","Set Top Box","Atlanta","",402,1,0.00249,0.666,402
"foxnews.com","banner","Phone","Los Angeles","",756,3,0.00397,1.063,756
"cnet.com","native","Connected TV","Phoenix","",390,1,0.00256,0.687,390
"foxnews.com","native","Personal Computer","Los Angeles","",361,1,0.00277,0.742,361
"people.com","video","Mobile/Tablet","Denver","",394,3,0.00761,2.040,394
"buzzfeed.com","native","Personal Computer","Miami","",393,1,0.00255,0.682,393
"nytimes.com","video","Phone","Chicago","",393,1,0.00255,0.682,393
"washingtonpost.com","video","Connected Device","Dallas-Ft. Worth","",364,1,0.00275,0.736,364
"techcrunch.com","video","Connected TV","Houston","",399,2,0.00501,1.343,399
"cnn.com","native","Mobile/Tablet","Miami","",398,3,0.00754,2.019,398
"buzzfeed.com","banner","Tablet","Dallas-Ft. Worth","",783,3,0.00383,1.026,783
"variety.com","video","Connected TV","Chicago","",377,2,0.00531,1.421,377
"techcrunch.com","video","Connected Device","Chicago","",368,0,0.00000,0.000,368
"espn.com","banner","Tablet","Dallas-Ft. Worth","",841,6,0.00713,1.911,841
"buzzfeed.com","banner","Mobile/Tablet","Philadelphia","",765,1,0.00131,0.350,765
"foxnews.com","video","Set Top Box","Chicago","",409,3,0.00734,1.965,409
"bbc.com","native","Tablet","Dallas-Ft. Worth","",389,0,0.00000,0.000,389
"nytimes.com","banner","Personal Computer","Houston","",808,3,0.00371,0.995,808
"theverge.com","video","Set Top Box","Atlanta","",386,0,0.00000,0.000,386
"cnet.com","native","Phone","Houston","",398,0,0.00000,0.000,398
"techcrunch.com","video","Set Top Box","Miami","",388,0,0.00000,0.000,388
"techcrunch.com","video","Mobile/Tablet","Atlanta","",418,2,0.00479,1.282,418
"espn.com","native","Set Top Box","Phoenix","",392,3,0.00765,2.050,392
"espn.com","video","Connected Device","Houston","",371,2,0.00539,1.444,371
"foxnews.com","video","Connected Device","Miami","",366,0,0.00000,0.000,366
"cnet.com","native","Phone","Atlanta","",414,1,0.00242,0.647,414
"cnet.com","video","Tablet","Los Angeles","",379,0,0.00000,0.000,379
"washingtonpost.com","banner","Phone","Philadelphia","",790,0,0.00000,0.000,790
"cnn.com","banner","Tablet","Houston","",769,0,0.00000,0.000,769
"tmz.com","banner","Phone","Phoenix","",716,3,0.00419,1.122,716
"washingtonpost.com","native","Personal Computer","Houston","",378,3,0.00794,2.126,378
"espn.com","native","Phone","Los Angeles","",382,3,0.00785,2.104,382
"tmz.com","video","Connected Device","Miami","",390,0,0.00000,0.000,390
"forbes.com","native","Tablet","Phoenix","",362,0,0.00000,0.000,362
"nytimes.com","native","Connected Device","Chicago","",360,1,0.00278,0.744,360
"weather.com","video","Personal Computer","Dallas-Ft. Worth","",386,1,0.00259,0.694,386
"buzzfeed.com","video","Set Top Box","Dallas-Ft. Worth","",401,2,0.00499,1.336,401
"buzzfeed.com","video","Mobile/Tablet","New York","",384,0,0.00000,0.000,384
"cnn.com","video","Tablet","Chicago","",386,1,0.00259,0.694,386
"bbc.com","video","Mobile/Tablet","Houston","",372,1,0.00269,0.720,372
"buzzfeed.com","banner","Phone","Atlanta","",757,4,0.00528,1.415,757
"weather.com","banner","Mobile/Tablet","Denver","",770,2,0.00260,0.696,770
"cnn.com","video","Tablet","Miami","",364,1,0.00275,0.736,364
"cnet.com","banner","Connected Device","Phoenix","",770,2,0.00260,0.696,770
"foxnews.com","native","Connected Device","Chicago","",375,1,0.00267,0.714,375
"cnet.com","native","Tablet","Dallas-Ft. Worth","",369,2,0.00542,1.452,369
"techcrunch.com","banner","Set Top Box","Denver","",743,2,0.00269,0.721,743
"techcrunch.com","native","Mobile/Tablet","Philadelphia","",370,4,0.01081,2.896,370
"washingtonpost.com","banner","Tablet","New York","",720,1,0.00139,0.372,720
"techcrunch.com","banner","Tablet","Atlanta","",744,1,0.00134,0.360,744
"techcrunch.com","banner","Tablet","Chicago","",727,2,0.00275,0.737,727
"washingtonpost.com","banner","Set Top Box","Denver","",746,2,0.00268,0.718,746
"cnet.com","banner","Mobile/Tablet","Philadelphia","",735,4,0.00544,1.458,735
"tmz.com","native","Mobile/Tablet","Houston","",372,0,0.00000,0.000,372
"washingtonpost.com","native","Tablet","New York","",415,2,0.00482,1.291,415
"people.com","banner","Connected Device","Dallas-Ft. Worth","",794,4,0.00504,1.350,794
"nytimes.com","video","Connected Device","Chicago","",398,1,0.00251,0.673,398
"washingtonpost.com","native","Mobile/Tablet","Philadelphia","",355,0,0.00000,0.000,355
"variety.com","banner","Mobile/Tablet","Denver","",722,2,0.00277,0.742,722
"people.com","native","Set Top Box","Chicago","",379,1,0.00264,0.707,379
"cnn.com","video","Phone","New York","",390,1,0.00256,0.687,390
"tmz.com","video","Personal Computer","Houston","",382,5,0.01309,3.506,382
"washingtonpost.com","banner","Connected TV","Philadelphia","",804,5,0.00622,1.666,804
"techcrunch.com","banner","Mobile/Tablet","Houston","",780,5,0.00641,1.717,780
"washingtonpost.com","video","Personal Computer","New York","",381,0,0.00000,0.000,381
"forbes.com","banner","Tablet","Los Angeles","",776,3,0.00387,1.036,776
"techcrunch.com","video","Personal Computer","Denver","",393,0,0.00000,0.000,393
"cnn.com","video","Tablet","Philadelphia","",376,2,0.00532,1.425,376
"washingtonpost.com","banner","Connected Device","Houston","",766,3,0.00392,1.049,766
"buzzfeed.com","video","Connected Device","Los Angeles","",396,0,0.00000,0.000,396
"foxnews.com","native","Connected Device","Atlanta","",375,1,0.00267,0.714,375
"techcrunch.com","native","Tablet","Miami","",418,0,0.00000,0.000,418
"theverge.com","video","Phone","Philadelphia","",444,2,0.00451,1.207,444
"espn.com","video","Connected Device","Los Angeles","",358,1,0.00279,0.748,358
"variety.com","native","Personal Computer","Los Angeles","",395,0,0.00000,0.000,395
"bbc.com","native","Personal Computer","New York","",378,2,0.00529,1.417,378
"variety.com","banner","Mobile/Tablet","Miami","",718,3,0.00418,1.119,718
"variety.com","native","Mobile/Tablet","Los Angeles","",407,2,0.00491,1.316,407
"cnn.com","video","Tablet","Houston","",368,0,0.00000,0.000,368
"cnn.com","native","Connected TV","Miami","",370,3,0.00811,2.172,370
"cnn.com","video","Personal Computer","Philadelphia","",361,0,0.00000,0.000,361
"tmz.com","native","Set Top Box","New York","",388,0,0.00000,0.000,388
"cnet.com","native","Mobile/Tablet","Los Angeles","",396,3,0.00758,2.029,396
"variety.com","native","Personal Computer","Denver","",363,2,0.00551,1.476,363
"techcrunch.com","video","Tablet","New York","",380,3,0.00790,2.115,380
"theverge.com","banner","Mobile/Tablet","Philadelphia","",789,4,0.00507,1.358,789
"foxnews.com","native","Mobile/Tablet","Dallas-Ft. Worth","",362,2,0.00553,1.480,362
"theverge.com","native","Mobile/Tablet","Denver","",366,3,0.00820,2.196,366
"variety.com","banner","Connected Device","Denver","",737,3,0.00407,1.091,737
"weather.com","banner","Phone","Dallas-Ft. Worth","",791,3,0.00379,1.016,791
"forbes.com","banner","Set Top Box","Chicago","",751,2,0.00266,0.713,751
"people.com","banner","Mobile/Tablet","New York","",733,4,0.00546,1.462,733
"cnet.com","banner","Personal Computer","Chicago","",749,1,0.00134,0.358,749
"people.com","video","Mobile/Tablet","Chicago","",390,0,0.00000,0.000,390
"people.com","banner","Personal Computer","Los Angeles","",723,2,0.00277,0.741,723
"weather.com","native","Phone","Philadelphia","",366,2,0.00546,1.464,366
"foxnews.com","banner","Phone","Atlanta","",794,1,0.00126,0.337,794
"theverge.com","native","Personal Computer","Phoenix","",414,1,0.00242,0.647,414
"tmz.com","native","Set Top Box","Denver","",372,2,0.00538,1.440,372
"people.com","banner","Personal Computer","Atlanta","",782,2,0.00256,0.685,782
"nytimes.com","native","Mobile/Tablet","Chicago","",368,1,0.00272,0.728,368
"espn.com","video","Personal Computer","Houston","",379,2,0.00528,1.414,379
"nytimes.com","video","Phone","Dallas-Ft. Worth","",329,0,0.00000,0.000,329
"buzzfeed.com","video","Tablet","New York","",365,2,0.00548,1.468,365
"cnn.com","native","Tablet","Philadelphia","",385,2,0.00520,1.392,385
"buzzfeed.com","video","Phone","Miami","",339,0,0.00000,0.000,339
"weather.com","video","Tablet","Los Angeles","",355,0,0.00000,0.000,355
"techcrunch.com","video","Set Top Box","Philadelphia","",379,0,0.00000,0.000,379
"foxnews.com","native","Tablet","Philadelphia","",370,1,0.00270,0.724,370
"espn.com","video","Personal Computer","Chicago","",375,1,0.00267,0.714,375
"weather.com","video","Phone","Chicago","",377,1,0.00265,0.711,377
"people.com","native","Connected Device","Houston","",337,2,0.00594,1.590,337
"weather.com","native","Mobile/Tablet","Phoenix","",348,4,0.01149,3.079,348
"washingtonpost.com","native","Personal Computer","Miami","",381,2,0.00525,1.406,381
"forbes.com","video","Phone","Miami","",362,2,0.00553,1.480,362
"weather.com","video","Set Top Box","Chicago","",369,1,0.00271,0.726,369
"foxnews.com","native","Connected TV","Atlanta","",369,4,0.01084,2.904,369
"people.com","banner","Personal Computer","Chicago","",775,5,0.00645,1.728,775
"buzzfeed.com","video","Connected Device","Chicago","",363,2,0.00551,1.476,363
"cnn.com","native","Set Top Box","Los Angeles","",408,1,0.00245,0.657,408
"techcrunch.com","native","Phone","Denver","",379,1,0.00264,0.707,379
"forbes.com","banner","Set Top Box","Los Angeles","",744,1,0.00134,0.360,744
"cnn.com","banner","Mobile/Tablet","Houston","",793,8,0.01009,2.702,793
"variety.com","native","Connected TV","Philadelphia","",398,3,0.00754,2.019,398
"bbc.com","video","Phone","Chicago","",407,1,0.00246,0.658,407
"variety.com","native","Phone","Phoenix","",391,3,0.00767,2.055,391
"cnet.com","native","Tablet","Philadelphia","",386,1,0.00259,0.694,386
"cnet.com","video","Connected Device","Atlanta","",377,1,0.00265,0.711,377
"foxnews.com","video","Phone","Houston","",381,3,0.00787,2.109,381
"cnn.com","banner","Personal Computer","Philadelphia","",779,1,0.00128,0.344,779
"cnet.com","video","Connected TV","Houston","",393,4,0.01018,2.726,393
"washingtonpost.com","video","Connected TV","Denver","",400,1,0.00250,0.670,400
"cnn.com","video","Set Top Box","Houston","",381,2,0.00525,1.406,381
"tmz.com","banner","Phone","Miami","",743,4,0.00538,1.442,743
"cnet.com","native","Set Top Box","Los Angeles","",370,2,0.00541,1.448,370
"espn.com","native","Connected TV","Miami","",353,2,0.00567,1.518,353
"weather.com","native","Personal Computer","Dallas-Ft. Worth","",356,0,0.00000,0.000,356
"weather.com","native","Connected TV","Atlanta","",386,0,0.00000,0.000,386
"washingtonpost.com","native","Personal Computer","Atlanta","",400,1,0.00250,0.670,400
"weather.com","native","Tablet","Dallas-Ft. Worth","",391,2,0.00512,1.370,391
"nytimes.com","video","Connected Device","Denver","",371,1,0.00270,0.722,371
"buzzfeed.com","native","Mobile/Tablet","Houston","",340,0,0.00000,0.000,340
"theverge.com","banner","Mobile/Tablet","Denver","",781,3,0.00384,1.029,781
"techcrunch.com","banner","Connected TV","Miami","",764,4,0.00524,1.403,764
"espn.com","native","Phone","New York","",376,3,0.00798,2.137,376
"techcrunch.com","video","Tablet","Houston","",397,3,0.00756,2.024,397
"forbes.com","native","Mobile/Tablet","Philadelphia","",384,1,0.00260,0.698,384
"weather.com","video","Connected TV","Houston","",347,3,0.00865,2.316,347
"techcrunch.com","video","Personal Computer","Dallas-Ft. Worth","",345,0,0.00000,0.000,345
"foxnews.com","banner","Set Top Box","Los Angeles","",836,2,0.00239,0.641,836
"nytimes.com","native","Tablet","Philadelphia","",362,0,0.00000,0.000,362
"variety.com","video","Mobile/Tablet","New York","",387,0,0.00000,0.000,387
"bbc.com","banner","Connected Device","New York","",763,3,0.00393,1.053,763
"nytimes.com","banner","Connected Device","Miami","",766,2,0.00261,0.699,766
"tmz.com","banner","Tablet","Dallas-Ft. Worth","",744,1,0.00134,0.360,744
"theverge.com","native","Personal Computer","Houston","",415,3,0.00723,1.937,415
"theverge.com","banner","Mobile/Tablet","Phoenix","",728,2,0.00275,0.736,728
"forbes.com","video","Tablet","Philadelphia","",411,0,0.00000,0.000,411
"theverge.com","banner","Tablet","Houston","",765,3,0.00392,1.051,765
"bbc.com","banner","Personal Computer","Chicago","",758,2,0.00264,0.707,758
"foxnews.com","video","Personal Computer","Miami","",358,3,0.00838,2.245,358
"espn.com","banner","Mobile/Tablet","Chicago","",794,5,0.00630,1.687,794
"variety.com","video","Mobile/Tablet","Phoenix","",390,1,0.00256,0.687,390
"cnet.com","video","Personal Computer","Denver","",390,1,0.00256,0.687,390
"variety.com","video","Mobile/Tablet","Miami","",373,0,0.00000,0.000,373
"people.com","native","Mobile/Tablet","Los Angeles","",368,3,0.00815,2.184,368
"buzzfeed.com","native","Mobile/Tablet","Miami","",421,2,0.00475,1.273,421
"buzzfeed.com","video","Phone","Houston","",384,0,0.00000,0.000,384
"tmz.com","native","Set Top Box","Philadelphia","",409,0,0.00000,0.000,409
"tmz.com","native","Tablet","Houston","",406,0,0.00000,0.000,406
"techcrunch.com","banner","Mobile/Tablet","New York","",692,2,0.00289,0.774,692
"people.com","native","Mobile/Tablet","Atlanta","",386,3,0.00777,2.082,386
"techcrunch.com","native","Phone","Atlanta","",377,2,0.00531,1.421,377
"tmz.com","banner","Set Top Box","Houston","",685,1,0.00146,0.391,685
"techcrunch.com","native","Mobile/Tablet","Miami","",383,5,0.01306,3.497,383
"techcrunch.com","native","Personal Computer","Philadelphia","",380,1,0.00263,0.705,380
"washingtonpost.com","native","Set Top Box","Chicago","",373,2,0.00536,1.436,373
"bbc.com","video","Set Top Box","Atlanta","",364,1,0.00275,0.736,364
"variety.com","banner","Set Top Box","Miami","",768,2,0.00260,0.698,768
"cnn.com","banner","Connected Device","Houston","",772,2,0.00259,0.694,772
"foxnews.com","banner","Connected Device","Atlanta","",792,4,0.00505,1.353,792
"people.com","video","Phone","Houston","",367,1,0.00273,0.730,367
"cnet.com","banner","Mobile/Tablet","Miami","",764,2,0.00262,0.701,764
"theverge.com","banner","Set Top Box","Denver","",743,3,0.00404,1.082,743
"theverge.com","banner","Connected Device","Atlanta","",777,7,0.00901,2.413,777
"theverge.com","video","Connected TV","Los Angeles","",397,3,0.00756,2.024,397
"bbc.com","native","Phone","Denver","",401,0,0.00000,0.000,401
"techcrunch.com","native","Set Top Box","Miami","",358,1,0.00279,0.748,358
"cnn.com","video","Connected Device","Chicago","",366,3,0.00820,2.196,366
"buzzfeed.com","video","Mobile/Tablet","Miami","",386,1,0.00259,0.694,386
"theverge.com","video","Phone","Los Angeles","",379,0,0.00000,0.000,379
"bbc.com","native","Tablet","New York","",405,2,0.00494,1.323,405
"washingtonpost.com","banner","Mobile/Tablet","New York","",738,1,0.00136,0.363,738
"forbes.com","video","Mobile/Tablet","Miami","",379,3,0.00792,2.121,379
"nytimes.com","video","Mobile/Tablet","Atlanta","",375,2,0.00533,1.429,375
"nytimes.com","native","Phone","Los Angeles","",378,1,0.00265,0.709,378
"washingtonpost.com","video","Connected Device","Denver","",423,1,0.00236,0.633,423
"cnet.com","banner","Tablet","Dallas-Ft. Worth","",815,3,0.00368,0.986,815
"tmz.com","banner","Tablet","Chicago","",748,4,0.00535,1.433,748
"people.com","banner","Tablet","Dallas-Ft. Worth","",817,6,0.00734,1.967,817
"variety.com","banner","Tablet","Dallas-Ft. Worth","",730,1,0.00137,0.367,730
"techcrunch.com","video","Connected TV","Chicago","",383,4,0.01044,2.798,383
"techcrunch.com","video","Personal Computer","Los Angeles","",396,0,0.00000,0.000,396
"bbc.com","native","Connected TV","Chicago","",366,3,0.00820,2.196,366
"people.com","banner","Set Top Box","Atlanta","",770,3,0.00390,1.044,770
"buzzfeed.com","banner","Personal Computer","Denver","",775,2,0.00258,0.691,775
"washingtonpost.com","banner","Set Top Box","Houston","",779,2,0.00257,0.688,779
"espn.com","video","Tablet","Philadelphia","",368,0,0.00000,0.000,368
"variety.com","video","Connected TV","Philadelphia","",372,3,0.00807,2.160,372
"foxnews.com","banner","Tablet","Denver","",737,1,0.00136,0.364,737
"espn.com","banner","Connected Device","New York","",766,0,0.00000,0.000,766
"bbc.com","banner","Personal Computer","Atlanta","",770,1,0.00130,0.348,770
"cnn.com","banner","Phone","Atlanta","",755,0,0.00000,0.000,755
"washingtonpost.com","video","Tablet","Los Angeles","",405,0,0.00000,0.000,405
"cnn.com","banner","Set Top Box","Dallas-Ft. Worth","",782,2,0.00256,0.685,782
"techcrunch.com","banner","Connected TV","Chicago","",773,4,0.00518,1.386,773
"foxnews.com","video","Connected Device","Houston","",400,2,0.00500,1.339,400
"theverge.com","banner","Connected TV","Los Angeles","",729,4,0.00549,1.470,729
"cnet.com","banner","Set Top Box","Houston","",775,4,0.00516,1.383,775
"variety.com","native","Personal Computer","Atlanta","",371,1,0.00270,0.722,371
"theverge.com","native","Phone","Atlanta","",405,1,0.00247,0.661,405
"nytimes.com","video","Phone","Atlanta","",384,2,0.00521,1.395,384
"washingtonpost.com","banner","Tablet","Los Angeles","",721,3,0.00416,1.115,721
"forbes.com","native","Personal Computer","Los Angeles","",387,1,0.00258,0.692,387
"people.com","video","Set Top Box","Atlanta","",391,1,0.00256,0.685,391
"theverge.com","native","Tablet","Houston","",405,0,0.00000,0.000,405
"nytimes.com","native","Connected Device","Los Angeles","",361,1,0.00277,0.742,361
"forbes.com","native","Phone","Philadelphia","",336,0,0.00000,0.000,336
"forbes.com","native","Connected Device","Houston","",411,1,0.00243,0.652,411
"washingtonpost.com","banner","Connected TV","Houston","",743,4,0.00538,1.442,743
"tmz.com","video","Tablet","Philadelphia","",358,0,0.00000,0.000,358
"theverge.com","banner","Connected TV","Phoenix","",743,1,0.00135,0.361,743
"techcrunch.com","banner","Phone","Philadelphia","",763,2,0.00262,0.702,763
"bbc.com","banner","Set Top Box","Denver","",743,2,0.00269,0.721,743
"espn.com","banner","Connected TV","Denver","",743,5,0.00673,1.803,743
"theverge.com","banner","Tablet","Philadelphia","",764,1,0.00131,0.351,764
"buzzfeed.com","banner","Connected Device","Atlanta","",767,3,0.00391,1.048,767
"weather.com","banner","Personal Computer","Miami","",739,2,0.00271,0.725,739
"techcrunch.com","video","Phone","Denver","",397,1,0.00252,0.675,397
"weather.com","video","Tablet","Phoenix","",359,3,0.00836,2.239,359
"cnet.com","video","Connected Device","Chicago","",373,2,0.00536,1.436,373
"variety.com","native","Mobile/Tablet","Chicago","",369,1,0.00271,0.726,369
"people.com","video","Set Top Box","Denver","",368,4,0.01087,2.912,368
"cnet.com","banner","Set Top Box","Atlanta","",761,1,0.00131,0.352,761
"techcrunch.com","banner","Phone","Los Angeles","",777,2,0.00257,0.690,777
"foxnews.com","video","Connected Device","Dallas-Ft. Worth","",375,0,0.00000,0.000,375
"bbc.com","banner","Mobile/Tablet","Phoenix","",777,4,0.00515,1.379,777
"forbes.com","banner","Tablet","Philadelphia","",769,3,0.00390,1.045,769
"techcrunch.com","native","Personal Computer","New York","",371,1,0.00270,0.722,371
"foxnews.com","video","Connected TV","Atlanta","",392,0,0.00000,0.000,392
"variety.com","banner","Phone","Chicago","",711,2,0.00281,0.754,711
"buzzfeed.com","banner","Personal Computer","Chicago","",788,0,0.00000,0.000,788
"theverge.com","banner","Set Top Box","New York","",728,2,0.00275,0.736,728
"buzzfeed.com","banner","Mobile/Tablet","Denver","",766,1,0.00131,0.350,766
"washingtonpost.com","video","Personal Computer","Los Angeles","",404,3,0.00743,1.989,404
"nytimes.com","banner","Tablet","Atlanta","",715,5,0.00699,1.873,715
"theverge.com","banner","Phone","Denver","",757,4,0.00528,1.415,757
"bbc.com","banner","Mobile/Tablet","Chicago","",749,3,0.00401,1.073,749
"foxnews.com","native","Set Top Box","Chicago","",368,1,0.00272,0.728,368
"forbes.com","video","Personal Computer","New York","",397,1,0.00252,0.675,397
"cnet.com","banner","Phone","Phoenix","",753,3,0.00398,1.067,753
"forbes.com","native","Mobile/Tablet","Miami","",353,1,0.00283,0.759,353
"cnn.com","native","Phone","Miami","",416,0,0.00000,0.000,416
"washingtonpost.com","native","Connected TV","Dallas-Ft. Worth","",405,6,0.01482,3.969,405
"people.com","native","Connected TV","New York","",380,3,0.00790,2.115,380
"variety.com","banner","Phone","Denver","",737,4,0.00543,1.454,737
"techcrunch.com","video","Tablet","Denver","",366,2,0.00546,1.464,366
"forbes.com","banner","Set Top Box","New York","",780,3,0.00385,1.030,780
"weather.com","native","Mobile/Tablet","New York","",385,0,0.00000,0.000,385
"theverge.com","video","Connected TV","Denver","",405,1,0.00247,0.661,405
"espn.com","video","Phone","Houston","",359,1,0.00279,0.746,359
"washingtonpost.com","video","Mobile/Tablet","Phoenix","",376,2,0.00532,1.425,376
"cnn.com","native","Connected Device","Dallas-Ft. Worth","",350,1,0.00286,0.765,350
"nytimes.com","native","Tablet","Chicago","",404,3,0.00743,1.989,404
"cnet.com","banner","Set Top Box","Denver","",725,5,0.00690,1.848,725
"bbc.com","video","Mobile/Tablet","Phoenix","",393,0,0.00000,0.000,393
"buzzfeed.com","native","Phone","Atlanta","",335,2,0.00597,1.599,335
"people.com","native","Set Top Box","New York","",395,4,0.01013,2.713,395
"buzzfeed.com","native","Set Top Box","Miami","",367,0,0.00000,0.000,367
"cnet.com","banner","Tablet","Phoenix","",726,2,0.00276,0.738,726
"buzzfeed.com","native","Set Top Box","Chicago","",394,1,0.00254,0.680,394
"variety.com","native","Phone","Atlanta","",355,1,0.00282,0.755,355
"tmz.com","video","Mobile/Tablet","Phoenix","",373,2,0.00536,1.436,373
"cnn.com","native","Set Top Box","New York","",374,4,0.01070,2.865,374
"buzzfeed.com","native","Mobile/Tablet","Atlanta","",355,0,0.00000,0.000,355
"espn.com","video","Connected TV","Los Angeles","",383,1,0.00261,0.699,383
"people.com","video","Phone","Phoenix","",346,2,0.00578,1.548,346
"espn.com","video","Mobile/Tablet","Los Angeles","",355,2,0.00563,1.509,355
"tmz.com","native","Connected TV","Los Angeles","",389,2,0.00514,1.377,389
"people.com","banner","Connected TV","Houston","",762,6,0.00787,2.109,762
"bbc.com","banner","Phone","Chicago","",743,0,0.00000,0.000,743
"theverge.com","banner","Personal Computer","Phoenix","",766,4,0.00522,1.399,766
"cnn.com","banner","Mobile/Tablet","New York","",748,3,0.00401,1.074,748
"theverge.com","video","Connected TV","Miami","",352,4,0.01136,3.044,352
"tmz.com","banner","Mobile/Tablet","Houston","",764,7,0.00916,2.454,764
"weather.com","banner","Connected TV","Phoenix","",782,3,0.00384,1.028,782
"variety.com","video","Connected Device","Houston","",379,0,0.00000,0.000,379
"washingtonpost.com","native","Phone","Philadelphia","",374,1,0.00267,0.716,374
"bbc.com","video","Personal Computer","Miami","",379,0,0.00000,0.000,379
"weather.com","banner","Connected TV","Denver","",722,7,0.00970,2.597,722
"nytimes.com","video","Personal Computer","Chicago","",369,2,0.00542,1.452,369
"cnet.com","banner","Connected TV","New York","",774,2,0.00258,0.692,774
"variety.com","native","Connected Device","Philadelphia","",373,0,0.00000,0.000,373
"people.com","native","Phone","Phoenix","",378,2,0.00529,1.417,378
"bbc.com","native","Set Top Box","Phoenix","",353,2,0.00567,1.518,353
"forbes.com","native","Connected Device","New York","",362,2,0.00553,1.480,362
"theverge.com","video","Mobile/Tablet","Philadelphia","",412,0,0.00000,0.000,412
"bbc.com","banner","Phone","Miami","",743,2,0.00269,0.721,743
"variety.com","banner","Connected Device","Los Angeles","",748,2,0.00267,0.716,748
"forbes.com","video","Mobile/Tablet","Houston","",345,4,0.01159,3.106,345
"forbes.com","native","Set Top Box","Philadelphia","",399,4,0.01003,2.686,399
"techcrunch.com","video","Mobile/Tablet","Miami","",387,0,0.00000,0.000,387
"tmz.com","native","Connected Device","Los Angeles","",425,1,0.00235,0.630,425
"variety.com","video","Personal Computer","Houston","",380,2,0.00526,1.410,380
"variety.com","video","Set Top Box","Los Angeles","",369,1,0.00271,0.726,369
"techcrunch.com","video","Connected TV","Denver","",379,4,0.01055,2.827,379
"theverge.com","video","Set Top Box","Chicago","",373,3,0.00804,2.155,373
"bbc.com","native","Phone","Atlanta","",353,0,0.00000,0.000,353
"buzzfeed.com","video","Personal Computer","Houston","",357,1,0.00280,0.750,357
"cnn.com","native","Connected Device","Philadelphia","",379,1,0.00264,0.707,379
"nytimes.com","banner","Personal Computer","Miami","",805,2,0.00248,0.665,805
"forbes.com","banner","Personal Computer","Denver","",776,2,0.00258,0.690,776
"tmz.com","native","Mobile/Tablet","Phoenix","",381,1,0.00263,0.703,381
"variety.com","video","Connected TV","Houston","",364,3,0.00824,2.208,364
"washingtonpost.com","native","Connected Device","Houston","",383,1,0.00261,0.699,383
"cnn.com","video","Personal Computer","Houston","",398,2,0.00503,1.346,398
"cnet.com","video","Set Top Box","Dallas-Ft. Worth","",383,2,0.00522,1.399,383
"buzzfeed.com","native","Connected TV","Los Angeles","",350,2,0.00571,1.531,350
"espn.com","video","Set Top Box","Chicago","",389,1,0.00257,0.689,389
"bbc.com","native","Connected Device","Houston","",380,2,0.00526,1.410,380
"buzzfeed.com","native","Set Top Box","Dallas-Ft. Worth","",364,0,0.00000,0.000,364
"people.com","native","Tablet","New York","",370,2,0.00541,1.448,370
"techcrunch.com","banner","Mobile/Tablet","Los Angeles","",721,0,0.00000,0.000,721
"tmz.com","native","Tablet","Atlanta","",407,1,0.00246,0.658,407
"espn.com","native","Connected Device","Philadelphia","",414,2,0.00483,1.294,414
"cnn.com","banner","Phone","Chicago","",808,1,0.00124,0.332,808
"foxnews.com","video","Tablet","New York","",362,0,0.00000,0.000,362
"tmz.com","video","Connected TV","Atlanta","",412,2,0.00485,1.300,412
"forbes.com","banner","Phone","Atlanta","",763,1,0.00131,0.351,763
"nytimes.com","video","Set Top Box","Houston","",363,0,0.00000,0.000,363
"espn.com","video","Connected TV","Philadelphia","",386,3,0.00777,2.082,386
"variety.com","native","Set Top Box","Denver","",395,1,0.00253,0.678,395
"buzzfeed.com","native","Connected TV","Miami","",386,1,0.00259,0.694,386
"nytimes.com","video","Set Top Box","Philadelphia","",362,2,0.00553,1.480,362
"forbes.com","native","Tablet","Dallas-Ft. Worth","",378,0,0.00000,0.000,378
"techcrunch.com","banner","Connected TV","Houston","",740,2,0.00270,0.724,740
"forbes.com","banner","Mobile/Tablet","Philadelphia","",777,3,0.00386,1.034,777
"theverge.com","video","Connected Device","Houston","",391,2,0.00512,1.370,391
"cnn.com","native","Mobile/Tablet","Chicago","",407,0,0.00000,0.000,407
"tmz.com","native","Mobile/Tablet","Philadelphia","",366,0,0.00000,0.000,366
"techcrunch.com","native","Connected TV","Houston","",396,4,0.01010,2.706,396
"washingtonpost.com","native","Personal Computer","New York","",404,2,0.00495,1.326,404
"tmz.com","banner","Connected TV","New York","",796,6,0.00754,2.019,796
"weather.com","banner","Mobile/Tablet","Houston","",757,2,0.00264,0.708,757
"theverge.com","native","Mobile/Tablet","Philadelphia","",373,1,0.00268,0.718,373
"nytimes.com","video","Phone","Houston","",392,0,0.00000,0.000,392
"forbes.com","video","Tablet","Phoenix","",393,0,0.00000,0.000,393
"nytimes.com","native","Connected Device","Atlanta","",399,0,0.00000,0.000,399
"bbc.com","video","Tablet","Chicago","",390,1,0.00256,0.687,390
"tmz.com","banner","Mobile/Tablet","New York","",831,1,0.00120,0.322,831
"theverge.com","video","Mobile/Tablet","Dallas-Ft. Worth","",391,0,0.00000,0.000,391
"variety.com","video","Connected TV","Atlanta","",377,2,0.00531,1.421,377
"cnn.com","banner","Set Top Box","Philadelphia","",756,7,0.00926,2.480,756
"techcrunch.com","native","Connected TV","Denver","",375,3,0.00800,2.143,375
"cnn.com","video","Personal Computer","Phoenix","",371,1,0.00270,0.722,371
"techcrunch.com","video","Phone","Dallas-Ft. Worth","",370,1,0.00270,0.724,370
"buzzfeed.com","banner","Mobile/Tablet","Dallas-Ft. Worth","",709,4,0.00564,1.511,709
"weather.com","video","Tablet","New York","",374,0,0.00000,0.000,374
"buzzfeed.com","banner","Tablet","Philadelphia","",767,3,0.00391,1.048,767
"espn.com","video","Mobile/Tablet","Miami","",380,2,0.00526,1.410,380
"forbes.com","native","Connected TV","New York","",385,0,0.00000,0.000,385
"washingtonpost.com","video","Mobile/Tablet","New York","",370,1,0.00270,0.724,370
"nytimes.com","banner","Phone","Dallas-Ft. Worth","",734,3,0.00409,1.095,734
"cnn.com","banner","Connected Device","Los Angeles","",771,2,0.00259,0.695,771
"espn.com","banner","Connected TV","Los Angeles","",810,7,0.00864,2.315,810
"espn.com","video","Set Top Box","Atlanta","",402,4,0.00995,2.665,402
"foxnews.com","banner","Connected Device","Phoenix","",821,5,0.00609,1.631,821
"nytimes.com","video","Phone","Denver","",392,2,0.00510,1.367,392
"tmz.com","video","Connected Device","Chicago","",378,1,0.00265,0.709,378
"people.com","banner","Connected Device","Denver","",760,3,0.00395,1.057,760
"buzzfeed.com","banner","Connected TV","Dallas-Ft. Worth","",782,8,0.01023,2.740,782
"weather.com","native","Connected Device","Houston","",361,0,0.00000,0.000,361
"foxnews.com","video","Tablet","Philadelphia","",385,0,0.00000,0.000,385
"bbc.com","video","Personal Computer","Houston","",371,1,0.00270,0.722,371
"techcrunch.com","native","Connected Device","New York","",354,1,0.00283,0.757,354
"forbes.com","native","Tablet","New York","",385,2,0.00520,1.392,385
"people.com","banner","Tablet","Phoenix","",759,4,0.00527,1.412,759
"people.com","native","Tablet","Phoenix","",374,1,0.00267,0.716,374
"espn.com","native","Mobile/Tablet","Philadelphia","",401,3,0.00748,2.004,401
"weather.com","banner","Personal Computer","Chicago","",746,5,0.00670,1.795,746
"techcrunch.com","native","Set Top Box","Philadelphia","",347,1,0.00288,0.772,347
"variety.com","native","Connected Device","Phoenix","",377,2,0.00531,1.421,377
"weather.com","native","Set Top Box","Phoenix","",356,4,0.01124,3.010,356
"weather.com","banner","Mobile/Tablet","Chicago","",724,3,0.00414,1.110,724
"cnn.com","banner","Set Top Box","Atlanta","",797,5,0.00627,1.681,797
"variety.com","banner","Set Top Box","Chicago","",759,3,0.00395,1.059,759
"theverge.com","banner","Phone","Miami","",825,1,0.00121,0.325,825
"techcrunch.com","native","Tablet","Houston","",411,1,0.00243,0.652,411
"techcrunch.com","banner","Connected Device","Miami","",792,1,0.00126,0.338,792
"people.com","video","Connected Device","Houston","",343,1,0.00292,0.781,343
"forbes.com","video","Set Top Box","Los Angeles","",370,2,0.00541,1.448,370
"espn.com","banner","Tablet","New York","",750,3,0.00400,1.072,750
"tmz.com","native","Personal Computer","Chicago","",372,3,0.00807,2.160,372
"variety.com","native","Connected TV","Dallas-Ft. Worth","",352,0,0.00000,0.000,352
"techcrunch.com","video","Tablet","Atlanta","",393,2,0.00509,1.363,393
"bbc.com","video","Set Top Box","Dallas-Ft. Worth","",381,2,0.00525,1.406,381
"nytimes.com","banner","Connected TV","Atlanta","",754,3,0.00398,1.066,754
"theverge.com","video","Mobile/Tablet","Houston","",421,5,0.01188,3.181,421
"espn.com","native","Connected Device","Houston","",391,1,0.00256,0.685,391
"nytimes.com","banner","Personal Computer","Chicago","",754,3,0.00398,1.066,754
"cnet.com","banner","Personal Computer","Dallas-Ft. Worth","",796,1,0.00126,0.336,796
"theverge.com","banner","Personal Computer","Denver","",749,3,0.00401,1.073,749
"theverge.com","banner","Connected Device","Dallas-Ft. Worth","",722,5,0.00693,1.855,722
"forbes.com","video","Set Top Box","Miami","",405,2,0.00494,1.323,405
"bbc.com","native","Mobile/Tablet","Atlanta","",398,4,0.01005,2.692,398
"cnet.com","video","Phone","Denver","",413,0,0.00000,0.000,413
"forbes.com","video","Personal Computer","Los Angeles","",420,1,0.00238,0.638,420
"washingtonpost.com","video","Personal Computer","Houston","",392,0,0.00000,0.000,392
"people.com","banner","Phone","New York","",763,0,0.00000,0.000,763
"people.com","video","Personal Computer","Phoenix","",378,1,0.00265,0.709,378
"cnn.com","native","Personal Computer","Dallas-Ft. Worth","",392,1,0.00255,0.683,392
"foxnews.com","banner","Mobile/Tablet","Houston","",760,3,0.00395,1.057,760
"foxnews.com","native","Connected Device","Philadelphia","",375,2,0.00533,1.429,375
"espn.com","native","Tablet","Dallas-Ft. Worth","",400,0,0.00000,0.000,400
"washingtonpost.com","banner","Mobile/Tablet","Miami","",804,1,0.00124,0.333,804
"nytimes.com","native","Connected TV","Chicago","",402,1,0.00249,0.666,402
"cnn.com","banner","Set Top Box","Los Angeles","",725,2,0.00276,0.739,725
"weather.com","native","Mobile/Tablet","Chicago","",399,3,0.00752,2.014,399
"techcrunch.com","banner","Mobile/Tablet","Atlanta","",815,3,0.00368,0.986,815
"cnn.com","banner","Phone","Los Angeles","",786,2,0.00255,0.682,786
"tmz.com","video","Connected TV","New York","",376,0,0.00000,0.000,376
"cnet.com","video","Phone","Dallas-Ft. Worth","",391,0,0.00000,0.000,391
"tmz.com","native","Connected TV","New York","",421,0,0.00000,0.000,421
"variety.com","video","Set Top Box","New York","",394,2,0.00508,1.360,394
"theverge.com","video","Connected TV","Chicago","",383,1,0.00261,0.699,383
"washingtonpost.com","banner","Connected Device","Phoenix","",765,1,0.00131,0.350,765
"tmz.com","native","Phone","Houston","",370,1,0.00270,0.724,370
"cnet.com","video","Connected Device","Philadelphia","",416,2,0.00481,1.288,416
"bbc.com","video","Tablet","Houston","",357,1,0.00280,0.750,357
"weather.com","video","Connected TV","Miami","",374,0,0.00000,0.000,374
"foxnews.com","native","Mobile/Tablet","New York","",375,1,0.00267,0.714,375
"people.com","video","Connected Device","New York","",368,1,0.00272,0.728,368
"cnet.com","native","Phone","Miami","",364,1,0.00275,0.736,364
"variety.com","native","Tablet","Denver","",366,0,0.00000,0.000,366
"theverge.com","video","Mobile/Tablet","Chicago","",405,0,0.00000,0.000,405
"tmz.com","native","Set Top Box","Miami","",365,1,0.00274,0.734,365
"weather.com","video","Phone","Los Angeles","",378,5,0.01323,3.544,378
"espn.com","native","Personal Computer","New York","",339,1,0.00295,0.790,339
"people.com","native","Phone","Houston","",375,4,0.01067,2.857,375
"cnet.com","native","Connected Device","Denver","",381,0,0.00000,0.000,381
"buzzfeed.com","video","Mobile/Tablet","Dallas-Ft. Worth","",371,0,0.00000,0.000,371
"foxnews.com","native","Tablet","Miami","",401,0,0.00000,0.000,401
"people.com","native","Set Top Box","Dallas-Ft. Worth","",332,2,0.00602,1.614,332
"people.com","video","Set Top Box","Phoenix","",413,2,0.00484,1.297,413
"people.com","native","Tablet","Houston","",336,2,0.00595,1.594,336
"tmz.com","video","Connected Device","Phoenix","",364,1,0.00275,0.736,364
"espn.com","native","Set Top Box","Denver","",403,0,0.00000,0.000,403
"forbes.com","native","Personal Computer","Atlanta","",369,1,0.00271,0.726,369
"foxnews.com","native","Personal Computer","New York","",393,3,0.00763,2.045,393
"weather.com","banner","Phone","Denver","",786,3,0.00382,1.023,786
"forbes.com","banner","Tablet","Denver","",784,3,0.00383,1.025,784
"people.com","native","Connected TV","Phoenix","",398,3,0.00754,2.019,398
"washingtonpost.com","video","Tablet","Houston","",394,3,0.00761,2.040,394
"variety.com","banner","Set Top Box","Philadelphia","",769,2,0.00260,0.697,769
"techcrunch.com","video","Phone","Phoenix","",397,2,0.00504,1.350,397
"forbes.com","video","Personal Computer","Philadelphia","",397,2,0.00504,1.350,397
"forbes.com","native","Mobile/Tablet","Phoenix","",363,1,0.00276,0.738,363
"tmz.com","video","Connected TV","Philadelphia","",365,3,0.00822,2.202,365
"tmz.com","video","Tablet","Denver","",373,2,0.00536,1.436,373
"foxnews.com","banner","Connected TV","Chicago","",841,3,0.00357,0.956,841
"variety.com","native","Tablet","New York","",405,1,0.00247,0.661,405
"cnet.com","native","Set Top Box","Dallas-Ft. Worth","",393,2,0.00509,1.363,393
"espn.com","video","Mobile/Tablet","Atlanta","",386,3,0.00777,2.082,386
"foxnews.com","video","Personal Computer","Dallas-Ft. Worth","",395,0,0.00000,0.000,395
"forbes.com","video","Connected Device","New York","",367,0,0.00000,0.000,367
"cnet.com","video","Set Top Box","Phoenix","",364,1,0.00275,0.736,364
"people.com","native","Phone","Atlanta","",400,0,0.00000,0.000,400
"tmz.com","video","Connected Device","Philadelphia","",352,1,0.00284,0.761,352
"techcrunch.com","banner","Personal Computer","Dallas-Ft. Worth","",768,1,0.00130,0.349,768
"tmz.com","native","Personal Computer","Atlanta","",393,1,0.00255,0.682,393
"nytimes.com","native","Set Top Box","Phoenix","",338,1,0.00296,0.793,338
"tmz.com","native","Set Top Box","Phoenix","",405,1,0.00247,0.661,405
"washingtonpost.com","video","Connected Device","Atlanta","",386,1,0.00259,0.694,386
"theverge.com","native","Connected Device","Los Angeles","",357,0,0.00000,0.000,357
"buzzfeed.com","banner","Mobile/Tablet","New York","",767,3,0.00391,1.048,767
"buzzfeed.com","banner","Set Top Box","Houston","",783,3,0.00383,1.026,783
"tmz.com","banner","Tablet","Atlanta","",787,1,0.00127,0.340,787
"theverge.com","video","Connected TV","Atlanta","",407,1,0.00246,0.658,407
"nytimes.com","banner","Connected Device","Los Angeles","",763,2,0.00262,0.702,763
"cnn.com","video","Tablet","Dallas-Ft. Worth","",405,0,0.00000,0.000,405
"nytimes.com","banner","Personal Computer","Atlanta","",702,4,0.00570,1.526,702
"tmz.com","banner","Personal Computer","Atlanta","",733,2,0.00273,0.731,733
"techcrunch.com","banner","Set Top Box","Los Angeles","",745,1,0.00134,0.359,745
"tmz.com","banner","Connected TV","Philadelphia","",769,5,0.00650,1.742,769
"buzzfeed.com","native","Connected Device","New York","",386,0,0.00000,0.000,386
"theverge.com","native","Connected TV","Phoenix","",374,0,0.00000,0.000,374
"washingtonpost.com","video","Set Top Box","Philadelphia","",342,2,0.00585,1.567,342
"foxnews.com","banner","Set Top Box","Dallas-Ft. Worth","",807,7,0.00867,2.324,807
"nytimes.com","banner","Mobile/Tablet","Dallas-Ft. Worth","",774,2,0.00258,0.692,774
"cnet.com","video","Set Top Box","Philadelphia","",374,2,0.00535,1.433,374
"tmz.com","native","Tablet","Phoenix","",417,1,0.00240,0.642,417
"cnn.com","native","Mobile/Tablet","Los Angeles","",363,0,0.00000,0.000,363
"techcrunch.com","native","Phone","Chicago","",347,1,0.00288,0.772,347
"techcrunch.com","native","Connected Device","Denver","",408,2,0.00490,1.313,408
"cnet.com","video","Connected Device","New York","",353,0,0.00000,0.000,353
"foxnews.com","banner","Connected TV","Houston","",719,6,0.00835,2.235,719
"variety.com","banner","Tablet","New York","",760,0,0.00000,0.000,760
"bbc.com","native","Mobile/Tablet","Philadelphia","",382,2,0.00524,1.403,382
"theverge.com","video","Set Top Box","Dallas-Ft. Worth","",375,3,0.00800,2.143,375
"variety.com","banner","Mobile/Tablet","Atlanta","",800,5,0.00625,1.674,800
"nytimes.com","video","Set Top Box","Miami","",350,3,0.00857,2.296,350
"espn.com","native","Set Top Box","Houston","",370,5,0.01351,3.620,370
"tmz.com","video","Connected Device","Atlanta","",391,1,0.00256,0.685,391
"foxnews.com","banner","Connected Device","Houston","",790,2,0.00253,0.678,790
"buzzfeed.com","banner","Set Top Box","Dallas-Ft. Worth","",722,3,0.00416,1.113,722
"techcrunch.com","banner","Phone","Denver","",755,3,0.00397,1.065,755
"buzzfeed.com","native","Connected Device","Phoenix","",397,4,0.01008,2.699,397
"weather.com","video","Connected Device","Dallas-Ft. Worth","",359,2,0.00557,1.492,359
"washingtonpost.com","native","Phone","Houston","",398,1,0.00251,0.673,398
"weather.com","native","Tablet","Chicago","",426,2,0.00470,1.258,426
"bbc.com","native","Phone","Los Angeles","",415,0,0.00000,0.000,415
"forbes.com","video","Mobile/Tablet","New York","",371,3,0.00809,2.166,371
"techcrunch.com","banner","Tablet","Philadelphia","",738,4,0.00542,1.452,738
"washingtonpost.com","banner","Set Top Box","Atlanta","",762,0,0.00000,0.000,762
"bbc.com","banner","Mobile/Tablet","Los Angeles","",753,5,0.00664,1.779,753
"nytimes.com","video","Tablet","Chicago","",386,1,0.00259,0.694,386
"variety.com","video","Set Top Box","Houston","",391,1,0.00256,0.685,391
"bbc.com","video","Personal Computer","Philadelphia","",415,2,0.00482,1.291,415
"foxnews.com","native","Connected Device","New York","",397,0,0.00000,0.000,397
"cnet.com","native","Set Top Box","Miami","",401,1,0.00249,0.668,401
"bbc.com","native","Connected TV","Houston","",415,2,0.00482,1.291,415
"people.com","banner","Mobile/Tablet","Philadelphia","",733,3,0.00409,1.096,733
"cnet.com","video","Mobile/Tablet","Philadelphia","",367,0,0.00000,0.000,367
"bbc.com","native","Phone","Dallas-Ft. Worth","",377,2,0.00531,1.421,377
"buzzfeed.com","native","Set Top Box","Philadelphia","",394,2,0.00508,1.360,394
"foxnews.com","banner","Phone","Houston","",789,2,0.00254,0.679,789
"theverge.com","native","Connected Device","Chicago","",392,1,0.00255,0.683,392
"espn.com","native","Personal Computer","Chicago","",371,3,0.00809,2.166,371
"people.com","video","Connected TV","Dallas-Ft. Worth","",390,2,0.00513,1.374,390
"cnn.com","native","Connected TV","New York","",389,3,0.00771,2.066,389
"bbc.com","video","Connected Device","Atlanta","",381,0,0.00000,0.000,381
"washingtonpost.com","banner","Mobile/Tablet","Phoenix","",703,5,0.00711,1.905,703
"tmz.com","video","Personal Computer","Los Angeles","",393,1,0.00255,0.682,393
"bbc.com","video","Mobile/Tablet","New York","",353,2,0.00567,1.518,353
"tmz.com","video","Tablet","Houston","",384,4,0.01042,2.791,384
"weather.com","banner","Tablet","Dallas-Ft. Worth","",780,6,0.00769,2.061,780
"cnn.com","video","Set Top Box","Dallas-Ft. Worth","",400,0,0.00000,0.000,400
"buzzfeed.com","banner","Connected TV","Atlanta","",808,5,0.00619,1.658,808
"espn.com","video","Set Top Box","Los Angeles","",403,3,0.00744,1.994,403
"cnn.com","native","Connected TV","Denver","",380,2,0.00526,1.410,380
"nytimes.com","native","Set Top Box","Chicago","",415,1,0.00241,0.646,415
"variety.com","native","Personal Computer","Phoenix","",388,1,0.00258,0.690,388
"forbes.com","native","Phone","Atlanta","",367,0,0.00000,0.000,367
"washingtonpost.com","video","Phone","Dallas-Ft. Worth","",421,0,0.00000,0.000,421
"cnn.com","native","Connected Device","Denver","",385,0,0.00000,0.000,385
"espn.com","native","Personal Computer","Philadelphia","",383,3,0.00783,2.098,383
"techcrunch.com","banner","Set Top Box","Philadelphia","",763,1,0.00131,0.351,763
"theverge.com","native","Set Top Box","Denver","",379,1,0.00264,0.707,379
"foxnews.com","video","Connected TV","Los Angeles","",394,4,0.01015,2.720,394
"theverge.com","banner","Mobile/Tablet","Chicago","",794,5,0.00630,1.687,794
"forbes.com","native","Set Top Box","Houston","",372,0,0.00000,0.000,372
"people.com","native","Connected TV","Houston","",380,3,0.00790,2.115,380
"people.com","native","Personal Computer","Phoenix","",396,3,0.00758,2.029,396
"theverge.com","banner","Personal Computer","Philadelphia","",727,7,0.00963,2.579,727
"nytimes.com","video","Connected Device","Los Angeles","",361,1,0.00277,0.742,361
"nytimes.com","video","Connected TV","Philadelphia","",376,5,0.01330,3.562,376
"bbc.com","banner","Set Top Box","Houston","",780,1,0.00128,0.343,780
"cnn.com","banner","Connected Device","Miami","",772,3,0.00389,1.041,772
"cnet.com","video","Mobile/Tablet","Houston","",370,2,0.00541,1.448,370
"techcrunch.com","banner","Connected Device","Los Angeles","",755,2,0.00265,0.710,755
"nytimes.com","banner","Mobile/Tablet","Los Angeles","",738,3,0.00407,1.089,738
"nytimes.com","native","Tablet","Denver","",340,0,0.00000,0.000,340
"nytimes.com","banner","Mobile/Tablet","Miami","",749,3,0.00401,1.073,749
"nytimes.com","banner","Connected Device","Atlanta","",735,2,0.00272,0.729,735
"buzzfeed.com","banner","Connected Device","Phoenix","",769,2,0.00260,0.697,769
"espn.com","banner","Phone","Phoenix","",780,4,0.00513,1.374,780
"theverge.com","native","Connected TV","Dallas-Ft. Worth","",401,4,0.00998,2.672,401
"techcrunch.com","native","Connected Device","Los Angeles","",372,1,0.00269,0.720,372
"variety.com","native","Phone","Houston","",407,0,0.00000,0.000,407
"people.com","banner","Mobile/Tablet","Dallas-Ft. Worth","",770,5,0.00649,1.740,770
"foxnews.com","banner","Connected Device","New York","",800,3,0.00375,1.005,800
"bbc.com","banner","Connected TV","Phoenix","",745,2,0.00269,0.719,745
"foxnews.com","video","Phone","Dallas-Ft. Worth","",382,3,0.00785,2.104,382
"forbes.com","video","Connected Device","Houston","",372,3,0.00807,2.160,372
"washingtonpost.com","native","Mobile/Tablet","Atlanta","",390,5,0.01282,3.435,390
"variety.com","banner","Set Top Box","Houston","",724,0,0.00000,0.000,724
"nytimes.com","native","Connected TV","Atlanta","",392,3,0.00765,2.050,392
"foxnews.com","native","Set Top Box","Denver","",398,0,0.00000,0.000,398
"espn.com","video","Tablet","Atlanta","",377,1,0.00265,0.711,377
"people.com","video","Connected Device","Chicago","",402,2,0.00498,1.333,402
"tmz.com","banner","Connected TV","Chicago","",741,6,0.00810,2.169,741
"bbc.com","video","Personal Computer","Dallas-Ft. Worth","",392,0,0.00000,0.000,392
"tmz.com","video","Set Top Box","Phoenix","",371,1,0.00270,0.722,371
"nytimes.com","banner","Tablet","Phoenix","",758,4,0.00528,1.414,758
"nytimes.com","video","Tablet","Dallas-Ft. Worth","",390,0,0.00000,0.000,390
"cnet.com","banner","Personal Computer","Phoenix","",768,3,0.00391,1.046,768
"variety.com","native","Mobile/Tablet","Miami","",367,3,0.00817,2.190,367
"theverge.com","video","Connected TV","Phoenix","",396,0,0.00000,0.000,396
"espn.com","banner","Personal Computer","Atlanta","",763,2,0.00262,0.702,763
"forbes.com","video","Phone","New York","",417,2,0.00480,1.285,417
"forbes.com","banner","Tablet","Phoenix","",728,2,0.00275,0.736,728
"nytimes.com","video","Connected Device","New York","",347,1,0.00288,0.772,347
"techcrunch.com","banner","Mobile/Tablet","Phoenix","",730,1,0.00137,0.367,730
"techcrunch.com","native","Mobile/Tablet","Atlanta","",373,1,0.00268,0.718,373
"nytimes.com","native","Personal Computer","Denver","",373,1,0.00268,0.718,373
"nytimes.com","native","Connected Device","Miami","",393,1,0.00255,0.682,393
"bbc.com","native","Set Top Box","Houston","",404,0,0.00000,0.000,404
"variety.com","video","Connected Device","Phoenix","",386,1,0.00259,0.694,386
"bbc.com","banner","Connected Device","Denver","",721,2,0.00277,0.743,721
"cnn.com","banner","Personal Computer","Miami","",787,3,0.00381,1.021,787
"cnet.com","video","Connected Device","Los Angeles","",376,0,0.00000,0.000,376
"buzzfeed.com","native","Connected Device","Dallas-Ft. Worth","",360,1,0.00278,0.744,360
"people.com","banner","Tablet","Philadelphia","",782,2,0.00256,0.685,782
"theverge.com","banner","Mobile/Tablet","Atlanta","",740,7,0.00946,2.534,740
"foxnews.com","video","Mobile/Tablet","Phoenix","",406,1,0.00246,0.660,406
"foxnews.com","banner","Connected Device","Los Angeles","",740,0,0.00000,0.000,740
"cnn.com","native","Personal Computer","Philadelphia","",366,0,0.00000,0.000,366
"weather.com","native","Tablet","Los Angeles","",407,2,0.00491,1.316,407
"tmz.com","banner","Connected Device","Los Angeles","",802,1,0.00125,0.334,802
"techcrunch.com","banner","Phone","Miami","",785,2,0.00255,0.683,785
"cnn.com","native","Connected TV","Chicago","",374,2,0.00535,1.433,374
"forbes.com","video","Connected TV","Dallas-Ft. Worth","",364,3,0.00824,2.208,364
"nytimes.com","video","Connected TV","Phoenix","",384,0,0.00000,0.000,384
"forbes.com","banner","Phone","Miami","",735,4,0.00544,1.458,735
"cnn.com","video","Mobile/Tablet","Houston","",390,1,0.00256,0.687,390
"cnet.com","native","Set Top Box","Atlanta","",382,2,0.00524,1.403,382
"tmz.com","native","Phone","Philadelphia","",412,1,0.00243,0.650,412
"foxnews.com","native","Tablet","Houston","",410,1,0.00244,0.653,410
"variety.com","banner","Personal Computer","Atlanta","",768,2,0.00260,0.698,768
"cnet.com","banner","Connected Device","Houston","",784,1,0.00128,0.342,784
"techcrunch.com","video","Personal Computer","Philadelphia","",354,2,0.00565,1.514,354
"forbes.com","native","Set Top Box","Phoenix","",357,1,0.00280,0.750,357
"cnn.com","native","Connected TV","Dallas-Ft. Worth","",390,3,0.00769,2.061,390
"theverge.com","banner","Set Top Box","Miami","",761,9,0.01183,3.168,761
"bbc.com","native","Mobile/Tablet","Chicago","",366,3,0.00820,2.196,366
"techcrunch.com","native","Connected TV","Philadelphia","",378,1,0.00265,0.709,378
"cnet.com","native","Personal Computer","Dallas-Ft. Worth","",357,1,0.00280,0.750,357
"techcrunch.com","banner","Connected Device","New York","",722,1,0.00139,0.371,722
"forbes.com","video","Mobile/Tablet","Denver","",387,0,0.00000,0.000,387
"espn.com","native","Connected TV","Dallas-Ft. Worth","",362,2,0.00553,1.480,362
"techcrunch.com","native","Personal Computer","Atlanta","",377,1,0.00265,0.711,377
"nytimes.com","video","Connected TV","Chicago","",368,4,0.01087,2.912,368
"theverge.com","banner","Tablet","New York","",775,1,0.00129,0.346,775
"cnn.com","native","Connected Device","Chicago","",388,0,0.00000,0.000,388
"weather.com","video","Connected TV","Phoenix","",364,3,0.00824,2.208,364
"variety.com","banner","Connected TV","Chicago","",789,2,0.00254,0.679,789
"foxnews.com","banner","Mobile/Tablet","Atlanta","",753,2,0.00266,0.711,753
"espn.com","banner","Mobile/Tablet","New York","",765,4,0.00523,1.401,765
"variety.com","banner","Connected TV","Denver","",773,7,0.00906,2.426,773
"tmz.com","video","Set Top Box","Los Angeles","",387,2,0.00517,1.384,387
"foxnews.com","native","Connected TV","Philadelphia","",385,1,0.00260,0.696,385
"foxnews.com","native","Tablet","Denver","",357,1,0.00280,0.750,357
"washingtonpost.com","banner","Personal Computer","Phoenix","",757,3,0.00396,1.062,757
"forbes.com","video","Phone","Atlanta","",371,2,0.00539,1.444,371
"espn.com","video","Connected Device","Miami","",387,1,0.00258,0.692,387
"bbc.com","native","Tablet","Atlanta","",376,2,0.00532,1.425,376
"foxnews.com","native","Connected Device","Houston","",392,2,0.00510,1.367,392
"people.com","native","Connected TV","Los Angeles","",366,3,0.00820,2.196,366
"cnet.com","native","Connected TV","Houston","",368,3,0.00815,2.184,368
"people.com","banner","Mobile/Tablet","Los Angeles","",741,4,0.00540,1.446,741
"people.com","banner","Personal Computer","Philadelphia","",771,5,0.00649,1.737,771
"weather.com","banner","Personal Computer","Phoenix","",789,5,0.00634,1.698,789
"bbc.com","banner","Set Top Box","Chicago","",786,2,0.00255,0.682,786
"variety.com","banner","Set Top Box","Los Angeles","",743,0,0.00000,0.000,743
"washingtonpost.com","banner","Set Top Box","Phoenix","",771,1,0.00130,0.347,771
"variety.com","banner","Tablet","Chicago","",774,5,0.00646,1.731,774
"cnn.com","video","Connected TV","Atlanta","",395,2,0.00506,1.356,395
"people.com","video","Connected TV","Houston","",378,1,0.00265,0.709,378
"foxnews.com","banner","Tablet","Los Angeles","",759,3,0.00395,1.059,759
"cnet.com","video","Connected Device","Houston","",370,0,0.00000,0.000,370
"tmz.com","video","Personal Computer","Dallas-Ft. Worth","",379,1,0.00264,0.707,379
"bbc.com","native","Connected Device","Los Angeles","",382,0,0.00000,0.000,382
"washingtonpost.com","video","Personal Computer","Denver","",376,0,0.00000,0.000,376
"forbes.com","native","Mobile/Tablet","Dallas-Ft. Worth","",392,1,0.00255,0.683,392
"espn.com","native","Set Top Box","Miami","",405,2,0.00494,1.323,405
"tmz.com","video","Set Top Box","Atlanta","",380,0,0.00000,0.000,380
"foxnews.com","banner","Mobile/Tablet","Los Angeles","",820,7,0.00854,2.287,820
"bbc.com","banner","Personal Computer","Los Angeles","",768,2,0.00260,0.698,768
"variety.com","native","Set Top Box","New York","",379,0,0.00000,0.000,379
"bbc.com","video","Mobile/Tablet","Miami","",413,1,0.00242,0.649,413
"weather.com","video","Connected Device","Chicago","",361,2,0.00554,1.484,361
"theverge.com","video","Phone","Houston","",373,2,0.00536,1.436,373
"espn.com","video","Connected TV","Dallas-Ft. Worth","",355,0,0.00000,0.000,355
"cnet.com","video","Connected TV","Miami","",381,1,0.00263,0.703,381
"tmz.com","native","Set Top Box","Los Angeles","",373,1,0.00268,0.718,373
"techcrunch.com","video","Mobile/Tablet","Phoenix","",350,2,0.00571,1.531,350
"techcrunch.com","video","Mobile/Tablet","Dallas-Ft. Worth","",376,3,0.00798,2.137,376
"people.com","banner","Phone","Miami","",719,5,0.00695,1.863,719
"espn.com","native","Connected Device","Chicago","",385,0,0.00000,0.000,385
"nytimes.com","banner","Tablet","Chicago","",743,3,0.00404,1.082,743
"techcrunch.com","video","Mobile/Tablet","Houston","",403,1,0.00248,0.665,403
"techcrunch.com","video","Set Top Box","New York","",388,2,0.00516,1.381,388
"weather.com","banner","Mobile/Tablet","Phoenix","",729,2,0.00274,0.735,729
"washingtonpost.com","native","Set Top Box","Los Angeles","",369,1,0.00271,0.726,369
"techcrunch.com","video","Connected Device","Philadelphia","",381,0,0.00000,0.000,381
"cnet.com","banner","Connected Device","Atlanta","",733,2,0.00273,0.731,733
"forbes.com","video","Tablet","Chicago","",363,0,0.00000,0.000,363
"cnn.com","video","Personal Computer","Atlanta","",394,1,0.00254,0.680,394
"tmz.com","banner","Set Top Box","Miami","",781,3,0.00384,1.029,781
"forbes.com","banner","Personal Computer","Atlanta","",778,3,0.00386,1.033,778
"tmz.com","video","Phone","Dallas-Ft. Worth","",373,0,0.00000,0.000,373
"espn.com","video","Set Top Box","Houston","",393,2,0.00509,1.363,393
"variety.com","video","Mobile/Tablet","Philadelphia","",340,1,0.00294,0.788,340
"people.com","banner","Personal Computer","Phoenix","",797,7,0.00878,2.353,797
"buzzfeed.com","video","Connected Device","Philadelphia","",401,1,0.00249,0.668,401
"washingtonpost.com","banner","Set Top Box","Dallas-Ft. Worth","",746,1,0.00134,0.359,746
"theverge.com","video","Personal Computer","Phoenix","",386,0,0.00000,0.000,386
"tmz.com","video","Phone","Houston","",374,0,0.00000,0.000,374
"espn.com","native","Connected Device","Atlanta","",390,3,0.00769,2.061,390
"tmz.com","video","Mobile/Tablet","Philadelphia","",371,2,0.00539,1.444,371
"weather.com","video","Tablet","Denver","",378,1,0.00265,0.709,378
"tmz.com","native","Connected TV","Dallas-Ft. Worth","",376,0,0.00000,0.000,376
"nytimes.com","banner","Phone","Houston","",777,1,0.00129,0.345,777
"buzzfeed.com","video","Tablet","Houston","",372,2,0.00538,1.440,372
"cnn.com","banner","Phone","Dallas-Ft. Worth","",781,1,0.00128,0.343,781
"foxnews.com","banner","Set Top Box","Houston","",807,2,0.00248,0.664,807
"people.com","native","Phone","Denver","",352,2,0.00568,1.522,352
"foxnews.com","native","Tablet","Dallas-Ft. Worth","",408,1,0.00245,0.657,408
"people.com","native","Phone","New York","",379,1,0.00264,0.707,379
"foxnews.com","video","Set Top Box","Phoenix","",398,1,0.00251,0.673,398
"buzzfeed.com","native","Tablet","Philadelphia","",395,1,0.00253,0.678,395
"forbes.com","video","Tablet","Houston","",384,4,0.01042,2.791,384
"theverge.com","video","Personal Computer","Miami","",372,1,0.00269,0.720,372
"cnet.com","banner","Phone","Miami","",760,3,0.00395,1.057,760
"cnet.com","banner","Phone","Philadelphia","",787,3,0.00381,1.021,787
"techcrunch.com","native","Tablet","Phoenix","",415,3,0.00723,1.937,415
"nytimes.com","video","Phone","Los Angeles","",355,3,0.00845,2.264,355
"people.com","video","Mobile/Tablet","Houston","",386,4,0.01036,2.776,386
"people.com","video","Connected TV","Denver","",377,4,0.01061,2.842,377
"weather.com","native","Mobile/Tablet","Philadelphia","",400,1,0.00250,0.670,400
"forbes.com","video","Connected Device","Phoenix","",391,1,0.00256,0.685,391
"variety.com","video","Phone","Denver","",365,0,0.00000,0.000,365
"cnn.com","native","Connected Device","Atlanta","",380,1,0.00263,0.705,380
"variety.com","video","Set Top Box","Miami","",391,2,0.00512,1.370,391
"theverge.com","native","Personal Computer","Denver","",362,3,0.00829,2.220,362
"cnet.com","video","Connected TV","Denver","",396,1,0.00253,0.676,396
"washingtonpost.com","banner","Connected TV","Chicago","",776,1,0.00129,0.345,776
"cnn.com","video","Connected Device","Houston","",379,2,0.00528,1.414,379
"people.com","native","Set Top Box","Atlanta","",350,0,0.00000,0.000,350
"tmz.com","native","Set Top Box","Chicago","",357,4,0.01120,3.001,357
"washingtonpost.com","native","Set Top Box","New York","",380,0,0.00000,0.000,380
"nytimes.com","native","Mobile/Tablet","Denver","",385,2,0.00520,1.392,385
"washingtonpost.com","native","Set Top Box","Philadelphia","",416,1,0.00240,0.644,416
"theverge.com","banner","Set Top Box","Phoenix","",768,1,0.00130,0.349,768
"weather.com","video","Connected Device","Philadelphia","",397,1,0.00252,0.675,397
"cnn.com","banner","Tablet","Philadelphia","",739,2,0.00271,0.725,739
"theverge.com","video","Mobile/Tablet","Miami","",419,1,0.00239,0.639,419
"people.com","banner","Phone","Denver","",741,2,0.00270,0.723,741
"cnn.com","video","Phone","Miami","",380,0,0.00000,0.000,380
"variety.com","banner","Personal Computer","Houston","",724,2,0.00276,0.740,724
"bbc.com","banner","Mobile/Tablet","Miami","",713,6,0.00842,2.254,713
"cnet.com","banner","Connected TV","Atlanta","",731,4,0.00547,1.466,731
"variety.com","native","Personal Computer","Dallas-Ft. Worth","",392,2,0.00510,1.367,392
"theverge.com","video","Tablet","Houston","",367,2,0.00545,1.460,367
"buzzfeed.com","banner","Connected Device","Philadelphia","",783,3,0.00383,1.026,783
"buzzfeed.com","banner","Personal Computer","Los Angeles","",732,2,0.00273,0.732,732
"espn.com","banner","Connected TV","Atlanta","",736,4,0.00544,1.456,736
"forbes.com","native","Set Top Box","Miami","",386,2,0.00518,1.388,386
"weather.com","banner","Mobile/Tablet","Dallas-Ft. Worth","",723,2,0.00277,0.741,723
"tmz.com","video","Phone","Chicago","",390,0,0.00000,0.000,390
"washingtonpost.com","banner","Phone","Dallas-Ft. Worth","",811,4,0.00493,1.321,811
"washingtonpost.com","video","Connected TV","Dallas-Ft. Worth","",396,1,0.00253,0.676,396
"tmz.com","video","Connected Device","New York","",349,2,0.00573,1.535,349
"cnet.com","banner","Phone","Houston","",739,3,0.00406,1.088,739
"cnet.com","native","Personal Computer","New York","",384,1,0.00260,0.698,384
"tmz.com","native","Personal Computer","Denver","",349,3,0.00860,2.303,349
"cnn.com","native","Mobile/Tablet","Dallas-Ft. Worth","",370,2,0.00541,1.448,370
"cnn.com","native","Tablet","Dallas-Ft. Worth","",400,1,0.00250,0.670,400
"variety.com","banner","Mobile/Tablet","Chicago","",713,2,0.00281,0.751,713
"washingtonpost.com","banner","Personal Computer","Los Angeles","",806,4,0.00496,1.329,806
"foxnews.com","native","Mobile/Tablet","Phoenix","",366,0,0.00000,0.000,366
"foxnews.com","video","Mobile/Tablet","Miami","",382,2,0.00524,1.403,382
"espn.com","video","Phone","Chicago","",369,1,0.00271,0.726,369
"people.com","native","Connected TV","Dallas-Ft. Worth","",351,2,0.00570,1.526,351
"washingtonpost.com","banner","Set Top Box","Chicago","",757,4,0.00528,1.415,757
"people.com","video","Tablet","Phoenix","",375,2,0.00533,1.429,375
"buzzfeed.com","banner","Phone","Chicago","",773,6,0.00776,2.079,773
"weather.com","video","Connected TV","Denver","",378,4,0.01058,2.835,378
"foxnews.com","banner","Connected Device","Dallas-Ft. Worth","",826,3,0.00363,0.973,826
"variety.com","native","Connected Device","Los Angeles","",423,2,0.00473,1.267,423
"theverge.com","video","Set Top Box","Philadelphia","",385,1,0.00260,0.696,385
"variety.com","native","Personal Computer","Houston","",393,1,0.00255,0.682,393
"foxnews.com","native","Connected TV","Miami","",368,2,0.00544,1.456,368
"tmz.com","native","Personal Computer","Miami","",372,2,0.00538,1.440,372
"theverge.com","video","Personal Computer","Philadelphia","",370,2,0.00541,1.448,370
"cnet.com","banner","Connected Device","Dallas-Ft. Worth","",737,1,0.00136,0.364,737
"weather.com","banner","Phone","Phoenix","",822,9,0.01095,2.933,822
"foxnews.com","native","Mobile/Tablet","Houston","",369,1,0.00271,0.726,369
"espn.com","banner","Phone","Philadelphia","",770,7,0.00909,2.435,770
"buzzfeed.com","native","Mobile/Tablet","Los Angeles","",393,2,0.00509,1.363,393
"tmz.com","banner","Personal Computer","Philadelphia","",737,5,0.00678,1.817,737
"weather.com","video","Personal Computer","Philadelphia","",369,2,0.00542,1.452,369
"cnet.com","banner","Connected Device","Chicago","",781,2,0.00256,0.686,781
"espn.com","banner","Personal Computer","Los Angeles","",745,5,0.00671,1.798,745
"techcrunch.com","banner","Phone","Dallas-Ft. Worth","",767,3,0.00391,1.048,767
"cnn.com","banner","Personal Computer","New York","",760,1,0.00132,0.353,760
"foxnews.com","banner","Connected TV","Los Angeles","",788,1,0.00127,0.340,788
"techcrunch.com","banner","Tablet","New York","",784,1,0.00128,0.342,784
"espn.com","native","Personal Computer","Denver","",375,2,0.00533,1.429,375
"variety.com","video","Tablet","Denver","",425,2,0.00471,1.261,425
"weather.com","banner","Set Top Box","Atlanta","",723,1,0.00138,0.370,723
"buzzfeed.com","native","Set Top Box","Phoenix","",369,1,0.00271,0.726,369
"washingtonpost.com","banner","Tablet","Denver","",762,5,0.00656,1.758,762
"espn.com","banner","Mobile/Tablet","Phoenix","",792,1,0.00126,0.338,792
"theverge.com","banner","Set Top Box","Atlanta","",745,3,0.00403,1.079,745
"tmz.com","video","Phone","Miami","",364,2,0.00550,1.472,364
"washingtonpost.com","video","Set Top Box","Dallas-Ft. Worth","",388,1,0.00258,0.690,388
"cnet.com","native","Phone","New York","",359,0,0.00000,0.000,359
"weather.com","video","Personal Computer","Phoenix","",382,3,0.00785,2.104,382
"tmz.com","video","Set Top Box","Dallas-Ft. Worth","",361,0,0.00000,0.000,361
"forbes.com","video","Connected Device","Denver","",373,1,0.00268,0.718,373
"cnet.com","video","Personal Computer","Phoenix","",403,2,0.00496,1.329,403
"cnn.com","banner","Connected Device","Atlanta","",797,3,0.00376,1.008,797
"nytimes.com","video","Personal Computer","Miami","",357,2,0.00560,1.501,357
"weather.com","video","Mobile/Tablet","Los Angeles","",383,2,0.00522,1.399,383
"foxnews.com","banner","Phone","Chicago","",758,0,0.00000,0.000,758
"variety.com","video","Phone","Dallas-Ft. Worth","",377,1,0.00265,0.711,377
"forbes.com","banner","Phone","Chicago","",755,1,0.00133,0.355,755
"variety.com","banner","Connected Device","New York","",740,2,0.00270,0.724,740
"theverge.com","video","Mobile/Tablet","New York","",409,5,0.01223,3.275,409
"washingtonpost.com","native","Phone","Dallas-Ft. Worth","",362,2,0.00553,1.480,362
"weather.com","video","Tablet","Chicago","",374,2,0.00535,1.433,374
"buzzfeed.com","video","Tablet","Los Angeles","",411,1,0.00243,0.652,411
"theverge.com","video","Tablet","Philadelphia","",389,1,0.00257,0.689,389
"nytimes.com","video","Phone","Miami","",403,0,0.00000,0.000,403
"washingtonpost.com","native","Connected TV","New York","",377,2,0.00531,1.421,377
"variety.com","native","Tablet","Philadelphia","",416,1,0.00240,0.644,416
"cnn.com","banner","Tablet","Los Angeles","",754,1,0.00133,0.355,754
"theverge.com","banner","Tablet","Denver","",769,2,0.00260,0.697,769
"espn.com","video","Set Top Box","New York","",373,3,0.00804,2.155,373
"cnn.com","native","Tablet","Houston","",390,3,0.00769,2.061,390
"forbes.com","video","Tablet","New York","",375,0,0.00000,0.000,375
"weather.com","video","Set Top Box","Atlanta","",406,1,0.00246,0.660,406
"people.com","native","Personal Computer","Denver","",408,3,0.00735,1.970,408
"cnn.com","video","Tablet","Phoenix","",413,1,0.00242,0.649,413
"theverge.com","native","Phone","Dallas-Ft. Worth","",416,1,0.00240,0.644,416
"bbc.com","banner","Connected Device","Miami","",771,4,0.00519,1.390,771
"forbes.com","video","Personal Computer","Miami","",389,2,0.00514,1.377,389
"foxnews.com","banner","Connected TV","Dallas-Ft. Worth","",730,2,0.00274,0.734,730
"cnet.com","native","Personal Computer","Denver","",371,1,0.00270,0.722,371
"techcrunch.com","video","Phone","Los Angeles","",397,4,0.01008,2.699,397
"people.com","video","Phone","Los Angeles","",368,0,0.00000,0.000,368
"theverge.com","banner","Connected Device","Los Angeles","",752,1,0.00133,0.356,752
"nytimes.com","video","Tablet","Atlanta","",369,0,0.00000,0.000,369
"forbes.com","banner","Personal Computer","Houston","",757,2,0.00264,0.708,757
"cnet.com","video","Mobile/Tablet","Miami","",391,4,0.01023,2.740,391
"foxnews.com","native","Connected TV","New York","",378,2,0.00529,1.417,378
"tmz.com","native","Connected TV","Denver","",394,1,0.00254,0.680,394
"cnn.com","banner","Tablet","Chicago","",765,1,0.00131,0.350,765
"variety.com","video","Tablet","Chicago","",400,0,0.00000,0.000,400
"washingtonpost.com","banner","Mobile/Tablet","Los Angeles","",745,1,0.00134,0.359,745
"bbc.com","video","Phone","Atlanta","",410,1,0.00244,0.653,410
"variety.com","native","Connected TV","Denver","",377,1,0.00265,0.711,377
"cnet.com","video","Connected TV","New York","",403,1,0.00248,0.665,403
"cnet.com","video","Mobile/Tablet","New York","",354,0,0.00000,0.000,354
"forbes.com","video","Phone","Los Angeles","",390,1,0.00256,0.687,390
"theverge.com","banner","Connected TV","Denver","",682,1,0.00147,0.393,682
"tmz.com","video","Phone","Phoenix","",415,0,0.00000,0.000,415
"cnet.com","native","Connected Device","Dallas-Ft. Worth","",368,2,0.00544,1.456,368
"foxnews.com","video","Set Top Box","Miami","",395,1,0.00253,0.678,395
"variety.com","native","Personal Computer","Miami","",401,0,0.00000,0.000,401
"variety.com","native","Phone","Miami","",376,0,0.00000,0.000,376
"nytimes.com","native","Tablet","Los Angeles","",381,1,0.00263,0.703,381
"cnn.com","native","Phone","Denver","",408,1,0.00245,0.657,408
"foxnews.com","banner","Connected Device","Denver","",764,2,0.00262,0.701,764
"weather.com","video","Set Top Box","Houston","",398,2,0.00503,1.346,398
"nytimes.com","video","Mobile/Tablet","New York","",370,0,0.00000,0.000,370
"forbes.com","banner","Phone","Denver","",791,1,0.00126,0.339,791
"forbes.com","video","Tablet","Los Angeles","",375,2,0.00533,1.429,375
"techcrunch.com","native","Personal Computer","Denver","",395,0,0.00000,0.000,395
"espn.com","native","Personal Computer","Dallas-Ft. Worth","",361,1,0.00277,0.742,361
"bbc.com","banner","Mobile/Tablet","Dallas-Ft. Worth","",741,5,0.00675,1.808,741
"washingtonpost.com","banner","Phone","Denver","",803,3,0.00374,1.001,803
"cnet.com","video","Connected TV","Chicago","",395,0,0.00000,0.000,395
"foxnews.com","video","Tablet","Los Angeles","",369,2,0.00542,1.452,369
"washingtonpost.com","native","Connected TV","Denver","",391,2,0.00512,1.370,391
"buzzfeed.com","native","Personal Computer","Denver","",373,4,0.01072,2.873,373
"cnet.com","banner","Set Top Box","New York","",741,5,0.00675,1.808,741
"espn.com","video","Connected Device","Denver","",392,3,0.00765,2.050,392
"weather.com","video","Set Top Box","Dallas-Ft. Worth","",386,0,0.00000,0.000,386
"washingtonpost.com","video","Mobile/Tablet","Atlanta","",348,3,0.00862,2.309,348
"bbc.com","native","Set Top Box","Atlanta","",359,2,0.00557,1.492,359
"theverge.com","native","Connected TV","Miami","",356,1,0.00281,0.752,356
"techcrunch.com","native","Set Top Box","Denver","",383,1,0.00261,0.699,383
"washingtonpost.com","video","Tablet","Phoenix","",357,1,0.00280,0.750,357
"tmz.com","native","Tablet","Chicago","",398,1,0.00251,0.673,398
"people.com","banner","Phone","Atlanta","",759,1,0.00132,0.353,759
"variety.com","video","Personal Computer","Los Angeles","",376,0,0.00000,0.000,376
"washingtonpost.com","banner","Tablet","Phoenix","",824,4,0.00485,1.300,824
"nytimes.com","banner","Connected TV","Chicago","",834,2,0.00240,0.642,834
"bbc.com","native","Set Top Box","Miami","",364,1,0.00275,0.736,364
"theverge.com","native","Connected Device","Atlanta","",340,1,0.00294,0.788,340
"variety.com","native","Tablet","Houston","",401,0,0.00000,0.000,401
"forbes.com","video","Set Top Box","Atlanta","",365,3,0.00822,2.202,365
"people.com","video","Tablet","Dallas-Ft. Worth","",396,0,0.00000,0.000,396
"cnet.com","video","Set Top Box","Atlanta","",383,4,0.01044,2.798,383
"cnn.com","native","Tablet","Atlanta","",378,0,0.00000,0.000,378
"techcrunch.com","native","Personal Computer","Los Angeles","",368,1,0.00272,0.728,368
"weather.com","banner","Connected TV","New York","",747,6,0.00803,2.152,747
"forbes.com","video","Set Top Box","Philadelphia","",388,0,0.00000,0.000,388
"cnn.com","video","Set Top Box","Los Angeles","",416,1,0.00240,0.644,416
"weather.com","banner","Phone","Philadelphia","",727,2,0.00275,0.737,727
"foxnews.com","native","Tablet","New York","",350,1,0.00286,0.765,350
"cnn.com","video","Connected TV","Phoenix","",337,3,0.00890,2.385,337
"cnn.com","video","Mobile/Tablet","Los Angeles","",370,2,0.00541,1.448,370
"espn.com","video","Personal Computer","Philadelphia","",393,2,0.00509,1.363,393
"espn.com","video","Connected TV","Miami","",369,2,0.00542,1.452,369
"weather.com","video","Mobile/Tablet","Phoenix","",366,1,0.00273,0.732,366
"people.com","banner","Phone","Houston","",739,2,0.00271,0.725,739
"weather.com","video","Connected Device","Houston","",365,4,0.01096,2.936,365
"buzzfeed.com","banner","Personal Computer","Houston","",752,5,0.00665,1.781,752
"theverge.com","video","Phone","Denver","",397,0,0.00000,0.000,397
"nytimes.com","native","Connected Device","Phoenix","",369,1,0.00271,0.726,369
"foxnews.com","video","Tablet","Miami","",364,0,0.00000,0.000,364
"buzzfeed.com","native","Connected Device","Philadelphia","",386,0,0.00000,0.000,386
"people.com","native","Set Top Box","Denver","",376,0,0.00000,0.000,376
"foxnews.com","native","Mobile/Tablet","Los Angeles","",355,0,0.00000,0.000,355
"techcrunch.com","banner","Phone","Chicago","",839,4,0.00477,1.277,839
"weather.com","banner","Tablet","Chicago","",753,6,0.00797,2.134,753
"tmz.com","banner","Personal Computer","Denver","",757,4,0.00528,1.415,757
"cnet.com","native","Tablet","Phoenix","",398,0,0.00000,0.000,398
"washingtonpost.com","native","Mobile/Tablet","Los Angeles","",420,1,0.00238,0.638,420
"weather.com","native","Mobile/Tablet","Houston","",442,2,0.00453,1.212,442
"bbc.com","banner","Tablet","Houston","",761,2,0.00263,0.704,761
"cnet.com","native","Phone","Dallas-Ft. Worth","",326,0,0.00000,0.000,326
"bbc.com","video","Connected TV","Denver","",367,2,0.00545,1.460,367
"buzzfeed.com","banner","Set Top Box","Philadelphia","",810,4,0.00494,1.323,810
"variety.com","banner","Personal Computer","Los Angeles","",776,2,0.00258,0.690,776
"variety.com","native","Set Top Box","Los Angeles","",387,1,0.00258,0.692,387
"tmz.com","native","Personal Computer","Houston","",358,0,0.00000,0.000,358
"weather.com","video","Phone","Philadelphia","",390,2,0.00513,1.374,390
"washingtonpost.com","video","Connected Device","New York","",402,5,0.01244,3.332,402
"espn.com","native","Tablet","Los Angeles","",407,0,0.00000,0.000,407
"weather.com","video","Set Top Box","Denver","",349,1,0.00287,0.767,349
"techcrunch.com","native","Phone","Dallas-Ft. Worth","",374,2,0.00535,1.433,374
"techcrunch.com","video","Tablet","Los Angeles","",390,1,0.00256,0.687,390
"weather.com","banner","Set Top Box","Philadelphia","",717,5,0.00697,1.868,717
"theverge.com","banner","Tablet","Atlanta","",785,2,0.00255,0.683,785
"buzzfeed.com","banner","Set Top Box","Los Angeles","",765,4,0.00523,1.401,765
"cnet.com","video","Connected TV","Atlanta","",342,3,0.00877,2.350,342
"washingtonpost.com","video","Personal Computer","Phoenix","",347,0,0.00000,0.000,347
"people.com","banner","Mobile/Tablet","Phoenix","",803,1,0.00125,0.334,803
"nytimes.com","native","Connected Device","Houston","",398,0,0.00000,0.000,398
"nytimes.com","native","Set Top Box","Denver","",373,0,0.00000,0.000,373
"people.com","banner","Personal Computer","New York","",759,2,0.00264,0.706,759
"buzzfeed.com","native","Connected Device","Miami","",398,2,0.00503,1.346,398
"theverge.com","banner","Connected Device","Philadelphia","",726,1,0.00138,0.369,726
"buzzfeed.com","banner","Connected TV","Denver","",763,6,0.00786,2.107,763
"foxnews.com","banner","Mobile/Tablet","Chicago","",767,6,0.00782,2.096,767
"foxnews.com","video","Connected TV","Chicago","",396,2,0.00505,1.353,396
"foxnews.com","native","Connected TV","Denver","",402,0,0.00000,0.000,402
"cnn.com","banner","Mobile/Tablet","Denver","",695,0,0.00000,0.000,695
"variety.com","native","Mobile/Tablet","Atlanta","",372,2,0.00538,1.440,372
"cnn.com","video","Phone","Dallas-Ft. Worth","",387,0,0.00000,0.000,387
"cnn.com","video","Mobile/Tablet","Philadelphia","",382,1,0.00262,0.701,382
"foxnews.com","native","Phone","Los Angeles","",371,3,0.00809,2.166,371
"forbes.com","native","Phone","Denver","",386,1,0.00259,0.694,386
"buzzfeed.com","video","Tablet","Dallas-Ft. Worth","",369,0,0.00000,0.000,369
"bbc.com","video","Connected TV","Atlanta","",384,1,0.00260,0.698,384
"cnn.com","video","Phone","Atlanta","",380,0,0.00000,0.000,380
"techcrunch.com","banner","Personal Computer","Chicago","",739,3,0.00406,1.088,739
"bbc.com","video","Personal Computer","Chicago","",372,3,0.00807,2.160,372
"weather.com","video","Phone","Atlanta","",368,3,0.00815,2.184,368
"nytimes.com","native","Phone","Dallas-Ft. Worth","",382,1,0.00262,0.701,382
"forbes.com","native","Phone","New York","",398,2,0.00503,1.346,398
"tmz.com","video","Connected TV","Phoenix","",356,1,0.00281,0.752,356
"techcrunch.com","video","Personal Computer","Chicago","",401,3,0.00748,2.004,401
"nytimes.com","banner","Connected TV","New York","",718,1,0.00139,0.373,718
"forbes.com","native","Set Top Box","Denver","",400,1,0.00250,0.670,400
"nytimes.com","banner","Set Top Box","Philadelphia","",790,2,0.00253,0.678,790
"cnn.com","video","Tablet","Atlanta","",391,2,0.00512,1.370,391
"nytimes.com","banner","Phone","Miami","",781,1,0.00128,0.343,781
"forbes.com","banner","Mobile/Tablet","Phoenix","",745,1,0.00134,0.359,745
"theverge.com","banner","Personal Computer","Dallas-Ft. Worth","",725,4,0.00552,1.478,725
"washingtonpost.com","video","Phone","Philadelphia","",368,0,0.00000,0.000,368
"variety.com","video","Set Top Box","Phoenix","",391,3,0.00767,2.055,391
"tmz.com","banner","Connected TV","Phoenix","",730,2,0.00274,0.734,730
"espn.com","banner","Connected Device","Houston","",752,2,0.00266,0.713,752
"washingtonpost.com","native","Tablet","Philadelphia","",420,3,0.00714,1.913,420
"washingtonpost.com","native","Connected Device","Phoenix","",359,1,0.00279,0.746,359
"weather.com","native","Mobile/Tablet","Miami","",412,2,0.00485,1.300,412
"bbc.com","banner","Set Top Box","Phoenix","",755,1,0.00133,0.355,755
"bbc.com","native","Connected Device","Miami","",387,2,0.00517,1.384,387
"buzzfeed.com","video","Connected TV","New York","",392,2,0.00510,1.367,392
"nytimes.com","banner","Tablet","New York","",751,2,0.00266,0.713,751
"people.com","video","Connected Device","Atlanta","",362,1,0.00276,0.740,362
"buzzfeed.com","native","Tablet","Miami","",387,3,0.00775,2.077,387
"forbes.com","native","Connected Device","Los Angeles","",405,0,0.00000,0.000,405
"techcrunch.com","video","Phone","Chicago","",377,1,0.00265,0.711,377
"cnn.com","banner","Connected TV","Miami","",738,1,0.00136,0.363,738
"variety.com","banner","Phone","Philadelphia","",794,2,0.00252,0.675,794
"washingtonpost.com","native","Mobile/Tablet","Miami","",372,0,0.00000,0.000,372
"nytimes.com","banner","Tablet","Dallas-Ft. Worth","",766,2,0.00261,0.699,766
"foxnews.com","video","Set Top Box","Houston","",429,0,0.00000,0.000,429
"foxnews.com","native","Connected Device","Denver","",402,1,0.00249,0.666,402
"buzzfeed.com","video","Connected TV","Phoenix","",396,0,0.00000,0.000,396
"theverge.com","native","Connected TV","Los Angeles","",344,1,0.00291,0.779,344
"techcrunch.com","video","Connected Device","Houston","",390,1,0.00256,0.687,390
"weather.com","video","Connected TV","Los Angeles","",368,1,0.00272,0.728,368
"buzzfeed.com","video","Phone","Los Angeles","",364,2,0.00550,1.472,364
"cnn.com","video","Phone","Denver","",369,0,0.00000,0.000,369
"theverge.com","native","Personal Computer","New York","",372,1,0.00269,0.720,372
"theverge.com","video","Phone","Phoenix","",403,2,0.00496,1.329,403
"people.com","banner","Connected TV","Dallas-Ft. Worth","",748,3,0.00401,1.074,748
"techcrunch.com","native","Personal Computer","Dallas-Ft. Worth","",418,2,0.00479,1.282,418
"theverge.com","video","Set Top Box","New York","",403,1,0.00248,0.665,403
"theverge.com","banner","Connected Device","Phoenix","",701,1,0.00143,0.382,701
"bbc.com","banner","Personal Computer","Phoenix","",736,2,0.00272,0.728,736
"espn.com","native","Mobile/Tablet","Dallas-Ft. Worth","",379,0,0.00000,0.000,379
"tmz.com","native","Tablet","New York","",398,0,0.00000,0.000,398
"nytimes.com","video","Tablet","Houston","",392,1,0.00255,0.683,392
"weather.com","video","Tablet","Atlanta","",355,0,0.00000,0.000,355
"weather.com","native","Connected Device","New York","",367,0,0.00000,0.000,367
"variety.com","video","Set Top Box","Dallas-Ft. Worth","",368,1,0.00272,0.728,368
"variety.com","video","Mobile/Tablet","Los Angeles","",372,2,0.00538,1.440,372
"washingtonpost.com","video","Tablet","Dallas-Ft. Worth","",371,0,0.00000,0.000,371
"variety.com","native","Connected Device","Miami","",399,0,0.00000,0.000,399
"cnn.com","native","Personal Computer","Miami","",357,1,0.00280,0.750,357
"cnet.com","video","Personal Computer","Dallas-Ft. Worth","",393,2,0.00509,1.363,393
"theverge.com","video","Mobile/Tablet","Phoenix","",375,0,0.00000,0.000,375
"bbc.com","native","Mobile/Tablet","Phoenix","",384,3,0.00781,2.093,384
"weather.com","native","Connected TV","Los Angeles","",364,2,0.00550,1.472,364
"variety.com","banner","Phone","New York","",781,1,0.00128,0.343,781
"buzzfeed.com","banner","Connected TV","Los Angeles","",744,4,0.00538,1.440,744
"cnet.com","video","Tablet","Philadelphia","",374,4,0.01070,2.865,374
"cnet.com","banner","Mobile/Tablet","Atlanta","",780,4,0.00513,1.374,780
"techcrunch.com","banner","Phone","Phoenix","",746,1,0.00134,0.359,746
"washingtonpost.com","banner","Mobile/Tablet","Houston","",786,5,0.00636,1.704,786
"cnn.com","banner","Personal Computer","Houston","",798,4,0.00501,1.343,798
"cnet.com","banner","Phone","New York","",720,3,0.00417,1.116,720
"bbc.com","video","Mobile/Tablet","Los Angeles","",387,0,0.00000,0.000,387
"nytimes.com","banner","Mobile/Tablet","New York","",761,4,0.00526,1.408,761
"cnn.com","banner","Connected Device","Phoenix","",761,1,0.00131,0.352,761
"cnn.com","video","Set Top Box","New York","",370,1,0.00270,0.724,370
"variety.com","banner","Personal Computer","Philadelphia","",773,0,0.00000,0.000,773
"bbc.com","banner","Connected Device","Chicago","",746,1,0.00134,0.359,746
"weather.com","video","Mobile/Tablet","Atlanta","",372,1,0.00269,0.720,372
"buzzfeed.com","video","Personal Computer","Chicago","",399,1,0.00251,0.671,399
"theverge.com","video","Connected TV","New York","",387,0,0.00000,0.000,387
"cnet.com","native","Tablet","Miami","",400,1,0.00250,0.670,400
"forbes.com","video","Mobile/Tablet","Phoenix","",360,0,0.00000,0.000,360
"forbes.com","banner","Tablet","Dallas-Ft. Worth","",775,3,0.00387,1.037,775
"nytimes.com","native","Connected TV","Miami","",365,1,0.00274,0.734,365
"variety.com","native","Connected Device","Chicago","",409,0,0.00000,0.000,409
"bbc.com","banner","Personal Computer","Dallas-Ft. Worth","",759,2,0.00264,0.706,759
"espn.com","video","Personal Computer","Dallas-Ft. Worth","",385,5,0.01299,3.479,385
"espn.com","banner","Set Top Box","Los Angeles","",747,2,0.00268,0.717,747
"espn.com","video","Mobile/Tablet","Houston","",397,2,0.00504,1.350,397
"techcrunch.com","banner","Connected TV","Dallas-Ft. Worth","",747,8,0.01071,2.869,747
"cnet.com","native","Personal Computer","Los Angeles","",402,0,0.00000,0.000,402
"buzzfeed.com","video","Tablet","Chicago","",416,2,0.00481,1.288,416
"washingtonpost.com","banner","Tablet","Atlanta","",834,2,0.00240,0.642,834
"nytimes.com","native","Personal Computer","Philadelphia","",382,1,0.00262,0.701,382
"techcrunch.com","native","Mobile/Tablet","Phoenix","",451,4,0.00887,2.376,451
"weather.com","native","Personal Computer","Miami","",393,1,0.00255,0.682,393
"buzzfeed.com","video","Connected TV","Denver","",373,1,0.00268,0.718,373
"buzzfeed.com","native","Phone","Dallas-Ft. Worth","",382,1,0.00262,0.701,382
"foxnews.com","banner","Set Top Box","Denver","",736,1,0.00136,0.364,736
"variety.com","video","Connected TV","Los Angeles","",402,2,0.00498,1.333,402
"techcrunch.com","video","Tablet","Chicago","",350,1,0.00286,0.765,350
"buzzfeed.com","native","Set Top Box","Los Angeles","",376,2,0.00532,1.425,376
"cnn.com","video","Set Top Box","Philadelphia","",372,1,0.00269,0.720,372
"bbc.com","native","Phone","Miami","",346,2,0.00578,1.548,346
"theverge.com","native","Personal Computer","Dallas-Ft. Worth","",385,2,0.00520,1.392,385
"cnet.com","native","Tablet","Chicago","",420,1,0.00238,0.638,420
"techcrunch.com","video","Connected Device","Atlanta","",347,1,0.00288,0.772,347
"theverge.com","native","Set Top Box","Atlanta","",360,0,0.00000,0.000,360
"nytimes.com","native","Personal Computer","Houston","",359,1,0.00279,0.746,359
"forbes.com","video","Connected Device","Los Angeles","",383,1,0.00261,0.699,383
"nytimes.com","video","Mobile/Tablet","Miami","",334,0,0.00000,0.000,334
"variety.com","video","Set Top Box","Atlanta","",378,1,0.00265,0.709,378
"nytimes.com","video","Connected Device","Dallas-Ft. Worth","",400,1,0.00250,0.670,400
"theverge.com","banner","Phone","Houston","",748,2,0.00267,0.716,748
"theverge.com","banner","Personal Computer","Miami","",753,3,0.00398,1.067,753
"people.com","video","Personal Computer","New York","",371,3,0.00809,2.166,371
"weather.com","banner","Connected Device","Miami","",737,3,0.00407,1.091,737
"buzzfeed.com","video","Connected TV","Miami","",408,5,0.01226,3.283,408
"variety.com","native","Personal Computer","New York","",385,0,0.00000,0.000,385
"washingtonpost.com","native","Connected TV","Miami","",380,2,0.00526,1.410,380
"buzzfeed.com","native","Connected TV","Dallas-Ft. Worth","",380,0,0.00000,0.000,380
"people.com","banner","Mobile/Tablet","Houston","",766,13,0.01697,4.546,766
"espn.com","video","Tablet","Dallas-Ft. Worth","",358,1,0.00279,0.748,358
"bbc.com","native","Connected TV","Phoenix","",384,1,0.00260,0.698,384
"variety.com","native","Mobile/Tablet","New York","",419,1,0.00239,0.639,419
"cnn.com","native","Tablet","New York","",388,3,0.00773,2.071,388
"people.com","video","Connected TV","Philadelphia","",396,2,0.00505,1.353,396
"theverge.com","video","Mobile/Tablet","Los Angeles","",392,2,0.00510,1.367,392
"variety.com","native","Tablet","Miami","",406,0,0.00000,0.000,406
"people.com","video","Connected Device","Philadelphia","",424,2,0.00472,1.264,424
"nytimes.com","video","Connected TV","Atlanta","",363,0,0.00000,0.000,363
"bbc.com","video","Personal Computer","Atlanta","",410,3,0.00732,1.960,410
