"PUBLISHER","AD_FORMAT","DEVICE_TYPE","GEO_METRO","IMPRESSIONS","PURCHASES","PURCHASE_RATE_PCT","YIELD_MULTIPLIER","BID_MULTIPLIER","FLOOR_TIER"
"people.com","native",6,"Atlanta",449,9,2.004,1.87,1.87,"PREMIUM"
"cnn.com","native",4,"Houston",497,10,2.012,1.87,1.87,"PREMIUM"
"nytimes.com","native",4,"Atlanta",498,10,2.008,1.87,1.87,"PREMIUM"
"espn.com","video",6,"Miami",449,9,2.004,1.87,1.87,"PREMIUM"
"foxnews.com","native",3,"Houston",447,9,2.013,1.87,1.87,"PREMIUM"
"cnet.com","video",3,"Houston",497,10,2.012,1.87,1.87,"PREMIUM"
"bbc.com","video",4,"Dallas-Ft. Worth",497,10,2.012,1.87,1.87,"PREMIUM"
"forbes.com","native",7,"Los Angeles",449,9,2.004,1.87,1.87,"PREMIUM"
"cnet.com","native",7,"Los Angeles",498,10,2.008,1.87,1.87,"PREMIUM"
"cnet.com","video",6,"Los Angeles",499,10,2.004,1.87,1.87,"PREMIUM"
"people.com","native",6,"Dallas-Ft. Worth",498,10,2.008,1.87,1.87,"PREMIUM"
"bbc.com","video",3,"Miami",448,9,2.009,1.87,1.87,"PREMIUM"
"tmz.com","native",3,"Houston",451,9,1.996,1.86,1.86,"PREMIUM"
"variety.com","native",3,"New York",500,10,2,1.86,1.86,"PREMIUM"
"foxnews.com","video",6,"Miami",450,9,2,1.86,1.86,"PREMIUM"
"techcrunch.com","native",6,"Los Angeles",451,9,1.996,1.86,1.86,"PREMIUM"
"techcrunch.com","video",3,"Dallas-Ft. Worth",451,9,1.996,1.86,1.86,"PREMIUM"
"people.com","video",6,"Los Angeles",501,10,1.996,1.86,1.86,"PREMIUM"
"bbc.com","video",3,"Philadelphia",500,10,2,1.86,1.86,"PREMIUM"
"washingtonpost.com","native",3,"Denver",500,10,2,1.86,1.86,"PREMIUM"
"weather.com","video",6,"Houston",454,9,1.982,1.85,1.85,"PREMIUM"
"techcrunch.com","video",3,"Miami",453,9,1.987,1.85,1.85,"PREMIUM"
"espn.com","video",4,"Miami",453,9,1.987,1.85,1.85,"PREMIUM"
"people.com","native",1,"Atlanta",502,10,1.992,1.85,1.85,"PREMIUM"
"weather.com","video",1,"Miami",454,9,1.982,1.85,1.85,"PREMIUM"
"weather.com","native",4,"New York",454,9,1.982,1.85,1.85,"PREMIUM"
"washingtonpost.com","native",4,"Phoenix",504,10,1.984,1.85,1.85,"PREMIUM"
"people.com","native",1,"Chicago",453,9,1.987,1.85,1.85,"PREMIUM"
"foxnews.com","native",3,"Miami",454,9,1.982,1.85,1.85,"PREMIUM"
"people.com","native",6,"Miami",455,9,1.978,1.84,1.84,"PREMIUM"
"people.com","native",3,"Phoenix",455,9,1.978,1.84,1.84,"PREMIUM"
"espn.com","banner",7,"Dallas-Ft. Worth",960,19,1.979,1.84,1.84,"PREMIUM"
"cnet.com","video",3,"Denver",506,10,1.976,1.84,1.84,"PREMIUM"
"espn.com","video",1,"Phoenix",456,9,1.974,1.84,1.84,"PREMIUM"
"weather.com","banner",7,"Houston",913,18,1.972,1.84,1.84,"PREMIUM"
"forbes.com","native",1,"Miami",456,9,1.974,1.84,1.84,"PREMIUM"
"washingtonpost.com","video",7,"Philadelphia",507,10,1.972,1.84,1.84,"PREMIUM"
"bbc.com","native",3,"New York",509,10,1.965,1.83,1.83,"PREMIUM"
"theverge.com","native",4,"Los Angeles",508,10,1.969,1.83,1.83,"PREMIUM"
"bbc.com","native",7,"Atlanta",508,10,1.969,1.83,1.83,"PREMIUM"
"washingtonpost.com","native",1,"Denver",459,9,1.961,1.83,1.83,"PREMIUM"
"forbes.com","video",1,"New York",458,9,1.965,1.83,1.83,"PREMIUM"
"foxnews.com","video",7,"Denver",459,9,1.961,1.83,1.83,"PREMIUM"
"tmz.com","native",7,"Philadelphia",457,9,1.969,1.83,1.83,"PREMIUM"
"theverge.com","video",7,"Houston",461,9,1.952,1.82,1.82,"PREMIUM"
"buzzfeed.com","native",3,"Denver",512,10,1.953,1.82,1.82,"PREMIUM"
"nytimes.com","native",7,"Philadelphia",513,10,1.949,1.82,1.82,"PREMIUM"
"cnet.com","native",3,"New York",461,9,1.952,1.82,1.82,"PREMIUM"
"tmz.com","banner",3,"Denver",935,4,0.428,0.4,0.4,"DISCOUNT"
"buzzfeed.com","native",2,"Miami",461,2,0.434,0.4,0.4,"DISCOUNT"
"variety.com","banner",1,"Chicago",935,4,0.428,0.4,0.4,"DISCOUNT"
"foxnews.com","banner",3,"Dallas-Ft. Worth",929,4,0.431,0.4,0.4,"DISCOUNT"
"cnn.com","banner",4,"Atlanta",921,4,0.434,0.4,0.4,"DISCOUNT"
"washingtonpost.com","video",1,"Chicago",465,2,0.43,0.4,0.4,"DISCOUNT"
"forbes.com","native",6,"Denver",469,2,0.426,0.4,0.4,"DISCOUNT"
"espn.com","video",2,"Atlanta",469,2,0.426,0.4,0.4,"DISCOUNT"
"nytimes.com","banner",5,"Denver",934,4,0.428,0.4,0.4,"DISCOUNT"
"cnn.com","banner",7,"Denver",936,4,0.427,0.4,0.4,"DISCOUNT"
"cnet.com","native",2,"Los Angeles",463,2,0.432,0.4,0.4,"DISCOUNT"
"foxnews.com","video",5,"Denver",463,2,0.432,0.4,0.4,"DISCOUNT"
"buzzfeed.com","banner",1,"Phoenix",925,4,0.432,0.4,0.4,"DISCOUNT"
"cnn.com","video",1,"Philadelphia",467,2,0.428,0.4,0.4,"DISCOUNT"
"cnet.com","banner",4,"Dallas-Ft. Worth",925,4,0.432,0.4,0.4,"DISCOUNT"
"techcrunch.com","banner",2,"Philadelphia",941,4,0.425,0.4,0.4,"DISCOUNT"
"cnet.com","native",2,"Miami",467,2,0.428,0.4,0.4,"DISCOUNT"
"forbes.com","video",5,"Atlanta",464,2,0.431,0.4,0.4,"DISCOUNT"
"nytimes.com","video",5,"Chicago",464,2,0.431,0.4,0.4,"DISCOUNT"
"tmz.com","banner",6,"Miami",924,4,0.433,0.4,0.4,"DISCOUNT"
"bbc.com","banner",3,"Houston",933,4,0.429,0.4,0.4,"DISCOUNT"
"washingtonpost.com","banner",2,"Atlanta",926,4,0.432,0.4,0.4,"DISCOUNT"
"buzzfeed.com","banner",7,"New York",922,4,0.434,0.4,0.4,"DISCOUNT"
"theverge.com","video",6,"Philadelphia",461,2,0.434,0.4,0.4,"DISCOUNT"
"variety.com","video",2,"Houston",469,2,0.426,0.4,0.4,"DISCOUNT"
"foxnews.com","banner",2,"Los Angeles",925,4,0.432,0.4,0.4,"DISCOUNT"
"cnet.com","video",6,"Atlanta",469,2,0.426,0.4,0.4,"DISCOUNT"
"bbc.com","native",2,"Denver",465,2,0.43,0.4,0.4,"DISCOUNT"
"foxnews.com","native",2,"New York",463,2,0.432,0.4,0.4,"DISCOUNT"
"weather.com","native",5,"Phoenix",461,2,0.434,0.4,0.4,"DISCOUNT"
"foxnews.com","banner",2,"Houston",931,4,0.43,0.4,0.4,"DISCOUNT"
"nytimes.com","banner",5,"Miami",931,4,0.43,0.4,0.4,"DISCOUNT"
"theverge.com","video",5,"Miami",465,2,0.43,0.4,0.4,"DISCOUNT"
"nytimes.com","video",2,"Atlanta",467,2,0.428,0.4,0.4,"DISCOUNT"
"buzzfeed.com","banner",3,"Atlanta",941,4,0.425,0.4,0.4,"DISCOUNT"
"espn.com","banner",2,"Phoenix",966,4,0.414,0.39,0.39,"DISCOUNT"
"techcrunch.com","banner",6,"Atlanta",966,4,0.414,0.39,0.39,"DISCOUNT"
"theverge.com","banner",2,"Atlanta",962,4,0.416,0.39,0.39,"DISCOUNT"
"cnn.com","banner",6,"Atlanta",957,4,0.418,0.39,0.39,"DISCOUNT"
"tmz.com","banner",7,"Dallas-Ft. Worth",961,4,0.416,0.39,0.39,"DISCOUNT"
"variety.com","video",2,"New York",476,2,0.42,0.39,0.39,"DISCOUNT"
"cnn.com","banner",2,"Houston",965,4,0.415,0.39,0.39,"DISCOUNT"
"weather.com","banner",1,"Phoenix",945,4,0.423,0.39,0.39,"DISCOUNT"
"techcrunch.com","banner",4,"Denver",954,4,0.419,0.39,0.39,"DISCOUNT"
"buzzfeed.com","native",2,"Dallas-Ft. Worth",481,2,0.416,0.39,0.39,"DISCOUNT"
"techcrunch.com","banner",5,"Chicago",948,4,0.422,0.39,0.39,"DISCOUNT"
"washingtonpost.com","banner",5,"Phoenix",943,4,0.424,0.39,0.39,"DISCOUNT"
"cnet.com","video",5,"Atlanta",476,2,0.42,0.39,0.39,"DISCOUNT"
"variety.com","banner",4,"Chicago",944,4,0.424,0.39,0.39,"DISCOUNT"
"variety.com","banner",7,"Atlanta",944,4,0.424,0.39,0.39,"DISCOUNT"
"washingtonpost.com","banner",3,"Philadelphia",957,3,0.313,0.29,0.3,"DISCOUNT"
"forbes.com","banner",5,"Atlanta",953,3,0.315,0.29,0.3,"DISCOUNT"
"tmz.com","banner",4,"Phoenix",953,3,0.315,0.29,0.3,"DISCOUNT"
"buzzfeed.com","banner",6,"Phoenix",979,3,0.306,0.29,0.3,"DISCOUNT"
"cnet.com","banner",6,"Houston",972,3,0.309,0.29,0.3,"DISCOUNT"
"techcrunch.com","banner",2,"Houston",965,3,0.311,0.29,0.3,"DISCOUNT"
"variety.com","banner",1,"Miami",973,3,0.308,0.29,0.3,"DISCOUNT"
"tmz.com","banner",4,"Philadelphia",959,3,0.313,0.29,0.3,"DISCOUNT"
"tmz.com","banner",1,"Los Angeles",962,3,0.312,0.29,0.3,"DISCOUNT"
"weather.com","banner",6,"Phoenix",971,3,0.309,0.29,0.3,"DISCOUNT"
"weather.com","banner",2,"Miami",949,3,0.316,0.29,0.3,"DISCOUNT"
"theverge.com","banner",6,"New York",980,3,0.306,0.29,0.3,"DISCOUNT"
"tmz.com","banner",3,"New York",968,3,0.31,0.29,0.3,"DISCOUNT"
"bbc.com","banner",2,"Los Angeles",956,3,0.314,0.29,0.3,"DISCOUNT"
"forbes.com","banner",6,"Chicago",959,3,0.313,0.29,0.3,"DISCOUNT"
"washingtonpost.com","banner",3,"Chicago",973,3,0.308,0.29,0.3,"DISCOUNT"
"tmz.com","banner",4,"Los Angeles",980,3,0.306,0.29,0.3,"DISCOUNT"
"cnet.com","banner",2,"Phoenix",972,3,0.309,0.29,0.3,"DISCOUNT"
"bbc.com","banner",7,"Denver",964,3,0.311,0.29,0.3,"DISCOUNT"
"forbes.com","banner",1,"Chicago",962,3,0.312,0.29,0.3,"DISCOUNT"
"foxnews.com","banner",6,"Miami",964,3,0.311,0.29,0.3,"DISCOUNT"
"buzzfeed.com","banner",5,"Miami",958,3,0.313,0.29,0.3,"DISCOUNT"
"foxnews.com","banner",5,"Chicago",956,3,0.314,0.29,0.3,"DISCOUNT"
"theverge.com","banner",5,"Phoenix",966,3,0.311,0.29,0.3,"DISCOUNT"
"variety.com","banner",6,"New York",978,3,0.307,0.29,0.3,"DISCOUNT"
"cnet.com","banner",7,"Philadelphia",947,3,0.317,0.29,0.3,"DISCOUNT"
"variety.com","banner",1,"Philadelphia",959,3,0.313,0.29,0.3,"DISCOUNT"
"tmz.com","banner",3,"Phoenix",958,3,0.313,0.29,0.3,"DISCOUNT"
"weather.com","banner",2,"Los Angeles",965,3,0.311,0.29,0.3,"DISCOUNT"
"forbes.com","banner",4,"Denver",959,3,0.313,0.29,0.3,"DISCOUNT"
"bbc.com","banner",5,"New York",956,3,0.314,0.29,0.3,"DISCOUNT"
"forbes.com","banner",2,"Houston",966,3,0.311,0.29,0.3,"DISCOUNT"
"foxnews.com","banner",6,"Dallas-Ft. Worth",957,3,0.313,0.29,0.3,"DISCOUNT"
"washingtonpost.com","banner",4,"Dallas-Ft. Worth",957,3,0.313,0.29,0.3,"DISCOUNT"
"cnn.com","banner",2,"New York",953,3,0.315,0.29,0.3,"DISCOUNT"
"techcrunch.com","banner",6,"Denver",973,3,0.308,0.29,0.3,"DISCOUNT"
"tmz.com","banner",1,"Atlanta",974,3,0.308,0.29,0.3,"DISCOUNT"
"techcrunch.com","banner",6,"Miami",961,3,0.312,0.29,0.3,"DISCOUNT"
"washingtonpost.com","banner",2,"Dallas-Ft. Worth",962,3,0.312,0.29,0.3,"DISCOUNT"
"foxnews.com","banner",5,"Dallas-Ft. Worth",965,3,0.311,0.29,0.3,"DISCOUNT"
"forbes.com","banner",4,"Dallas-Ft. Worth",968,3,0.31,0.29,0.3,"DISCOUNT"
"cnn.com","banner",2,"Chicago",975,3,0.308,0.29,0.3,"DISCOUNT"
"washingtonpost.com","banner",1,"Atlanta",966,3,0.311,0.29,0.3,"DISCOUNT"
"bbc.com","banner",6,"Philadelphia",968,3,0.31,0.29,0.3,"DISCOUNT"
"variety.com","banner",6,"Philadelphia",977,3,0.307,0.29,0.3,"DISCOUNT"
"cnet.com","banner",4,"Philadelphia",965,3,0.311,0.29,0.3,"DISCOUNT"
"espn.com","banner",2,"Dallas-Ft. Worth",955,3,0.314,0.29,0.3,"DISCOUNT"
"buzzfeed.com","video",4,"Miami",489,7,1.431,1.33,1.33,"PREMIUM"
"forbes.com","video",1,"Chicago",489,7,1.431,1.33,1.33,"PREMIUM"
"theverge.com","native",5,"Miami",489,7,1.431,1.33,1.33,"PREMIUM"
"theverge.com","video",3,"Philadelphia",489,7,1.431,1.33,1.33,"PREMIUM"
"tmz.com","video",1,"Houston",491,7,1.426,1.33,1.33,"PREMIUM"
"buzzfeed.com","video",2,"New York",421,6,1.425,1.33,1.33,"PREMIUM"
"weather.com","video",2,"Los Angeles",489,7,1.431,1.33,1.33,"PREMIUM"
"weather.com","video",7,"Denver",491,7,1.426,1.33,1.33,"PREMIUM"
"tmz.com","video",4,"Philadelphia",489,7,1.431,1.33,1.33,"PREMIUM"
"bbc.com","native",7,"Chicago",490,7,1.429,1.33,1.33,"PREMIUM"
"foxnews.com","banner",7,"Houston",917,13,1.418,1.32,1.32,"PREMIUM"
"cnn.com","video",5,"Phoenix",494,7,1.417,1.32,1.32,"PREMIUM"
"buzzfeed.com","video",3,"Miami",494,7,1.417,1.32,1.32,"PREMIUM"
"weather.com","video",5,"Houston",493,7,1.42,1.32,1.32,"PREMIUM"
"foxnews.com","video",5,"Chicago",494,7,1.417,1.32,1.32,"PREMIUM"
"weather.com","video",6,"Phoenix",495,7,1.414,1.32,1.32,"PREMIUM"
"cnet.com","video",7,"New York",423,6,1.418,1.32,1.32,"PREMIUM"
"theverge.com","native",4,"Dallas-Ft. Worth",495,7,1.414,1.32,1.32,"PREMIUM"
"theverge.com","video",6,"New York",495,7,1.414,1.32,1.32,"PREMIUM"
"people.com","banner",3,"Houston",988,14,1.417,1.32,1.32,"PREMIUM"
"nytimes.com","video",7,"Atlanta",493,7,1.42,1.32,1.32,"PREMIUM"
"techcrunch.com","video",4,"Los Angeles",494,7,1.417,1.32,1.32,"PREMIUM"
"variety.com","video",7,"Los Angeles",495,7,1.414,1.32,1.32,"PREMIUM"
"people.com","native",6,"New York",496,7,1.411,1.31,1.31,"PREMIUM"
"espn.com","banner",3,"Denver",921,13,1.412,1.31,1.31,"PREMIUM"
"techcrunch.com","native",6,"Chicago",496,7,1.411,1.31,1.31,"PREMIUM"
"people.com","banner",7,"Houston",925,13,1.405,1.31,1.31,"PREMIUM"
"buzzfeed.com","native",3,"Philadelphia",427,6,1.405,1.31,1.31,"PREMIUM"
"people.com","banner",5,"Miami",922,13,1.41,1.31,1.31,"PREMIUM"
"espn.com","banner",7,"New York",921,13,1.412,1.31,1.31,"PREMIUM"
"theverge.com","banner",7,"Houston",997,14,1.404,1.31,1.31,"PREMIUM"
"weather.com","banner",3,"Los Angeles",996,14,1.406,1.31,1.31,"PREMIUM"
"foxnews.com","video",7,"New York",497,7,1.408,1.31,1.31,"PREMIUM"
"weather.com","banner",4,"Miami",962,8,0.832,0.77,0.77,"DISCOUNT"
"nytimes.com","video",5,"Denver",486,4,0.823,0.77,0.77,"DISCOUNT"
"forbes.com","banner",1,"Atlanta",966,8,0.828,0.77,0.77,"DISCOUNT"
"cnet.com","video",6,"Phoenix",486,4,0.823,0.77,0.77,"DISCOUNT"
"espn.com","banner",5,"Dallas-Ft. Worth",968,8,0.826,0.77,0.77,"DISCOUNT"
"tmz.com","banner",7,"Los Angeles",969,8,0.826,0.77,0.77,"DISCOUNT"
"theverge.com","banner",5,"Houston",971,8,0.824,0.77,0.77,"DISCOUNT"
"cnet.com","banner",7,"Miami",968,8,0.826,0.77,0.77,"DISCOUNT"
"cnn.com","video",1,"Phoenix",485,4,0.825,0.77,0.77,"DISCOUNT"
"people.com","video",2,"Los Angeles",486,4,0.823,0.77,0.77,"DISCOUNT"
"theverge.com","banner",4,"Los Angeles",973,8,0.822,0.77,0.77,"DISCOUNT"
"theverge.com","banner",1,"New York",962,8,0.832,0.77,0.77,"DISCOUNT"
"theverge.com","banner",3,"Philadelphia",965,8,0.829,0.77,0.77,"DISCOUNT"
"tmz.com","video",2,"Denver",481,4,0.832,0.77,0.77,"DISCOUNT"
"nytimes.com","video",6,"Chicago",486,4,0.823,0.77,0.77,"DISCOUNT"
"espn.com","native",6,"Phoenix",482,4,0.83,0.77,0.77,"DISCOUNT"
"tmz.com","native",1,"Phoenix",481,4,0.832,0.77,0.77,"DISCOUNT"
"forbes.com","video",4,"Philadelphia",490,4,0.816,0.76,0.76,"DISCOUNT"
"weather.com","video",2,"Denver",487,4,0.821,0.76,0.76,"DISCOUNT"
"foxnews.com","banner",7,"Miami",983,8,0.814,0.76,0.76,"DISCOUNT"
"cnet.com","video",4,"Philadelphia",488,4,0.82,0.76,0.76,"DISCOUNT"
"tmz.com","native",5,"Phoenix",493,4,0.811,0.76,0.76,"DISCOUNT"
"cnn.com","video",5,"Denver",487,4,0.821,0.76,0.76,"DISCOUNT"
"theverge.com","native",4,"Phoenix",492,4,0.813,0.76,0.76,"DISCOUNT"
"cnet.com","banner",7,"Atlanta",978,8,0.818,0.76,0.76,"DISCOUNT"
"weather.com","banner",4,"Atlanta",976,8,0.82,0.76,0.76,"DISCOUNT"
"bbc.com","native",7,"Denver",490,4,0.816,0.76,0.76,"DISCOUNT"
"foxnews.com","video",2,"Philadelphia",489,4,0.818,0.76,0.76,"DISCOUNT"
"tmz.com","native",2,"Denver",492,4,0.813,0.76,0.76,"DISCOUNT"
"bbc.com","native",5,"Phoenix",490,4,0.816,0.76,0.76,"DISCOUNT"
"espn.com","video",6,"Atlanta",493,4,0.811,0.76,0.76,"DISCOUNT"
"bbc.com","banner",7,"New York",982,8,0.815,0.76,0.76,"DISCOUNT"
"theverge.com","video",1,"Houston",490,4,0.816,0.76,0.76,"DISCOUNT"
"foxnews.com","native",2,"Dallas-Ft. Worth",487,4,0.821,0.76,0.76,"DISCOUNT"
"cnet.com","video",4,"Denver",493,4,0.811,0.76,0.76,"DISCOUNT"
"variety.com","native",5,"Phoenix",490,4,0.816,0.76,0.76,"DISCOUNT"
"variety.com","native",5,"Los Angeles",492,4,0.813,0.76,0.76,"DISCOUNT"
"foxnews.com","video",5,"Phoenix",493,4,0.811,0.76,0.76,"DISCOUNT"
"foxnews.com","native",5,"Phoenix",488,4,0.82,0.76,0.76,"DISCOUNT"
"variety.com","native",2,"Denver",487,4,0.821,0.76,0.76,"DISCOUNT"
"bbc.com","video",2,"Dallas-Ft. Worth",493,4,0.811,0.76,0.76,"DISCOUNT"
"bbc.com","native",6,"New York",488,4,0.82,0.76,0.76,"DISCOUNT"
"techcrunch.com","banner",7,"Denver",854,7,0.82,0.76,0.76,"DISCOUNT"
"espn.com","banner",6,"Philadelphia",984,8,0.813,0.76,0.76,"DISCOUNT"
"variety.com","video",6,"Miami",499,4,0.802,0.75,0.75,"DISCOUNT"
"forbes.com","native",1,"Philadelphia",498,4,0.803,0.75,0.75,"DISCOUNT"
"people.com","banner",3,"New York",989,8,0.809,0.75,0.75,"DISCOUNT"
"techcrunch.com","banner",6,"Houston",992,8,0.806,0.75,0.75,"DISCOUNT"
"tmz.com","banner",3,"Miami",999,8,0.801,0.75,0.75,"DISCOUNT"
"espn.com","video",2,"Denver",494,4,0.81,0.75,0.75,"DISCOUNT"
"foxnews.com","native",3,"Philadelphia",497,4,0.805,0.75,0.75,"DISCOUNT"
"variety.com","banner",3,"Houston",974,13,1.335,1.24,1.24,"PREMIUM"
"forbes.com","native",2,"New York",449,6,1.336,1.24,1.24,"PREMIUM"
"espn.com","native",5,"Chicago",450,6,1.333,1.24,1.24,"PREMIUM"
"bbc.com","native",1,"Atlanta",452,6,1.327,1.24,1.24,"PREMIUM"
"nytimes.com","native",4,"Chicago",452,6,1.327,1.24,1.24,"PREMIUM"
"espn.com","banner",6,"Los Angeles",898,12,1.336,1.24,1.24,"PREMIUM"
"cnn.com","video",6,"Houston",456,6,1.316,1.23,1.23,"PREMIUM"
"theverge.com","native",6,"Denver",454,6,1.322,1.23,1.23,"PREMIUM"
"buzzfeed.com","banner",3,"Houston",908,12,1.322,1.23,1.23,"PREMIUM"
"forbes.com","video",4,"Atlanta",455,6,1.319,1.23,1.23,"PREMIUM"
"washingtonpost.com","video",5,"Philadelphia",456,6,1.316,1.23,1.23,"PREMIUM"
"cnet.com","native",1,"Atlanta",453,6,1.325,1.23,1.23,"PREMIUM"
"forbes.com","video",6,"Atlanta",455,6,1.319,1.23,1.23,"PREMIUM"
"people.com","banner",4,"Los Angeles",911,12,1.317,1.23,1.23,"PREMIUM"
"forbes.com","video",1,"Atlanta",455,6,1.319,1.23,1.23,"PREMIUM"
"people.com","native",2,"Los Angeles",456,6,1.316,1.23,1.23,"PREMIUM"
"bbc.com","native",6,"Atlanta",456,6,1.316,1.23,1.23,"PREMIUM"
"cnet.com","native",5,"Atlanta",455,6,1.319,1.23,1.23,"PREMIUM"
"foxnews.com","native",4,"New York",454,6,1.322,1.23,1.23,"PREMIUM"
"variety.com","native",4,"Los Angeles",531,7,1.318,1.23,1.23,"PREMIUM"
"bbc.com","video",7,"Los Angeles",456,6,1.316,1.23,1.23,"PREMIUM"
"theverge.com","video",4,"Atlanta",453,6,1.325,1.23,1.23,"PREMIUM"
"buzzfeed.com","video",1,"Philadelphia",456,6,1.316,1.23,1.23,"PREMIUM"
"variety.com","banner",7,"New York",987,13,1.317,1.23,1.23,"PREMIUM"
"techcrunch.com","native",7,"Phoenix",458,6,1.31,1.22,1.22,"PREMIUM"
"theverge.com","video",3,"Dallas-Ft. Worth",457,6,1.313,1.22,1.22,"PREMIUM"
"theverge.com","native",7,"Denver",457,6,1.313,1.22,1.22,"PREMIUM"
"cnet.com","video",6,"Miami",457,6,1.313,1.22,1.22,"PREMIUM"
"tmz.com","video",7,"Miami",458,6,1.31,1.22,1.22,"PREMIUM"
"cnn.com","video",1,"Los Angeles",458,6,1.31,1.22,1.22,"PREMIUM"
"forbes.com","video",4,"Phoenix",458,6,1.31,1.22,1.22,"PREMIUM"
"bbc.com","video",4,"Chicago",459,6,1.307,1.22,1.22,"PREMIUM"
"bbc.com","video",1,"Dallas-Ft. Worth",458,6,1.31,1.22,1.22,"PREMIUM"
"buzzfeed.com","video",1,"New York",457,6,1.313,1.22,1.22,"PREMIUM"
"nytimes.com","native",5,"Phoenix",459,6,1.307,1.22,1.22,"PREMIUM"
"forbes.com","native",6,"Los Angeles",459,6,1.307,1.22,1.22,"PREMIUM"
"techcrunch.com","banner",3,"Miami",915,12,1.311,1.22,1.22,"PREMIUM"
"cnet.com","native",3,"Philadelphia",459,6,1.307,1.22,1.22,"PREMIUM"
"forbes.com","banner",3,"Miami",917,12,1.309,1.22,1.22,"PREMIUM"
"washingtonpost.com","native",4,"Chicago",463,6,1.296,1.21,1.21,"PREMIUM"
"nytimes.com","banner",3,"New York",925,12,1.297,1.21,1.21,"PREMIUM"
"bbc.com","video",3,"Denver",462,6,1.299,1.21,1.21,"PREMIUM"
"cnet.com","native",4,"New York",462,6,1.299,1.21,1.21,"PREMIUM"
"buzzfeed.com","native",6,"Chicago",460,6,1.304,1.21,1.21,"PREMIUM"
"nytimes.com","native",5,"Los Angeles",462,6,1.299,1.21,1.21,"PREMIUM"
"tmz.com","video",6,"Los Angeles",463,6,1.296,1.21,1.21,"PREMIUM"
"weather.com","native",1,"New York",463,6,1.296,1.21,1.21,"PREMIUM"
"buzzfeed.com","native",5,"Philadelphia",537,7,1.304,1.21,1.21,"PREMIUM"
"foxnews.com","banner",1,"Dallas-Ft. Worth",930,5,0.538,0.5,0.5,"DISCOUNT"
"cnn.com","banner",7,"Philadelphia",925,5,0.541,0.5,0.5,"DISCOUNT"
"washingtonpost.com","banner",6,"Houston",926,5,0.54,0.5,0.5,"DISCOUNT"
"variety.com","banner",6,"Dallas-Ft. Worth",934,5,0.535,0.5,0.5,"DISCOUNT"
"cnet.com","banner",1,"Denver",936,5,0.534,0.5,0.5,"DISCOUNT"
"variety.com","banner",4,"Phoenix",934,5,0.535,0.5,0.5,"DISCOUNT"
"techcrunch.com","banner",3,"Dallas-Ft. Worth",927,5,0.539,0.5,0.5,"DISCOUNT"
"forbes.com","banner",1,"Dallas-Ft. Worth",931,5,0.537,0.5,0.5,"DISCOUNT"
"nytimes.com","banner",6,"Dallas-Ft. Worth",937,5,0.534,0.5,0.5,"DISCOUNT"
"forbes.com","banner",6,"New York",926,5,0.54,0.5,0.5,"DISCOUNT"
"cnn.com","banner",6,"Denver",929,5,0.538,0.5,0.5,"DISCOUNT"
"bbc.com","banner",4,"Dallas-Ft. Worth",940,5,0.532,0.5,0.5,"DISCOUNT"
"techcrunch.com","banner",4,"Chicago",937,5,0.534,0.5,0.5,"DISCOUNT"
"washingtonpost.com","banner",3,"Phoenix",938,5,0.533,0.5,0.5,"DISCOUNT"
"tmz.com","banner",4,"Chicago",943,5,0.53,0.49,0.49,"DISCOUNT"
"espn.com","banner",7,"Denver",951,5,0.526,0.49,0.49,"DISCOUNT"
"nytimes.com","banner",7,"Dallas-Ft. Worth",953,5,0.525,0.49,0.49,"DISCOUNT"
"forbes.com","banner",7,"Los Angeles",949,5,0.527,0.49,0.49,"DISCOUNT"
"people.com","banner",2,"Los Angeles",942,5,0.531,0.49,0.49,"DISCOUNT"
"variety.com","banner",5,"Denver",949,5,0.527,0.49,0.49,"DISCOUNT"
"theverge.com","banner",1,"Houston",952,5,0.525,0.49,0.49,"DISCOUNT"
"foxnews.com","banner",1,"New York",943,5,0.53,0.49,0.49,"DISCOUNT"
"nytimes.com","banner",3,"Dallas-Ft. Worth",947,5,0.528,0.49,0.49,"DISCOUNT"
"theverge.com","banner",5,"Denver",957,5,0.522,0.49,0.49,"DISCOUNT"
"tmz.com","banner",1,"Philadelphia",951,5,0.526,0.49,0.49,"DISCOUNT"
"people.com","banner",6,"Denver",956,5,0.523,0.49,0.49,"DISCOUNT"
"foxnews.com","banner",6,"New York",946,5,0.529,0.49,0.49,"DISCOUNT"
"bbc.com","banner",1,"Los Angeles",949,5,0.527,0.49,0.49,"DISCOUNT"
"bbc.com","banner",5,"Miami",959,5,0.521,0.49,0.49,"DISCOUNT"
"variety.com","banner",5,"Philadelphia",955,5,0.524,0.49,0.49,"DISCOUNT"
"variety.com","banner",5,"Miami",952,5,0.525,0.49,0.49,"DISCOUNT"
"washingtonpost.com","banner",6,"Atlanta",959,5,0.521,0.49,0.49,"DISCOUNT"
"cnn.com","banner",4,"New York",953,5,0.525,0.49,0.49,"DISCOUNT"
"tmz.com","banner",1,"Houston",949,5,0.527,0.49,0.49,"DISCOUNT"
"buzzfeed.com","banner",7,"Phoenix",954,5,0.524,0.49,0.49,"DISCOUNT"
"foxnews.com","banner",6,"Houston",954,5,0.524,0.49,0.49,"DISCOUNT"
"people.com","banner",1,"Denver",954,5,0.524,0.49,0.49,"DISCOUNT"
"techcrunch.com","banner",1,"Philadelphia",950,5,0.526,0.49,0.49,"DISCOUNT"
"buzzfeed.com","banner",5,"Atlanta",975,5,0.513,0.48,0.48,"DISCOUNT"
"espn.com","banner",6,"Dallas-Ft. Worth",979,5,0.511,0.48,0.48,"DISCOUNT"
"foxnews.com","banner",4,"Houston",975,5,0.513,0.48,0.48,"DISCOUNT"
"foxnews.com","banner",4,"Philadelphia",978,5,0.511,0.48,0.48,"DISCOUNT"
"tmz.com","banner",5,"New York",978,5,0.511,0.48,0.48,"DISCOUNT"
"forbes.com","banner",5,"Philadelphia",976,5,0.512,0.48,0.48,"DISCOUNT"
"techcrunch.com","banner",3,"Los Angeles",971,5,0.515,0.48,0.48,"DISCOUNT"
"cnet.com","banner",6,"Denver",974,5,0.513,0.48,0.48,"DISCOUNT"
"cnet.com","banner",4,"Miami",962,5,0.52,0.48,0.48,"DISCOUNT"
"techcrunch.com","banner",5,"Los Angeles",970,5,0.515,0.48,0.48,"DISCOUNT"
"cnet.com","banner",4,"Los Angeles",967,5,0.517,0.48,0.48,"DISCOUNT"
"weather.com","banner",3,"Chicago",960,5,0.521,0.48,0.48,"DISCOUNT"
"buzzfeed.com","banner",6,"New York",979,5,0.511,0.48,0.48,"DISCOUNT"
"theverge.com","banner",2,"Phoenix",961,5,0.52,0.48,0.48,"DISCOUNT"
"nytimes.com","banner",2,"Denver",958,1,0.104,0.1,0.3,"DISCOUNT"
"cnn.com","banner",6,"Phoenix",931,1,0.107,0.1,0.3,"DISCOUNT"
"theverge.com","banner",6,"Philadelphia",904,1,0.111,0.1,0.3,"DISCOUNT"
"forbes.com","banner",6,"Phoenix",932,1,0.107,0.1,0.3,"DISCOUNT"
"techcrunch.com","banner",5,"Philadelphia",921,1,0.109,0.1,0.3,"DISCOUNT"
"tmz.com","banner",1,"Phoenix",924,1,0.108,0.1,0.3,"DISCOUNT"
"forbes.com","banner",2,"Denver",943,1,0.106,0.1,0.3,"DISCOUNT"
"forbes.com","banner",2,"Chicago",934,1,0.107,0.1,0.3,"DISCOUNT"
"theverge.com","banner",2,"Philadelphia",921,1,0.109,0.1,0.3,"DISCOUNT"
"bbc.com","banner",2,"Denver",945,1,0.106,0.1,0.3,"DISCOUNT"
"cnn.com","banner",6,"Dallas-Ft. Worth",967,1,0.103,0.1,0.3,"DISCOUNT"
"buzzfeed.com","banner",2,"Philadelphia",972,1,0.103,0.1,0.3,"DISCOUNT"
"techcrunch.com","banner",2,"Denver",949,1,0.105,0.1,0.3,"DISCOUNT"
"variety.com","banner",6,"Chicago",965,1,0.104,0.1,0.3,"DISCOUNT"
"cnn.com","banner",2,"Atlanta",934,1,0.107,0.1,0.3,"DISCOUNT"
"cnet.com","banner",2,"Philadelphia",940,1,0.106,0.1,0.3,"DISCOUNT"
"forbes.com","banner",2,"Los Angeles",907,1,0.11,0.1,0.3,"DISCOUNT"
"variety.com","banner",2,"Chicago",973,1,0.103,0.1,0.3,"DISCOUNT"
"nytimes.com","banner",2,"Phoenix",924,1,0.108,0.1,0.3,"DISCOUNT"
"foxnews.com","banner",6,"Chicago",947,1,0.106,0.1,0.3,"DISCOUNT"
"buzzfeed.com","banner",5,"Chicago",971,1,0.103,0.1,0.3,"DISCOUNT"
"foxnews.com","banner",2,"Dallas-Ft. Worth",939,1,0.106,0.1,0.3,"DISCOUNT"
"variety.com","banner",1,"Dallas-Ft. Worth",961,1,0.104,0.1,0.3,"DISCOUNT"
"forbes.com","banner",5,"Los Angeles",924,1,0.108,0.1,0.3,"DISCOUNT"
"people.com","banner",2,"Denver",942,1,0.106,0.1,0.3,"DISCOUNT"
"cnn.com","banner",2,"Phoenix",971,1,0.103,0.1,0.3,"DISCOUNT"
"cnn.com","native",7,"Miami",493,9,1.826,1.7,1.7,"PREMIUM"
"theverge.com","native",3,"Atlanta",438,8,1.826,1.7,1.7,"PREMIUM"
"people.com","native",5,"Miami",439,8,1.822,1.7,1.7,"PREMIUM"
"nytimes.com","video",4,"Miami",438,8,1.826,1.7,1.7,"PREMIUM"
"washingtonpost.com","video",4,"Dallas-Ft. Worth",493,9,1.826,1.7,1.7,"PREMIUM"
"foxnews.com","native",4,"Houston",438,8,1.826,1.7,1.7,"PREMIUM"
"bbc.com","native",3,"Philadelphia",492,9,1.829,1.7,1.7,"PREMIUM"
"espn.com","banner",3,"Houston",930,17,1.828,1.7,1.7,"PREMIUM"
"tmz.com","video",5,"Phoenix",439,8,1.822,1.7,1.7,"PREMIUM"
"cnet.com","native",1,"Chicago",493,9,1.826,1.7,1.7,"PREMIUM"
"techcrunch.com","native",1,"Miami",442,8,1.81,1.69,1.69,"PREMIUM"
"buzzfeed.com","video",1,"Los Angeles",496,9,1.815,1.69,1.69,"PREMIUM"
"people.com","video",4,"Dallas-Ft. Worth",441,8,1.814,1.69,1.69,"PREMIUM"
"theverge.com","video",7,"Miami",444,8,1.802,1.68,1.68,"PREMIUM"
"weather.com","video",5,"Miami",443,8,1.806,1.68,1.68,"PREMIUM"
"tmz.com","video",3,"Dallas-Ft. Worth",443,8,1.806,1.68,1.68,"PREMIUM"
"cnn.com","native",1,"Miami",499,9,1.804,1.68,1.68,"PREMIUM"
"weather.com","video",3,"Miami",500,9,1.8,1.68,1.68,"PREMIUM"
"espn.com","native",4,"Dallas-Ft. Worth",444,8,1.802,1.68,1.68,"PREMIUM"
"tmz.com","native",1,"New York",499,9,1.804,1.68,1.68,"PREMIUM"
"foxnews.com","video",1,"Houston",447,8,1.79,1.67,1.67,"PREMIUM"
"washingtonpost.com","video",1,"Phoenix",446,8,1.794,1.67,1.67,"PREMIUM"
"washingtonpost.com","video",4,"Los Angeles",447,8,1.79,1.67,1.67,"PREMIUM"
"forbes.com","native",3,"Philadelphia",446,8,1.794,1.67,1.67,"PREMIUM"
"foxnews.com","native",1,"Denver",446,8,1.794,1.67,1.67,"PREMIUM"
"techcrunch.com","video",2,"Houston",450,8,1.778,1.66,1.66,"PREMIUM"
"tmz.com","native",7,"Chicago",448,8,1.786,1.66,1.66,"PREMIUM"
"theverge.com","banner",7,"Miami",953,17,1.784,1.66,1.66,"PREMIUM"
"weather.com","native",4,"Los Angeles",449,8,1.782,1.66,1.66,"PREMIUM"
"techcrunch.com","native",4,"Houston",448,8,1.786,1.66,1.66,"PREMIUM"
"espn.com","video",7,"Phoenix",504,9,1.786,1.66,1.66,"PREMIUM"
"tmz.com","native",4,"New York",504,9,1.786,1.66,1.66,"PREMIUM"
"weather.com","native",4,"Denver",505,9,1.782,1.66,1.66,"PREMIUM"
"nytimes.com","native",4,"Los Angeles",451,8,1.774,1.65,1.65,"PREMIUM"
"techcrunch.com","banner",3,"New York",958,17,1.775,1.65,1.65,"PREMIUM"
"theverge.com","video",4,"New York",507,9,1.775,1.65,1.65,"PREMIUM"
"cnet.com","video",1,"Miami",451,8,1.774,1.65,1.65,"PREMIUM"
"theverge.com","video",7,"New York",452,8,1.77,1.65,1.65,"PREMIUM"
"nytimes.com","video",7,"Phoenix",507,9,1.775,1.65,1.65,"PREMIUM"
"weather.com","banner",3,"Miami",962,17,1.767,1.65,1.65,"PREMIUM"
"weather.com","native",4,"Houston",454,8,1.762,1.64,1.64,"PREMIUM"
"techcrunch.com","native",5,"Denver",454,8,1.762,1.64,1.64,"PREMIUM"
"tmz.com","native",3,"Miami",454,8,1.762,1.64,1.64,"PREMIUM"
"bbc.com","native",4,"Houston",510,9,1.765,1.64,1.64,"PREMIUM"
"forbes.com","native",4,"Houston",458,8,1.747,1.63,1.63,"PREMIUM"
"techcrunch.com","native",1,"Atlanta",456,8,1.754,1.63,1.63,"PREMIUM"
"bbc.com","native",5,"Atlanta",457,8,1.751,1.63,1.63,"PREMIUM"
"buzzfeed.com","native",3,"Atlanta",458,8,1.747,1.63,1.63,"PREMIUM"
"forbes.com","native",7,"Phoenix",458,8,1.747,1.63,1.63,"PREMIUM"
"tmz.com","video",3,"Miami",456,8,1.754,1.63,1.63,"PREMIUM"
"forbes.com","video",7,"Denver",527,11,2.087,1.94,1.94,"PREMIUM"
"techcrunch.com","native",4,"Chicago",480,10,2.083,1.94,1.94,"PREMIUM"
"people.com","native",1,"Philadelphia",431,9,2.088,1.94,1.94,"PREMIUM"
"cnet.com","native",1,"Houston",480,10,2.083,1.94,1.94,"PREMIUM"
"techcrunch.com","native",3,"Denver",480,10,2.083,1.94,1.94,"PREMIUM"
"variety.com","native",1,"Los Angeles",528,11,2.083,1.94,1.94,"PREMIUM"
"theverge.com","video",6,"Houston",432,9,2.083,1.94,1.94,"PREMIUM"
"theverge.com","native",7,"Los Angeles",480,10,2.083,1.94,1.94,"PREMIUM"
"forbes.com","native",7,"New York",479,10,2.088,1.94,1.94,"PREMIUM"
"washingtonpost.com","video",3,"Phoenix",483,10,2.07,1.93,1.93,"PREMIUM"
"people.com","video",6,"Atlanta",531,11,2.072,1.93,1.93,"PREMIUM"
"espn.com","native",5,"New York",483,10,2.07,1.93,1.93,"PREMIUM"
"foxnews.com","video",7,"Miami",483,10,2.07,1.93,1.93,"PREMIUM"
"tmz.com","native",1,"Denver",484,10,2.066,1.92,1.92,"PREMIUM"
"bbc.com","native",7,"Los Angeles",436,9,2.064,1.92,1.92,"PREMIUM"
"buzzfeed.com","video",7,"Los Angeles",484,10,2.066,1.92,1.92,"PREMIUM"
"techcrunch.com","native",7,"Denver",436,9,2.064,1.92,1.92,"PREMIUM"
"people.com","video",3,"Denver",484,10,2.066,1.92,1.92,"PREMIUM"
"variety.com","native",7,"Philadelphia",485,10,2.062,1.92,1.92,"PREMIUM"
"tmz.com","native",7,"Houston",486,10,2.058,1.92,1.92,"PREMIUM"
"cnn.com","native",3,"Houston",488,10,2.049,1.91,1.91,"PREMIUM"
"people.com","video",5,"Denver",488,10,2.049,1.91,1.91,"PREMIUM"
"techcrunch.com","native",7,"Philadelphia",439,9,2.05,1.91,1.91,"PREMIUM"
"foxnews.com","video",1,"Los Angeles",438,9,2.055,1.91,1.91,"PREMIUM"
"buzzfeed.com","native",1,"New York",491,10,2.037,1.9,1.9,"PREMIUM"
"bbc.com","native",1,"Los Angeles",490,10,2.041,1.9,1.9,"PREMIUM"
"buzzfeed.com","video",3,"Dallas-Ft. Worth",489,10,2.045,1.9,1.9,"PREMIUM"
"weather.com","native",4,"Phoenix",441,9,2.041,1.9,1.9,"PREMIUM"
"techcrunch.com","native",2,"Los Angeles",489,10,2.045,1.9,1.9,"PREMIUM"
"buzzfeed.com","native",7,"Phoenix",490,10,2.041,1.9,1.9,"PREMIUM"
"buzzfeed.com","native",7,"Atlanta",442,9,2.036,1.9,1.9,"PREMIUM"
"buzzfeed.com","native",5,"Miami",442,9,2.036,1.9,1.9,"PREMIUM"
"weather.com","native",1,"Philadelphia",490,10,2.041,1.9,1.9,"PREMIUM"
"techcrunch.com","video",5,"Dallas-Ft. Worth",442,9,2.036,1.9,1.9,"PREMIUM"
"cnn.com","video",3,"Miami",489,10,2.045,1.9,1.9,"PREMIUM"
"people.com","video",5,"Miami",491,10,2.037,1.9,1.9,"PREMIUM"
"cnn.com","native",4,"New York",490,10,2.041,1.9,1.9,"PREMIUM"
"cnn.com","native",3,"Los Angeles",494,10,2.024,1.89,1.89,"PREMIUM"
"buzzfeed.com","video",5,"Chicago",494,10,2.024,1.89,1.89,"PREMIUM"
"espn.com","video",6,"Philadelphia",542,11,2.03,1.89,1.89,"PREMIUM"
"foxnews.com","video",7,"Houston",493,10,2.028,1.89,1.89,"PREMIUM"
"people.com","video",7,"Phoenix",493,10,2.028,1.89,1.89,"PREMIUM"
"people.com","video",4,"Houston",494,10,2.024,1.89,1.89,"PREMIUM"
"people.com","video",7,"Chicago",496,10,2.016,1.88,1.88,"PREMIUM"
"variety.com","native",4,"New York",496,10,2.016,1.88,1.88,"PREMIUM"
"theverge.com","native",6,"Miami",495,10,2.02,1.88,1.88,"PREMIUM"
"people.com","video",1,"Denver",496,10,2.016,1.88,1.88,"PREMIUM"
"buzzfeed.com","video",4,"Philadelphia",445,9,2.022,1.88,1.88,"PREMIUM"
"theverge.com","banner",3,"Denver",914,8,0.875,0.82,0.82,"STANDARD"
"cnet.com","banner",1,"Houston",1021,9,0.881,0.82,0.82,"STANDARD"
"washingtonpost.com","native",2,"Atlanta",454,4,0.881,0.82,0.82,"STANDARD"
"variety.com","native",3,"Phoenix",452,4,0.885,0.82,0.82,"STANDARD"
"cnn.com","native",3,"Dallas-Ft. Worth",454,4,0.881,0.82,0.82,"STANDARD"
"foxnews.com","video",4,"Chicago",455,4,0.879,0.82,0.82,"STANDARD"
"buzzfeed.com","native",5,"Atlanta",456,4,0.877,0.82,0.82,"STANDARD"
"theverge.com","video",4,"Houston",454,4,0.881,0.82,0.82,"STANDARD"
"buzzfeed.com","native",4,"Miami",452,4,0.885,0.82,0.82,"STANDARD"
"forbes.com","banner",4,"Miami",916,8,0.873,0.81,0.81,"STANDARD"
"cnn.com","banner",3,"Chicago",918,8,0.871,0.81,0.81,"STANDARD"
"buzzfeed.com","banner",6,"Miami",917,8,0.872,0.81,0.81,"STANDARD"
"techcrunch.com","banner",1,"Los Angeles",915,8,0.874,0.81,0.81,"STANDARD"
"foxnews.com","native",6,"Atlanta",461,4,0.868,0.81,0.81,"STANDARD"
"buzzfeed.com","video",4,"Dallas-Ft. Worth",462,4,0.866,0.81,0.81,"STANDARD"
"cnn.com","video",6,"Dallas-Ft. Worth",461,4,0.868,0.81,0.81,"STANDARD"
"forbes.com","video",5,"Houston",459,4,0.871,0.81,0.81,"STANDARD"
"washingtonpost.com","video",1,"Philadelphia",458,4,0.873,0.81,0.81,"STANDARD"
"people.com","video",6,"Phoenix",461,4,0.868,0.81,0.81,"STANDARD"
"cnn.com","banner",4,"Houston",925,8,0.865,0.81,0.81,"STANDARD"
"foxnews.com","video",1,"New York",462,4,0.866,0.81,0.81,"STANDARD"
"washingtonpost.com","native",6,"Phoenix",458,4,0.873,0.81,0.81,"STANDARD"
"cnet.com","video",5,"Miami",462,4,0.866,0.81,0.81,"STANDARD"
"nytimes.com","native",2,"Chicago",460,4,0.87,0.81,0.81,"STANDARD"
"cnn.com","banner",3,"Dallas-Ft. Worth",924,8,0.866,0.81,0.81,"STANDARD"
"variety.com","video",5,"Los Angeles",459,4,0.871,0.81,0.81,"STANDARD"
"espn.com","native",6,"Denver",462,4,0.866,0.81,0.81,"STANDARD"
"foxnews.com","video",7,"Phoenix",461,4,0.868,0.81,0.81,"STANDARD"
"tmz.com","video",5,"Atlanta",460,4,0.87,0.81,0.81,"STANDARD"
"foxnews.com","native",5,"Chicago",459,4,0.871,0.81,0.81,"STANDARD"
"weather.com","banner",5,"Houston",928,8,0.862,0.8,0.8,"STANDARD"
"cnet.com","native",2,"Phoenix",465,4,0.86,0.8,0.8,"STANDARD"
"cnet.com","native",1,"New York",467,4,0.857,0.8,0.8,"DISCOUNT"
"weather.com","banner",3,"Atlanta",934,8,0.857,0.8,0.8,"DISCOUNT"
"techcrunch.com","banner",4,"Dallas-Ft. Worth",1043,9,0.863,0.8,0.8,"STANDARD"
"cnn.com","video",4,"Denver",466,4,0.858,0.8,0.8,"DISCOUNT"
"people.com","banner",4,"Houston",928,8,0.862,0.8,0.8,"STANDARD"
"washingtonpost.com","video",2,"Houston",468,4,0.855,0.8,0.8,"DISCOUNT"
"buzzfeed.com","video",3,"Philadelphia",463,4,0.864,0.8,0.8,"STANDARD"
"espn.com","banner",1,"Dallas-Ft. Worth",936,8,0.855,0.8,0.8,"DISCOUNT"
"variety.com","native",2,"Philadelphia",464,4,0.862,0.8,0.8,"STANDARD"
"bbc.com","banner",7,"Chicago",934,8,0.857,0.8,0.8,"DISCOUNT"
"tmz.com","video",5,"Los Angeles",463,4,0.864,0.8,0.8,"STANDARD"
"cnet.com","banner",3,"Chicago",932,8,0.858,0.8,0.8,"DISCOUNT"
"theverge.com","banner",3,"Houston",937,8,0.854,0.8,0.8,"DISCOUNT"
"people.com","banner",1,"Atlanta",929,8,0.861,0.8,0.8,"STANDARD"
"theverge.com","video",2,"New York",466,4,0.858,0.8,0.8,"DISCOUNT"
"tmz.com","video",1,"Denver",467,4,0.857,0.8,0.8,"DISCOUNT"
"bbc.com","video",1,"New York",467,4,0.857,0.8,0.8,"DISCOUNT"
"cnn.com","native",1,"Dallas-Ft. Worth",467,4,0.857,0.8,0.8,"DISCOUNT"
"cnn.com","native",6,"Miami",467,4,0.857,0.8,0.8,"DISCOUNT"
"foxnews.com","native",1,"Phoenix",466,4,0.858,0.8,0.8,"DISCOUNT"
"bbc.com","native",5,"Chicago",467,4,0.857,0.8,0.8,"DISCOUNT"
"cnn.com","native",4,"Dallas-Ft. Worth",464,4,0.862,0.8,0.8,"STANDARD"
"washingtonpost.com","native",6,"Dallas-Ft. Worth",463,4,0.864,0.8,0.8,"STANDARD"
"techcrunch.com","banner",4,"Miami",937,8,0.854,0.8,0.8,"DISCOUNT"
"cnn.com","native",6,"Philadelphia",463,4,0.864,0.8,0.8,"STANDARD"
"bbc.com","native",6,"Philadelphia",466,4,0.858,0.8,0.8,"DISCOUNT"
"buzzfeed.com","banner",4,"Los Angeles",930,8,0.86,0.8,0.8,"STANDARD"
"weather.com","banner",4,"Dallas-Ft. Worth",935,8,0.856,0.8,0.8,"DISCOUNT"
"foxnews.com","native",6,"Phoenix",464,4,0.862,0.8,0.8,"STANDARD"
"nytimes.com","video",1,"Houston",465,4,0.86,0.8,0.8,"STANDARD"
"buzzfeed.com","video",2,"Chicago",465,4,0.86,0.8,0.8,"STANDARD"
"foxnews.com","banner",1,"Atlanta",945,4,0.423,0.39,0.39,"DISCOUNT"
"bbc.com","banner",1,"Denver",951,4,0.421,0.39,0.39,"DISCOUNT"
"foxnews.com","video",6,"Dallas-Ft. Worth",474,2,0.422,0.39,0.39,"DISCOUNT"
"cnet.com","video",2,"Chicago",483,2,0.414,0.39,0.39,"DISCOUNT"
"tmz.com","native",5,"Miami",481,2,0.416,0.39,0.39,"DISCOUNT"
"theverge.com","native",2,"Chicago",481,2,0.416,0.39,0.39,"DISCOUNT"
"buzzfeed.com","banner",4,"Houston",949,4,0.421,0.39,0.39,"DISCOUNT"
"cnn.com","banner",7,"Chicago",960,4,0.417,0.39,0.39,"DISCOUNT"
"forbes.com","video",6,"Miami",481,2,0.416,0.39,0.39,"DISCOUNT"
"nytimes.com","video",2,"Denver",473,2,0.423,0.39,0.39,"DISCOUNT"
"forbes.com","banner",7,"Phoenix",954,4,0.419,0.39,0.39,"DISCOUNT"
"forbes.com","banner",4,"Chicago",986,4,0.406,0.38,0.38,"DISCOUNT"
"bbc.com","banner",5,"Dallas-Ft. Worth",989,4,0.404,0.38,0.38,"DISCOUNT"
"forbes.com","banner",7,"Philadelphia",975,4,0.41,0.38,0.38,"DISCOUNT"
"bbc.com","banner",1,"Phoenix",968,4,0.413,0.38,0.38,"DISCOUNT"
"foxnews.com","banner",1,"Phoenix",985,4,0.406,0.38,0.38,"DISCOUNT"
"variety.com","native",2,"Atlanta",487,2,0.411,0.38,0.38,"DISCOUNT"
"nytimes.com","video",6,"Phoenix",467,5,1.071,1,1,"STANDARD"
"buzzfeed.com","banner",1,"Miami",933,10,1.072,1,1,"STANDARD"
"people.com","native",2,"Phoenix",466,5,1.073,1,1,"STANDARD"
"washingtonpost.com","banner",1,"Houston",928,10,1.078,1,1,"STANDARD"
"espn.com","native",2,"New York",467,5,1.071,1,1,"STANDARD"
"espn.com","video",5,"Philadelphia",464,5,1.078,1,1,"STANDARD"
"cnn.com","banner",7,"Miami",1028,11,1.07,1,1,"STANDARD"
"theverge.com","banner",4,"New York",930,10,1.075,1,1,"STANDARD"
"techcrunch.com","video",2,"New York",467,5,1.071,1,1,"STANDARD"
"espn.com","video",1,"Philadelphia",467,5,1.071,1,1,"STANDARD"
"washingtonpost.com","native",2,"New York",466,5,1.073,1,1,"STANDARD"
"nytimes.com","banner",3,"Los Angeles",934,10,1.071,1,1,"STANDARD"
"techcrunch.com","native",4,"Philadelphia",464,5,1.078,1,1,"STANDARD"
"weather.com","video",3,"Philadelphia",464,5,1.078,1,1,"STANDARD"
"theverge.com","banner",7,"Dallas-Ft. Worth",928,10,1.078,1,1,"STANDARD"
"tmz.com","video",4,"Dallas-Ft. Worth",464,5,1.078,1,1,"STANDARD"
"cnn.com","banner",7,"Dallas-Ft. Worth",929,10,1.076,1,1,"STANDARD"
"cnet.com","native",5,"Miami",466,5,1.073,1,1,"STANDARD"
"espn.com","native",2,"Miami",467,5,1.071,1,1,"STANDARD"
"forbes.com","video",7,"Miami",469,5,1.066,0.99,0.99,"STANDARD"
"espn.com","banner",1,"Los Angeles",1036,11,1.062,0.99,0.99,"STANDARD"
"cnet.com","video",5,"Dallas-Ft. Worth",472,5,1.059,0.99,0.99,"STANDARD"
"forbes.com","native",4,"Philadelphia",468,5,1.068,0.99,0.99,"STANDARD"
"cnet.com","banner",3,"Philadelphia",942,10,1.062,0.99,0.99,"STANDARD"
"bbc.com","native",6,"Phoenix",468,5,1.068,0.99,0.99,"STANDARD"
"nytimes.com","video",5,"New York",468,5,1.068,0.99,0.99,"STANDARD"
"theverge.com","banner",1,"Denver",943,10,1.06,0.99,0.99,"STANDARD"
"espn.com","native",2,"Los Angeles",470,5,1.064,0.99,0.99,"STANDARD"
"tmz.com","banner",1,"Dallas-Ft. Worth",945,10,1.058,0.99,0.99,"STANDARD"
"cnn.com","native",6,"Dallas-Ft. Worth",472,5,1.059,0.99,0.99,"STANDARD"
"variety.com","native",6,"Denver",472,5,1.059,0.99,0.99,"STANDARD"
"theverge.com","native",1,"Chicago",470,5,1.064,0.99,0.99,"STANDARD"
"techcrunch.com","native",3,"Philadelphia",470,5,1.064,0.99,0.99,"STANDARD"
"cnet.com","native",2,"Chicago",471,5,1.062,0.99,0.99,"STANDARD"
"espn.com","banner",4,"Atlanta",940,10,1.064,0.99,0.99,"STANDARD"
"cnn.com","native",5,"Miami",471,5,1.062,0.99,0.99,"STANDARD"
"theverge.com","banner",3,"New York",937,10,1.067,0.99,0.99,"STANDARD"
"techcrunch.com","native",5,"Phoenix",468,5,1.068,0.99,0.99,"STANDARD"
"espn.com","banner",6,"Denver",937,10,1.067,0.99,0.99,"STANDARD"
"washingtonpost.com","banner",4,"Atlanta",938,10,1.066,0.99,0.99,"STANDARD"
"people.com","native",2,"New York",471,5,1.062,0.99,0.99,"STANDARD"
"techcrunch.com","native",6,"Houston",469,5,1.066,0.99,0.99,"STANDARD"
"people.com","banner",7,"Philadelphia",941,10,1.063,0.99,0.99,"STANDARD"
"forbes.com","video",2,"Miami",468,5,1.068,0.99,0.99,"STANDARD"
"espn.com","video",6,"New York",468,5,1.068,0.99,0.99,"STANDARD"
"foxnews.com","native",5,"Denver",475,5,1.053,0.98,0.98,"STANDARD"
"foxnews.com","video",4,"Dallas-Ft. Worth",476,5,1.05,0.98,0.98,"STANDARD"
"variety.com","video",4,"Dallas-Ft. Worth",475,5,1.053,0.98,0.98,"STANDARD"
"cnet.com","banner",3,"Houston",954,10,1.048,0.98,0.98,"STANDARD"
"nytimes.com","video",5,"Atlanta",473,5,1.057,0.98,0.98,"STANDARD"
"espn.com","native",5,"Phoenix",477,5,1.048,0.98,0.98,"STANDARD"
"forbes.com","native",3,"Phoenix",476,5,1.05,0.98,0.98,"STANDARD"
"bbc.com","banner",4,"New York",949,10,1.054,0.98,0.98,"STANDARD"
"foxnews.com","banner",5,"New York",935,2,0.214,0.2,0.3,"DISCOUNT"
"cnn.com","banner",6,"Chicago",910,2,0.22,0.2,0.3,"DISCOUNT"
"foxnews.com","video",6,"New York",476,1,0.21,0.2,0.3,"DISCOUNT"
"tmz.com","video",2,"Houston",475,1,0.211,0.2,0.3,"DISCOUNT"
"weather.com","banner",6,"Miami",945,2,0.212,0.2,0.3,"DISCOUNT"
"buzzfeed.com","banner",6,"Denver",917,2,0.218,0.2,0.3,"DISCOUNT"
"washingtonpost.com","banner",2,"Los Angeles",924,2,0.216,0.2,0.3,"DISCOUNT"
"people.com","banner",2,"New York",943,2,0.212,0.2,0.3,"DISCOUNT"
"variety.com","native",6,"Philadelphia",468,1,0.214,0.2,0.3,"DISCOUNT"
"bbc.com","banner",3,"Dallas-Ft. Worth",941,2,0.213,0.2,0.3,"DISCOUNT"
"nytimes.com","native",2,"Phoenix",457,1,0.219,0.2,0.3,"DISCOUNT"
"foxnews.com","native",2,"Atlanta",455,1,0.22,0.2,0.3,"DISCOUNT"
"foxnews.com","video",1,"Phoenix",459,1,0.218,0.2,0.3,"DISCOUNT"
"bbc.com","native",5,"Philadelphia",463,1,0.216,0.2,0.3,"DISCOUNT"
"techcrunch.com","native",2,"Denver",460,1,0.217,0.2,0.3,"DISCOUNT"
"tmz.com","native",2,"Houston",465,1,0.215,0.2,0.3,"DISCOUNT"
"bbc.com","banner",3,"Philadelphia",923,2,0.217,0.2,0.3,"DISCOUNT"
"cnn.com","banner",6,"Philadelphia",939,2,0.213,0.2,0.3,"DISCOUNT"
"foxnews.com","banner",4,"Miami",920,2,0.217,0.2,0.3,"DISCOUNT"
"tmz.com","banner",5,"Philadelphia",950,2,0.211,0.2,0.3,"DISCOUNT"
"nytimes.com","video",6,"Miami",475,1,0.211,0.2,0.3,"DISCOUNT"
"techcrunch.com","native",6,"Philadelphia",462,1,0.216,0.2,0.3,"DISCOUNT"
"foxnews.com","banner",6,"Philadelphia",932,2,0.215,0.2,0.3,"DISCOUNT"
"buzzfeed.com","banner",2,"Atlanta",953,2,0.21,0.2,0.3,"DISCOUNT"
"theverge.com","banner",5,"Philadelphia",1000,2,0.2,0.19,0.3,"DISCOUNT"
"weather.com","banner",2,"Houston",969,2,0.206,0.19,0.3,"DISCOUNT"
"people.com","banner",2,"Atlanta",1001,2,0.2,0.19,0.3,"DISCOUNT"
"cnn.com","banner",5,"Philadelphia",997,2,0.201,0.19,0.3,"DISCOUNT"
"variety.com","video",5,"Phoenix",493,1,0.203,0.19,0.3,"DISCOUNT"
"tmz.com","banner",4,"Houston",958,2,0.209,0.19,0.3,"DISCOUNT"
"foxnews.com","video",4,"Atlanta",490,1,0.204,0.19,0.3,"DISCOUNT"
"cnn.com","banner",2,"Philadelphia",980,2,0.204,0.19,0.3,"DISCOUNT"
"weather.com","banner",6,"Atlanta",966,2,0.207,0.19,0.3,"DISCOUNT"
"foxnews.com","video",2,"Dallas-Ft. Worth",494,1,0.202,0.19,0.3,"DISCOUNT"
"theverge.com","banner",5,"Chicago",970,2,0.206,0.19,0.3,"DISCOUNT"
"tmz.com","banner",5,"Denver",971,2,0.206,0.19,0.3,"DISCOUNT"
"cnet.com","banner",2,"Houston",960,2,0.208,0.19,0.3,"DISCOUNT"
"cnn.com","banner",2,"Miami",986,2,0.203,0.19,0.3,"DISCOUNT"
"cnet.com","video",2,"Atlanta",496,1,0.202,0.19,0.3,"DISCOUNT"
"nytimes.com","native",6,"Philadelphia",496,1,0.202,0.19,0.3,"DISCOUNT"
"cnn.com","video",2,"Philadelphia",490,1,0.204,0.19,0.3,"DISCOUNT"
"nytimes.com","native",2,"Los Angeles",479,1,0.209,0.19,0.3,"DISCOUNT"
"techcrunch.com","video",5,"Denver",495,1,0.202,0.19,0.3,"DISCOUNT"
"buzzfeed.com","banner",6,"Chicago",967,2,0.207,0.19,0.3,"DISCOUNT"
"nytimes.com","native",2,"Philadelphia",494,1,0.202,0.19,0.3,"DISCOUNT"
"cnet.com","banner",7,"Denver",975,2,0.205,0.19,0.3,"DISCOUNT"
"forbes.com","banner",3,"Denver",989,2,0.202,0.19,0.3,"DISCOUNT"
"tmz.com","banner",2,"Denver",974,2,0.205,0.19,0.3,"DISCOUNT"
"variety.com","banner",2,"Miami",1000,2,0.2,0.19,0.3,"DISCOUNT"
"nytimes.com","native",2,"Atlanta",493,1,0.203,0.19,0.3,"DISCOUNT"
"tmz.com","banner",5,"Miami",966,2,0.207,0.19,0.3,"DISCOUNT"
"weather.com","video",2,"Phoenix",478,1,0.209,0.19,0.3,"DISCOUNT"
"cnn.com","banner",4,"Philadelphia",991,2,0.202,0.19,0.3,"DISCOUNT"
"washingtonpost.com","banner",2,"Denver",989,2,0.202,0.19,0.3,"DISCOUNT"
"techcrunch.com","banner",1,"Denver",959,2,0.209,0.19,0.3,"DISCOUNT"
"forbes.com","banner",6,"Miami",960,2,0.208,0.19,0.3,"DISCOUNT"
"forbes.com","banner",1,"Phoenix",961,2,0.208,0.19,0.3,"DISCOUNT"
"foxnews.com","banner",5,"Miami",966,6,0.621,0.58,0.58,"DISCOUNT"
"cnet.com","banner",3,"Phoenix",959,6,0.626,0.58,0.58,"DISCOUNT"
"foxnews.com","banner",6,"Phoenix",963,6,0.623,0.58,0.58,"DISCOUNT"
"tmz.com","video",3,"Phoenix",485,3,0.619,0.58,0.58,"DISCOUNT"
"cnn.com","native",6,"Phoenix",484,3,0.62,0.58,0.58,"DISCOUNT"
"buzzfeed.com","video",5,"Philadelphia",481,3,0.624,0.58,0.58,"DISCOUNT"
"bbc.com","banner",4,"Houston",962,6,0.624,0.58,0.58,"DISCOUNT"
"tmz.com","native",5,"Los Angeles",480,3,0.625,0.58,0.58,"DISCOUNT"
"variety.com","banner",7,"Los Angeles",966,6,0.621,0.58,0.58,"DISCOUNT"
"nytimes.com","video",6,"Los Angeles",482,3,0.622,0.58,0.58,"DISCOUNT"
"people.com","banner",6,"New York",967,6,0.62,0.58,0.58,"DISCOUNT"
"bbc.com","banner",7,"Houston",971,6,0.618,0.58,0.58,"DISCOUNT"
"techcrunch.com","video",2,"Chicago",478,3,0.628,0.58,0.58,"DISCOUNT"
"tmz.com","video",1,"Dallas-Ft. Worth",482,3,0.622,0.58,0.58,"DISCOUNT"
"washingtonpost.com","video",2,"Philadelphia",478,3,0.628,0.58,0.58,"DISCOUNT"
"bbc.com","video",5,"Houston",482,3,0.622,0.58,0.58,"DISCOUNT"
"bbc.com","video",2,"Chicago",484,3,0.62,0.58,0.58,"DISCOUNT"
"foxnews.com","video",1,"Dallas-Ft. Worth",484,3,0.62,0.58,0.58,"DISCOUNT"
"bbc.com","banner",4,"Atlanta",957,6,0.627,0.58,0.58,"DISCOUNT"
"espn.com","banner",6,"Chicago",958,6,0.626,0.58,0.58,"DISCOUNT"
"buzzfeed.com","video",6,"Phoenix",484,3,0.62,0.58,0.58,"DISCOUNT"
"nytimes.com","video",4,"New York",484,3,0.62,0.58,0.58,"DISCOUNT"
"buzzfeed.com","native",2,"New York",481,3,0.624,0.58,0.58,"DISCOUNT"
"nytimes.com","banner",1,"Miami",956,6,0.628,0.58,0.58,"DISCOUNT"
"people.com","video",2,"Dallas-Ft. Worth",479,3,0.626,0.58,0.58,"DISCOUNT"
"tmz.com","banner",5,"Dallas-Ft. Worth",963,6,0.623,0.58,0.58,"DISCOUNT"
"cnet.com","banner",5,"Chicago",966,6,0.621,0.58,0.58,"DISCOUNT"
"theverge.com","banner",6,"Houston",958,6,0.626,0.58,0.58,"DISCOUNT"
"techcrunch.com","video",2,"Dallas-Ft. Worth",479,3,0.626,0.58,0.58,"DISCOUNT"
"forbes.com","banner",5,"New York",970,6,0.619,0.58,0.58,"DISCOUNT"
"variety.com","video",4,"Los Angeles",478,3,0.628,0.58,0.58,"DISCOUNT"
"washingtonpost.com","native",5,"Phoenix",484,3,0.62,0.58,0.58,"DISCOUNT"
"foxnews.com","native",5,"Dallas-Ft. Worth",478,3,0.628,0.58,0.58,"DISCOUNT"
"espn.com","video",2,"Miami",480,3,0.625,0.58,0.58,"DISCOUNT"
"buzzfeed.com","banner",7,"Dallas-Ft. Worth",958,6,0.626,0.58,0.58,"DISCOUNT"
"variety.com","video",6,"Philadelphia",483,3,0.621,0.58,0.58,"DISCOUNT"
"techcrunch.com","video",4,"Denver",485,3,0.619,0.58,0.58,"DISCOUNT"
"forbes.com","banner",3,"Chicago",963,6,0.623,0.58,0.58,"DISCOUNT"
"techcrunch.com","banner",5,"Miami",956,6,0.628,0.58,0.58,"DISCOUNT"
"cnn.com","native",2,"Los Angeles",485,3,0.619,0.58,0.58,"DISCOUNT"
"buzzfeed.com","video",1,"Chicago",483,3,0.621,0.58,0.58,"DISCOUNT"
"foxnews.com","video",1,"Philadelphia",478,3,0.628,0.58,0.58,"DISCOUNT"
"weather.com","banner",2,"Phoenix",983,6,0.61,0.57,0.57,"DISCOUNT"
"nytimes.com","banner",5,"Houston",982,6,0.611,0.57,0.57,"DISCOUNT"
"variety.com","video",5,"New York",489,3,0.613,0.57,0.57,"DISCOUNT"
"theverge.com","banner",3,"Dallas-Ft. Worth",973,6,0.617,0.57,0.57,"DISCOUNT"
"theverge.com","banner",5,"Dallas-Ft. Worth",936,8,0.855,0.8,0.8,"DISCOUNT"
"washingtonpost.com","banner",4,"Los Angeles",927,8,0.863,0.8,0.8,"STANDARD"
"weather.com","banner",1,"Miami",926,8,0.864,0.8,0.8,"STANDARD"
"variety.com","banner",1,"Los Angeles",933,8,0.857,0.8,0.8,"DISCOUNT"
"foxnews.com","native",6,"New York",466,4,0.858,0.8,0.8,"DISCOUNT"
"cnet.com","video",6,"Dallas-Ft. Worth",466,4,0.858,0.8,0.8,"DISCOUNT"
"cnet.com","native",5,"Denver",473,4,0.846,0.79,0.79,"DISCOUNT"
"cnet.com","video",2,"Miami",473,4,0.846,0.79,0.79,"DISCOUNT"
"washingtonpost.com","banner",7,"New York",944,8,0.847,0.79,0.79,"DISCOUNT"
"espn.com","native",2,"Phoenix",474,4,0.844,0.79,0.79,"DISCOUNT"
"nytimes.com","banner",7,"Atlanta",939,8,0.852,0.79,0.79,"DISCOUNT"
"washingtonpost.com","banner",4,"Denver",945,8,0.847,0.79,0.79,"DISCOUNT"
"variety.com","banner",3,"Phoenix",941,8,0.85,0.79,0.79,"DISCOUNT"
"washingtonpost.com","banner",7,"Los Angeles",939,8,0.852,0.79,0.79,"DISCOUNT"
"foxnews.com","video",6,"Los Angeles",469,4,0.853,0.79,0.79,"DISCOUNT"
"weather.com","banner",2,"Dallas-Ft. Worth",945,8,0.847,0.79,0.79,"DISCOUNT"
"nytimes.com","native",4,"Denver",474,4,0.844,0.79,0.79,"DISCOUNT"
"tmz.com","banner",7,"Atlanta",944,8,0.847,0.79,0.79,"DISCOUNT"
"variety.com","video",5,"Denver",472,4,0.847,0.79,0.79,"DISCOUNT"
"bbc.com","video",1,"Philadelphia",471,4,0.849,0.79,0.79,"DISCOUNT"
"theverge.com","native",6,"Philadelphia",470,4,0.851,0.79,0.79,"DISCOUNT"
"foxnews.com","video",2,"New York",472,3,0.636,0.59,0.59,"DISCOUNT"
"forbes.com","video",1,"Dallas-Ft. Worth",474,3,0.633,0.59,0.59,"DISCOUNT"
"tmz.com","video",5,"Denver",476,3,0.63,0.59,0.59,"DISCOUNT"
"washingtonpost.com","banner",5,"Chicago",955,6,0.628,0.59,0.59,"DISCOUNT"
"nytimes.com","video",1,"Philadelphia",471,3,0.637,0.59,0.59,"DISCOUNT"
"people.com","banner",5,"New York",952,6,0.63,0.59,0.59,"DISCOUNT"
"foxnews.com","video",1,"Denver",474,3,0.633,0.59,0.59,"DISCOUNT"
"buzzfeed.com","banner",7,"Denver",947,6,0.634,0.59,0.59,"DISCOUNT"
"foxnews.com","banner",7,"Denver",954,6,0.629,0.59,0.59,"DISCOUNT"
"espn.com","video",5,"Chicago",470,3,0.638,0.59,0.59,"DISCOUNT"
"techcrunch.com","banner",2,"Chicago",941,6,0.638,0.59,0.59,"DISCOUNT"
"people.com","video",2,"Chicago",471,3,0.637,0.59,0.59,"DISCOUNT"
"people.com","video",2,"Miami",473,3,0.634,0.59,0.59,"DISCOUNT"
"foxnews.com","video",2,"Los Angeles",472,3,0.636,0.59,0.59,"DISCOUNT"
"forbes.com","native",3,"Dallas-Ft. Worth",476,3,0.63,0.59,0.59,"DISCOUNT"
"cnn.com","video",5,"Philadelphia",470,3,0.638,0.59,0.59,"DISCOUNT"
"techcrunch.com","banner",1,"Chicago",954,6,0.629,0.59,0.59,"DISCOUNT"
"theverge.com","native",1,"Phoenix",474,3,0.633,0.59,0.59,"DISCOUNT"
"cnet.com","banner",1,"Philadelphia",944,6,0.636,0.59,0.59,"DISCOUNT"
"forbes.com","banner",3,"Dallas-Ft. Worth",952,6,0.63,0.59,0.59,"DISCOUNT"
"foxnews.com","native",6,"Los Angeles",472,3,0.636,0.59,0.59,"DISCOUNT"
"theverge.com","video",5,"New York",470,3,0.638,0.59,0.59,"DISCOUNT"
"cnn.com","native",2,"Philadelphia",470,3,0.638,0.59,0.59,"DISCOUNT"
"espn.com","banner",2,"New York",944,6,0.636,0.59,0.59,"DISCOUNT"
"bbc.com","video",5,"Philadelphia",470,3,0.638,0.59,0.59,"DISCOUNT"
"forbes.com","banner",7,"Dallas-Ft. Worth",948,6,0.633,0.59,0.59,"DISCOUNT"
"theverge.com","video",5,"Chicago",473,3,0.634,0.59,0.59,"DISCOUNT"
"forbes.com","native",5,"Atlanta",471,3,0.637,0.59,0.59,"DISCOUNT"
"tmz.com","video",7,"Denver",475,3,0.632,0.59,0.59,"DISCOUNT"
"forbes.com","video",2,"Denver",474,3,0.633,0.59,0.59,"DISCOUNT"
"cnet.com","banner",5,"Los Angeles",951,6,0.631,0.59,0.59,"DISCOUNT"
"variety.com","video",6,"New York",476,3,0.63,0.59,0.59,"DISCOUNT"
"theverge.com","banner",6,"Los Angeles",951,6,0.631,0.59,0.59,"DISCOUNT"
"cnn.com","native",6,"Los Angeles",471,3,0.637,0.59,0.59,"DISCOUNT"
"nytimes.com","banner",6,"Chicago",953,6,0.63,0.59,0.59,"DISCOUNT"
"cnn.com","banner",1,"Miami",954,6,0.629,0.59,0.59,"DISCOUNT"
"foxnews.com","video",6,"Chicago",471,3,0.637,0.59,0.59,"DISCOUNT"
"bbc.com","video",1,"Atlanta",473,3,0.634,0.59,0.59,"DISCOUNT"
"people.com","banner",6,"Miami",953,6,0.63,0.59,0.59,"DISCOUNT"
"techcrunch.com","video",4,"Phoenix",476,3,0.63,0.59,0.59,"DISCOUNT"
"bbc.com","banner",3,"Miami",951,6,0.631,0.59,0.59,"DISCOUNT"
"theverge.com","native",2,"Houston",473,3,0.634,0.59,0.59,"DISCOUNT"
"forbes.com","native",6,"Atlanta",477,3,0.629,0.59,0.59,"DISCOUNT"
"tmz.com","video",3,"Atlanta",471,3,0.637,0.59,0.59,"DISCOUNT"
"washingtonpost.com","banner",4,"Miami",953,6,0.63,0.59,0.59,"DISCOUNT"
"foxnews.com","video",6,"Houston",473,3,0.634,0.59,0.59,"DISCOUNT"
"weather.com","banner",1,"Philadelphia",948,6,0.633,0.59,0.59,"DISCOUNT"
"theverge.com","banner",3,"Phoenix",940,6,0.638,0.59,0.59,"DISCOUNT"
"theverge.com","banner",7,"Phoenix",947,6,0.634,0.59,0.59,"DISCOUNT"
"cnet.com","banner",1,"Miami",942,6,0.637,0.59,0.59,"DISCOUNT"
"nytimes.com","video",2,"Philadelphia",473,3,0.634,0.59,0.59,"DISCOUNT"
"nytimes.com","native",1,"Atlanta",477,5,1.048,0.98,0.98,"STANDARD"
"buzzfeed.com","native",5,"Dallas-Ft. Worth",476,5,1.05,0.98,0.98,"STANDARD"
"forbes.com","native",4,"Dallas-Ft. Worth",473,5,1.057,0.98,0.98,"STANDARD"
"washingtonpost.com","banner",1,"New York",951,10,1.052,0.98,0.98,"STANDARD"
"buzzfeed.com","banner",7,"Los Angeles",955,10,1.047,0.98,0.98,"STANDARD"
"variety.com","native",1,"Miami",473,5,1.057,0.98,0.98,"STANDARD"
"cnn.com","video",1,"Dallas-Ft. Worth",476,5,1.05,0.98,0.98,"STANDARD"
"variety.com","native",5,"Denver",476,5,1.05,0.98,0.98,"STANDARD"
"variety.com","banner",3,"New York",952,10,1.05,0.98,0.98,"STANDARD"
"weather.com","video",5,"Chicago",475,5,1.053,0.98,0.98,"STANDARD"
"tmz.com","video",1,"Phoenix",476,5,1.05,0.98,0.98,"STANDARD"
"bbc.com","video",7,"New York",476,5,1.05,0.98,0.98,"STANDARD"
"nytimes.com","banner",7,"Chicago",950,10,1.053,0.98,0.98,"STANDARD"
"washingtonpost.com","video",1,"Atlanta",475,5,1.053,0.98,0.98,"STANDARD"
"cnet.com","banner",1,"Los Angeles",948,10,1.055,0.98,0.98,"STANDARD"
"variety.com","banner",4,"Houston",955,10,1.047,0.98,0.98,"STANDARD"
"techcrunch.com","video",5,"Los Angeles",477,5,1.048,0.98,0.98,"STANDARD"
"variety.com","banner",4,"Denver",948,10,1.055,0.98,0.98,"STANDARD"
"theverge.com","native",2,"Denver",480,5,1.042,0.97,0.97,"STANDARD"
"theverge.com","native",5,"Chicago",479,5,1.044,0.97,0.97,"STANDARD"
"theverge.com","banner",7,"Denver",959,10,1.043,0.97,0.97,"STANDARD"
"forbes.com","video",4,"Miami",480,5,1.042,0.97,0.97,"STANDARD"
"weather.com","native",2,"New York",481,5,1.04,0.97,0.97,"STANDARD"
"variety.com","native",1,"Denver",478,5,1.046,0.97,0.97,"STANDARD"
"washingtonpost.com","native",5,"Dallas-Ft. Worth",482,5,1.037,0.97,0.97,"STANDARD"
"theverge.com","video",3,"Phoenix",482,5,1.037,0.97,0.97,"STANDARD"
"theverge.com","banner",3,"Atlanta",962,10,1.04,0.97,0.97,"STANDARD"
"people.com","native",2,"Atlanta",482,5,1.037,0.97,0.97,"STANDARD"
"foxnews.com","banner",7,"Los Angeles",956,10,1.046,0.97,0.97,"STANDARD"
"nytimes.com","video",3,"Denver",478,5,1.046,0.97,0.97,"STANDARD"
"theverge.com","banner",3,"Chicago",964,10,1.037,0.97,0.97,"STANDARD"
"theverge.com","native",1,"Denver",478,5,1.046,0.97,0.97,"STANDARD"
"bbc.com","video",5,"New York",481,5,1.04,0.97,0.97,"STANDARD"
"variety.com","native",1,"Philadelphia",479,5,1.044,0.97,0.97,"STANDARD"
"foxnews.com","native",7,"Phoenix",487,5,1.027,0.96,0.96,"STANDARD"
"bbc.com","native",4,"Phoenix",486,5,1.029,0.96,0.96,"STANDARD"
"people.com","banner",1,"Philadelphia",965,10,1.036,0.96,0.96,"STANDARD"
"cnn.com","video",1,"Miami",484,5,1.033,0.96,0.96,"STANDARD"
"bbc.com","video",4,"Phoenix",486,5,1.029,0.96,0.96,"STANDARD"
"buzzfeed.com","native",2,"Houston",487,5,1.027,0.96,0.96,"STANDARD"
"cnn.com","video",7,"Atlanta",487,5,1.027,0.96,0.96,"STANDARD"
"cnn.com","native",4,"Denver",484,5,1.033,0.96,0.96,"STANDARD"
"tmz.com","video",4,"Los Angeles",483,5,1.035,0.96,0.96,"STANDARD"
"techcrunch.com","video",4,"Philadelphia",440,4,0.909,0.85,0.85,"STANDARD"
"weather.com","video",2,"Miami",438,4,0.913,0.85,0.85,"STANDARD"
"weather.com","video",6,"Los Angeles",439,4,0.911,0.85,0.85,"STANDARD"
"weather.com","banner",4,"Los Angeles",879,8,0.91,0.85,0.85,"STANDARD"
"foxnews.com","video",6,"Atlanta",438,4,0.913,0.85,0.85,"STANDARD"
"foxnews.com","banner",1,"Houston",989,9,0.91,0.85,0.85,"STANDARD"
"techcrunch.com","video",6,"Philadelphia",437,4,0.915,0.85,0.85,"STANDARD"
"foxnews.com","banner",3,"Atlanta",982,9,0.916,0.85,0.85,"STANDARD"
"foxnews.com","native",4,"Philadelphia",438,4,0.913,0.85,0.85,"STANDARD"
"nytimes.com","banner",1,"Houston",989,9,0.91,0.85,0.85,"STANDARD"
"foxnews.com","native",4,"Phoenix",442,4,0.905,0.84,0.84,"STANDARD"
"cnet.com","banner",7,"Dallas-Ft. Worth",998,9,0.902,0.84,0.84,"STANDARD"
"espn.com","banner",7,"Atlanta",993,9,0.906,0.84,0.84,"STANDARD"
"cnet.com","banner",7,"Houston",996,9,0.904,0.84,0.84,"STANDARD"
"espn.com","banner",6,"New York",1001,9,0.899,0.84,0.84,"STANDARD"
"nytimes.com","banner",1,"Dallas-Ft. Worth",992,9,0.907,0.84,0.84,"STANDARD"
"theverge.com","banner",7,"Chicago",992,9,0.907,0.84,0.84,"STANDARD"
"theverge.com","banner",1,"Atlanta",994,9,0.905,0.84,0.84,"STANDARD"
"tmz.com","video",1,"Miami",442,4,0.905,0.84,0.84,"STANDARD"
"nytimes.com","banner",3,"Miami",1009,9,0.892,0.83,0.83,"STANDARD"
"weather.com","video",1,"Denver",450,4,0.889,0.83,0.83,"STANDARD"
"tmz.com","video",3,"Denver",448,4,0.893,0.83,0.83,"STANDARD"
"foxnews.com","video",5,"Miami",448,4,0.893,0.83,0.83,"STANDARD"
"weather.com","banner",1,"Los Angeles",895,8,0.894,0.83,0.83,"STANDARD"
"weather.com","video",6,"Dallas-Ft. Worth",448,4,0.893,0.83,0.83,"STANDARD"
"forbes.com","banner",7,"Miami",1013,9,0.888,0.83,0.83,"STANDARD"
"people.com","banner",6,"Houston",1006,9,0.895,0.83,0.83,"STANDARD"
"espn.com","banner",1,"Philadelphia",901,8,0.888,0.83,0.83,"STANDARD"
"nytimes.com","video",6,"Philadelphia",449,4,0.891,0.83,0.83,"STANDARD"
"buzzfeed.com","banner",3,"Philadelphia",1013,9,0.888,0.83,0.83,"STANDARD"
"foxnews.com","native",4,"Chicago",449,4,0.891,0.83,0.83,"STANDARD"
"cnet.com","video",5,"Denver",447,4,0.895,0.83,0.83,"STANDARD"
"cnn.com","native",5,"Phoenix",457,4,0.875,0.82,0.82,"STANDARD"
"foxnews.com","native",1,"Miami",456,4,0.877,0.82,0.82,"STANDARD"
"weather.com","native",6,"New York",454,4,0.881,0.82,0.82,"STANDARD"
"theverge.com","video",4,"Philadelphia",452,4,0.885,0.82,0.82,"STANDARD"
"buzzfeed.com","native",6,"New York",455,4,0.879,0.82,0.82,"STANDARD"
"nytimes.com","video",1,"Chicago",455,4,0.879,0.82,0.82,"STANDARD"
"variety.com","video",6,"Phoenix",455,4,0.879,0.82,0.82,"STANDARD"
"forbes.com","native",2,"Houston",453,4,0.883,0.82,0.82,"STANDARD"
"cnet.com","video",6,"Houston",457,4,0.875,0.82,0.82,"STANDARD"
"techcrunch.com","video",1,"Phoenix",456,4,0.877,0.82,0.82,"STANDARD"
"buzzfeed.com","video",6,"Atlanta",457,4,0.875,0.82,0.82,"STANDARD"
"forbes.com","video",5,"Philadelphia",455,4,0.879,0.82,0.82,"STANDARD"
"cnn.com","video",4,"Dallas-Ft. Worth",456,4,0.877,0.82,0.82,"STANDARD"
"bbc.com","video",4,"Miami",455,4,0.879,0.82,0.82,"STANDARD"
"foxnews.com","banner",7,"Dallas-Ft. Worth",959,8,0.834,0.78,0.78,"DISCOUNT"
"cnet.com","native",3,"Houston",476,4,0.84,0.78,0.78,"DISCOUNT"
"people.com","banner",5,"Los Angeles",959,8,0.834,0.78,0.78,"DISCOUNT"
"bbc.com","video",5,"Chicago",478,4,0.837,0.78,0.78,"DISCOUNT"
"washingtonpost.com","native",2,"Philadelphia",478,4,0.837,0.78,0.78,"DISCOUNT"
"techcrunch.com","native",2,"Atlanta",477,4,0.839,0.78,0.78,"DISCOUNT"
"espn.com","banner",7,"Phoenix",956,8,0.837,0.78,0.78,"DISCOUNT"
"bbc.com","banner",7,"Phoenix",955,8,0.838,0.78,0.78,"DISCOUNT"
"buzzfeed.com","video",6,"Dallas-Ft. Worth",480,4,0.833,0.78,0.78,"DISCOUNT"
"bbc.com","banner",4,"Phoenix",957,8,0.836,0.78,0.78,"DISCOUNT"
"techcrunch.com","banner",7,"Chicago",960,8,0.833,0.78,0.78,"DISCOUNT"
"cnn.com","native",6,"Atlanta",475,4,0.842,0.78,0.78,"DISCOUNT"
"people.com","banner",7,"Atlanta",950,8,0.842,0.78,0.78,"DISCOUNT"
"variety.com","native",6,"Dallas-Ft. Worth",480,4,0.833,0.78,0.78,"DISCOUNT"
"weather.com","banner",6,"New York",952,8,0.84,0.78,0.78,"DISCOUNT"
"bbc.com","banner",4,"Miami",955,8,0.838,0.78,0.78,"DISCOUNT"
"forbes.com","native",5,"New York",478,4,0.837,0.78,0.78,"DISCOUNT"
"techcrunch.com","banner",7,"New York",952,8,0.84,0.78,0.78,"DISCOUNT"
"weather.com","banner",4,"Chicago",953,8,0.839,0.78,0.78,"DISCOUNT"
"theverge.com","video",2,"Miami",479,4,0.835,0.78,0.78,"DISCOUNT"
"weather.com","native",2,"Los Angeles",478,4,0.837,0.78,0.78,"DISCOUNT"
"forbes.com","banner",4,"Houston",950,8,0.842,0.78,0.78,"DISCOUNT"
"weather.com","banner",4,"Houston",960,8,0.833,0.78,0.78,"DISCOUNT"
"espn.com","banner",6,"Miami",956,8,0.837,0.78,0.78,"DISCOUNT"
"weather.com","native",5,"Chicago",477,4,0.839,0.78,0.78,"DISCOUNT"
"washingtonpost.com","video",5,"Houston",478,4,0.837,0.78,0.78,"DISCOUNT"
"buzzfeed.com","banner",1,"Philadelphia",954,8,0.839,0.78,0.78,"DISCOUNT"
"forbes.com","native",2,"Miami",480,4,0.833,0.78,0.78,"DISCOUNT"
"forbes.com","video",5,"Chicago",475,4,0.842,0.78,0.78,"DISCOUNT"
"bbc.com","video",5,"Dallas-Ft. Worth",478,4,0.837,0.78,0.78,"DISCOUNT"
"people.com","video",5,"Phoenix",478,4,0.837,0.78,0.78,"DISCOUNT"
"espn.com","banner",3,"New York",957,8,0.836,0.78,0.78,"DISCOUNT"
"variety.com","video",2,"Miami",482,4,0.83,0.77,0.77,"DISCOUNT"
"weather.com","video",2,"Dallas-Ft. Worth",484,4,0.826,0.77,0.77,"DISCOUNT"
"bbc.com","native",2,"Miami",481,4,0.832,0.77,0.77,"DISCOUNT"
"cnet.com","video",4,"Chicago",486,4,0.823,0.77,0.77,"DISCOUNT"
"buzzfeed.com","native",5,"Chicago",437,5,1.144,1.07,1.07,"STANDARD"
"theverge.com","video",1,"Miami",524,6,1.145,1.07,1.07,"STANDARD"
"nytimes.com","banner",4,"Houston",960,11,1.146,1.07,1.07,"STANDARD"
"cnn.com","native",3,"Philadelphia",435,5,1.149,1.07,1.07,"STANDARD"
"cnet.com","native",4,"Chicago",524,6,1.145,1.07,1.07,"STANDARD"
"variety.com","native",4,"Philadelphia",521,6,1.152,1.07,1.07,"STANDARD"
"buzzfeed.com","banner",1,"Houston",956,11,1.151,1.07,1.07,"STANDARD"
"nytimes.com","banner",5,"Atlanta",954,11,1.153,1.07,1.07,"STANDARD"
"theverge.com","video",5,"Philadelphia",524,6,1.145,1.07,1.07,"STANDARD"
"people.com","banner",3,"Philadelphia",953,11,1.154,1.07,1.07,"STANDARD"
"forbes.com","banner",3,"Houston",966,11,1.139,1.06,1.06,"STANDARD"
"nytimes.com","native",6,"New York",441,5,1.134,1.06,1.06,"STANDARD"
"bbc.com","native",2,"Phoenix",440,5,1.136,1.06,1.06,"STANDARD"
"techcrunch.com","native",5,"Atlanta",440,5,1.136,1.06,1.06,"STANDARD"
"tmz.com","video",7,"Phoenix",441,5,1.134,1.06,1.06,"STANDARD"
"tmz.com","native",6,"Chicago",525,6,1.143,1.06,1.06,"STANDARD"
"theverge.com","banner",1,"Chicago",964,11,1.141,1.06,1.06,"STANDARD"
"espn.com","banner",3,"Los Angeles",962,11,1.143,1.06,1.06,"STANDARD"
"techcrunch.com","video",5,"New York",441,5,1.134,1.06,1.06,"STANDARD"
"theverge.com","video",5,"Dallas-Ft. Worth",440,5,1.136,1.06,1.06,"STANDARD"
"cnet.com","banner",7,"Los Angeles",969,11,1.135,1.06,1.06,"STANDARD"
"weather.com","native",6,"Dallas-Ft. Worth",445,5,1.124,1.05,1.05,"STANDARD"
"tmz.com","native",5,"Philadelphia",444,5,1.126,1.05,1.05,"STANDARD"
"tmz.com","native",1,"Philadelphia",445,5,1.124,1.05,1.05,"STANDARD"
"variety.com","banner",1,"Atlanta",977,11,1.126,1.05,1.05,"STANDARD"
"buzzfeed.com","native",1,"Phoenix",444,5,1.126,1.05,1.05,"STANDARD"
"bbc.com","video",6,"Chicago",443,5,1.129,1.05,1.05,"STANDARD"
"cnn.com","video",5,"Miami",443,5,1.129,1.05,1.05,"STANDARD"
"nytimes.com","video",7,"Philadelphia",444,5,1.126,1.05,1.05,"STANDARD"
"buzzfeed.com","native",4,"New York",445,5,1.124,1.05,1.05,"STANDARD"
"foxnews.com","banner",3,"Chicago",978,11,1.125,1.05,1.05,"STANDARD"
"forbes.com","native",7,"Philadelphia",533,6,1.126,1.05,1.05,"STANDARD"
"buzzfeed.com","banner",6,"Houston",984,11,1.118,1.04,1.04,"STANDARD"
"tmz.com","native",1,"Dallas-Ft. Worth",449,5,1.114,1.04,1.04,"STANDARD"
"foxnews.com","video",3,"New York",447,5,1.119,1.04,1.04,"STANDARD"
"forbes.com","banner",7,"Atlanta",893,10,1.12,1.04,1.04,"STANDARD"
"people.com","banner",3,"Denver",982,11,1.12,1.04,1.04,"STANDARD"
"tmz.com","video",2,"Atlanta",447,5,1.119,1.04,1.04,"STANDARD"
"washingtonpost.com","banner",3,"Los Angeles",981,11,1.121,1.04,1.04,"STANDARD"
"nytimes.com","video",1,"Phoenix",447,5,1.119,1.04,1.04,"STANDARD"
"variety.com","video",4,"Atlanta",447,5,1.119,1.04,1.04,"STANDARD"
"theverge.com","video",1,"Denver",545,6,1.101,1.03,1.03,"STANDARD"
"buzzfeed.com","video",3,"Los Angeles",454,5,1.101,1.03,1.03,"STANDARD"
"theverge.com","video",6,"Chicago",451,5,1.109,1.03,1.03,"STANDARD"
"washingtonpost.com","native",6,"Miami",454,5,1.101,1.03,1.03,"STANDARD"
"techcrunch.com","video",2,"Los Angeles",452,5,1.106,1.03,1.03,"STANDARD"
"forbes.com","native",5,"Denver",452,5,1.106,1.03,1.03,"STANDARD"
"cnn.com","native",5,"Philadelphia",451,5,1.109,1.03,1.03,"STANDARD"
"buzzfeed.com","banner",7,"Chicago",994,11,1.107,1.03,1.03,"STANDARD"
"buzzfeed.com","banner",7,"Miami",904,10,1.106,1.03,1.03,"STANDARD"
"weather.com","native",5,"Atlanta",452,5,1.106,1.03,1.03,"STANDARD"
"variety.com","video",2,"Atlanta",453,5,1.104,1.03,1.03,"STANDARD"
"forbes.com","native",5,"Los Angeles",451,5,1.109,1.03,1.03,"STANDARD"
"buzzfeed.com","video",2,"Los Angeles",523,2,0.382,0.36,0.36,"DISCOUNT"
"tmz.com","banner",6,"Los Angeles",1023,4,0.391,0.36,0.36,"DISCOUNT"
"techcrunch.com","native",2,"Dallas-Ft. Worth",524,2,0.382,0.36,0.36,"DISCOUNT"
"variety.com","native",5,"Dallas-Ft. Worth",513,2,0.39,0.36,0.36,"DISCOUNT"
"tmz.com","native",2,"Dallas-Ft. Worth",514,2,0.389,0.36,0.36,"DISCOUNT"
"nytimes.com","banner",6,"New York",883,3,0.34,0.32,0.32,"DISCOUNT"
"washingtonpost.com","banner",4,"Chicago",863,3,0.348,0.32,0.32,"DISCOUNT"
"weather.com","banner",6,"Dallas-Ft. Worth",889,3,0.337,0.31,0.31,"DISCOUNT"
"foxnews.com","banner",5,"Atlanta",912,3,0.329,0.31,0.31,"DISCOUNT"
"foxnews.com","banner",1,"Denver",906,3,0.331,0.31,0.31,"DISCOUNT"
"theverge.com","banner",2,"Chicago",888,3,0.338,0.31,0.31,"DISCOUNT"
"variety.com","banner",2,"Philadelphia",909,3,0.33,0.31,0.31,"DISCOUNT"
"weather.com","banner",3,"Phoenix",908,3,0.33,0.31,0.31,"DISCOUNT"
"tmz.com","banner",5,"Phoenix",887,3,0.338,0.31,0.31,"DISCOUNT"
"cnn.com","banner",6,"Houston",913,3,0.329,0.31,0.31,"DISCOUNT"
"buzzfeed.com","banner",2,"Dallas-Ft. Worth",904,3,0.332,0.31,0.31,"DISCOUNT"
"cnn.com","banner",1,"Denver",915,3,0.328,0.31,0.31,"DISCOUNT"
"cnn.com","banner",5,"Phoenix",907,3,0.331,0.31,0.31,"DISCOUNT"
"washingtonpost.com","banner",5,"Los Angeles",908,3,0.33,0.31,0.31,"DISCOUNT"
"nytimes.com","banner",7,"Denver",902,3,0.333,0.31,0.31,"DISCOUNT"
"washingtonpost.com","banner",5,"Houston",889,3,0.337,0.31,0.31,"DISCOUNT"
"bbc.com","banner",6,"Denver",944,3,0.318,0.3,0.3,"DISCOUNT"
"forbes.com","banner",6,"Dallas-Ft. Worth",931,3,0.322,0.3,0.3,"DISCOUNT"
"variety.com","banner",6,"Los Angeles",937,3,0.32,0.3,0.3,"DISCOUNT"
"people.com","banner",5,"Phoenix",925,3,0.324,0.3,0.3,"DISCOUNT"
"theverge.com","banner",6,"Denver",945,3,0.317,0.3,0.3,"DISCOUNT"
"nytimes.com","banner",2,"Philadelphia",934,3,0.321,0.3,0.3,"DISCOUNT"
"techcrunch.com","banner",3,"Phoenix",936,3,0.321,0.3,0.3,"DISCOUNT"
"variety.com","banner",2,"Atlanta",919,3,0.326,0.3,0.3,"DISCOUNT"
"tmz.com","banner",2,"Houston",946,3,0.317,0.3,0.3,"DISCOUNT"
"techcrunch.com","banner",2,"Atlanta",922,3,0.325,0.3,0.3,"DISCOUNT"
"forbes.com","banner",2,"Miami",941,3,0.319,0.3,0.3,"DISCOUNT"
"people.com","banner",2,"Chicago",941,3,0.319,0.3,0.3,"DISCOUNT"
"cnn.com","banner",5,"Atlanta",926,3,0.324,0.3,0.3,"DISCOUNT"
"cnn.com","banner",4,"Dallas-Ft. Worth",931,3,0.322,0.3,0.3,"DISCOUNT"
"techcrunch.com","banner",6,"New York",936,3,0.321,0.3,0.3,"DISCOUNT"
"espn.com","banner",5,"Philadelphia",944,3,0.318,0.3,0.3,"DISCOUNT"
"washingtonpost.com","banner",6,"Miami",937,3,0.32,0.3,0.3,"DISCOUNT"
"cnet.com","banner",6,"Phoenix",928,3,0.323,0.3,0.3,"DISCOUNT"
"people.com","banner",5,"Houston",939,3,0.319,0.3,0.3,"DISCOUNT"
"nytimes.com","banner",5,"Dallas-Ft. Worth",937,3,0.32,0.3,0.3,"DISCOUNT"
"nytimes.com","banner",2,"Los Angeles",932,3,0.322,0.3,0.3,"DISCOUNT"
"cnet.com","banner",4,"Chicago",928,3,0.323,0.3,0.3,"DISCOUNT"
"variety.com","banner",1,"Phoenix",944,3,0.318,0.3,0.3,"DISCOUNT"
"forbes.com","banner",2,"Dallas-Ft. Worth",930,3,0.323,0.3,0.3,"DISCOUNT"
"washingtonpost.com","banner",2,"Miami",920,3,0.326,0.3,0.3,"DISCOUNT"
"buzzfeed.com","banner",5,"New York",917,3,0.327,0.3,0.3,"DISCOUNT"
"tmz.com","banner",4,"Dallas-Ft. Worth",921,3,0.326,0.3,0.3,"DISCOUNT"
"weather.com","banner",5,"Denver",927,3,0.324,0.3,0.3,"DISCOUNT"
"cnet.com","banner",2,"New York",943,3,0.318,0.3,0.3,"DISCOUNT"
"theverge.com","video",6,"Denver",498,4,0.803,0.75,0.75,"DISCOUNT"
"foxnews.com","native",3,"Phoenix",496,4,0.806,0.75,0.75,"DISCOUNT"
"variety.com","banner",4,"Miami",871,7,0.804,0.75,0.75,"DISCOUNT"
"forbes.com","native",2,"Los Angeles",496,4,0.806,0.75,0.75,"DISCOUNT"
"techcrunch.com","native",5,"Dallas-Ft. Worth",495,4,0.808,0.75,0.75,"DISCOUNT"
"espn.com","video",2,"New York",496,4,0.806,0.75,0.75,"DISCOUNT"
"forbes.com","video",2,"Los Angeles",499,4,0.802,0.75,0.75,"DISCOUNT"
"bbc.com","video",6,"Atlanta",498,4,0.803,0.75,0.75,"DISCOUNT"
"washingtonpost.com","native",4,"Denver",494,4,0.81,0.75,0.75,"DISCOUNT"
"bbc.com","video",5,"Denver",499,4,0.802,0.75,0.75,"DISCOUNT"
"people.com","banner",4,"Miami",989,8,0.809,0.75,0.75,"DISCOUNT"
"washingtonpost.com","banner",5,"Miami",876,7,0.799,0.74,0.74,"DISCOUNT"
"foxnews.com","video",6,"Phoenix",501,4,0.798,0.74,0.74,"DISCOUNT"
"foxnews.com","native",1,"Philadelphia",505,4,0.792,0.74,0.74,"DISCOUNT"
"variety.com","video",6,"Houston",504,4,0.794,0.74,0.74,"DISCOUNT"
"buzzfeed.com","video",5,"Phoenix",504,4,0.794,0.74,0.74,"DISCOUNT"
"washingtonpost.com","banner",3,"Houston",880,7,0.795,0.74,0.74,"DISCOUNT"
"tmz.com","native",2,"Miami",504,4,0.794,0.74,0.74,"DISCOUNT"
"cnn.com","native",5,"Denver",501,4,0.798,0.74,0.74,"DISCOUNT"
"forbes.com","native",5,"Dallas-Ft. Worth",503,4,0.795,0.74,0.74,"DISCOUNT"
"buzzfeed.com","native",3,"Phoenix",501,4,0.798,0.74,0.74,"DISCOUNT"
"nytimes.com","banner",4,"New York",881,7,0.795,0.74,0.74,"DISCOUNT"
"variety.com","video",6,"Los Angeles",500,4,0.8,0.74,0.74,"DISCOUNT"
"tmz.com","native",6,"Phoenix",506,4,0.791,0.74,0.74,"DISCOUNT"
"techcrunch.com","native",2,"Chicago",505,4,0.792,0.74,0.74,"DISCOUNT"
"theverge.com","banner",7,"Atlanta",1006,8,0.795,0.74,0.74,"DISCOUNT"
"forbes.com","native",5,"Philadelphia",504,4,0.794,0.74,0.74,"DISCOUNT"
"theverge.com","banner",7,"Los Angeles",893,7,0.784,0.73,0.73,"DISCOUNT"
"variety.com","native",2,"Houston",510,4,0.784,0.73,0.73,"DISCOUNT"
"techcrunch.com","native",2,"Miami",512,4,0.781,0.73,0.73,"DISCOUNT"
"forbes.com","video",2,"Atlanta",513,4,0.78,0.73,0.73,"DISCOUNT"
"cnet.com","native",6,"Philadelphia",511,4,0.783,0.73,0.73,"DISCOUNT"
"tmz.com","video",4,"Miami",511,4,0.783,0.73,0.73,"DISCOUNT"
"techcrunch.com","video",2,"Phoenix",513,4,0.78,0.73,0.73,"DISCOUNT"
"bbc.com","video",5,"Los Angeles",512,4,0.781,0.73,0.73,"DISCOUNT"
"bbc.com","banner",1,"Houston",896,7,0.781,0.73,0.73,"DISCOUNT"
"bbc.com","native",6,"Denver",511,4,0.783,0.73,0.73,"DISCOUNT"
"espn.com","banner",4,"Miami",907,7,0.772,0.72,0.72,"DISCOUNT"
"foxnews.com","banner",7,"Chicago",903,7,0.775,0.72,0.72,"DISCOUNT"
"nytimes.com","banner",3,"Denver",910,7,0.769,0.72,0.72,"DISCOUNT"
"buzzfeed.com","banner",3,"Chicago",1041,8,0.768,0.72,0.72,"DISCOUNT"
"theverge.com","banner",7,"New York",910,7,0.769,0.72,0.72,"DISCOUNT"
"bbc.com","banner",7,"Dallas-Ft. Worth",909,7,0.77,0.72,0.72,"DISCOUNT"
"tmz.com","video",6,"Denver",520,4,0.769,0.72,0.72,"DISCOUNT"
"forbes.com","video",1,"Miami",519,4,0.771,0.72,0.72,"DISCOUNT"
"bbc.com","banner",1,"Miami",910,7,0.769,0.72,0.72,"DISCOUNT"
"theverge.com","video",4,"Phoenix",516,4,0.775,0.72,0.72,"DISCOUNT"
"variety.com","video",3,"Philadelphia",460,7,1.522,1.42,1.42,"PREMIUM"
"weather.com","banner",3,"New York",984,15,1.524,1.42,1.42,"PREMIUM"
"techcrunch.com","native",5,"Los Angeles",459,7,1.525,1.42,1.42,"PREMIUM"
"techcrunch.com","video",1,"Los Angeles",458,7,1.528,1.42,1.42,"PREMIUM"
"washingtonpost.com","video",6,"Chicago",459,7,1.525,1.42,1.42,"PREMIUM"
"washingtonpost.com","video",1,"Houston",463,7,1.512,1.41,1.41,"PREMIUM"
"buzzfeed.com","video",7,"Philadelphia",461,7,1.518,1.41,1.41,"PREMIUM"
"weather.com","video",1,"Philadelphia",461,7,1.518,1.41,1.41,"PREMIUM"
"techcrunch.com","video",1,"Miami",461,7,1.518,1.41,1.41,"PREMIUM"
"washingtonpost.com","video",1,"Los Angeles",462,7,1.515,1.41,1.41,"PREMIUM"
"espn.com","banner",5,"Houston",923,14,1.517,1.41,1.41,"PREMIUM"
"buzzfeed.com","video",5,"Los Angeles",461,7,1.518,1.41,1.41,"PREMIUM"
"tmz.com","video",5,"Miami",463,7,1.512,1.41,1.41,"PREMIUM"
"theverge.com","video",7,"Atlanta",461,7,1.518,1.41,1.41,"PREMIUM"
"buzzfeed.com","native",5,"New York",461,7,1.518,1.41,1.41,"PREMIUM"
"cnn.com","native",4,"Philadelphia",461,7,1.518,1.41,1.41,"PREMIUM"
"people.com","video",5,"Dallas-Ft. Worth",463,7,1.512,1.41,1.41,"PREMIUM"
"forbes.com","video",4,"Chicago",534,8,1.498,1.4,1.4,"PREMIUM"
"weather.com","video",6,"Chicago",464,7,1.509,1.4,1.4,"PREMIUM"
"buzzfeed.com","video",4,"Phoenix",465,7,1.505,1.4,1.4,"PREMIUM"
"foxnews.com","video",3,"Phoenix",466,7,1.502,1.4,1.4,"PREMIUM"
"theverge.com","video",5,"Atlanta",464,7,1.509,1.4,1.4,"PREMIUM"
"tmz.com","video",4,"Denver",464,7,1.509,1.4,1.4,"PREMIUM"
"buzzfeed.com","video",6,"Houston",464,7,1.509,1.4,1.4,"PREMIUM"
"tmz.com","native",4,"Dallas-Ft. Worth",467,7,1.499,1.4,1.4,"PREMIUM"
"tmz.com","native",1,"Atlanta",467,7,1.499,1.4,1.4,"PREMIUM"
"cnet.com","video",2,"Denver",442,2,0.452,0.42,0.42,"DISCOUNT"
"espn.com","native",2,"Houston",446,2,0.448,0.42,0.42,"DISCOUNT"
"cnn.com","video",6,"Los Angeles",443,2,0.451,0.42,0.42,"DISCOUNT"
"cnn.com","native",2,"Phoenix",448,2,0.446,0.42,0.42,"DISCOUNT"
"foxnews.com","banner",5,"Denver",891,4,0.449,0.42,0.42,"DISCOUNT"
"people.com","banner",4,"New York",893,4,0.448,0.42,0.42,"DISCOUNT"
"people.com","banner",5,"Chicago",900,4,0.444,0.41,0.41,"DISCOUNT"
"cnet.com","native",2,"Dallas-Ft. Worth",450,2,0.444,0.41,0.41,"DISCOUNT"
"cnn.com","banner",2,"Dallas-Ft. Worth",908,4,0.441,0.41,0.41,"DISCOUNT"
"cnet.com","video",2,"Phoenix",455,2,0.44,0.41,0.41,"DISCOUNT"
"tmz.com","banner",2,"New York",901,4,0.444,0.41,0.41,"DISCOUNT"
"buzzfeed.com","banner",1,"Dallas-Ft. Worth",908,4,0.441,0.41,0.41,"DISCOUNT"
"nytimes.com","video",2,"New York",455,2,0.44,0.41,0.41,"DISCOUNT"
"foxnews.com","banner",5,"Philadelphia",904,4,0.442,0.41,0.41,"DISCOUNT"
"cnn.com","banner",4,"Phoenix",911,4,0.439,0.41,0.41,"DISCOUNT"
"cnn.com","native",5,"Dallas-Ft. Worth",451,2,0.443,0.41,0.41,"DISCOUNT"
"buzzfeed.com","banner",6,"Los Angeles",909,4,0.44,0.41,0.41,"DISCOUNT"
"variety.com","video",1,"Phoenix",453,2,0.442,0.41,0.41,"DISCOUNT"
"people.com","video",4,"Phoenix",459,2,0.436,0.41,0.41,"DISCOUNT"
"cnn.com","video",7,"Phoenix",454,2,0.441,0.41,0.41,"DISCOUNT"
"variety.com","native",6,"Atlanta",455,2,0.44,0.41,0.41,"DISCOUNT"
"washingtonpost.com","banner",5,"Denver",914,4,0.438,0.41,0.41,"DISCOUNT"
"buzzfeed.com","banner",5,"Dallas-Ft. Worth",907,4,0.441,0.41,0.41,"DISCOUNT"
"theverge.com","video",4,"Miami",456,2,0.439,0.41,0.41,"DISCOUNT"
"nytimes.com","video",6,"Dallas-Ft. Worth",453,2,0.442,0.41,0.41,"DISCOUNT"
"cnet.com","video",1,"Philadelphia",449,2,0.445,0.41,0.41,"DISCOUNT"
"bbc.com","video",4,"Los Angeles",449,2,0.445,0.41,0.41,"DISCOUNT"
"tmz.com","video",1,"Chicago",452,2,0.442,0.41,0.41,"DISCOUNT"
"bbc.com","banner",2,"Houston",916,4,0.437,0.41,0.41,"DISCOUNT"
"bbc.com","video",2,"Philadelphia",458,2,0.437,0.41,0.41,"DISCOUNT"
"variety.com","banner",6,"Phoenix",919,4,0.435,0.41,0.41,"DISCOUNT"
"forbes.com","video",6,"Phoenix",463,2,0.432,0.4,0.4,"DISCOUNT"
"foxnews.com","video",6,"Denver",466,2,0.429,0.4,0.4,"DISCOUNT"
"forbes.com","banner",5,"Phoenix",933,4,0.429,0.4,0.4,"DISCOUNT"
"buzzfeed.com","banner",2,"Miami",941,4,0.425,0.4,0.4,"DISCOUNT"
"bbc.com","banner",5,"Los Angeles",929,4,0.431,0.4,0.4,"DISCOUNT"
"bbc.com","native",2,"Los Angeles",464,2,0.431,0.4,0.4,"DISCOUNT"
"cnet.com","video",2,"Dallas-Ft. Worth",463,2,0.432,0.4,0.4,"DISCOUNT"
"foxnews.com","video",6,"Philadelphia",463,2,0.432,0.4,0.4,"DISCOUNT"
"weather.com","banner",1,"Dallas-Ft. Worth",935,4,0.428,0.4,0.4,"DISCOUNT"
"espn.com","banner",1,"Phoenix",931,4,0.43,0.4,0.4,"DISCOUNT"
"weather.com","banner",2,"New York",941,4,0.425,0.4,0.4,"DISCOUNT"
"variety.com","native",2,"Dallas-Ft. Worth",465,2,0.43,0.4,0.4,"DISCOUNT"
"tmz.com","native",2,"Los Angeles",466,2,0.429,0.4,0.4,"DISCOUNT"
"bbc.com","video",5,"Miami",461,2,0.434,0.4,0.4,"DISCOUNT"
"espn.com","video",2,"Dallas-Ft. Worth",471,2,0.425,0.4,0.4,"DISCOUNT"
"nytimes.com","banner",5,"Philadelphia",940,4,0.426,0.4,0.4,"DISCOUNT"
"weather.com","native",5,"New York",461,2,0.434,0.4,0.4,"DISCOUNT"
"cnet.com","banner",6,"Miami",937,4,0.427,0.4,0.4,"DISCOUNT"
"buzzfeed.com","native",6,"Miami",466,2,0.429,0.4,0.4,"DISCOUNT"
"variety.com","banner",4,"Philadelphia",937,4,0.427,0.4,0.4,"DISCOUNT"
"techcrunch.com","native",2,"New York",466,2,0.429,0.4,0.4,"DISCOUNT"
"cnet.com","native",2,"Denver",460,2,0.435,0.4,0.4,"DISCOUNT"
"washingtonpost.com","banner",7,"Philadelphia",1018,6,0.589,0.55,0.55,"DISCOUNT"
"nytimes.com","video",6,"Denver",509,3,0.589,0.55,0.55,"DISCOUNT"
"tmz.com","native",5,"Dallas-Ft. Worth",511,3,0.587,0.55,0.55,"DISCOUNT"
"theverge.com","native",2,"Philadelphia",507,3,0.592,0.55,0.55,"DISCOUNT"
"forbes.com","banner",7,"New York",1013,6,0.592,0.55,0.55,"DISCOUNT"
"espn.com","banner",5,"Los Angeles",1019,6,0.589,0.55,0.55,"DISCOUNT"
"washingtonpost.com","banner",7,"Atlanta",1008,6,0.595,0.55,0.55,"DISCOUNT"
"people.com","video",5,"Atlanta",509,3,0.589,0.55,0.55,"DISCOUNT"
"cnet.com","video",5,"Phoenix",511,3,0.587,0.55,0.55,"DISCOUNT"
"forbes.com","banner",2,"Phoenix",1009,6,0.595,0.55,0.55,"DISCOUNT"
"buzzfeed.com","native",1,"Denver",507,3,0.592,0.55,0.55,"DISCOUNT"
"tmz.com","video",6,"Phoenix",507,3,0.592,0.55,0.55,"DISCOUNT"
"buzzfeed.com","video",2,"Miami",504,3,0.595,0.55,0.55,"DISCOUNT"
"tmz.com","native",6,"Miami",521,3,0.576,0.54,0.54,"DISCOUNT"
"theverge.com","native",6,"Chicago",515,3,0.583,0.54,0.54,"DISCOUNT"
"weather.com","native",6,"Phoenix",517,3,0.58,0.54,0.54,"DISCOUNT"
"foxnews.com","native",6,"Dallas-Ft. Worth",514,3,0.584,0.54,0.54,"DISCOUNT"
"foxnews.com","native",4,"Dallas-Ft. Worth",528,3,0.568,0.53,0.53,"DISCOUNT"
"theverge.com","video",6,"Phoenix",532,3,0.564,0.53,0.53,"DISCOUNT"
"techcrunch.com","banner",3,"Chicago",896,5,0.558,0.52,0.52,"DISCOUNT"
"variety.com","banner",1,"New York",896,5,0.558,0.52,0.52,"DISCOUNT"
"theverge.com","banner",4,"Philadelphia",892,5,0.561,0.52,0.52,"DISCOUNT"
"cnn.com","banner",5,"Dallas-Ft. Worth",894,5,0.559,0.52,0.52,"DISCOUNT"
"theverge.com","banner",1,"Phoenix",899,5,0.556,0.52,0.52,"DISCOUNT"
"forbes.com","banner",7,"Chicago",899,5,0.556,0.52,0.52,"DISCOUNT"
"weather.com","banner",4,"Philadelphia",895,5,0.559,0.52,0.52,"DISCOUNT"
"espn.com","banner",5,"Denver",917,5,0.545,0.51,0.51,"DISCOUNT"
"techcrunch.com","banner",5,"New York",911,5,0.549,0.51,0.51,"DISCOUNT"
"theverge.com","banner",4,"Phoenix",918,5,0.545,0.51,0.51,"DISCOUNT"
"weather.com","banner",1,"Atlanta",918,5,0.545,0.51,0.51,"DISCOUNT"
"washingtonpost.com","banner",6,"Phoenix",915,5,0.546,0.51,0.51,"DISCOUNT"
"variety.com","banner",3,"Philadelphia",907,5,0.551,0.51,0.51,"DISCOUNT"
"washingtonpost.com","banner",5,"New York",915,5,0.546,0.51,0.51,"DISCOUNT"
"tmz.com","banner",6,"Houston",913,5,0.548,0.51,0.51,"DISCOUNT"
"washingtonpost.com","banner",4,"Phoenix",911,5,0.549,0.51,0.51,"DISCOUNT"
"washingtonpost.com","banner",1,"Chicago",909,5,0.55,0.51,0.51,"DISCOUNT"
"techcrunch.com","banner",7,"Phoenix",908,5,0.551,0.51,0.51,"DISCOUNT"
"cnn.com","banner",7,"Houston",907,5,0.551,0.51,0.51,"DISCOUNT"
"cnet.com","banner",3,"Los Angeles",933,5,0.536,0.5,0.5,"DISCOUNT"
"cnn.com","banner",4,"Los Angeles",933,5,0.536,0.5,0.5,"DISCOUNT"
"techcrunch.com","banner",4,"Philadelphia",924,5,0.541,0.5,0.5,"DISCOUNT"
"people.com","banner",5,"Philadelphia",932,5,0.536,0.5,0.5,"DISCOUNT"
"techcrunch.com","banner",1,"Phoenix",924,5,0.541,0.5,0.5,"DISCOUNT"
"nytimes.com","banner",5,"New York",929,5,0.538,0.5,0.5,"DISCOUNT"
"cnn.com","banner",5,"Miami",956,2,0.209,0.19,0.3,"DISCOUNT"
"techcrunch.com","banner",2,"New York",993,2,0.201,0.19,0.3,"DISCOUNT"
"buzzfeed.com","banner",2,"Phoenix",984,2,0.203,0.19,0.3,"DISCOUNT"
"foxnews.com","video",2,"Denver",502,1,0.199,0.19,0.3,"DISCOUNT"
"buzzfeed.com","banner",2,"Denver",982,2,0.204,0.19,0.3,"DISCOUNT"
"nytimes.com","native",2,"Miami",485,1,0.206,0.19,0.3,"DISCOUNT"
"cnn.com","video",2,"Miami",492,1,0.203,0.19,0.3,"DISCOUNT"
"tmz.com","banner",6,"Dallas-Ft. Worth",989,2,0.202,0.19,0.3,"DISCOUNT"
"forbes.com","banner",6,"Denver",979,2,0.204,0.19,0.3,"DISCOUNT"
"tmz.com","banner",6,"New York",956,2,0.209,0.19,0.3,"DISCOUNT"
"techcrunch.com","banner",6,"Phoenix",956,2,0.209,0.19,0.3,"DISCOUNT"
"forbes.com","native",6,"Miami",491,1,0.204,0.19,0.3,"DISCOUNT"
"forbes.com","native",2,"Atlanta",478,1,0.209,0.19,0.3,"DISCOUNT"
"bbc.com","video",6,"Denver",503,1,0.199,0.19,0.3,"DISCOUNT"
"variety.com","banner",5,"Phoenix",959,2,0.209,0.19,0.3,"DISCOUNT"
"buzzfeed.com","banner",4,"Atlanta",961,2,0.208,0.19,0.3,"DISCOUNT"
"cnn.com","banner",1,"Philadelphia",977,2,0.205,0.19,0.3,"DISCOUNT"
"foxnews.com","banner",4,"Los Angeles",989,2,0.202,0.19,0.3,"DISCOUNT"
"people.com","banner",6,"Phoenix",1001,2,0.2,0.19,0.3,"DISCOUNT"
"variety.com","video",2,"Los Angeles",496,1,0.202,0.19,0.3,"DISCOUNT"
"forbes.com","video",2,"Dallas-Ft. Worth",503,1,0.199,0.19,0.3,"DISCOUNT"
"weather.com","banner",2,"Chicago",957,2,0.209,0.19,0.3,"DISCOUNT"
"buzzfeed.com","native",6,"Phoenix",478,1,0.209,0.19,0.3,"DISCOUNT"
"cnet.com","banner",6,"Atlanta",969,2,0.206,0.19,0.3,"DISCOUNT"
"variety.com","video",2,"Denver",483,1,0.207,0.19,0.3,"DISCOUNT"
"tmz.com","native",6,"Los Angeles",494,1,0.202,0.19,0.3,"DISCOUNT"
"cnet.com","video",2,"Houston",487,1,0.205,0.19,0.3,"DISCOUNT"
"cnet.com","banner",5,"Phoenix",959,2,0.209,0.19,0.3,"DISCOUNT"
"buzzfeed.com","video",6,"Philadelphia",498,1,0.201,0.19,0.3,"DISCOUNT"
"tmz.com","video",2,"Philadelphia",479,1,0.209,0.19,0.3,"DISCOUNT"
"washingtonpost.com","banner",5,"Atlanta",965,2,0.207,0.19,0.3,"DISCOUNT"
"bbc.com","video",6,"New York",491,1,0.204,0.19,0.3,"DISCOUNT"
"buzzfeed.com","native",2,"Phoenix",495,1,0.202,0.19,0.3,"DISCOUNT"
"tmz.com","banner",3,"Chicago",971,2,0.206,0.19,0.3,"DISCOUNT"
"bbc.com","video",2,"Atlanta",527,1,0.19,0.18,0.3,"DISCOUNT"
"variety.com","video",2,"Dallas-Ft. Worth",508,1,0.197,0.18,0.3,"DISCOUNT"
"tmz.com","video",5,"Chicago",522,1,0.192,0.18,0.3,"DISCOUNT"
"cnet.com","banner",2,"Miami",1023,2,0.196,0.18,0.3,"DISCOUNT"
"bbc.com","video",2,"Miami",519,1,0.193,0.18,0.3,"DISCOUNT"
"bbc.com","native",2,"Philadelphia",526,1,0.19,0.18,0.3,"DISCOUNT"
"foxnews.com","banner",6,"Los Angeles",1012,2,0.198,0.18,0.3,"DISCOUNT"
"theverge.com","video",2,"Philadelphia",534,1,0.187,0.17,0.3,"DISCOUNT"
"forbes.com","native",1,"Phoenix",486,6,1.235,1.15,1.15,"STANDARD"
"foxnews.com","native",7,"Miami",485,6,1.237,1.15,1.15,"STANDARD"
"forbes.com","video",6,"Houston",486,6,1.235,1.15,1.15,"STANDARD"
"espn.com","video",5,"Phoenix",486,6,1.235,1.15,1.15,"STANDARD"
"weather.com","native",2,"Miami",484,6,1.24,1.15,1.15,"STANDARD"
"bbc.com","video",3,"New York",484,6,1.24,1.15,1.15,"STANDARD"
"bbc.com","video",7,"Chicago",484,6,1.24,1.15,1.15,"STANDARD"
"tmz.com","native",3,"Dallas-Ft. Worth",487,6,1.232,1.15,1.15,"STANDARD"
"techcrunch.com","video",6,"Dallas-Ft. Worth",487,6,1.232,1.15,1.15,"STANDARD"
"foxnews.com","video",3,"Denver",491,6,1.222,1.14,1.14,"STANDARD"
"washingtonpost.com","banner",6,"Los Angeles",982,12,1.222,1.14,1.14,"STANDARD"
"washingtonpost.com","video",5,"Phoenix",491,6,1.222,1.14,1.14,"STANDARD"
"foxnews.com","banner",3,"Houston",980,12,1.224,1.14,1.14,"STANDARD"
"techcrunch.com","video",5,"Phoenix",490,6,1.224,1.14,1.14,"STANDARD"
"nytimes.com","video",7,"New York",491,6,1.222,1.14,1.14,"STANDARD"
"bbc.com","native",6,"Chicago",492,6,1.22,1.14,1.14,"STANDARD"
"bbc.com","native",7,"Houston",488,6,1.23,1.14,1.14,"STANDARD"
"washingtonpost.com","video",2,"Dallas-Ft. Worth",490,6,1.224,1.14,1.14,"STANDARD"
"cnet.com","native",6,"Chicago",492,6,1.22,1.14,1.14,"STANDARD"
"weather.com","video",6,"Miami",489,6,1.227,1.14,1.14,"STANDARD"
"techcrunch.com","native",5,"Houston",492,6,1.22,1.14,1.14,"STANDARD"
"techcrunch.com","video",7,"Philadelphia",489,6,1.227,1.14,1.14,"STANDARD"
"bbc.com","video",4,"Denver",492,6,1.22,1.14,1.14,"STANDARD"
"forbes.com","video",1,"Los Angeles",489,6,1.227,1.14,1.14,"STANDARD"
"buzzfeed.com","native",1,"Miami",493,6,1.217,1.13,1.13,"STANDARD"
"tmz.com","native",4,"Denver",494,6,1.215,1.13,1.13,"STANDARD"
"tmz.com","native",7,"Miami",494,6,1.215,1.13,1.13,"STANDARD"
"buzzfeed.com","banner",4,"Miami",992,12,1.21,1.13,1.13,"STANDARD"
"techcrunch.com","native",2,"Houston",494,6,1.215,1.13,1.13,"STANDARD"
"tmz.com","video",5,"Philadelphia",493,6,1.217,1.13,1.13,"STANDARD"
"techcrunch.com","native",7,"Atlanta",496,6,1.21,1.13,1.13,"STANDARD"
"foxnews.com","video",4,"New York",495,6,1.212,1.13,1.13,"STANDARD"
"techcrunch.com","native",5,"New York",496,6,1.21,1.13,1.13,"STANDARD"
"buzzfeed.com","native",6,"Los Angeles",494,6,1.215,1.13,1.13,"STANDARD"
"variety.com","video",1,"Chicago",493,6,1.217,1.13,1.13,"STANDARD"
"tmz.com","video",1,"Philadelphia",493,6,1.217,1.13,1.13,"STANDARD"
"espn.com","banner",3,"Philadelphia",910,11,1.209,1.13,1.13,"STANDARD"
"variety.com","native",7,"Phoenix",495,6,1.212,1.13,1.13,"STANDARD"
"weather.com","banner",5,"Los Angeles",955,7,0.733,0.68,0.68,"DISCOUNT"
"cnn.com","banner",3,"New York",963,7,0.727,0.68,0.68,"DISCOUNT"
"washingtonpost.com","banner",1,"Denver",962,7,0.728,0.68,0.68,"DISCOUNT"
"people.com","banner",1,"Chicago",963,7,0.727,0.68,0.68,"DISCOUNT"
"bbc.com","banner",7,"Philadelphia",960,7,0.729,0.68,0.68,"DISCOUNT"
"people.com","banner",3,"Phoenix",959,7,0.73,0.68,0.68,"DISCOUNT"
"people.com","banner",2,"Miami",960,7,0.729,0.68,0.68,"DISCOUNT"
"tmz.com","banner",1,"Miami",970,7,0.722,0.67,0.67,"DISCOUNT"
"washingtonpost.com","banner",3,"Miami",974,7,0.719,0.67,0.67,"DISCOUNT"
"nytimes.com","banner",5,"Los Angeles",979,7,0.715,0.67,0.67,"DISCOUNT"
"cnn.com","banner",3,"Philadelphia",970,7,0.722,0.67,0.67,"DISCOUNT"
"nytimes.com","banner",4,"Miami",970,7,0.722,0.67,0.67,"DISCOUNT"
"espn.com","banner",1,"Denver",978,7,0.716,0.67,0.67,"DISCOUNT"
"buzzfeed.com","banner",1,"Atlanta",977,7,0.716,0.67,0.67,"DISCOUNT"
"cnet.com","banner",4,"Denver",971,7,0.721,0.67,0.67,"DISCOUNT"
"techcrunch.com","banner",7,"Philadelphia",966,7,0.725,0.67,0.67,"DISCOUNT"
"cnn.com","banner",1,"Atlanta",972,7,0.72,0.67,0.67,"DISCOUNT"
"bbc.com","banner",5,"Denver",970,7,0.722,0.67,0.67,"DISCOUNT"
"variety.com","banner",7,"Denver",973,7,0.719,0.67,0.67,"DISCOUNT"
"cnn.com","banner",5,"Houston",974,7,0.719,0.67,0.67,"DISCOUNT"
"bbc.com","banner",3,"Denver",971,7,0.721,0.67,0.67,"DISCOUNT"
"techcrunch.com","banner",1,"New York",973,7,0.719,0.67,0.67,"DISCOUNT"
"variety.com","banner",7,"Miami",966,7,0.725,0.67,0.67,"DISCOUNT"
"theverge.com","banner",4,"Miami",978,7,0.716,0.67,0.67,"DISCOUNT"
"buzzfeed.com","banner",1,"New York",974,7,0.719,0.67,0.67,"DISCOUNT"
"nytimes.com","banner",4,"Phoenix",994,7,0.704,0.66,0.66,"DISCOUNT"
"buzzfeed.com","native",2,"Philadelphia",422,3,0.711,0.66,0.66,"DISCOUNT"
"cnet.com","banner",5,"Miami",992,7,0.706,0.66,0.66,"DISCOUNT"
"forbes.com","banner",7,"Houston",984,7,0.711,0.66,0.66,"DISCOUNT"
"tmz.com","banner",7,"Denver",987,7,0.709,0.66,0.66,"DISCOUNT"
"foxnews.com","banner",5,"Houston",991,7,0.706,0.66,0.66,"DISCOUNT"
"techcrunch.com","banner",4,"Atlanta",996,7,0.703,0.65,0.65,"DISCOUNT"
"people.com","banner",3,"Miami",1000,7,0.7,0.65,0.65,"DISCOUNT"
"buzzfeed.com","banner",1,"Chicago",997,7,0.702,0.65,0.65,"DISCOUNT"
"bbc.com","native",6,"Dallas-Ft. Worth",427,3,0.703,0.65,0.65,"DISCOUNT"
"espn.com","banner",3,"Phoenix",1004,7,0.697,0.65,0.65,"DISCOUNT"
"variety.com","banner",7,"Philadelphia",1008,7,0.694,0.65,0.65,"DISCOUNT"
"nytimes.com","banner",4,"Philadelphia",1000,7,0.7,0.65,0.65,"DISCOUNT"
"buzzfeed.com","video",5,"Denver",427,3,0.703,0.65,0.65,"DISCOUNT"
"people.com","banner",1,"Phoenix",854,6,0.703,0.65,0.65,"DISCOUNT"
"foxnews.com","banner",7,"Philadelphia",1009,7,0.694,0.65,0.65,"DISCOUNT"
"weather.com","banner",1,"Chicago",1005,7,0.697,0.65,0.65,"DISCOUNT"
"people.com","native",2,"Dallas-Ft. Worth",434,3,0.691,0.64,0.64,"DISCOUNT"
"buzzfeed.com","video",1,"Houston",435,3,0.69,0.64,0.64,"DISCOUNT"
"tmz.com","banner",4,"Miami",874,6,0.686,0.64,0.64,"DISCOUNT"
"variety.com","video",5,"Dallas-Ft. Worth",437,3,0.686,0.64,0.64,"DISCOUNT"
"weather.com","video",6,"Atlanta",474,8,1.688,1.57,1.57,"PREMIUM"
"people.com","video",1,"Phoenix",474,8,1.688,1.57,1.57,"PREMIUM"
"foxnews.com","native",3,"Chicago",475,8,1.684,1.57,1.57,"PREMIUM"
"tmz.com","video",7,"Philadelphia",476,8,1.681,1.57,1.57,"PREMIUM"
"forbes.com","native",1,"Los Angeles",476,8,1.681,1.57,1.57,"PREMIUM"
"theverge.com","native",5,"Los Angeles",474,8,1.688,1.57,1.57,"PREMIUM"
"forbes.com","native",7,"Denver",473,8,1.691,1.57,1.57,"PREMIUM"
"foxnews.com","native",1,"Chicago",473,8,1.691,1.57,1.57,"PREMIUM"
"variety.com","native",4,"Chicago",479,8,1.67,1.56,1.56,"PREMIUM"
"theverge.com","native",4,"Philadelphia",478,8,1.674,1.56,1.56,"PREMIUM"
"forbes.com","video",6,"Denver",479,8,1.67,1.56,1.56,"PREMIUM"
"techcrunch.com","video",1,"Dallas-Ft. Worth",477,8,1.677,1.56,1.56,"PREMIUM"
"washingtonpost.com","native",7,"Phoenix",478,8,1.674,1.56,1.56,"PREMIUM"
"buzzfeed.com","native",6,"Denver",477,8,1.677,1.56,1.56,"PREMIUM"
"nytimes.com","video",7,"Denver",478,8,1.674,1.56,1.56,"PREMIUM"
"techcrunch.com","video",3,"Chicago",479,8,1.67,1.56,1.56,"PREMIUM"
"techcrunch.com","native",1,"Dallas-Ft. Worth",482,8,1.66,1.55,1.55,"PREMIUM"
"theverge.com","native",1,"Philadelphia",480,8,1.667,1.55,1.55,"PREMIUM"
"cnn.com","native",3,"Phoenix",481,8,1.663,1.55,1.55,"PREMIUM"
"people.com","native",5,"Atlanta",482,8,1.66,1.55,1.55,"PREMIUM"
"tmz.com","native",3,"Denver",481,8,1.663,1.55,1.55,"PREMIUM"
"theverge.com","native",1,"Los Angeles",480,8,1.667,1.55,1.55,"PREMIUM"
"cnn.com","native",4,"Phoenix",481,8,1.663,1.55,1.55,"PREMIUM"
"weather.com","video",4,"Miami",481,8,1.663,1.55,1.55,"PREMIUM"
"cnet.com","native",4,"Philadelphia",481,8,1.663,1.55,1.55,"PREMIUM"
"washingtonpost.com","video",5,"Atlanta",480,8,1.667,1.55,1.55,"PREMIUM"
"tmz.com","native",7,"Denver",483,8,1.656,1.54,1.54,"PREMIUM"
"people.com","native",7,"Phoenix",485,8,1.649,1.54,1.54,"PREMIUM"
"buzzfeed.com","video",3,"Phoenix",484,8,1.653,1.54,1.54,"PREMIUM"
"techcrunch.com","video",4,"Miami",483,8,1.656,1.54,1.54,"PREMIUM"
"cnet.com","video",6,"New York",485,8,1.649,1.54,1.54,"PREMIUM"
"cnn.com","native",5,"Chicago",483,8,1.656,1.54,1.54,"PREMIUM"
"variety.com","native",6,"Los Angeles",483,8,1.656,1.54,1.54,"PREMIUM"
"washingtonpost.com","native",4,"Miami",485,8,1.649,1.54,1.54,"PREMIUM"
"foxnews.com","video",4,"Philadelphia",483,8,1.656,1.54,1.54,"PREMIUM"
"washingtonpost.com","native",5,"Miami",484,8,1.653,1.54,1.54,"PREMIUM"
"cnn.com","video",6,"Atlanta",484,8,1.653,1.54,1.54,"PREMIUM"
"people.com","video",4,"Chicago",485,8,1.649,1.54,1.54,"PREMIUM"
"washingtonpost.com","native",3,"Philadelphia",483,8,1.656,1.54,1.54,"PREMIUM"
"cnn.com","video",7,"Dallas-Ft. Worth",488,8,1.639,1.53,1.53,"PREMIUM"
"foxnews.com","video",1,"Chicago",488,8,1.639,1.53,1.53,"PREMIUM"
"forbes.com","native",4,"New York",486,8,1.646,1.53,1.53,"PREMIUM"
"espn.com","video",6,"Dallas-Ft. Worth",486,8,1.646,1.53,1.53,"PREMIUM"
"washingtonpost.com","video",3,"Philadelphia",488,8,1.639,1.53,1.53,"PREMIUM"
"weather.com","native",6,"Chicago",487,8,1.643,1.53,1.53,"PREMIUM"
"techcrunch.com","video",1,"Denver",488,8,1.639,1.53,1.53,"PREMIUM"
"tmz.com","native",3,"Atlanta",486,8,1.646,1.53,1.53,"PREMIUM"
"espn.com","native",1,"Philadelphia",487,8,1.643,1.53,1.53,"PREMIUM"
"espn.com","native",6,"New York",427,7,1.639,1.53,1.53,"PREMIUM"
"cnn.com","banner",7,"Los Angeles",972,16,1.646,1.53,1.53,"PREMIUM"
"cnn.com","video",7,"Houston",488,13,2.664,2.48,2.48,"PREMIUM"
"forbes.com","video",3,"Los Angeles",489,13,2.658,2.48,2.48,"PREMIUM"
"foxnews.com","native",7,"Los Angeles",450,12,2.667,2.48,2.48,"PREMIUM"
"washingtonpost.com","video",3,"Dallas-Ft. Worth",489,13,2.658,2.48,2.48,"PREMIUM"
"buzzfeed.com","native",4,"Dallas-Ft. Worth",488,13,2.664,2.48,2.48,"PREMIUM"
"people.com","video",1,"Atlanta",488,13,2.664,2.48,2.48,"PREMIUM"
"weather.com","native",7,"Chicago",489,13,2.658,2.48,2.48,"PREMIUM"
"theverge.com","native",3,"Los Angeles",452,12,2.655,2.47,2.47,"PREMIUM"
"foxnews.com","video",7,"Dallas-Ft. Worth",490,13,2.653,2.47,2.47,"PREMIUM"
"cnn.com","video",7,"Denver",452,12,2.655,2.47,2.47,"PREMIUM"
"espn.com","native",3,"Phoenix",454,12,2.643,2.46,2.46,"PREMIUM"
"techcrunch.com","native",4,"New York",455,12,2.637,2.46,2.46,"PREMIUM"
"weather.com","native",1,"Chicago",454,12,2.643,2.46,2.46,"PREMIUM"
"people.com","video",3,"Atlanta",457,12,2.626,2.45,2.45,"PREMIUM"
"weather.com","video",6,"New York",456,12,2.632,2.45,2.45,"PREMIUM"
"weather.com","video",7,"Los Angeles",495,13,2.626,2.45,2.45,"PREMIUM"
"espn.com","native",1,"Miami",494,13,2.632,2.45,2.45,"PREMIUM"
"variety.com","native",7,"New York",497,13,2.616,2.44,2.44,"PREMIUM"
"variety.com","video",3,"Atlanta",458,12,2.62,2.44,2.44,"PREMIUM"
"weather.com","video",3,"Dallas-Ft. Worth",458,12,2.62,2.44,2.44,"PREMIUM"
"espn.com","native",5,"Philadelphia",497,13,2.616,2.44,2.44,"PREMIUM"
"nytimes.com","video",1,"New York",497,13,2.616,2.44,2.44,"PREMIUM"
"espn.com","video",7,"Philadelphia",459,12,2.614,2.43,2.43,"PREMIUM"
"espn.com","video",7,"Dallas-Ft. Worth",501,13,2.595,2.42,2.42,"PREMIUM"
"buzzfeed.com","native",5,"Los Angeles",423,11,2.6,2.42,2.42,"PREMIUM"
"bbc.com","video",3,"Houston",461,12,2.603,2.42,2.42,"PREMIUM"
"buzzfeed.com","video",3,"Houston",500,13,2.6,2.42,2.42,"PREMIUM"
"espn.com","video",5,"Los Angeles",502,13,2.59,2.41,2.41,"PREMIUM"
"nytimes.com","video",6,"New York",463,12,2.592,2.41,2.41,"PREMIUM"
"buzzfeed.com","video",3,"New York",502,13,2.59,2.41,2.41,"PREMIUM"
"espn.com","native",3,"Dallas-Ft. Worth",426,11,2.582,2.4,2.4,"PREMIUM"
"nytimes.com","native",7,"Atlanta",504,13,2.579,2.4,2.4,"PREMIUM"
"washingtonpost.com","native",1,"Dallas-Ft. Worth",467,12,2.57,2.39,2.39,"PREMIUM"
"buzzfeed.com","native",7,"Dallas-Ft. Worth",467,12,2.57,2.39,2.39,"PREMIUM"
"weather.com","native",1,"Atlanta",467,12,2.57,2.39,2.39,"PREMIUM"
"cnet.com","native",7,"Phoenix",468,12,2.564,2.39,2.39,"PREMIUM"
"nytimes.com","video",7,"Dallas-Ft. Worth",469,12,2.559,2.38,2.38,"PREMIUM"
"techcrunch.com","video",1,"Houston",430,11,2.558,2.38,2.38,"PREMIUM"
"buzzfeed.com","video",5,"Dallas-Ft. Worth",469,12,2.559,2.38,2.38,"PREMIUM"
"espn.com","video",7,"Denver",470,12,2.553,2.38,2.38,"PREMIUM"
"weather.com","video",3,"Los Angeles",472,12,2.542,2.37,2.37,"PREMIUM"
"people.com","native",5,"Chicago",473,12,2.537,2.36,2.36,"PREMIUM"
"espn.com","video",1,"Houston",474,12,2.532,2.36,2.36,"PREMIUM"
"espn.com","native",6,"Los Angeles",474,12,2.532,2.36,2.36,"PREMIUM"
"weather.com","video",4,"Los Angeles",515,13,2.524,2.35,2.35,"PREMIUM"
"variety.com","native",7,"Miami",476,12,2.521,2.35,2.35,"PREMIUM"
"bbc.com","video",3,"Chicago",515,13,2.524,2.35,2.35,"PREMIUM"
"buzzfeed.com","native",7,"Chicago",477,12,2.516,2.34,2.34,"PREMIUM"
"bbc.com","native",1,"Chicago",502,6,1.195,1.11,1.11,"STANDARD"
"tmz.com","video",4,"Phoenix",502,6,1.195,1.11,1.11,"STANDARD"
"people.com","video",5,"New York",503,6,1.193,1.11,1.11,"STANDARD"
"people.com","native",5,"Denver",504,6,1.19,1.11,1.11,"STANDARD"
"bbc.com","video",4,"Philadelphia",504,6,1.19,1.11,1.11,"STANDARD"
"washingtonpost.com","video",5,"Miami",503,6,1.193,1.11,1.11,"STANDARD"
"cnn.com","banner",3,"Houston",920,11,1.196,1.11,1.11,"STANDARD"
"foxnews.com","native",5,"New York",420,5,1.19,1.11,1.11,"STANDARD"
"variety.com","native",6,"New York",502,6,1.195,1.11,1.11,"STANDARD"
"tmz.com","video",3,"Philadelphia",505,6,1.188,1.11,1.11,"STANDARD"
"foxnews.com","native",2,"Miami",419,5,1.193,1.11,1.11,"STANDARD"
"bbc.com","native",4,"Chicago",502,6,1.195,1.11,1.11,"STANDARD"
"washingtonpost.com","banner",7,"Dallas-Ft. Worth",923,11,1.192,1.11,1.11,"STANDARD"
"nytimes.com","native",5,"Atlanta",507,6,1.183,1.1,1.1,"STANDARD"
"foxnews.com","video",7,"Philadelphia",510,6,1.176,1.1,1.1,"STANDARD"
"bbc.com","video",1,"Los Angeles",508,6,1.181,1.1,1.1,"STANDARD"
"weather.com","video",5,"Dallas-Ft. Worth",508,6,1.181,1.1,1.1,"STANDARD"
"variety.com","video",6,"Chicago",507,6,1.183,1.1,1.1,"STANDARD"
"cnet.com","native",5,"New York",507,6,1.183,1.1,1.1,"STANDARD"
"tmz.com","banner",7,"Houston",927,11,1.187,1.1,1.1,"STANDARD"
"tmz.com","native",5,"Atlanta",507,6,1.183,1.1,1.1,"STANDARD"
"forbes.com","native",3,"Denver",508,6,1.181,1.1,1.1,"STANDARD"
"variety.com","native",5,"Houston",509,6,1.179,1.1,1.1,"STANDARD"
"theverge.com","video",7,"Denver",508,6,1.181,1.1,1.1,"STANDARD"
"tmz.com","native",7,"Phoenix",506,6,1.186,1.1,1.1,"STANDARD"
"cnet.com","video",4,"Los Angeles",507,6,1.183,1.1,1.1,"STANDARD"
"espn.com","banner",7,"Philadelphia",941,11,1.169,1.09,1.09,"STANDARD"
"foxnews.com","native",5,"Atlanta",514,6,1.167,1.09,1.09,"STANDARD"
"weather.com","banner",7,"Atlanta",936,11,1.175,1.09,1.09,"STANDARD"
"people.com","video",6,"Chicago",514,6,1.167,1.09,1.09,"STANDARD"
"bbc.com","banner",7,"Miami",944,11,1.165,1.09,1.09,"STANDARD"
"weather.com","banner",1,"New York",1026,12,1.17,1.09,1.09,"STANDARD"
"foxnews.com","banner",2,"Atlanta",917,1,0.109,0.1,0.3,"DISCOUNT"
"theverge.com","banner",2,"Houston",935,1,0.107,0.1,0.3,"DISCOUNT"
"cnn.com","banner",2,"Denver",947,1,0.106,0.1,0.3,"DISCOUNT"
"tmz.com","banner",2,"Chicago",948,1,0.105,0.1,0.3,"DISCOUNT"
"theverge.com","banner",4,"Denver",911,1,0.11,0.1,0.3,"DISCOUNT"
"people.com","banner",2,"Philadelphia",944,1,0.106,0.1,0.3,"DISCOUNT"
"weather.com","banner",2,"Atlanta",942,1,0.106,0.1,0.3,"DISCOUNT"
"variety.com","banner",2,"Phoenix",923,1,0.108,0.1,0.3,"DISCOUNT"
"forbes.com","banner",6,"Philadelphia",980,1,0.102,0.1,0.3,"DISCOUNT"
"nytimes.com","banner",1,"Phoenix",908,1,0.11,0.1,0.3,"DISCOUNT"
"people.com","banner",2,"Houston",930,1,0.108,0.1,0.3,"DISCOUNT"
"foxnews.com","banner",4,"Dallas-Ft. Worth",973,1,0.103,0.1,0.3,"DISCOUNT"
"bbc.com","banner",2,"Philadelphia",968,1,0.103,0.1,0.3,"DISCOUNT"
"buzzfeed.com","banner",2,"Houston",959,1,0.104,0.1,0.3,"DISCOUNT"
"nytimes.com","banner",6,"Atlanta",958,1,0.104,0.1,0.3,"DISCOUNT"
"techcrunch.com","banner",1,"Dallas-Ft. Worth",947,1,0.106,0.1,0.3,"DISCOUNT"
"foxnews.com","banner",2,"Philadelphia",910,1,0.11,0.1,0.3,"DISCOUNT"
"theverge.com","banner",5,"New York",973,1,0.103,0.1,0.3,"DISCOUNT"
"tmz.com","banner",2,"Phoenix",945,1,0.106,0.1,0.3,"DISCOUNT"
"tmz.com","banner",5,"Los Angeles",951,1,0.105,0.1,0.3,"DISCOUNT"
"techcrunch.com","banner",2,"Phoenix",939,1,0.106,0.1,0.3,"DISCOUNT"
"weather.com","banner",2,"Denver",1001,1,0.1,0.09,0.3,"DISCOUNT"
"foxnews.com","banner",7,"Phoenix",987,1,0.101,0.09,0.3,"DISCOUNT"
"variety.com","banner",2,"Houston",984,1,0.102,0.09,0.3,"DISCOUNT"
"variety.com","banner",2,"Denver",981,1,0.102,0.09,0.3,"DISCOUNT"
"buzzfeed.com","banner",2,"Los Angeles",986,1,0.101,0.09,0.3,"DISCOUNT"
"washingtonpost.com","video",3,"Atlanta",494,14,2.834,2.64,2.5,"PREMIUM"
"techcrunch.com","video",3,"Los Angeles",493,14,2.84,2.64,2.5,"PREMIUM"
"people.com","video",4,"Los Angeles",493,14,2.84,2.64,2.5,"PREMIUM"
"espn.com","video",6,"Los Angeles",458,13,2.838,2.64,2.5,"PREMIUM"
"nytimes.com","video",3,"Los Angeles",458,13,2.838,2.64,2.5,"PREMIUM"
"theverge.com","native",7,"Miami",460,13,2.826,2.63,2.5,"PREMIUM"
"nytimes.com","native",7,"New York",495,14,2.828,2.63,2.5,"PREMIUM"
"people.com","video",3,"Philadelphia",460,13,2.826,2.63,2.5,"PREMIUM"
"buzzfeed.com","video",3,"Denver",462,13,2.814,2.62,2.5,"PREMIUM"
"theverge.com","native",7,"New York",462,13,2.814,2.62,2.5,"PREMIUM"
"nytimes.com","native",6,"Chicago",497,14,2.817,2.62,2.5,"PREMIUM"
"weather.com","native",4,"Atlanta",498,14,2.811,2.62,2.5,"PREMIUM"
"espn.com","native",7,"Phoenix",499,14,2.806,2.61,2.5,"PREMIUM"
"bbc.com","native",4,"Atlanta",463,13,2.808,2.61,2.5,"PREMIUM"
"variety.com","native",7,"Atlanta",464,13,2.802,2.61,2.5,"PREMIUM"
"buzzfeed.com","video",1,"Dallas-Ft. Worth",465,13,2.796,2.6,2.5,"PREMIUM"
"nytimes.com","video",3,"Philadelphia",502,14,2.789,2.6,2.5,"PREMIUM"
"weather.com","native",3,"Dallas-Ft. Worth",465,13,2.796,2.6,2.5,"PREMIUM"
"washingtonpost.com","native",7,"Denver",501,14,2.794,2.6,2.5,"PREMIUM"
"espn.com","native",1,"Atlanta",467,13,2.784,2.59,2.5,"PREMIUM"
"people.com","video",4,"New York",467,13,2.784,2.59,2.5,"PREMIUM"
"weather.com","native",5,"Dallas-Ft. Worth",470,13,2.766,2.58,2.5,"PREMIUM"
"espn.com","native",5,"Houston",470,13,2.766,2.58,2.5,"PREMIUM"
"cnet.com","video",7,"Houston",505,14,2.772,2.58,2.5,"PREMIUM"
"weather.com","native",1,"Los Angeles",507,14,2.761,2.57,2.5,"PREMIUM"
"cnn.com","native",3,"Atlanta",472,13,2.754,2.56,2.5,"PREMIUM"
"weather.com","video",5,"Los Angeles",473,13,2.748,2.56,2.5,"PREMIUM"
"cnn.com","video",7,"Miami",509,14,2.75,2.56,2.5,"PREMIUM"
"bbc.com","video",4,"Houston",438,12,2.74,2.55,2.5,"PREMIUM"
"cnn.com","native",3,"Miami",474,13,2.743,2.55,2.5,"PREMIUM"
"washingtonpost.com","native",3,"Los Angeles",475,13,2.737,2.55,2.5,"PREMIUM"
"washingtonpost.com","native",3,"Dallas-Ft. Worth",474,13,2.743,2.55,2.5,"PREMIUM"
"tmz.com","native",7,"Atlanta",477,13,2.725,2.54,2.5,"PREMIUM"
"people.com","video",4,"Denver",440,12,2.727,2.54,2.5,"PREMIUM"
"variety.com","video",3,"Los Angeles",477,13,2.725,2.54,2.5,"PREMIUM"
"people.com","native",4,"Dallas-Ft. Worth",514,14,2.724,2.54,2.5,"PREMIUM"
"nytimes.com","native",7,"Denver",476,13,2.731,2.54,2.5,"PREMIUM"
"tmz.com","native",3,"New York",479,13,2.714,2.53,2.5,"PREMIUM"
"forbes.com","native",3,"Atlanta",481,13,2.703,2.52,2.5,"PREMIUM"
"espn.com","native",4,"Chicago",444,12,2.703,2.52,2.5,"PREMIUM"
"people.com","native",4,"Chicago",444,12,2.703,2.52,2.5,"PREMIUM"
"forbes.com","native",7,"Houston",480,13,2.708,2.52,2.5,"PREMIUM"
"buzzfeed.com","native",3,"Chicago",482,13,2.697,2.51,2.5,"PREMIUM"
"forbes.com","video",7,"New York",483,13,2.692,2.51,2.5,"PREMIUM"
"forbes.com","native",7,"Chicago",483,13,2.692,2.51,2.5,"PREMIUM"
"people.com","native",5,"Los Angeles",485,13,2.68,2.5,2.5,"PREMIUM"
"cnet.com","video",3,"New York",448,12,2.679,2.49,2.49,"PREMIUM"
"bbc.com","native",3,"Houston",449,12,2.673,2.49,2.49,"PREMIUM"
"theverge.com","video",7,"Los Angeles",448,12,2.679,2.49,2.49,"PREMIUM"
"foxnews.com","native",7,"Atlanta",448,12,2.679,2.49,2.49,"PREMIUM"
"theverge.com","native",3,"Dallas-Ft. Worth",486,13,2.675,2.49,2.49,"PREMIUM"
"espn.com","video",4,"Denver",448,12,2.679,2.49,2.49,"PREMIUM"
"weather.com","banner",4,"Phoenix",1014,7,0.69,0.64,0.64,"DISCOUNT"
"weather.com","native",2,"Houston",437,3,0.686,0.64,0.64,"DISCOUNT"
"nytimes.com","banner",3,"Chicago",1014,7,0.69,0.64,0.64,"DISCOUNT"
"bbc.com","native",2,"Houston",435,3,0.69,0.64,0.64,"DISCOUNT"
"cnn.com","native",2,"Chicago",439,3,0.683,0.64,0.64,"DISCOUNT"
"techcrunch.com","video",6,"Chicago",434,3,0.691,0.64,0.64,"DISCOUNT"
"theverge.com","native",6,"Atlanta",438,3,0.685,0.64,0.64,"DISCOUNT"
"variety.com","video",4,"Chicago",446,3,0.673,0.63,0.63,"DISCOUNT"
"forbes.com","banner",3,"Philadelphia",893,6,0.672,0.63,0.63,"DISCOUNT"
"techcrunch.com","video",6,"Atlanta",446,3,0.673,0.63,0.63,"DISCOUNT"
"washingtonpost.com","native",2,"Chicago",445,3,0.674,0.63,0.63,"DISCOUNT"
"variety.com","video",4,"New York",445,3,0.674,0.63,0.63,"DISCOUNT"
"weather.com","native",4,"Philadelphia",444,3,0.676,0.63,0.63,"DISCOUNT"
"variety.com","video",3,"Denver",448,3,0.67,0.62,0.62,"DISCOUNT"
"theverge.com","video",4,"Chicago",451,3,0.665,0.62,0.62,"DISCOUNT"
"nytimes.com","native",6,"Phoenix",450,3,0.667,0.62,0.62,"DISCOUNT"
"forbes.com","native",2,"Chicago",447,3,0.671,0.62,0.62,"DISCOUNT"
"bbc.com","native",6,"Houston",449,3,0.668,0.62,0.62,"DISCOUNT"
"bbc.com","native",5,"Dallas-Ft. Worth",454,3,0.661,0.62,0.62,"DISCOUNT"
"forbes.com","video",5,"New York",447,3,0.671,0.62,0.62,"DISCOUNT"
"people.com","video",6,"Houston",453,3,0.662,0.62,0.62,"DISCOUNT"
"nytimes.com","banner",1,"Los Angeles",904,6,0.664,0.62,0.62,"DISCOUNT"
"nytimes.com","native",5,"Houston",454,3,0.661,0.62,0.62,"DISCOUNT"
"forbes.com","video",1,"Denver",452,3,0.664,0.62,0.62,"DISCOUNT"
"cnn.com","native",6,"Chicago",448,3,0.67,0.62,0.62,"DISCOUNT"
"cnn.com","video",2,"Dallas-Ft. Worth",447,3,0.671,0.62,0.62,"DISCOUNT"
"techcrunch.com","video",6,"Phoenix",447,3,0.671,0.62,0.62,"DISCOUNT"
"cnet.com","native",5,"Dallas-Ft. Worth",451,3,0.665,0.62,0.62,"DISCOUNT"
"washingtonpost.com","native",2,"Denver",451,3,0.665,0.62,0.62,"DISCOUNT"
"buzzfeed.com","native",2,"Atlanta",454,3,0.661,0.62,0.62,"DISCOUNT"
"bbc.com","native",2,"Chicago",454,3,0.661,0.62,0.62,"DISCOUNT"
"variety.com","video",3,"Chicago",450,3,0.667,0.62,0.62,"DISCOUNT"
"variety.com","banner",4,"Dallas-Ft. Worth",914,6,0.656,0.61,0.61,"DISCOUNT"
"weather.com","video",2,"Atlanta",455,3,0.659,0.61,0.61,"DISCOUNT"
"bbc.com","banner",3,"Atlanta",914,6,0.656,0.61,0.61,"DISCOUNT"
"weather.com","banner",6,"Los Angeles",923,6,0.65,0.61,0.61,"DISCOUNT"
"washingtonpost.com","video",2,"Denver",460,3,0.652,0.61,0.61,"DISCOUNT"
"bbc.com","banner",4,"Philadelphia",920,6,0.652,0.61,0.61,"DISCOUNT"
"bbc.com","video",6,"Dallas-Ft. Worth",456,3,0.658,0.61,0.61,"DISCOUNT"
"techcrunch.com","video",6,"Houston",456,3,0.658,0.61,0.61,"DISCOUNT"
"washingtonpost.com","video",6,"Philadelphia",460,3,0.652,0.61,0.61,"DISCOUNT"
"forbes.com","native",5,"Phoenix",459,3,0.654,0.61,0.61,"DISCOUNT"
"bbc.com","video",6,"Miami",455,3,0.659,0.61,0.61,"DISCOUNT"
"variety.com","banner",3,"Denver",919,6,0.653,0.61,0.61,"DISCOUNT"
"forbes.com","banner",5,"Miami",919,6,0.653,0.61,0.61,"DISCOUNT"
"nytimes.com","banner",1,"Denver",917,6,0.654,0.61,0.61,"DISCOUNT"
"bbc.com","banner",6,"Phoenix",916,6,0.655,0.61,0.61,"DISCOUNT"
"variety.com","native",2,"Los Angeles",456,3,0.658,0.61,0.61,"DISCOUNT"
"theverge.com","banner",6,"Miami",915,6,0.656,0.61,0.61,"DISCOUNT"
"weather.com","video",2,"Chicago",455,3,0.659,0.61,0.61,"DISCOUNT"
"buzzfeed.com","banner",4,"Chicago",978,4,0.409,0.38,0.38,"DISCOUNT"
"cnn.com","video",6,"Philadelphia",494,2,0.405,0.38,0.38,"DISCOUNT"
"forbes.com","video",6,"Chicago",484,2,0.413,0.38,0.38,"DISCOUNT"
"variety.com","banner",5,"Dallas-Ft. Worth",983,4,0.407,0.38,0.38,"DISCOUNT"
"tmz.com","banner",5,"Chicago",976,4,0.41,0.38,0.38,"DISCOUNT"
"nytimes.com","native",6,"Denver",494,2,0.405,0.38,0.38,"DISCOUNT"
"bbc.com","banner",5,"Phoenix",968,4,0.413,0.38,0.38,"DISCOUNT"
"weather.com","banner",4,"Denver",971,4,0.412,0.38,0.38,"DISCOUNT"
"forbes.com","video",5,"Denver",490,2,0.408,0.38,0.38,"DISCOUNT"
"nytimes.com","banner",5,"Chicago",978,4,0.409,0.38,0.38,"DISCOUNT"
"nytimes.com","banner",2,"New York",982,4,0.407,0.38,0.38,"DISCOUNT"
"foxnews.com","banner",1,"Philadelphia",971,4,0.412,0.38,0.38,"DISCOUNT"
"people.com","banner",2,"Dallas-Ft. Worth",984,4,0.407,0.38,0.38,"DISCOUNT"
"foxnews.com","banner",5,"Los Angeles",971,4,0.412,0.38,0.38,"DISCOUNT"
"people.com","banner",5,"Dallas-Ft. Worth",981,4,0.408,0.38,0.38,"DISCOUNT"
"theverge.com","banner",4,"Houston",978,4,0.409,0.38,0.38,"DISCOUNT"
"bbc.com","banner",6,"Los Angeles",983,4,0.407,0.38,0.38,"DISCOUNT"
"people.com","video",2,"Houston",489,2,0.409,0.38,0.38,"DISCOUNT"
"foxnews.com","banner",6,"Atlanta",986,4,0.406,0.38,0.38,"DISCOUNT"
"tmz.com","banner",5,"Houston",979,4,0.409,0.38,0.38,"DISCOUNT"
"foxnews.com","native",2,"Philadelphia",496,2,0.403,0.38,0.38,"DISCOUNT"
"techcrunch.com","native",6,"Miami",485,2,0.412,0.38,0.38,"DISCOUNT"
"cnet.com","banner",6,"Dallas-Ft. Worth",972,4,0.412,0.38,0.38,"DISCOUNT"
"espn.com","banner",2,"Denver",977,4,0.409,0.38,0.38,"DISCOUNT"
"tmz.com","banner",2,"Los Angeles",983,4,0.407,0.38,0.38,"DISCOUNT"
"buzzfeed.com","banner",2,"New York",973,4,0.411,0.38,0.38,"DISCOUNT"
"forbes.com","banner",1,"New York",971,4,0.412,0.38,0.38,"DISCOUNT"
"techcrunch.com","banner",1,"Houston",989,4,0.404,0.38,0.38,"DISCOUNT"
"buzzfeed.com","banner",4,"Denver",968,4,0.413,0.38,0.38,"DISCOUNT"
"forbes.com","native",2,"Denver",484,2,0.413,0.38,0.38,"DISCOUNT"
"bbc.com","banner",4,"Los Angeles",990,4,0.404,0.38,0.38,"DISCOUNT"
"weather.com","banner",6,"Philadelphia",970,4,0.412,0.38,0.38,"DISCOUNT"
"cnn.com","banner",2,"Los Angeles",988,4,0.405,0.38,0.38,"DISCOUNT"
"washingtonpost.com","banner",6,"Philadelphia",973,4,0.411,0.38,0.38,"DISCOUNT"
"people.com","native",6,"Philadelphia",472,6,1.271,1.18,1.18,"STANDARD"
"washingtonpost.com","video",7,"Phoenix",475,6,1.263,1.18,1.18,"STANDARD"
"theverge.com","native",5,"Denver",472,6,1.271,1.18,1.18,"STANDARD"
"foxnews.com","video",5,"Philadelphia",474,6,1.266,1.18,1.18,"STANDARD"
"tmz.com","native",5,"Houston",475,6,1.263,1.18,1.18,"STANDARD"
"cnn.com","native",5,"Atlanta",479,6,1.253,1.17,1.17,"STANDARD"
"techcrunch.com","native",1,"Denver",478,6,1.255,1.17,1.17,"STANDARD"
"nytimes.com","video",4,"Los Angeles",476,6,1.261,1.17,1.17,"STANDARD"
"variety.com","video",1,"Atlanta",476,6,1.261,1.17,1.17,"STANDARD"
"weather.com","video",6,"Philadelphia",476,6,1.261,1.17,1.17,"STANDARD"
"nytimes.com","native",1,"Chicago",479,6,1.253,1.17,1.17,"STANDARD"
"washingtonpost.com","video",5,"Los Angeles",476,6,1.261,1.17,1.17,"STANDARD"
"theverge.com","video",6,"Dallas-Ft. Worth",478,6,1.255,1.17,1.17,"STANDARD"
"tmz.com","native",5,"Denver",477,6,1.258,1.17,1.17,"STANDARD"
"theverge.com","video",1,"Phoenix",479,6,1.253,1.17,1.17,"STANDARD"
"foxnews.com","native",6,"Denver",476,6,1.261,1.17,1.17,"STANDARD"
"cnn.com","native",2,"Miami",476,6,1.261,1.17,1.17,"STANDARD"
"cnet.com","video",7,"Philadelphia",479,6,1.253,1.17,1.17,"STANDARD"
"espn.com","video",2,"Phoenix",479,6,1.253,1.17,1.17,"STANDARD"
"theverge.com","video",7,"Dallas-Ft. Worth",477,6,1.258,1.17,1.17,"STANDARD"
"forbes.com","native",4,"Denver",477,6,1.258,1.17,1.17,"STANDARD"
"espn.com","banner",3,"Atlanta",961,12,1.249,1.16,1.16,"STANDARD"
"foxnews.com","banner",3,"Philadelphia",963,12,1.246,1.16,1.16,"STANDARD"
"washingtonpost.com","native",6,"Philadelphia",480,6,1.25,1.16,1.16,"STANDARD"
"weather.com","video",2,"Philadelphia",482,6,1.245,1.16,1.16,"STANDARD"
"weather.com","native",4,"Dallas-Ft. Worth",481,6,1.247,1.16,1.16,"STANDARD"
"foxnews.com","video",4,"Miami",483,6,1.242,1.16,1.16,"STANDARD"
"variety.com","video",1,"Denver",480,6,1.25,1.16,1.16,"STANDARD"
"washingtonpost.com","banner",3,"New York",960,12,1.25,1.16,1.16,"STANDARD"
"people.com","native",2,"Miami",482,6,1.245,1.16,1.16,"STANDARD"
"techcrunch.com","native",1,"Philadelphia",480,6,1.25,1.16,1.16,"STANDARD"
"tmz.com","video",7,"Atlanta",483,6,1.242,1.16,1.16,"STANDARD"
"buzzfeed.com","video",4,"Atlanta",483,6,1.242,1.16,1.16,"STANDARD"
"people.com","banner",7,"Miami",964,12,1.245,1.16,1.16,"STANDARD"
"foxnews.com","native",7,"Philadelphia",483,6,1.242,1.16,1.16,"STANDARD"
"variety.com","video",5,"Atlanta",481,6,1.247,1.16,1.16,"STANDARD"
"forbes.com","native",1,"Houston",481,6,1.247,1.16,1.16,"STANDARD"
"washingtonpost.com","video",1,"Miami",483,6,1.242,1.16,1.16,"STANDARD"
"espn.com","banner",7,"Los Angeles",886,11,1.242,1.16,1.16,"STANDARD"
"cnn.com","native",4,"Atlanta",483,6,1.242,1.16,1.16,"STANDARD"
"forbes.com","native",5,"Miami",484,6,1.24,1.15,1.15,"STANDARD"
"variety.com","banner",7,"Houston",889,11,1.237,1.15,1.15,"STANDARD"
"bbc.com","native",4,"New York",485,6,1.237,1.15,1.15,"STANDARD"
"washingtonpost.com","video",1,"Denver",486,6,1.235,1.15,1.15,"STANDARD"
"espn.com","native",6,"Miami",484,6,1.24,1.15,1.15,"STANDARD"
"washingtonpost.com","native",2,"Houston",487,6,1.232,1.15,1.15,"STANDARD"
"theverge.com","video",6,"Atlanta",484,6,1.24,1.15,1.15,"STANDARD"
"tmz.com","native",4,"Phoenix",484,6,1.24,1.15,1.15,"STANDARD"
"tmz.com","banner",7,"New York",975,6,0.615,0.57,0.57,"DISCOUNT"
"weather.com","native",6,"Denver",491,3,0.611,0.57,0.57,"DISCOUNT"
"techcrunch.com","native",2,"Phoenix",493,3,0.609,0.57,0.57,"DISCOUNT"
"bbc.com","native",2,"New York",489,3,0.613,0.57,0.57,"DISCOUNT"
"techcrunch.com","banner",4,"Houston",983,6,0.61,0.57,0.57,"DISCOUNT"
"weather.com","video",2,"New York",490,3,0.612,0.57,0.57,"DISCOUNT"
"cnet.com","native",2,"Atlanta",489,3,0.613,0.57,0.57,"DISCOUNT"
"people.com","video",4,"Philadelphia",487,3,0.616,0.57,0.57,"DISCOUNT"
"variety.com","video",6,"Dallas-Ft. Worth",491,3,0.611,0.57,0.57,"DISCOUNT"
"people.com","banner",4,"Atlanta",984,6,0.61,0.57,0.57,"DISCOUNT"
"techcrunch.com","video",6,"Miami",488,3,0.615,0.57,0.57,"DISCOUNT"
"bbc.com","video",1,"Miami",487,3,0.616,0.57,0.57,"DISCOUNT"
"variety.com","video",4,"Philadelphia",486,3,0.617,0.57,0.57,"DISCOUNT"
"forbes.com","banner",5,"Dallas-Ft. Worth",982,6,0.611,0.57,0.57,"DISCOUNT"
"cnn.com","banner",5,"New York",984,6,0.61,0.57,0.57,"DISCOUNT"
"people.com","banner",3,"Atlanta",975,6,0.615,0.57,0.57,"DISCOUNT"
"cnet.com","banner",4,"Houston",979,6,0.613,0.57,0.57,"DISCOUNT"
"cnn.com","video",6,"Denver",486,3,0.617,0.57,0.57,"DISCOUNT"
"people.com","native",2,"Philadelphia",487,3,0.616,0.57,0.57,"DISCOUNT"
"tmz.com","banner",3,"Atlanta",984,6,0.61,0.57,0.57,"DISCOUNT"
"people.com","video",2,"Denver",487,3,0.616,0.57,0.57,"DISCOUNT"
"cnn.com","video",1,"Chicago",486,3,0.617,0.57,0.57,"DISCOUNT"
"weather.com","banner",3,"Denver",979,6,0.613,0.57,0.57,"DISCOUNT"
"espn.com","native",2,"Philadelphia",491,3,0.611,0.57,0.57,"DISCOUNT"
"washingtonpost.com","banner",5,"Dallas-Ft. Worth",986,6,0.609,0.57,0.57,"DISCOUNT"
"forbes.com","banner",6,"Los Angeles",979,6,0.613,0.57,0.57,"DISCOUNT"
"people.com","native",6,"Denver",489,3,0.613,0.57,0.57,"DISCOUNT"
"variety.com","banner",3,"Chicago",977,6,0.614,0.57,0.57,"DISCOUNT"
"buzzfeed.com","video",2,"Atlanta",493,3,0.609,0.57,0.57,"DISCOUNT"
"people.com","native",5,"Phoenix",487,3,0.616,0.57,0.57,"DISCOUNT"
"forbes.com","video",4,"Denver",487,3,0.616,0.57,0.57,"DISCOUNT"
"bbc.com","banner",3,"Chicago",992,6,0.605,0.56,0.56,"DISCOUNT"
"cnn.com","native",2,"Denver",496,3,0.605,0.56,0.56,"DISCOUNT"
"nytimes.com","banner",7,"Philadelphia",1000,6,0.6,0.56,0.56,"DISCOUNT"
"washingtonpost.com","native",4,"Dallas-Ft. Worth",503,3,0.596,0.56,0.56,"DISCOUNT"
"nytimes.com","banner",2,"Atlanta",1000,6,0.6,0.56,0.56,"DISCOUNT"
"bbc.com","video",7,"Phoenix",501,3,0.599,0.56,0.56,"DISCOUNT"
"nytimes.com","video",5,"Phoenix",496,3,0.605,0.56,0.56,"DISCOUNT"
"washingtonpost.com","video",6,"Phoenix",500,3,0.6,0.56,0.56,"DISCOUNT"
"forbes.com","banner",1,"Houston",1005,6,0.597,0.56,0.56,"DISCOUNT"
"espn.com","native",6,"Philadelphia",497,3,0.604,0.56,0.56,"DISCOUNT"
"cnet.com","native",1,"Miami",495,3,0.606,0.56,0.56,"DISCOUNT"
"bbc.com","video",1,"Denver",498,3,0.602,0.56,0.56,"DISCOUNT"
"nytimes.com","native",2,"New York",500,3,0.6,0.56,0.56,"DISCOUNT"
"weather.com","native",6,"Atlanta",498,3,0.602,0.56,0.56,"DISCOUNT"
"theverge.com","banner",1,"Dallas-Ft. Worth",990,6,0.606,0.56,0.56,"DISCOUNT"
"bbc.com","native",4,"Philadelphia",496,3,0.605,0.56,0.56,"DISCOUNT"
"foxnews.com","video",1,"Atlanta",499,3,0.601,0.56,0.56,"DISCOUNT"
"techcrunch.com","banner",6,"Chicago",1000,6,0.6,0.56,0.56,"DISCOUNT"
"cnet.com","native",7,"Philadelphia",495,3,0.606,0.56,0.56,"DISCOUNT"
"espn.com","banner",6,"Houston",990,6,0.606,0.56,0.56,"DISCOUNT"
"cnn.com","native",6,"New York",495,3,0.606,0.56,0.56,"DISCOUNT"
"forbes.com","video",2,"New York",497,3,0.604,0.56,0.56,"DISCOUNT"
"foxnews.com","native",2,"Denver",496,3,0.605,0.56,0.56,"DISCOUNT"
"cnn.com","video",2,"New York",496,3,0.605,0.56,0.56,"DISCOUNT"
"buzzfeed.com","video",4,"New York",497,7,1.408,1.31,1.31,"PREMIUM"
"tmz.com","native",6,"Atlanta",498,7,1.406,1.31,1.31,"PREMIUM"
"nytimes.com","native",1,"Philadelphia",498,7,1.406,1.31,1.31,"PREMIUM"
"techcrunch.com","banner",3,"Houston",933,13,1.393,1.3,1.3,"PREMIUM"
"bbc.com","native",5,"Houston",503,7,1.392,1.3,1.3,"PREMIUM"
"bbc.com","banner",3,"New York",929,13,1.399,1.3,1.3,"PREMIUM"
"techcrunch.com","native",6,"Dallas-Ft. Worth",500,7,1.4,1.3,1.3,"PREMIUM"
"espn.com","video",3,"Denver",429,6,1.399,1.3,1.3,"PREMIUM"
"theverge.com","native",2,"New York",431,6,1.392,1.3,1.3,"PREMIUM"
"theverge.com","video",5,"Denver",429,6,1.399,1.3,1.3,"PREMIUM"
"washingtonpost.com","native",6,"Atlanta",501,7,1.397,1.3,1.3,"PREMIUM"
"weather.com","video",4,"New York",502,7,1.394,1.3,1.3,"PREMIUM"
"cnet.com","native",6,"Miami",502,7,1.394,1.3,1.3,"PREMIUM"
"cnet.com","video",1,"Chicago",502,7,1.394,1.3,1.3,"PREMIUM"
"tmz.com","banner",7,"Chicago",937,9,0.961,0.89,0.89,"STANDARD"
"espn.com","banner",4,"Houston",942,9,0.955,0.89,0.89,"STANDARD"
"people.com","banner",6,"Los Angeles",938,9,0.959,0.89,0.89,"STANDARD"
"cnet.com","banner",3,"Atlanta",941,9,0.956,0.89,0.89,"STANDARD"
"espn.com","banner",4,"Dallas-Ft. Worth",942,9,0.955,0.89,0.89,"STANDARD"
"variety.com","banner",3,"Los Angeles",946,9,0.951,0.89,0.89,"STANDARD"
"variety.com","banner",6,"Atlanta",941,9,0.956,0.89,0.89,"STANDARD"
"weather.com","banner",7,"Denver",944,9,0.953,0.89,0.89,"STANDARD"
"buzzfeed.com","video",5,"Miami",522,5,0.958,0.89,0.89,"STANDARD"
"variety.com","banner",3,"Dallas-Ft. Worth",945,9,0.952,0.89,0.89,"STANDARD"
"washingtonpost.com","banner",1,"Miami",946,9,0.951,0.89,0.89,"STANDARD"
"weather.com","banner",6,"Chicago",941,9,0.956,0.89,0.89,"STANDARD"
"cnet.com","native",5,"Philadelphia",526,5,0.951,0.89,0.89,"STANDARD"
"theverge.com","banner",6,"Atlanta",939,9,0.958,0.89,0.89,"STANDARD"
"nytimes.com","banner",7,"Los Angeles",937,9,0.961,0.89,0.89,"STANDARD"
"weather.com","banner",3,"Philadelphia",952,9,0.945,0.88,0.88,"STANDARD"
"nytimes.com","banner",7,"New York",952,9,0.945,0.88,0.88,"STANDARD"
"forbes.com","banner",7,"Denver",954,9,0.943,0.88,0.88,"STANDARD"
"cnn.com","native",2,"Dallas-Ft. Worth",425,4,0.941,0.88,0.88,"STANDARD"
"nytimes.com","video",5,"Miami",528,5,0.947,0.88,0.88,"STANDARD"
"weather.com","banner",7,"Phoenix",948,9,0.949,0.88,0.88,"STANDARD"
"theverge.com","banner",4,"Atlanta",957,9,0.94,0.88,0.88,"STANDARD"
"cnet.com","banner",3,"Denver",954,9,0.943,0.88,0.88,"STANDARD"
"techcrunch.com","banner",7,"Los Angeles",953,9,0.944,0.88,0.88,"STANDARD"
"forbes.com","native",6,"Philadelphia",532,5,0.94,0.88,0.88,"STANDARD"
"cnet.com","banner",1,"New York",952,9,0.945,0.88,0.88,"STANDARD"
"cnet.com","video",6,"Chicago",429,4,0.932,0.87,0.87,"STANDARD"
"weather.com","banner",1,"Houston",962,9,0.936,0.87,0.87,"STANDARD"
"forbes.com","banner",1,"Philadelphia",968,9,0.93,0.87,0.87,"STANDARD"
"techcrunch.com","banner",4,"Phoenix",961,9,0.937,0.87,0.87,"STANDARD"
"washingtonpost.com","banner",3,"Atlanta",963,9,0.935,0.87,0.87,"STANDARD"
"theverge.com","native",2,"Atlanta",430,4,0.93,0.87,0.87,"STANDARD"
"people.com","banner",7,"Phoenix",962,9,0.936,0.87,0.87,"STANDARD"
"techcrunch.com","banner",7,"Houston",964,9,0.934,0.87,0.87,"STANDARD"
"buzzfeed.com","banner",3,"Dallas-Ft. Worth",962,9,0.936,0.87,0.87,"STANDARD"
"variety.com","video",1,"Los Angeles",426,4,0.939,0.87,0.87,"STANDARD"
"buzzfeed.com","native",1,"Philadelphia",427,4,0.937,0.87,0.87,"STANDARD"
"nytimes.com","banner",3,"Philadelphia",969,9,0.929,0.86,0.86,"STANDARD"
"tmz.com","native",3,"Phoenix",433,4,0.924,0.86,0.86,"STANDARD"
"forbes.com","banner",5,"Houston",970,9,0.928,0.86,0.86,"STANDARD"
"techcrunch.com","banner",4,"Los Angeles",979,9,0.919,0.86,0.86,"STANDARD"
"washingtonpost.com","banner",4,"Houston",970,9,0.928,0.86,0.86,"STANDARD"
"cnet.com","native",2,"Houston",432,4,0.926,0.86,0.86,"STANDARD"
"nytimes.com","video",4,"Dallas-Ft. Worth",434,4,0.922,0.86,0.86,"STANDARD"
"nytimes.com","banner",1,"Chicago",976,9,0.922,0.86,0.86,"STANDARD"
"weather.com","banner",5,"New York",969,9,0.929,0.86,0.86,"STANDARD"
"theverge.com","native",6,"Phoenix",481,4,0.832,0.77,0.77,"DISCOUNT"
"forbes.com","video",4,"Los Angeles",482,4,0.83,0.77,0.77,"DISCOUNT"
"variety.com","banner",4,"New York",962,8,0.832,0.77,0.77,"DISCOUNT"
"washingtonpost.com","banner",7,"Houston",966,8,0.828,0.77,0.77,"DISCOUNT"
"tmz.com","banner",4,"Atlanta",963,8,0.831,0.77,0.77,"DISCOUNT"
"cnn.com","video",2,"Houston",483,4,0.828,0.77,0.77,"DISCOUNT"
"washingtonpost.com","banner",7,"Chicago",967,8,0.827,0.77,0.77,"DISCOUNT"
"people.com","banner",4,"Dallas-Ft. Worth",965,8,0.829,0.77,0.77,"DISCOUNT"
"cnn.com","video",2,"Phoenix",483,4,0.828,0.77,0.77,"DISCOUNT"
"foxnews.com","banner",3,"Miami",962,8,0.832,0.77,0.77,"DISCOUNT"
"techcrunch.com","video",1,"Atlanta",461,10,2.169,2.02,2.02,"PREMIUM"
"nytimes.com","video",3,"Miami",461,10,2.169,2.02,2.02,"PREMIUM"
"foxnews.com","native",3,"New York",461,10,2.169,2.02,2.02,"PREMIUM"
"bbc.com","video",7,"Dallas-Ft. Worth",460,10,2.174,2.02,2.02,"PREMIUM"
"nytimes.com","native",6,"Miami",506,11,2.174,2.02,2.02,"PREMIUM"
"techcrunch.com","native",3,"Los Angeles",460,10,2.174,2.02,2.02,"PREMIUM"
"cnn.com","video",3,"Philadelphia",460,10,2.174,2.02,2.02,"PREMIUM"
"buzzfeed.com","video",7,"Chicago",506,11,2.174,2.02,2.02,"PREMIUM"
"forbes.com","native",7,"Atlanta",462,10,2.165,2.02,2.02,"PREMIUM"
"variety.com","video",7,"Houston",463,10,2.16,2.01,2.01,"PREMIUM"
"tmz.com","native",3,"Los Angeles",463,10,2.16,2.01,2.01,"PREMIUM"
"people.com","native",5,"New York",509,11,2.161,2.01,2.01,"PREMIUM"
"washingtonpost.com","native",6,"New York",464,10,2.155,2.01,2.01,"PREMIUM"
"forbes.com","native",6,"Chicago",466,10,2.146,2,2,"PREMIUM"
"people.com","native",2,"Chicago",466,10,2.146,2,2,"PREMIUM"
"people.com","video",1,"Miami",465,10,2.151,2,2,"PREMIUM"
"theverge.com","video",3,"New York",512,11,2.148,2,2,"PREMIUM"
"buzzfeed.com","native",4,"Philadelphia",512,11,2.148,2,2,"PREMIUM"
"techcrunch.com","native",7,"Chicago",466,10,2.146,2,2,"PREMIUM"
"techcrunch.com","video",3,"Denver",466,10,2.146,2,2,"PREMIUM"
"bbc.com","native",6,"Miami",468,10,2.137,1.99,1.99,"PREMIUM"
"cnet.com","video",3,"Atlanta",469,10,2.132,1.99,1.99,"PREMIUM"
"nytimes.com","video",4,"Atlanta",467,10,2.141,1.99,1.99,"PREMIUM"
"people.com","video",7,"Philadelphia",469,10,2.132,1.99,1.99,"PREMIUM"
"foxnews.com","native",1,"New York",468,10,2.137,1.99,1.99,"PREMIUM"
"washingtonpost.com","native",7,"New York",468,10,2.137,1.99,1.99,"PREMIUM"
"weather.com","video",3,"Chicago",469,10,2.132,1.99,1.99,"PREMIUM"
"weather.com","native",4,"Miami",467,10,2.141,1.99,1.99,"PREMIUM"
"espn.com","banner",3,"Chicago",942,20,2.123,1.98,1.98,"PREMIUM"
"cnn.com","video",7,"Chicago",470,10,2.128,1.98,1.98,"PREMIUM"
"foxnews.com","native",4,"Los Angeles",471,10,2.123,1.98,1.98,"PREMIUM"
"people.com","native",4,"Atlanta",470,10,2.128,1.98,1.98,"PREMIUM"
"espn.com","video",3,"Phoenix",470,10,2.128,1.98,1.98,"PREMIUM"
"weather.com","native",6,"Los Angeles",470,10,2.128,1.98,1.98,"PREMIUM"
"nytimes.com","native",1,"New York",470,10,2.128,1.98,1.98,"PREMIUM"
"forbes.com","video",3,"Chicago",472,10,2.119,1.97,1.97,"PREMIUM"
"washingtonpost.com","video",1,"New York",473,10,2.114,1.97,1.97,"PREMIUM"
"forbes.com","native",3,"Los Angeles",521,11,2.111,1.97,1.97,"PREMIUM"
"espn.com","video",5,"Denver",521,11,2.111,1.97,1.97,"PREMIUM"
"cnet.com","video",7,"Dallas-Ft. Worth",473,10,2.114,1.97,1.97,"PREMIUM"
"cnn.com","video",4,"Miami",426,9,2.113,1.97,1.97,"PREMIUM"
"forbes.com","native",5,"Houston",472,10,2.119,1.97,1.97,"PREMIUM"
"espn.com","native",1,"New York",474,10,2.11,1.96,1.96,"PREMIUM"
"washingtonpost.com","native",4,"Houston",475,10,2.105,1.96,1.96,"PREMIUM"
"nytimes.com","native",5,"Miami",474,10,2.11,1.96,1.96,"PREMIUM"
"techcrunch.com","native",7,"Houston",427,9,2.108,1.96,1.96,"PREMIUM"
"cnet.com","native",3,"Atlanta",476,10,2.101,1.96,1.96,"PREMIUM"
"cnet.com","video",4,"New York",475,10,2.105,1.96,1.96,"PREMIUM"
"cnn.com","native",1,"Chicago",474,10,2.11,1.96,1.96,"PREMIUM"
"variety.com","video",1,"Philadelphia",478,10,2.092,1.95,1.95,"PREMIUM"
"people.com","native",2,"Houston",477,10,2.096,1.95,1.95,"PREMIUM"
"people.com","native",5,"Dallas-Ft. Worth",477,10,2.096,1.95,1.95,"PREMIUM"
"cnn.com","banner",7,"Atlanta",968,5,0.517,0.48,0.48,"DISCOUNT"
"nytimes.com","banner",3,"Phoenix",969,5,0.516,0.48,0.48,"DISCOUNT"
"techcrunch.com","banner",3,"Atlanta",968,5,0.517,0.48,0.48,"DISCOUNT"
"bbc.com","banner",3,"Los Angeles",969,5,0.516,0.48,0.48,"DISCOUNT"
"foxnews.com","banner",4,"Phoenix",976,5,0.512,0.48,0.48,"DISCOUNT"
"forbes.com","banner",5,"Denver",966,5,0.518,0.48,0.48,"DISCOUNT"
"tmz.com","banner",1,"Chicago",979,5,0.511,0.48,0.48,"DISCOUNT"
"techcrunch.com","banner",4,"New York",970,5,0.515,0.48,0.48,"DISCOUNT"
"cnet.com","banner",1,"Atlanta",978,5,0.511,0.48,0.48,"DISCOUNT"
"techcrunch.com","banner",5,"Phoenix",974,5,0.513,0.48,0.48,"DISCOUNT"
"cnn.com","banner",5,"Denver",974,5,0.513,0.48,0.48,"DISCOUNT"
"weather.com","banner",5,"Dallas-Ft. Worth",986,5,0.507,0.47,0.47,"DISCOUNT"
"washingtonpost.com","banner",7,"Miami",996,5,0.502,0.47,0.47,"DISCOUNT"
"cnet.com","banner",6,"Chicago",981,5,0.51,0.47,0.47,"DISCOUNT"
"buzzfeed.com","banner",5,"Philadelphia",982,5,0.509,0.47,0.47,"DISCOUNT"
"bbc.com","banner",7,"Atlanta",981,5,0.51,0.47,0.47,"DISCOUNT"
"espn.com","banner",2,"Miami",994,5,0.503,0.47,0.47,"DISCOUNT"
"variety.com","banner",5,"Houston",981,5,0.51,0.47,0.47,"DISCOUNT"
"techcrunch.com","banner",1,"Atlanta",984,5,0.508,0.47,0.47,"DISCOUNT"
"nytimes.com","banner",6,"Philadelphia",983,5,0.509,0.47,0.47,"DISCOUNT"
"cnn.com","banner",4,"Denver",990,5,0.505,0.47,0.47,"DISCOUNT"
"tmz.com","banner",6,"Chicago",981,5,0.51,0.47,0.47,"DISCOUNT"
"people.com","banner",6,"Chicago",987,5,0.507,0.47,0.47,"DISCOUNT"
"washingtonpost.com","banner",1,"Dallas-Ft. Worth",986,5,0.507,0.47,0.47,"DISCOUNT"
"cnn.com","banner",5,"Los Angeles",993,5,0.504,0.47,0.47,"DISCOUNT"
"espn.com","banner",1,"Atlanta",986,5,0.507,0.47,0.47,"DISCOUNT"
"tmz.com","banner",3,"Philadelphia",987,5,0.507,0.47,0.47,"DISCOUNT"
"cnet.com","banner",6,"Los Angeles",990,5,0.505,0.47,0.47,"DISCOUNT"
"people.com","banner",4,"Denver",1000,5,0.5,0.47,0.47,"DISCOUNT"
"cnet.com","banner",5,"New York",1000,5,0.5,0.47,0.47,"DISCOUNT"
"cnet.com","banner",5,"Houston",993,5,0.504,0.47,0.47,"DISCOUNT"
"washingtonpost.com","banner",2,"Houston",991,5,0.505,0.47,0.47,"DISCOUNT"
"buzzfeed.com","video",6,"Denver",407,2,0.491,0.46,0.46,"DISCOUNT"
"bbc.com","banner",6,"Atlanta",1003,5,0.499,0.46,0.46,"DISCOUNT"
"theverge.com","banner",2,"New York",1010,5,0.495,0.46,0.46,"DISCOUNT"
"bbc.com","banner",2,"New York",1003,5,0.499,0.46,0.46,"DISCOUNT"
"cnet.com","banner",2,"Atlanta",1005,5,0.498,0.46,0.46,"DISCOUNT"
"cnet.com","banner",7,"Phoenix",1010,5,0.495,0.46,0.46,"DISCOUNT"
"tmz.com","banner",1,"New York",1003,5,0.499,0.46,0.46,"DISCOUNT"
"foxnews.com","native",2,"Los Angeles",411,2,0.487,0.45,0.45,"DISCOUNT"
"cnn.com","native",2,"Atlanta",437,2,0.458,0.43,0.43,"DISCOUNT"
"espn.com","native",2,"Chicago",435,2,0.46,0.43,0.43,"DISCOUNT"
"cnn.com","video",2,"Los Angeles",432,2,0.463,0.43,0.43,"DISCOUNT"
"weather.com","video",2,"Houston",432,2,0.463,0.43,0.43,"DISCOUNT"
"cnn.com","video",2,"Atlanta",430,2,0.465,0.43,0.43,"DISCOUNT"
"washingtonpost.com","banner",6,"Denver",872,4,0.459,0.43,0.43,"DISCOUNT"
"techcrunch.com","video",6,"New York",432,2,0.463,0.43,0.43,"DISCOUNT"
"buzzfeed.com","video",6,"New York",430,2,0.465,0.43,0.43,"DISCOUNT"
"buzzfeed.com","native",6,"Dallas-Ft. Worth",435,2,0.46,0.43,0.43,"DISCOUNT"
"theverge.com","video",1,"New York",479,12,2.505,2.33,2.33,"PREMIUM"
"cnn.com","video",4,"New York",440,11,2.5,2.33,2.33,"PREMIUM"
"nytimes.com","native",1,"Houston",479,12,2.505,2.33,2.33,"PREMIUM"
"cnet.com","video",7,"Los Angeles",479,12,2.505,2.33,2.33,"PREMIUM"
"washingtonpost.com","native",3,"New York",480,12,2.5,2.33,2.33,"PREMIUM"
"nytimes.com","native",7,"Dallas-Ft. Worth",479,12,2.505,2.33,2.33,"PREMIUM"
"people.com","video",5,"Houston",479,12,2.505,2.33,2.33,"PREMIUM"
"techcrunch.com","video",7,"Miami",479,12,2.505,2.33,2.33,"PREMIUM"
"cnn.com","video",3,"Denver",480,12,2.5,2.33,2.33,"PREMIUM"
"people.com","video",6,"Dallas-Ft. Worth",442,11,2.489,2.32,2.32,"PREMIUM"
"forbes.com","video",3,"Miami",482,12,2.49,2.32,2.32,"PREMIUM"
"theverge.com","native",6,"Houston",481,12,2.495,2.32,2.32,"PREMIUM"
"cnet.com","video",1,"Houston",481,12,2.495,2.32,2.32,"PREMIUM"
"washingtonpost.com","video",3,"Houston",484,12,2.479,2.31,2.31,"PREMIUM"
"weather.com","native",6,"Houston",444,11,2.477,2.31,2.31,"PREMIUM"
"espn.com","native",4,"Los Angeles",484,12,2.479,2.31,2.31,"PREMIUM"
"nytimes.com","native",1,"Miami",484,12,2.479,2.31,2.31,"PREMIUM"
"espn.com","video",3,"Houston",446,11,2.466,2.3,2.3,"PREMIUM"
"espn.com","video",1,"Denver",486,12,2.469,2.3,2.3,"PREMIUM"
"foxnews.com","native",4,"Atlanta",488,12,2.459,2.29,2.29,"PREMIUM"
"techcrunch.com","native",1,"New York",489,12,2.454,2.29,2.29,"PREMIUM"
"variety.com","native",7,"Dallas-Ft. Worth",488,12,2.459,2.29,2.29,"PREMIUM"
"theverge.com","native",1,"Dallas-Ft. Worth",487,12,2.464,2.29,2.29,"PREMIUM"
"weather.com","native",5,"Philadelphia",490,12,2.449,2.28,2.28,"PREMIUM"
"foxnews.com","native",7,"Chicago",449,11,2.45,2.28,2.28,"PREMIUM"
"buzzfeed.com","video",7,"New York",490,12,2.449,2.28,2.28,"PREMIUM"
"buzzfeed.com","native",3,"Dallas-Ft. Worth",452,11,2.434,2.27,2.27,"PREMIUM"
"foxnews.com","video",7,"Los Angeles",451,11,2.439,2.27,2.27,"PREMIUM"
"bbc.com","native",3,"Denver",451,11,2.439,2.27,2.27,"PREMIUM"
"espn.com","native",5,"Atlanta",492,12,2.439,2.27,2.27,"PREMIUM"
"espn.com","video",4,"Phoenix",492,12,2.439,2.27,2.27,"PREMIUM"
"cnn.com","native",1,"Houston",453,11,2.428,2.26,2.26,"PREMIUM"
"buzzfeed.com","native",3,"New York",453,11,2.428,2.26,2.26,"PREMIUM"
"cnet.com","video",7,"Chicago",494,12,2.429,2.26,2.26,"PREMIUM"
"techcrunch.com","native",7,"New York",453,11,2.428,2.26,2.26,"PREMIUM"
"cnn.com","native",3,"Denver",453,11,2.428,2.26,2.26,"PREMIUM"
"techcrunch.com","native",1,"Los Angeles",496,12,2.419,2.25,2.25,"PREMIUM"
"espn.com","native",4,"New York",497,12,2.414,2.25,2.25,"PREMIUM"
"cnn.com","video",7,"Los Angeles",497,12,2.414,2.25,2.25,"PREMIUM"
"cnet.com","native",7,"Dallas-Ft. Worth",455,11,2.418,2.25,2.25,"PREMIUM"
"weather.com","native",3,"Denver",456,11,2.412,2.25,2.25,"PREMIUM"
"bbc.com","native",3,"Chicago",456,11,2.412,2.25,2.25,"PREMIUM"
"variety.com","native",3,"Philadelphia",497,12,2.414,2.25,2.25,"PREMIUM"
"espn.com","native",4,"Denver",498,12,2.41,2.24,2.24,"PREMIUM"
"techcrunch.com","native",3,"Atlanta",457,11,2.407,2.24,2.24,"PREMIUM"
"washingtonpost.com","video",7,"Los Angeles",457,11,2.407,2.24,2.24,"PREMIUM"
"people.com","video",1,"Los Angeles",502,12,2.39,2.23,2.23,"PREMIUM"
"people.com","native",7,"Dallas-Ft. Worth",460,11,2.391,2.23,2.23,"PREMIUM"
"bbc.com","native",3,"Miami",460,11,2.391,2.23,2.23,"PREMIUM"
"buzzfeed.com","native",7,"Houston",491,16,3.259,3.03,2.5,"PREMIUM"
"people.com","video",7,"Atlanta",492,16,3.252,3.03,2.5,"PREMIUM"
"espn.com","video",5,"Houston",492,16,3.252,3.03,2.5,"PREMIUM"
"theverge.com","native",1,"Miami",493,16,3.245,3.02,2.5,"PREMIUM"
"weather.com","native",1,"Houston",463,15,3.24,3.02,2.5,"PREMIUM"
"espn.com","native",3,"Atlanta",463,15,3.24,3.02,2.5,"PREMIUM"
"techcrunch.com","video",3,"Philadelphia",494,16,3.239,3.02,2.5,"PREMIUM"
"foxnews.com","video",3,"Los Angeles",495,16,3.232,3.01,2.5,"PREMIUM"
"bbc.com","video",7,"Houston",495,16,3.232,3.01,2.5,"PREMIUM"
"nytimes.com","native",3,"Dallas-Ft. Worth",496,16,3.226,3,2.5,"PREMIUM"
"washingtonpost.com","video",3,"New York",496,16,3.226,3,2.5,"PREMIUM"
"bbc.com","video",3,"Los Angeles",528,17,3.22,3,2.5,"PREMIUM"
"tmz.com","video",7,"Houston",466,15,3.219,3,2.5,"PREMIUM"
"foxnews.com","video",4,"Houston",467,15,3.212,2.99,2.5,"PREMIUM"
"washingtonpost.com","video",3,"Miami",467,15,3.212,2.99,2.5,"PREMIUM"
"weather.com","native",6,"Miami",467,15,3.212,2.99,2.5,"PREMIUM"
"espn.com","video",4,"Atlanta",468,15,3.205,2.98,2.5,"PREMIUM"
"espn.com","native",4,"Atlanta",469,15,3.198,2.98,2.5,"PREMIUM"
"weather.com","video",3,"New York",439,14,3.189,2.97,2.5,"PREMIUM"
"espn.com","video",3,"New York",470,15,3.191,2.97,2.5,"PREMIUM"
"foxnews.com","video",3,"Chicago",504,16,3.175,2.96,2.5,"PREMIUM"
"nytimes.com","native",7,"Los Angeles",442,14,3.167,2.95,2.5,"PREMIUM"
"techcrunch.com","native",1,"Houston",473,15,3.171,2.95,2.5,"PREMIUM"
"washingtonpost.com","native",3,"Houston",505,16,3.168,2.95,2.5,"PREMIUM"
"forbes.com","video",7,"Los Angeles",477,15,3.145,2.93,2.5,"PREMIUM"
"washingtonpost.com","video",7,"Houston",478,15,3.138,2.92,2.5,"PREMIUM"
"people.com","native",3,"Philadelphia",478,15,3.138,2.92,2.5,"PREMIUM"
"espn.com","native",7,"Denver",482,15,3.112,2.9,2.5,"PREMIUM"
"espn.com","video",7,"Atlanta",481,15,3.119,2.9,2.5,"PREMIUM"
"people.com","native",7,"Atlanta",449,14,3.118,2.9,2.5,"PREMIUM"
"weather.com","native",1,"Miami",451,14,3.104,2.89,2.5,"PREMIUM"
"washingtonpost.com","native",5,"Los Angeles",451,14,3.104,2.89,2.5,"PREMIUM"
"people.com","native",4,"New York",483,15,3.106,2.89,2.5,"PREMIUM"
"cnn.com","video",3,"Houston",485,15,3.093,2.88,2.5,"PREMIUM"
"people.com","native",1,"New York",485,15,3.093,2.88,2.5,"PREMIUM"
"foxnews.com","native",7,"Houston",486,15,3.086,2.87,2.5,"PREMIUM"
"theverge.com","video",3,"Atlanta",523,16,3.059,2.85,2.5,"PREMIUM"
"weather.com","native",3,"New York",457,14,3.063,2.85,2.5,"PREMIUM"
"espn.com","native",3,"Houston",427,13,3.044,2.84,2.5,"PREMIUM"
"espn.com","video",4,"Dallas-Ft. Worth",459,14,3.05,2.84,2.5,"PREMIUM"
"espn.com","native",1,"Chicago",494,15,3.036,2.83,2.5,"PREMIUM"
"weather.com","video",1,"Atlanta",495,15,3.03,2.82,2.5,"PREMIUM"
"nytimes.com","native",3,"Philadelphia",499,15,3.006,2.8,2.5,"PREMIUM"
"espn.com","video",1,"Miami",465,14,3.011,2.8,2.5,"PREMIUM"
"cnn.com","native",7,"New York",499,15,3.006,2.8,2.5,"PREMIUM"
"buzzfeed.com","video",5,"Houston",501,15,2.994,2.79,2.5,"PREMIUM"
"buzzfeed.com","native",3,"Miami",534,16,2.996,2.79,2.5,"PREMIUM"
"weather.com","video",7,"New York",468,14,2.991,2.79,2.5,"PREMIUM"
"forbes.com","video",1,"Houston",468,14,2.991,2.79,2.5,"PREMIUM"
"techcrunch.com","native",7,"Miami",469,14,2.985,2.78,2.5,"PREMIUM"
"nytimes.com","native",7,"Miami",469,14,2.985,2.78,2.5,"PREMIUM"
"weather.com","native",3,"Atlanta",502,15,2.988,2.78,2.5,"PREMIUM"
"people.com","native",4,"Houston",504,15,2.976,2.77,2.5,"PREMIUM"
"people.com","native",1,"Houston",471,14,2.972,2.77,2.5,"PREMIUM"
"theverge.com","video",3,"Miami",470,14,2.979,2.77,2.5,"PREMIUM"
"cnet.com","native",3,"Los Angeles",437,13,2.975,2.77,2.5,"PREMIUM"
"cnn.com","native",3,"New York",473,14,2.96,2.76,2.5,"PREMIUM"
"people.com","native",1,"Dallas-Ft. Worth",506,15,2.964,2.76,2.5,"PREMIUM"
"forbes.com","video",7,"Houston",473,14,2.96,2.76,2.5,"PREMIUM"
"variety.com","video",3,"Miami",474,14,2.954,2.75,2.5,"PREMIUM"
"forbes.com","video",3,"New York",475,14,2.947,2.74,2.5,"PREMIUM"
"weather.com","video",1,"Los Angeles",442,13,2.941,2.74,2.5,"PREMIUM"
"espn.com","video",1,"New York",476,14,2.941,2.74,2.5,"PREMIUM"
"espn.com","video",1,"Los Angeles",475,14,2.947,2.74,2.5,"PREMIUM"
"weather.com","native",7,"Denver",476,14,2.941,2.74,2.5,"PREMIUM"
"washingtonpost.com","native",1,"Miami",477,14,2.935,2.73,2.5,"PREMIUM"
"weather.com","native",5,"Houston",443,13,2.935,2.73,2.5,"PREMIUM"
"people.com","native",7,"Los Angeles",512,15,2.93,2.73,2.5,"PREMIUM"
"espn.com","video",3,"Philadelphia",478,14,2.929,2.73,2.5,"PREMIUM"
"theverge.com","native",4,"New York",480,14,2.917,2.72,2.5,"PREMIUM"
"people.com","video",7,"Dallas-Ft. Worth",480,14,2.917,2.72,2.5,"PREMIUM"
"forbes.com","video",3,"Atlanta",514,15,2.918,2.72,2.5,"PREMIUM"
"espn.com","native",1,"Houston",445,13,2.921,2.72,2.5,"PREMIUM"
"weather.com","video",4,"Atlanta",481,14,2.911,2.71,2.5,"PREMIUM"
"people.com","native",3,"Chicago",447,13,2.908,2.71,2.5,"PREMIUM"
"variety.com","video",3,"Houston",482,14,2.905,2.7,2.5,"PREMIUM"
"techcrunch.com","native",3,"Dallas-Ft. Worth",519,15,2.89,2.69,2.5,"PREMIUM"
"buzzfeed.com","native",7,"Miami",486,14,2.881,2.68,2.5,"PREMIUM"
"nytimes.com","video",3,"Chicago",451,13,2.882,2.68,2.5,"PREMIUM"
"nytimes.com","native",3,"New York",487,14,2.875,2.68,2.5,"PREMIUM"
"espn.com","native",5,"Miami",452,13,2.876,2.68,2.5,"PREMIUM"
"weather.com","native",3,"Chicago",452,13,2.876,2.68,2.5,"PREMIUM"
"people.com","video",7,"Los Angeles",487,14,2.875,2.68,2.5,"PREMIUM"
"variety.com","video",7,"New York",487,14,2.875,2.68,2.5,"PREMIUM"
"espn.com","video",1,"Atlanta",486,14,2.881,2.68,2.5,"PREMIUM"
"espn.com","native",1,"Los Angeles",489,14,2.863,2.67,2.5,"PREMIUM"
"buzzfeed.com","native",7,"Los Angeles",454,13,2.863,2.67,2.5,"PREMIUM"
"espn.com","video",4,"Houston",454,13,2.863,2.67,2.5,"PREMIUM"
"weather.com","native",7,"Atlanta",489,14,2.863,2.67,2.5,"PREMIUM"
"weather.com","video",4,"Dallas-Ft. Worth",454,13,2.863,2.67,2.5,"PREMIUM"
"espn.com","native",3,"Miami",489,14,2.863,2.67,2.5,"PREMIUM"
"weather.com","native",7,"Dallas-Ft. Worth",454,13,2.863,2.67,2.5,"PREMIUM"
"washingtonpost.com","native",6,"Los Angeles",491,14,2.851,2.66,2.5,"PREMIUM"
"buzzfeed.com","video",3,"Chicago",491,14,2.851,2.66,2.5,"PREMIUM"
"washingtonpost.com","native",1,"Phoenix",455,13,2.857,2.66,2.5,"PREMIUM"
"variety.com","native",7,"Houston",490,14,2.857,2.66,2.5,"PREMIUM"
"people.com","video",3,"New York",457,13,2.845,2.65,2.5,"PREMIUM"
"people.com","video",3,"Dallas-Ft. Worth",527,15,2.846,2.65,2.5,"PREMIUM"
"cnet.com","native",6,"Phoenix",501,8,1.597,1.49,1.49,"PREMIUM"
"variety.com","video",5,"Houston",501,8,1.597,1.49,1.49,"PREMIUM"
"techcrunch.com","video",3,"Atlanta",501,8,1.597,1.49,1.49,"PREMIUM"
"people.com","native",4,"Phoenix",500,8,1.6,1.49,1.49,"PREMIUM"
"cnet.com","native",7,"Houston",500,8,1.6,1.49,1.49,"PREMIUM"
"washingtonpost.com","video",4,"Phoenix",501,8,1.597,1.49,1.49,"PREMIUM"
"espn.com","video",4,"Chicago",501,8,1.597,1.49,1.49,"PREMIUM"
"variety.com","native",5,"New York",505,8,1.584,1.48,1.48,"PREMIUM"
"variety.com","video",7,"Dallas-Ft. Worth",441,7,1.587,1.48,1.48,"PREMIUM"
"techcrunch.com","video",5,"Houston",504,8,1.587,1.48,1.48,"PREMIUM"
"foxnews.com","native",2,"Houston",503,8,1.59,1.48,1.48,"PREMIUM"
"bbc.com","native",1,"Denver",440,7,1.591,1.48,1.48,"PREMIUM"
"forbes.com","native",4,"Chicago",439,7,1.595,1.48,1.48,"PREMIUM"
"nytimes.com","native",6,"Dallas-Ft. Worth",502,8,1.594,1.48,1.48,"PREMIUM"
"buzzfeed.com","video",1,"Atlanta",505,8,1.584,1.48,1.48,"PREMIUM"
"variety.com","video",7,"Chicago",507,8,1.578,1.47,1.47,"PREMIUM"
"nytimes.com","native",2,"Houston",506,8,1.581,1.47,1.47,"PREMIUM"
"cnn.com","video",5,"Chicago",442,7,1.584,1.47,1.47,"PREMIUM"
"people.com","banner",7,"Denver",884,14,1.584,1.47,1.47,"PREMIUM"
"theverge.com","video",1,"Los Angeles",507,8,1.578,1.47,1.47,"PREMIUM"
"cnet.com","video",5,"Los Angeles",507,8,1.578,1.47,1.47,"PREMIUM"
"people.com","native",1,"Phoenix",442,7,1.584,1.47,1.47,"PREMIUM"
"bbc.com","native",7,"Miami",443,7,1.58,1.47,1.47,"PREMIUM"
"washingtonpost.com","video",2,"New York",506,8,1.581,1.47,1.47,"PREMIUM"
"cnn.com","native",5,"New York",508,8,1.575,1.47,1.47,"PREMIUM"
"techcrunch.com","native",5,"Miami",447,7,1.566,1.46,1.46,"PREMIUM"
"espn.com","native",4,"Miami",445,7,1.573,1.46,1.46,"PREMIUM"
"cnn.com","video",5,"New York",449,7,1.559,1.45,1.45,"PREMIUM"
"variety.com","native",1,"Chicago",449,7,1.559,1.45,1.45,"PREMIUM"
"techcrunch.com","native",4,"Miami",448,7,1.563,1.45,1.45,"PREMIUM"
"variety.com","native",3,"Miami",514,8,1.556,1.45,1.45,"PREMIUM"
"cnn.com","video",1,"Atlanta",450,7,1.556,1.45,1.45,"PREMIUM"
"cnet.com","native",4,"Denver",451,7,1.552,1.45,1.45,"PREMIUM"
"washingtonpost.com","video",2,"Los Angeles",452,7,1.549,1.44,1.44,"PREMIUM"
"washingtonpost.com","native",5,"Denver",517,8,1.547,1.44,1.44,"PREMIUM"
"theverge.com","native",7,"Dallas-Ft. Worth",453,7,1.545,1.44,1.44,"PREMIUM"
"tmz.com","video",5,"Houston",519,8,1.541,1.44,1.44,"PREMIUM"
"cnet.com","video",5,"Houston",452,7,1.549,1.44,1.44,"PREMIUM"
"foxnews.com","native",4,"Miami",454,7,1.542,1.44,1.44,"PREMIUM"
"bbc.com","native",4,"Denver",516,8,1.55,1.44,1.44,"PREMIUM"
"weather.com","video",4,"Phoenix",456,7,1.535,1.43,1.43,"PREMIUM"
"variety.com","native",7,"Chicago",456,7,1.535,1.43,1.43,"PREMIUM"
"washingtonpost.com","native",6,"Chicago",456,7,1.535,1.43,1.43,"PREMIUM"
"tmz.com","video",3,"Houston",456,7,1.535,1.43,1.43,"PREMIUM"
"washingtonpost.com","video",5,"Dallas-Ft. Worth",456,7,1.535,1.43,1.43,"PREMIUM"
"variety.com","native",4,"Dallas-Ft. Worth",457,7,1.532,1.43,1.43,"PREMIUM"
"weather.com","native",6,"Philadelphia",457,7,1.532,1.43,1.43,"PREMIUM"
"theverge.com","video",1,"Atlanta",459,7,1.525,1.42,1.42,"PREMIUM"
"theverge.com","video",1,"Dallas-Ft. Worth",526,8,1.521,1.42,1.42,"PREMIUM"
"espn.com","native",1,"Denver",458,7,1.528,1.42,1.42,"PREMIUM"
"tmz.com","native",1,"Chicago",460,7,1.522,1.42,1.42,"PREMIUM"
"tmz.com","video",1,"Los Angeles",459,7,1.525,1.42,1.42,"PREMIUM"
"weather.com","native",2,"Chicago",524,8,1.527,1.42,1.42,"PREMIUM"
"theverge.com","native",2,"Los Angeles",459,7,1.525,1.42,1.42,"PREMIUM"
"espn.com","native",7,"Houston",450,29,6.444,6,2.5,"PREMIUM"
"espn.com","native",7,"Atlanta",500,29,5.8,5.4,2.5,"PREMIUM"
"espn.com","video",3,"Chicago",479,26,5.428,5.05,2.5,"PREMIUM"
"people.com","native",7,"New York",513,26,5.068,4.72,2.5,"PREMIUM"
"weather.com","native",7,"Houston",472,23,4.873,4.54,2.5,"PREMIUM"
"people.com","native",3,"Los Angeles",475,23,4.842,4.51,2.5,"PREMIUM"
"espn.com","native",3,"New York",497,24,4.829,4.5,2.5,"PREMIUM"
"espn.com","native",3,"Los Angeles",481,23,4.782,4.45,2.5,"PREMIUM"
"people.com","native",3,"Houston",486,23,4.733,4.41,2.5,"PREMIUM"
"weather.com","native",3,"Houston",491,23,4.684,4.36,2.5,"PREMIUM"
"weather.com","video",7,"Houston",471,22,4.671,4.35,2.5,"PREMIUM"
"people.com","native",3,"Atlanta",475,22,4.632,4.31,2.5,"PREMIUM"
"variety.com","native",7,"Los Angeles",504,23,4.563,4.25,2.5,"PREMIUM"
"people.com","native",3,"New York",489,22,4.499,4.19,2.5,"PREMIUM"
"people.com","native",7,"Chicago",492,22,4.472,4.16,2.5,"PREMIUM"
"nytimes.com","native",3,"Houston",506,22,4.348,4.05,2.5,"PREMIUM"
"nytimes.com","video",3,"Houston",443,19,4.289,3.99,2.5,"PREMIUM"
"nytimes.com","native",3,"Miami",449,19,4.232,3.94,2.5,"PREMIUM"
"people.com","video",7,"Houston",449,19,4.232,3.94,2.5,"PREMIUM"
"espn.com","video",3,"Los Angeles",498,21,4.217,3.93,2.5,"PREMIUM"
"people.com","native",7,"Denver",451,19,4.213,3.92,2.5,"PREMIUM"
"weather.com","native",3,"Miami",454,19,4.185,3.9,2.5,"PREMIUM"
"espn.com","video",7,"Houston",460,19,4.13,3.85,2.5,"PREMIUM"
"nytimes.com","video",7,"Houston",484,20,4.132,3.85,2.5,"PREMIUM"
"espn.com","native",7,"Chicago",486,20,4.115,3.83,2.5,"PREMIUM"
"espn.com","video",7,"Los Angeles",494,20,4.049,3.77,2.5,"PREMIUM"
"espn.com","video",7,"New York",470,19,4.043,3.76,2.5,"PREMIUM"
"weather.com","native",3,"Los Angeles",473,19,4.017,3.74,2.5,"PREMIUM"
"espn.com","native",3,"Chicago",475,19,4,3.72,2.5,"PREMIUM"
"washingtonpost.com","native",3,"Atlanta",479,19,3.967,3.69,2.5,"PREMIUM"
"espn.com","video",4,"Los Angeles",506,20,3.953,3.68,2.5,"PREMIUM"
"tmz.com","video",7,"Los Angeles",456,18,3.947,3.68,2.5,"PREMIUM"
"people.com","video",3,"Miami",484,19,3.926,3.66,2.5,"PREMIUM"
"people.com","video",3,"Houston",484,19,3.926,3.66,2.5,"PREMIUM"
"espn.com","native",4,"Houston",483,19,3.934,3.66,2.5,"PREMIUM"
"techcrunch.com","native",3,"Houston",463,18,3.888,3.62,2.5,"PREMIUM"
"people.com","video",3,"Los Angeles",517,20,3.868,3.6,2.5,"PREMIUM"
"espn.com","native",7,"Miami",492,19,3.862,3.6,2.5,"PREMIUM"
"techcrunch.com","native",7,"Los Angeles",468,18,3.846,3.58,2.5,"PREMIUM"
"people.com","video",3,"Phoenix",494,19,3.846,3.58,2.5,"PREMIUM"
"washingtonpost.com","native",7,"Miami",497,19,3.823,3.56,2.5,"PREMIUM"
"weather.com","native",7,"Los Angeles",471,18,3.822,3.56,2.5,"PREMIUM"
"espn.com","video",3,"Dallas-Ft. Worth",473,18,3.805,3.54,2.5,"PREMIUM"
"cnn.com","native",7,"Los Angeles",479,18,3.758,3.5,2.5,"PREMIUM"
"people.com","native",7,"Houston",456,17,3.728,3.47,2.5,"PREMIUM"
"weather.com","video",7,"Chicago",402,15,3.731,3.47,2.5,"PREMIUM"
"washingtonpost.com","video",3,"Los Angeles",512,19,3.711,3.46,2.5,"PREMIUM"
"weather.com","video",3,"Houston",457,17,3.72,3.46,2.5,"PREMIUM"
"washingtonpost.com","native",7,"Houston",486,18,3.704,3.45,2.5,"PREMIUM"
"nytimes.com","banner",2,"Chicago",948,0,0,0,0.3,"DISCOUNT"
"buzzfeed.com","video",2,"Dallas-Ft. Worth",456,0,0,0,0.3,"DISCOUNT"
"tmz.com","video",2,"Chicago",458,0,0,0,0.3,"DISCOUNT"
"theverge.com","video",4,"Dallas-Ft. Worth",458,0,0,0,0.3,"DISCOUNT"
"tmz.com","video",2,"New York",464,0,0,0,0.3,"DISCOUNT"
"variety.com","video",7,"Phoenix",450,0,0,0,0.3,"DISCOUNT"
"cnn.com","native",6,"Denver",439,0,0,0,0.3,"DISCOUNT"
"forbes.com","native",2,"Philadelphia",485,0,0,0,0.3,"DISCOUNT"
"bbc.com","native",5,"Denver",462,0,0,0,0.3,"DISCOUNT"
"variety.com","banner",2,"Dallas-Ft. Worth",960,0,0,0,0.3,"DISCOUNT"
"theverge.com","banner",6,"Phoenix",932,0,0,0,0.3,"DISCOUNT"
"tmz.com","banner",6,"Philadelphia",905,0,0,0,0.3,"DISCOUNT"
"tmz.com","video",6,"Dallas-Ft. Worth",468,0,0,0,0.3,"DISCOUNT"
"foxnews.com","video",2,"Atlanta",449,0,0,0,0.3,"DISCOUNT"
"nytimes.com","video",5,"Philadelphia",518,0,0,0,0.3,"DISCOUNT"
"washingtonpost.com","banner",2,"Chicago",933,0,0,0,0.3,"DISCOUNT"
"tmz.com","video",2,"Phoenix",452,0,0,0,0.3,"DISCOUNT"
"cnet.com","banner",6,"Philadelphia",961,0,0,0,0.3,"DISCOUNT"
"techcrunch.com","banner",2,"Los Angeles",974,0,0,0,0.3,"DISCOUNT"
"cnet.com","banner",5,"Denver",904,0,0,0,0.3,"DISCOUNT"
"bbc.com","banner",2,"Chicago",1008,0,0,0,0.3,"DISCOUNT"
"cnet.com","video",2,"Los Angeles",465,0,0,0,0.3,"DISCOUNT"
"cnet.com","native",2,"Philadelphia",473,0,0,0,0.3,"DISCOUNT"
"techcrunch.com","banner",6,"Philadelphia",976,0,0,0,0.3,"DISCOUNT"
"tmz.com","banner",7,"Phoenix",919,0,0,0,0.3,"DISCOUNT"
"tmz.com","banner",2,"Atlanta",965,0,0,0,0.3,"DISCOUNT"
"cnet.com","banner",2,"Chicago",922,0,0,0,0.3,"DISCOUNT"
"washingtonpost.com","video",2,"Phoenix",482,0,0,0,0.3,"DISCOUNT"
"bbc.com","banner",1,"Chicago",940,0,0,0,0.3,"DISCOUNT"
"bbc.com","banner",2,"Phoenix",920,0,0,0,0.3,"DISCOUNT"
"washingtonpost.com","banner",1,"Los Angeles",898,0,0,0,0.3,"DISCOUNT"
"weather.com","banner",2,"Philadelphia",935,0,0,0,0.3,"DISCOUNT"
"theverge.com","banner",2,"Dallas-Ft. Worth",946,0,0,0,0.3,"DISCOUNT"
"techcrunch.com","video",2,"Denver",494,0,0,0,0.3,"DISCOUNT"
"theverge.com","video",2,"Chicago",451,0,0,0,0.3,"DISCOUNT"
"buzzfeed.com","video",2,"Houston",471,0,0,0,0.3,"DISCOUNT"
"cnet.com","banner",2,"Dallas-Ft. Worth",951,0,0,0,0.3,"DISCOUNT"
"foxnews.com","banner",2,"New York",917,0,0,0,0.3,"DISCOUNT"
"bbc.com","banner",2,"Atlanta",934,0,0,0,0.3,"DISCOUNT"
"bbc.com","banner",6,"Dallas-Ft. Worth",898,0,0,0,0.3,"DISCOUNT"
"cnet.com","video",1,"Dallas-Ft. Worth",474,0,0,0,0.3,"DISCOUNT"
"nytimes.com","banner",2,"Houston",935,0,0,0,0.3,"DISCOUNT"
"tmz.com","banner",2,"Dallas-Ft. Worth",962,0,0,0,0.3,"DISCOUNT"
"tmz.com","video",6,"Philadelphia",462,0,0,0,0.3,"DISCOUNT"
"cnet.com","video",2,"Philadelphia",450,0,0,0,0.3,"DISCOUNT"
"theverge.com","native",2,"Miami",452,0,0,0,0.3,"DISCOUNT"
"theverge.com","video",2,"Phoenix",505,0,0,0,0.3,"DISCOUNT"
"techcrunch.com","banner",2,"Dallas-Ft. Worth",1013,0,0,0,0.3,"DISCOUNT"
"espn.com","video",2,"Los Angeles",453,0,0,0,0.3,"DISCOUNT"
"cnet.com","banner",2,"Denver",986,0,0,0,0.3,"DISCOUNT"
"washingtonpost.com","banner",2,"Philadelphia",961,0,0,0,0.3,"DISCOUNT"
"washingtonpost.com","native",5,"New York",490,8,1.633,1.52,1.52,"PREMIUM"
"techcrunch.com","native",5,"Philadelphia",428,7,1.636,1.52,1.52,"PREMIUM"
"variety.com","video",4,"Phoenix",491,8,1.629,1.52,1.52,"PREMIUM"
"cnet.com","video",7,"Denver",490,8,1.633,1.52,1.52,"PREMIUM"
"people.com","banner",7,"Los Angeles",916,15,1.638,1.52,1.52,"PREMIUM"
"people.com","video",7,"Miami",489,8,1.636,1.52,1.52,"PREMIUM"
"nytimes.com","native",5,"Chicago",429,7,1.632,1.52,1.52,"PREMIUM"
"techcrunch.com","banner",7,"Miami",980,16,1.633,1.52,1.52,"PREMIUM"
"techcrunch.com","native",4,"Denver",430,7,1.628,1.52,1.52,"PREMIUM"
"cnn.com","native",1,"Atlanta",490,8,1.633,1.52,1.52,"PREMIUM"
"tmz.com","video",7,"New York",489,8,1.636,1.52,1.52,"PREMIUM"
"washingtonpost.com","video",4,"Philadelphia",489,8,1.636,1.52,1.52,"PREMIUM"
"people.com","native",5,"Philadelphia",491,8,1.629,1.52,1.52,"PREMIUM"
"washingtonpost.com","video",4,"Miami",490,8,1.633,1.52,1.52,"PREMIUM"
"buzzfeed.com","native",4,"Houston",493,8,1.623,1.51,1.51,"PREMIUM"
"nytimes.com","native",5,"Denver",433,7,1.617,1.51,1.51,"PREMIUM"
"variety.com","video",3,"New York",494,8,1.619,1.51,1.51,"PREMIUM"
"washingtonpost.com","video",6,"Miami",494,8,1.619,1.51,1.51,"PREMIUM"
"washingtonpost.com","video",6,"Los Angeles",493,8,1.623,1.51,1.51,"PREMIUM"
"cnet.com","video",3,"Chicago",493,8,1.623,1.51,1.51,"PREMIUM"
"bbc.com","native",3,"Phoenix",432,7,1.62,1.51,1.51,"PREMIUM"
"espn.com","banner",4,"Los Angeles",925,15,1.622,1.51,1.51,"PREMIUM"
"foxnews.com","native",6,"Chicago",492,8,1.626,1.51,1.51,"PREMIUM"
"cnn.com","video",4,"Houston",431,7,1.624,1.51,1.51,"PREMIUM"
"techcrunch.com","video",7,"Chicago",494,8,1.619,1.51,1.51,"PREMIUM"
"theverge.com","native",3,"Miami",494,8,1.619,1.51,1.51,"PREMIUM"
"people.com","video",3,"Chicago",494,8,1.619,1.51,1.51,"PREMIUM"
"forbes.com","native",3,"Chicago",492,8,1.626,1.51,1.51,"PREMIUM"
"cnn.com","native",4,"Miami",497,8,1.61,1.5,1.5,"PREMIUM"
"buzzfeed.com","video",1,"Phoenix",498,8,1.606,1.5,1.5,"PREMIUM"
"theverge.com","video",4,"Denver",495,8,1.616,1.5,1.5,"PREMIUM"
"washingtonpost.com","video",7,"Atlanta",495,8,1.616,1.5,1.5,"PREMIUM"
"weather.com","native",3,"Phoenix",496,8,1.613,1.5,1.5,"PREMIUM"
"cnet.com","native",1,"Denver",496,8,1.613,1.5,1.5,"PREMIUM"
"people.com","video",6,"Miami",497,8,1.61,1.5,1.5,"PREMIUM"
"espn.com","banner",3,"Miami",871,14,1.607,1.5,1.5,"PREMIUM"
"variety.com","native",4,"Atlanta",495,8,1.616,1.5,1.5,"PREMIUM"
"variety.com","video",1,"Miami",496,8,1.613,1.5,1.5,"PREMIUM"
"tmz.com","native",6,"Houston",434,7,1.613,1.5,1.5,"PREMIUM"
"tmz.com","native",7,"Los Angeles",495,8,1.616,1.5,1.5,"PREMIUM"
"people.com","video",1,"Dallas-Ft. Worth",495,8,1.616,1.5,1.5,"PREMIUM"
"foxnews.com","video",4,"Los Angeles",495,8,1.616,1.5,1.5,"PREMIUM"
"variety.com","video",7,"Denver",496,8,1.613,1.5,1.5,"PREMIUM"
"weather.com","video",4,"Houston",496,8,1.613,1.5,1.5,"PREMIUM"
"cnet.com","video",5,"Chicago",497,8,1.61,1.5,1.5,"PREMIUM"
"weather.com","video",7,"Atlanta",503,12,2.386,2.22,2.22,"PREMIUM"
"washingtonpost.com","native",1,"Houston",461,11,2.386,2.22,2.22,"PREMIUM"
"cnet.com","native",7,"Atlanta",462,11,2.381,2.22,2.22,"PREMIUM"
"foxnews.com","video",7,"Atlanta",504,12,2.381,2.22,2.22,"PREMIUM"
"forbes.com","native",1,"Chicago",462,11,2.381,2.22,2.22,"PREMIUM"
"espn.com","banner",7,"Houston",966,23,2.381,2.22,2.22,"PREMIUM"
"espn.com","video",1,"Dallas-Ft. Worth",461,11,2.386,2.22,2.22,"PREMIUM"
"buzzfeed.com","native",3,"Los Angeles",503,12,2.386,2.22,2.22,"PREMIUM"
"espn.com","native",6,"Dallas-Ft. Worth",506,12,2.372,2.21,2.21,"PREMIUM"
"theverge.com","native",4,"Houston",463,11,2.376,2.21,2.21,"PREMIUM"
"bbc.com","native",7,"Philadelphia",464,11,2.371,2.21,2.21,"PREMIUM"
"theverge.com","video",7,"Chicago",465,11,2.366,2.2,2.2,"PREMIUM"
"nytimes.com","video",6,"Atlanta",465,11,2.366,2.2,2.2,"PREMIUM"
"forbes.com","native",4,"Los Angeles",509,12,2.358,2.2,2.2,"PREMIUM"
"people.com","native",6,"Los Angeles",468,11,2.35,2.19,2.19,"PREMIUM"
"people.com","video",1,"Philadelphia",467,11,2.355,2.19,2.19,"PREMIUM"
"weather.com","video",1,"Phoenix",468,11,2.35,2.19,2.19,"PREMIUM"
"nytimes.com","native",4,"Dallas-Ft. Worth",467,11,2.355,2.19,2.19,"PREMIUM"
"buzzfeed.com","native",6,"Philadelphia",469,11,2.345,2.18,2.18,"PREMIUM"
"foxnews.com","native",7,"Denver",469,11,2.345,2.18,2.18,"PREMIUM"
"people.com","video",4,"Miami",469,11,2.345,2.18,2.18,"PREMIUM"
"nytimes.com","video",5,"Houston",469,11,2.345,2.18,2.18,"PREMIUM"
"foxnews.com","video",3,"Houston",470,11,2.34,2.18,2.18,"PREMIUM"
"espn.com","video",5,"Dallas-Ft. Worth",469,11,2.345,2.18,2.18,"PREMIUM"
"techcrunch.com","video",1,"New York",428,10,2.336,2.18,2.18,"PREMIUM"
"cnn.com","video",4,"Chicago",472,11,2.331,2.17,2.17,"PREMIUM"
"nytimes.com","native",3,"Denver",472,11,2.331,2.17,2.17,"PREMIUM"
"bbc.com","video",7,"Philadelphia",473,11,2.326,2.17,2.17,"PREMIUM"
"cnet.com","native",3,"Denver",473,11,2.326,2.17,2.17,"PREMIUM"
"buzzfeed.com","video",4,"Houston",471,11,2.335,2.17,2.17,"PREMIUM"
"theverge.com","native",3,"Houston",475,11,2.316,2.16,2.16,"PREMIUM"
"variety.com","native",3,"Houston",518,12,2.317,2.16,2.16,"PREMIUM"
"washingtonpost.com","native",7,"Chicago",474,11,2.321,2.16,2.16,"PREMIUM"
"weather.com","native",5,"Los Angeles",474,11,2.321,2.16,2.16,"PREMIUM"
"tmz.com","native",4,"Chicago",475,11,2.316,2.16,2.16,"PREMIUM"
"techcrunch.com","video",7,"Los Angeles",518,12,2.317,2.16,2.16,"PREMIUM"
"theverge.com","native",7,"Houston",518,12,2.317,2.16,2.16,"PREMIUM"
"variety.com","video",7,"Atlanta",477,11,2.306,2.15,2.15,"PREMIUM"
"bbc.com","native",7,"New York",476,11,2.311,2.15,2.15,"PREMIUM"
"nytimes.com","native",7,"Phoenix",479,11,2.296,2.14,2.14,"PREMIUM"
"espn.com","native",6,"Chicago",478,11,2.301,2.14,2.14,"PREMIUM"
"weather.com","native",7,"Philadelphia",479,11,2.296,2.14,2.14,"PREMIUM"
"cnet.com","native",5,"Houston",478,11,2.301,2.14,2.14,"PREMIUM"
"washingtonpost.com","native",1,"New York",436,10,2.294,2.14,2.14,"PREMIUM"
"nytimes.com","video",3,"Atlanta",524,12,2.29,2.13,2.13,"PREMIUM"
"cnn.com","native",3,"Chicago",481,11,2.287,2.13,2.13,"PREMIUM"
"cnn.com","native",7,"Dallas-Ft. Worth",524,12,2.29,2.13,2.13,"PREMIUM"
"nytimes.com","video",1,"Miami",438,10,2.283,2.13,2.13,"PREMIUM"
"weather.com","video",1,"Dallas-Ft. Worth",482,11,2.282,2.13,2.13,"PREMIUM"
"nytimes.com","native",6,"Atlanta",451,5,1.109,1.03,1.03,"STANDARD"
"forbes.com","video",7,"Atlanta",452,5,1.106,1.03,1.03,"STANDARD"
"variety.com","video",3,"Phoenix",451,5,1.109,1.03,1.03,"STANDARD"
"people.com","banner",5,"Denver",901,10,1.11,1.03,1.03,"STANDARD"
"nytimes.com","banner",6,"Los Angeles",900,10,1.111,1.03,1.03,"STANDARD"
"tmz.com","video",4,"New York",450,5,1.111,1.03,1.03,"STANDARD"
"weather.com","banner",6,"Houston",996,11,1.104,1.03,1.03,"STANDARD"
"tmz.com","video",3,"New York",454,5,1.101,1.03,1.03,"STANDARD"
"buzzfeed.com","video",7,"Dallas-Ft. Worth",451,5,1.109,1.03,1.03,"STANDARD"
"espn.com","banner",4,"Philadelphia",904,10,1.106,1.03,1.03,"STANDARD"
"people.com","video",6,"Philadelphia",458,5,1.092,1.02,1.02,"STANDARD"
"bbc.com","video",2,"Houston",458,5,1.092,1.02,1.02,"STANDARD"
"nytimes.com","native",6,"Los Angeles",458,5,1.092,1.02,1.02,"STANDARD"
"variety.com","banner",7,"Chicago",1007,11,1.092,1.02,1.02,"STANDARD"
"espn.com","banner",3,"Dallas-Ft. Worth",1000,11,1.1,1.02,1.02,"STANDARD"
"techcrunch.com","video",4,"Dallas-Ft. Worth",455,5,1.099,1.02,1.02,"STANDARD"
"people.com","banner",1,"Miami",1002,11,1.098,1.02,1.02,"STANDARD"
"techcrunch.com","video",5,"Miami",458,5,1.092,1.02,1.02,"STANDARD"
"weather.com","video",5,"New York",458,5,1.092,1.02,1.02,"STANDARD"
"theverge.com","native",2,"Dallas-Ft. Worth",458,5,1.092,1.02,1.02,"STANDARD"
"tmz.com","native",6,"Philadelphia",456,5,1.096,1.02,1.02,"STANDARD"
"nytimes.com","native",3,"Atlanta",457,5,1.094,1.02,1.02,"STANDARD"
"cnet.com","video",1,"Atlanta",456,5,1.096,1.02,1.02,"STANDARD"
"buzzfeed.com","video",4,"Chicago",457,5,1.094,1.02,1.02,"STANDARD"
"people.com","banner",7,"New York",1015,11,1.084,1.01,1.01,"STANDARD"
"weather.com","native",2,"Dallas-Ft. Worth",460,5,1.087,1.01,1.01,"STANDARD"
"foxnews.com","video",1,"Miami",462,5,1.082,1.01,1.01,"STANDARD"
"nytimes.com","banner",3,"Houston",922,10,1.085,1.01,1.01,"STANDARD"
"techcrunch.com","video",7,"New York",462,5,1.082,1.01,1.01,"STANDARD"
"tmz.com","video",6,"Chicago",462,5,1.082,1.01,1.01,"STANDARD"
"weather.com","native",2,"Atlanta",461,5,1.085,1.01,1.01,"STANDARD"
"people.com","video",2,"New York",463,5,1.08,1.01,1.01,"STANDARD"
"people.com","video",6,"Denver",462,5,1.082,1.01,1.01,"STANDARD"
"forbes.com","banner",3,"New York",918,10,1.089,1.01,1.01,"STANDARD"
"washingtonpost.com","native",1,"Philadelphia",461,5,1.085,1.01,1.01,"STANDARD"
"nytimes.com","native",2,"Denver",461,5,1.085,1.01,1.01,"STANDARD"
"cnn.com","video",1,"Denver",459,5,1.089,1.01,1.01,"STANDARD"
"washingtonpost.com","video",2,"Miami",462,5,1.082,1.01,1.01,"STANDARD"
"bbc.com","native",1,"Houston",463,5,1.08,1.01,1.01,"STANDARD"
"cnet.com","video",5,"New York",460,5,1.087,1.01,1.01,"STANDARD"
"espn.com","banner",4,"Denver",925,10,1.081,1.01,1.01,"STANDARD"
"espn.com","video",5,"New York",465,5,1.075,1,1,"STANDARD"
"cnn.com","native",2,"Houston",464,5,1.078,1,1,"STANDARD"
"theverge.com","native",3,"Denver",466,5,1.073,1,1,"STANDARD"
"techcrunch.com","video",5,"Chicago",465,5,1.075,1,1,"STANDARD"
"cnn.com","banner",1,"Houston",944,8,0.847,0.79,0.79,"DISCOUNT"
"theverge.com","video",6,"Miami",472,4,0.847,0.79,0.79,"DISCOUNT"
"espn.com","native",2,"Denver",471,4,0.849,0.79,0.79,"DISCOUNT"
"tmz.com","banner",3,"Los Angeles",942,8,0.849,0.79,0.79,"DISCOUNT"
"forbes.com","video",4,"Dallas-Ft. Worth",470,4,0.851,0.79,0.79,"DISCOUNT"
"bbc.com","video",6,"Phoenix",471,4,0.849,0.79,0.79,"DISCOUNT"
"people.com","banner",1,"New York",938,8,0.853,0.79,0.79,"DISCOUNT"
"nytimes.com","native",4,"Philadelphia",474,4,0.844,0.79,0.79,"DISCOUNT"
"variety.com","native",1,"Phoenix",471,4,0.849,0.79,0.79,"DISCOUNT"
"theverge.com","banner",5,"Miami",944,8,0.847,0.79,0.79,"DISCOUNT"
"buzzfeed.com","banner",7,"Atlanta",944,8,0.847,0.79,0.79,"DISCOUNT"
"techcrunch.com","native",6,"Denver",469,4,0.853,0.79,0.79,"DISCOUNT"
"people.com","video",5,"Philadelphia",469,4,0.853,0.79,0.79,"DISCOUNT"
"people.com","video",2,"Philadelphia",471,4,0.849,0.79,0.79,"DISCOUNT"
"espn.com","banner",5,"Chicago",946,8,0.846,0.79,0.79,"DISCOUNT"
"techcrunch.com","video",5,"Atlanta",474,4,0.844,0.79,0.79,"DISCOUNT"
"washingtonpost.com","video",6,"Atlanta",479,4,0.835,0.78,0.78,"DISCOUNT"
"buzzfeed.com","native",1,"Houston",476,4,0.84,0.78,0.78,"DISCOUNT"
"cnn.com","video",4,"Philadelphia",477,4,0.839,0.78,0.78,"DISCOUNT"
"nytimes.com","video",2,"Dallas-Ft. Worth",480,4,0.833,0.78,0.78,"DISCOUNT"
"espn.com","banner",1,"Houston",949,8,0.843,0.78,0.78,"DISCOUNT"
"espn.com","banner",5,"Miami",918,7,0.763,0.71,0.71,"DISCOUNT"
"theverge.com","banner",4,"Chicago",913,7,0.767,0.71,0.71,"DISCOUNT"
"bbc.com","banner",1,"Philadelphia",919,7,0.762,0.71,0.71,"DISCOUNT"
"variety.com","banner",4,"Atlanta",917,7,0.763,0.71,0.71,"DISCOUNT"
"foxnews.com","native",5,"Philadelphia",525,4,0.762,0.71,0.71,"DISCOUNT"
"buzzfeed.com","banner",3,"Phoenix",924,7,0.758,0.71,0.71,"DISCOUNT"
"foxnews.com","banner",1,"Chicago",919,7,0.762,0.71,0.71,"DISCOUNT"
"theverge.com","banner",6,"Dallas-Ft. Worth",915,7,0.765,0.71,0.71,"DISCOUNT"
"techcrunch.com","video",2,"Philadelphia",524,4,0.763,0.71,0.71,"DISCOUNT"
"buzzfeed.com","banner",4,"New York",919,7,0.762,0.71,0.71,"DISCOUNT"
"techcrunch.com","banner",2,"Miami",916,7,0.764,0.71,0.71,"DISCOUNT"
"espn.com","banner",5,"New York",922,7,0.759,0.71,0.71,"DISCOUNT"
"cnn.com","banner",4,"Chicago",924,7,0.758,0.71,0.71,"DISCOUNT"
"cnn.com","banner",6,"New York",925,7,0.757,0.7,0.7,"DISCOUNT"
"forbes.com","banner",5,"Chicago",934,7,0.749,0.7,0.7,"DISCOUNT"
"variety.com","banner",6,"Houston",931,7,0.752,0.7,0.7,"DISCOUNT"
"cnn.com","banner",7,"Phoenix",930,7,0.753,0.7,0.7,"DISCOUNT"
"buzzfeed.com","banner",7,"Houston",930,7,0.753,0.7,0.7,"DISCOUNT"
"washingtonpost.com","banner",2,"New York",932,7,0.751,0.7,0.7,"DISCOUNT"
"people.com","banner",4,"Philadelphia",927,7,0.755,0.7,0.7,"DISCOUNT"
"buzzfeed.com","banner",6,"Atlanta",925,7,0.757,0.7,0.7,"DISCOUNT"
"foxnews.com","banner",4,"Chicago",934,7,0.749,0.7,0.7,"DISCOUNT"
"cnn.com","banner",1,"Dallas-Ft. Worth",931,7,0.752,0.7,0.7,"DISCOUNT"
"bbc.com","banner",3,"Phoenix",927,7,0.755,0.7,0.7,"DISCOUNT"
"variety.com","banner",5,"Atlanta",931,7,0.752,0.7,0.7,"DISCOUNT"
"cnn.com","banner",3,"Denver",936,7,0.748,0.7,0.7,"DISCOUNT"
"theverge.com","banner",1,"Los Angeles",943,7,0.742,0.69,0.69,"DISCOUNT"
"people.com","banner",5,"Atlanta",948,7,0.738,0.69,0.69,"DISCOUNT"
"foxnews.com","banner",4,"New York",945,7,0.741,0.69,0.69,"DISCOUNT"
"nytimes.com","banner",4,"Chicago",945,7,0.741,0.69,0.69,"DISCOUNT"
"washingtonpost.com","banner",4,"New York",946,7,0.74,0.69,0.69,"DISCOUNT"
"theverge.com","banner",1,"Miami",949,7,0.738,0.69,0.69,"DISCOUNT"
"buzzfeed.com","banner",1,"Los Angeles",943,7,0.742,0.69,0.69,"DISCOUNT"
"tmz.com","banner",7,"Miami",946,7,0.74,0.69,0.69,"DISCOUNT"
"techcrunch.com","banner",6,"Dallas-Ft. Worth",941,7,0.744,0.69,0.69,"DISCOUNT"
"espn.com","banner",6,"Phoenix",940,7,0.745,0.69,0.69,"DISCOUNT"
"nytimes.com","banner",1,"Philadelphia",941,7,0.744,0.69,0.69,"DISCOUNT"
"nytimes.com","banner",6,"Denver",950,7,0.737,0.69,0.69,"DISCOUNT"
"theverge.com","banner",5,"Los Angeles",940,7,0.745,0.69,0.69,"DISCOUNT"
"tmz.com","banner",3,"Houston",948,7,0.738,0.69,0.69,"DISCOUNT"
"espn.com","banner",5,"Phoenix",951,7,0.736,0.69,0.69,"DISCOUNT"
"cnn.com","banner",3,"Phoenix",948,7,0.738,0.69,0.69,"DISCOUNT"
"techcrunch.com","banner",6,"Los Angeles",940,7,0.745,0.69,0.69,"DISCOUNT"
"weather.com","banner",1,"Denver",953,7,0.735,0.68,0.68,"DISCOUNT"
"people.com","banner",6,"Dallas-Ft. Worth",954,7,0.734,0.68,0.68,"DISCOUNT"
"bbc.com","banner",1,"Dallas-Ft. Worth",952,7,0.735,0.68,0.68,"DISCOUNT"
"washingtonpost.com","banner",1,"Phoenix",956,7,0.732,0.68,0.68,"DISCOUNT"
"variety.com","banner",3,"Miami",965,7,0.725,0.68,0.68,"DISCOUNT"
"forbes.com","banner",6,"Atlanta",960,7,0.729,0.68,0.68,"DISCOUNT"
"cnet.com","banner",5,"Atlanta",957,7,0.731,0.68,0.68,"DISCOUNT"
"bbc.com","banner",4,"Chicago",964,7,0.726,0.68,0.68,"DISCOUNT"
"bbc.com","banner",1,"Atlanta",962,7,0.728,0.68,0.68,"DISCOUNT"
"weather.com","banner",5,"Phoenix",959,7,0.73,0.68,0.68,"DISCOUNT"
"variety.com","video",7,"Miami",483,11,2.277,2.12,2.12,"PREMIUM"
"people.com","video",1,"Chicago",526,12,2.281,2.12,2.12,"PREMIUM"
"bbc.com","video",4,"New York",486,11,2.263,2.11,2.11,"PREMIUM"
"nytimes.com","video",1,"Los Angeles",485,11,2.268,2.11,2.11,"PREMIUM"
"people.com","native",6,"Chicago",442,10,2.262,2.11,2.11,"PREMIUM"
"cnet.com","native",3,"Dallas-Ft. Worth",486,11,2.263,2.11,2.11,"PREMIUM"
"washingtonpost.com","native",3,"Phoenix",486,11,2.263,2.11,2.11,"PREMIUM"
"forbes.com","native",3,"Miami",485,11,2.268,2.11,2.11,"PREMIUM"
"cnn.com","native",4,"Los Angeles",487,11,2.259,2.1,2.1,"PREMIUM"
"espn.com","native",4,"Philadelphia",443,10,2.257,2.1,2.1,"PREMIUM"
"bbc.com","video",7,"Atlanta",487,11,2.259,2.1,2.1,"PREMIUM"
"buzzfeed.com","video",3,"Atlanta",488,11,2.254,2.1,2.1,"PREMIUM"
"tmz.com","video",1,"Atlanta",487,11,2.259,2.1,2.1,"PREMIUM"
"techcrunch.com","video",7,"Houston",446,10,2.242,2.09,2.09,"PREMIUM"
"weather.com","video",4,"Chicago",445,10,2.247,2.09,2.09,"PREMIUM"
"nytimes.com","video",4,"Chicago",445,10,2.247,2.09,2.09,"PREMIUM"
"cnet.com","video",7,"Atlanta",489,11,2.249,2.09,2.09,"PREMIUM"
"espn.com","video",6,"Houston",448,10,2.232,2.08,2.08,"PREMIUM"
"cnet.com","native",7,"New York",493,11,2.231,2.08,2.08,"PREMIUM"
"nytimes.com","video",3,"New York",492,11,2.236,2.08,2.08,"PREMIUM"
"weather.com","video",1,"New York",495,11,2.222,2.07,2.07,"PREMIUM"
"washingtonpost.com","native",3,"Chicago",496,11,2.218,2.07,2.07,"PREMIUM"
"forbes.com","native",1,"Dallas-Ft. Worth",496,11,2.218,2.07,2.07,"PREMIUM"
"cnn.com","video",5,"Houston",449,10,2.227,2.07,2.07,"PREMIUM"
"nytimes.com","native",4,"Houston",449,10,2.227,2.07,2.07,"PREMIUM"
"weather.com","video",3,"Atlanta",451,10,2.217,2.06,2.06,"PREMIUM"
"theverge.com","native",3,"Chicago",497,11,2.213,2.06,2.06,"PREMIUM"
"variety.com","native",6,"Houston",498,11,2.209,2.06,2.06,"PREMIUM"
"variety.com","native",7,"Denver",454,10,2.203,2.05,2.05,"PREMIUM"
"espn.com","native",6,"Houston",499,11,2.204,2.05,2.05,"PREMIUM"
"weather.com","video",4,"Philadelphia",455,10,2.198,2.05,2.05,"PREMIUM"
"washingtonpost.com","video",4,"Houston",500,11,2.2,2.05,2.05,"PREMIUM"
"weather.com","video",7,"Philadelphia",500,11,2.2,2.05,2.05,"PREMIUM"
"tmz.com","video",7,"Dallas-Ft. Worth",499,11,2.204,2.05,2.05,"PREMIUM"
"weather.com","video",7,"Miami",502,11,2.191,2.04,2.04,"PREMIUM"
"theverge.com","video",3,"Chicago",503,11,2.187,2.04,2.04,"PREMIUM"
"washingtonpost.com","video",7,"Chicago",457,10,2.188,2.04,2.04,"PREMIUM"
"cnet.com","video",3,"Dallas-Ft. Worth",505,11,2.178,2.03,2.03,"PREMIUM"
"people.com","native",5,"Houston",458,10,2.183,2.03,2.03,"PREMIUM"
"nytimes.com","video",5,"Dallas-Ft. Worth",504,11,2.183,2.03,2.03,"PREMIUM"
"variety.com","video",5,"Miami",505,11,2.178,2.03,2.03,"PREMIUM"
"foxnews.com","video",3,"Dallas-Ft. Worth",504,11,2.183,2.03,2.03,"PREMIUM"
"cnn.com","native",7,"Houston",508,11,2.165,2.02,2.02,"PREMIUM"
"washingtonpost.com","video",1,"Dallas-Ft. Worth",462,10,2.165,2.02,2.02,"PREMIUM"
"cnn.com","video",3,"New York",460,10,2.174,2.02,2.02,"PREMIUM"
"foxnews.com","native",4,"Denver",508,11,2.165,2.02,2.02,"PREMIUM"
"buzzfeed.com","native",4,"Atlanta",460,10,2.174,2.02,2.02,"PREMIUM"
"bbc.com","native",1,"Miami",516,9,1.744,1.62,1.62,"PREMIUM"
"tmz.com","native",3,"Chicago",460,8,1.739,1.62,1.62,"PREMIUM"
"techcrunch.com","video",6,"Los Angeles",516,9,1.744,1.62,1.62,"PREMIUM"
"nytimes.com","video",5,"Los Angeles",518,9,1.737,1.62,1.62,"PREMIUM"
"cnet.com","native",6,"Dallas-Ft. Worth",518,9,1.737,1.62,1.62,"PREMIUM"
"people.com","native",6,"Houston",461,8,1.735,1.62,1.62,"PREMIUM"
"forbes.com","video",1,"Phoenix",464,8,1.724,1.61,1.61,"PREMIUM"
"buzzfeed.com","native",2,"Denver",463,8,1.728,1.61,1.61,"PREMIUM"
"buzzfeed.com","native",2,"Los Angeles",463,8,1.728,1.61,1.61,"PREMIUM"
"buzzfeed.com","video",7,"Phoenix",464,8,1.724,1.61,1.61,"PREMIUM"
"variety.com","native",4,"Denver",462,8,1.732,1.61,1.61,"PREMIUM"
"bbc.com","native",3,"Dallas-Ft. Worth",464,8,1.724,1.61,1.61,"PREMIUM"
"cnn.com","native",1,"Philadelphia",464,8,1.724,1.61,1.61,"PREMIUM"
"cnn.com","video",1,"Houston",467,8,1.713,1.6,1.6,"PREMIUM"
"tmz.com","video",4,"Chicago",467,8,1.713,1.6,1.6,"PREMIUM"
"tmz.com","video",6,"Miami",465,8,1.72,1.6,1.6,"PREMIUM"
"espn.com","video",2,"Chicago",465,8,1.72,1.6,1.6,"PREMIUM"
"variety.com","native",4,"Houston",525,9,1.714,1.6,1.6,"PREMIUM"
"nytimes.com","video",7,"Los Angeles",466,8,1.717,1.6,1.6,"PREMIUM"
"cnn.com","video",4,"Los Angeles",465,8,1.72,1.6,1.6,"PREMIUM"
"buzzfeed.com","video",7,"Denver",467,8,1.713,1.6,1.6,"PREMIUM"
"people.com","video",4,"Atlanta",467,8,1.713,1.6,1.6,"PREMIUM"
"espn.com","native",3,"Philadelphia",465,8,1.72,1.6,1.6,"PREMIUM"
"people.com","banner",3,"Dallas-Ft. Worth",997,17,1.705,1.59,1.59,"PREMIUM"
"washingtonpost.com","video",6,"Houston",469,8,1.706,1.59,1.59,"PREMIUM"
"washingtonpost.com","video",7,"Dallas-Ft. Worth",470,8,1.702,1.59,1.59,"PREMIUM"
"techcrunch.com","native",4,"Atlanta",528,9,1.705,1.59,1.59,"PREMIUM"
"forbes.com","video",7,"Dallas-Ft. Worth",468,8,1.709,1.59,1.59,"PREMIUM"
"weather.com","video",1,"Houston",470,8,1.702,1.59,1.59,"PREMIUM"
"people.com","native",4,"Denver",470,8,1.702,1.59,1.59,"PREMIUM"
"nytimes.com","native",3,"Los Angeles",470,8,1.702,1.59,1.59,"PREMIUM"
"foxnews.com","native",6,"Houston",468,8,1.709,1.59,1.59,"PREMIUM"
"foxnews.com","native",1,"Dallas-Ft. Worth",468,8,1.709,1.59,1.59,"PREMIUM"
"buzzfeed.com","video",4,"Denver",468,8,1.709,1.59,1.59,"PREMIUM"
"espn.com","native",4,"Phoenix",469,8,1.706,1.59,1.59,"PREMIUM"
"forbes.com","video",3,"Houston",470,8,1.702,1.59,1.59,"PREMIUM"
"buzzfeed.com","video",1,"Miami",470,8,1.702,1.59,1.59,"PREMIUM"
"nytimes.com","video",4,"Philadelphia",470,8,1.702,1.59,1.59,"PREMIUM"
"theverge.com","native",4,"Chicago",469,8,1.706,1.59,1.59,"PREMIUM"
"foxnews.com","native",1,"Los Angeles",472,8,1.695,1.58,1.58,"PREMIUM"
"techcrunch.com","video",7,"Dallas-Ft. Worth",472,8,1.695,1.58,1.58,"PREMIUM"
"weather.com","native",1,"Denver",472,8,1.695,1.58,1.58,"PREMIUM"
"cnn.com","video",3,"Atlanta",471,8,1.699,1.58,1.58,"PREMIUM"
"cnet.com","native",1,"Philadelphia",471,8,1.699,1.58,1.58,"PREMIUM"
"cnet.com","native",5,"Los Angeles",471,8,1.699,1.58,1.58,"PREMIUM"
"variety.com","native",1,"Houston",472,8,1.695,1.58,1.58,"PREMIUM"
"nytimes.com","video",3,"Dallas-Ft. Worth",472,8,1.695,1.58,1.58,"PREMIUM"
"theverge.com","native",3,"Philadelphia",473,8,1.691,1.57,1.57,"PREMIUM"
"bbc.com","native",7,"Phoenix",475,8,1.684,1.57,1.57,"PREMIUM"
"cnet.com","native",4,"Miami",474,8,1.688,1.57,1.57,"PREMIUM"
"variety.com","video",1,"Dallas-Ft. Worth",474,8,1.688,1.57,1.57,"PREMIUM"
"bbc.com","video",3,"Dallas-Ft. Worth",474,8,1.688,1.57,1.57,"PREMIUM"
"nytimes.com","video",1,"Atlanta",506,7,1.383,1.29,1.29,"PREMIUM"
"washingtonpost.com","video",6,"Dallas-Ft. Worth",506,7,1.383,1.29,1.29,"PREMIUM"
"nytimes.com","native",4,"Miami",433,6,1.386,1.29,1.29,"PREMIUM"
"people.com","banner",1,"Houston",941,13,1.382,1.29,1.29,"PREMIUM"
"theverge.com","video",6,"Los Angeles",463,6,1.296,1.21,1.21,"PREMIUM"
"techcrunch.com","video",7,"Phoenix",462,6,1.299,1.21,1.21,"PREMIUM"
"buzzfeed.com","native",7,"Denver",461,6,1.302,1.21,1.21,"PREMIUM"
"foxnews.com","banner",7,"Atlanta",923,12,1.3,1.21,1.21,"PREMIUM"
"cnn.com","native",5,"Los Angeles",460,6,1.304,1.21,1.21,"PREMIUM"
"espn.com","video",6,"Denver",463,6,1.296,1.21,1.21,"PREMIUM"
"nytimes.com","native",5,"Dallas-Ft. Worth",465,6,1.29,1.2,1.2,"PREMIUM"
"theverge.com","native",4,"Atlanta",466,6,1.288,1.2,1.2,"STANDARD"
"cnet.com","native",3,"Miami",465,6,1.29,1.2,1.2,"PREMIUM"
"buzzfeed.com","native",6,"Houston",467,6,1.285,1.2,1.2,"STANDARD"
"weather.com","banner",3,"Houston",935,12,1.283,1.2,1.2,"STANDARD"
"buzzfeed.com","native",1,"Atlanta",466,6,1.288,1.2,1.2,"STANDARD"
"weather.com","video",3,"Denver",466,6,1.288,1.2,1.2,"STANDARD"
"variety.com","video",7,"Philadelphia",466,6,1.288,1.2,1.2,"STANDARD"
"tmz.com","native",4,"Atlanta",466,6,1.288,1.2,1.2,"STANDARD"
"tmz.com","native",4,"Houston",466,6,1.288,1.2,1.2,"STANDARD"
"espn.com","banner",7,"Chicago",1006,13,1.292,1.2,1.2,"PREMIUM"
"techcrunch.com","native",5,"Chicago",464,6,1.293,1.2,1.2,"PREMIUM"
"forbes.com","video",4,"Houston",464,6,1.293,1.2,1.2,"PREMIUM"
"tmz.com","video",6,"Atlanta",465,6,1.29,1.2,1.2,"PREMIUM"
"foxnews.com","native",2,"Chicago",465,6,1.29,1.2,1.2,"PREMIUM"
"forbes.com","native",1,"Denver",465,6,1.29,1.2,1.2,"PREMIUM"
"bbc.com","video",6,"Los Angeles",467,6,1.285,1.2,1.2,"STANDARD"
"people.com","video",6,"New York",469,6,1.279,1.19,1.19,"STANDARD"
"buzzfeed.com","native",5,"Phoenix",470,6,1.277,1.19,1.19,"STANDARD"
"buzzfeed.com","banner",3,"Miami",937,12,1.281,1.19,1.19,"STANDARD"
"buzzfeed.com","video",7,"Miami",469,6,1.279,1.19,1.19,"STANDARD"
"nytimes.com","banner",7,"Houston",937,12,1.281,1.19,1.19,"STANDARD"
"cnet.com","native",2,"New York",470,6,1.277,1.19,1.19,"STANDARD"
"people.com","video",1,"New York",468,6,1.282,1.19,1.19,"STANDARD"
"bbc.com","video",6,"Houston",468,6,1.282,1.19,1.19,"STANDARD"
"tmz.com","video",4,"Houston",468,6,1.282,1.19,1.19,"STANDARD"
"cnet.com","video",7,"Phoenix",468,6,1.282,1.19,1.19,"STANDARD"
"bbc.com","video",3,"Phoenix",471,6,1.274,1.19,1.19,"STANDARD"
"nytimes.com","native",6,"Houston",470,6,1.277,1.19,1.19,"STANDARD"
"espn.com","native",2,"Atlanta",469,6,1.279,1.19,1.19,"STANDARD"
"nytimes.com","banner",7,"Miami",936,12,1.282,1.19,1.19,"STANDARD"
"cnn.com","native",4,"Chicago",468,6,1.282,1.19,1.19,"STANDARD"
"washingtonpost.com","native",6,"Houston",468,6,1.282,1.19,1.19,"STANDARD"
"espn.com","banner",1,"Miami",937,12,1.281,1.19,1.19,"STANDARD"
"cnet.com","native",6,"Houston",471,6,1.274,1.19,1.19,"STANDARD"
"washingtonpost.com","native",5,"Atlanta",469,6,1.279,1.19,1.19,"STANDARD"
"cnet.com","native",5,"Chicago",471,6,1.274,1.19,1.19,"STANDARD"
"people.com","banner",3,"Chicago",939,12,1.278,1.19,1.19,"STANDARD"
"cnet.com","banner",3,"Miami",945,12,1.27,1.18,1.18,"STANDARD"
"washingtonpost.com","video",5,"Chicago",475,6,1.263,1.18,1.18,"STANDARD"
"tmz.com","video",3,"Chicago",472,6,1.271,1.18,1.18,"STANDARD"
"forbes.com","native",4,"Miami",473,6,1.268,1.18,1.18,"STANDARD"
"tmz.com","native",4,"Los Angeles",474,6,1.266,1.18,1.18,"STANDARD"
"techcrunch.com","native",6,"New York",473,6,1.268,1.18,1.18,"STANDARD"
"foxnews.com","native",5,"Los Angeles",474,6,1.266,1.18,1.18,"STANDARD"
"buzzfeed.com","native",1,"Los Angeles",472,6,1.271,1.18,1.18,"STANDARD"
"espn.com","video",5,"Miami",472,6,1.271,1.18,1.18,"STANDARD"
"espn.com","video",5,"Atlanta",467,7,1.499,1.4,1.4,"PREMIUM"
"theverge.com","native",5,"Atlanta",466,7,1.502,1.4,1.4,"PREMIUM"
"cnet.com","native",3,"Chicago",467,7,1.499,1.4,1.4,"PREMIUM"
"cnn.com","video",6,"Miami",467,7,1.499,1.4,1.4,"PREMIUM"
"forbes.com","native",6,"New York",469,7,1.493,1.39,1.39,"PREMIUM"
"washingtonpost.com","native",4,"Los Angeles",469,7,1.493,1.39,1.39,"PREMIUM"
"cnet.com","native",1,"Dallas-Ft. Worth",469,7,1.493,1.39,1.39,"PREMIUM"
"bbc.com","native",5,"Miami",468,7,1.496,1.39,1.39,"PREMIUM"
"buzzfeed.com","native",4,"Los Angeles",468,7,1.496,1.39,1.39,"PREMIUM"
"bbc.com","video",1,"Chicago",470,7,1.489,1.39,1.39,"PREMIUM"
"variety.com","native",5,"Atlanta",470,7,1.489,1.39,1.39,"PREMIUM"
"nytimes.com","native",1,"Los Angeles",470,7,1.489,1.39,1.39,"PREMIUM"
"washingtonpost.com","video",6,"New York",469,7,1.493,1.39,1.39,"PREMIUM"
"nytimes.com","native",4,"New York",468,7,1.496,1.39,1.39,"PREMIUM"
"washingtonpost.com","native",7,"Dallas-Ft. Worth",469,7,1.493,1.39,1.39,"PREMIUM"
"foxnews.com","video",5,"New York",469,7,1.493,1.39,1.39,"PREMIUM"
"theverge.com","video",3,"Denver",473,7,1.48,1.38,1.38,"PREMIUM"
"foxnews.com","video",4,"Denver",472,7,1.483,1.38,1.38,"PREMIUM"
"cnet.com","native",6,"New York",473,7,1.48,1.38,1.38,"PREMIUM"
"buzzfeed.com","video",6,"Los Angeles",485,5,1.031,0.96,0.96,"STANDARD"
"cnet.com","banner",7,"New York",970,10,1.031,0.96,0.96,"STANDARD"
"variety.com","native",3,"Atlanta",483,5,1.035,0.96,0.96,"STANDARD"
"theverge.com","video",7,"Philadelphia",486,5,1.029,0.96,0.96,"STANDARD"
"forbes.com","video",3,"Dallas-Ft. Worth",486,5,1.029,0.96,0.96,"STANDARD"
"techcrunch.com","banner",3,"Denver",973,10,1.028,0.96,0.96,"STANDARD"
"tmz.com","native",5,"Chicago",487,5,1.027,0.96,0.96,"STANDARD"
"theverge.com","video",1,"Philadelphia",485,5,1.031,0.96,0.96,"STANDARD"
"variety.com","banner",1,"Houston",975,10,1.026,0.96,0.96,"STANDARD"
"tmz.com","video",2,"Dallas-Ft. Worth",483,5,1.035,0.96,0.96,"STANDARD"
"buzzfeed.com","video",5,"New York",486,5,1.029,0.96,0.96,"STANDARD"
"foxnews.com","video",2,"Miami",486,5,1.029,0.96,0.96,"STANDARD"
"cnet.com","video",4,"Phoenix",486,5,1.029,0.96,0.96,"STANDARD"
"washingtonpost.com","native",7,"Philadelphia",483,5,1.035,0.96,0.96,"STANDARD"
"techcrunch.com","video",3,"Phoenix",486,5,1.029,0.96,0.96,"STANDARD"
"cnn.com","banner",1,"Los Angeles",977,10,1.024,0.95,0.95,"STANDARD"
"cnet.com","native",5,"Phoenix",491,5,1.018,0.95,0.95,"STANDARD"
"techcrunch.com","video",5,"Philadelphia",492,5,1.016,0.95,0.95,"STANDARD"
"theverge.com","video",7,"Phoenix",492,5,1.016,0.95,0.95,"STANDARD"
"tmz.com","native",6,"Dallas-Ft. Worth",488,5,1.025,0.95,0.95,"STANDARD"
"foxnews.com","native",5,"Houston",491,5,1.018,0.95,0.95,"STANDARD"
"forbes.com","video",7,"Philadelphia",488,5,1.025,0.95,0.95,"STANDARD"
"techcrunch.com","video",2,"Atlanta",492,5,1.016,0.95,0.95,"STANDARD"
"nytimes.com","video",2,"Miami",488,5,1.025,0.95,0.95,"STANDARD"
"weather.com","video",4,"Denver",491,5,1.018,0.95,0.95,"STANDARD"
"variety.com","video",6,"Atlanta",492,5,1.016,0.95,0.95,"STANDARD"
"cnn.com","banner",3,"Los Angeles",980,10,1.02,0.95,0.95,"STANDARD"
"forbes.com","native",3,"Houston",490,5,1.02,0.95,0.95,"STANDARD"
"espn.com","native",2,"Dallas-Ft. Worth",492,5,1.016,0.95,0.95,"STANDARD"
"cnet.com","native",7,"Miami",489,5,1.022,0.95,0.95,"STANDARD"
"people.com","banner",6,"Atlanta",976,10,1.025,0.95,0.95,"STANDARD"
"cnet.com","video",2,"New York",490,5,1.02,0.95,0.95,"STANDARD"
"techcrunch.com","native",3,"Chicago",490,5,1.02,0.95,0.95,"STANDARD"
"bbc.com","native",4,"Miami",491,5,1.018,0.95,0.95,"STANDARD"
"tmz.com","native",1,"Los Angeles",488,5,1.025,0.95,0.95,"STANDARD"
"forbes.com","banner",3,"Atlanta",982,10,1.018,0.95,0.95,"STANDARD"
"weather.com","video",5,"Denver",489,5,1.022,0.95,0.95,"STANDARD"
"people.com","native",2,"Denver",488,5,1.025,0.95,0.95,"STANDARD"
"theverge.com","native",4,"Miami",488,5,1.025,0.95,0.95,"STANDARD"
"bbc.com","native",1,"New York",490,5,1.02,0.95,0.95,"STANDARD"
"weather.com","banner",7,"New York",983,10,1.017,0.95,0.95,"STANDARD"
"techcrunch.com","video",2,"Miami",489,5,1.022,0.95,0.95,"STANDARD"
"theverge.com","video",5,"Houston",488,5,1.025,0.95,0.95,"STANDARD"
"cnn.com","video",1,"New York",490,5,1.02,0.95,0.95,"STANDARD"
"weather.com","banner",5,"Philadelphia",985,10,1.015,0.95,0.95,"STANDARD"
"cnet.com","video",4,"Atlanta",490,5,1.02,0.95,0.95,"STANDARD"
"forbes.com","native",5,"Chicago",494,5,1.012,0.94,0.94,"STANDARD"
"cnn.com","banner",7,"New York",988,10,1.012,0.94,0.94,"STANDARD"
"buzzfeed.com","native",4,"Phoenix",497,5,1.006,0.94,0.94,"STANDARD"
"theverge.com","native",5,"Philadelphia",495,5,1.01,0.94,0.94,"STANDARD"
"buzzfeed.com","banner",7,"Philadelphia",994,10,1.006,0.94,0.94,"STANDARD"
"nytimes.com","video",2,"Los Angeles",496,5,1.008,0.94,0.94,"STANDARD"
"foxnews.com","native",1,"Atlanta",497,5,1.006,0.94,0.94,"STANDARD"
"bbc.com","video",5,"Atlanta",493,5,1.014,0.94,0.94,"STANDARD"
"variety.com","video",2,"Phoenix",492,2,0.407,0.38,0.38,"DISCOUNT"
"forbes.com","banner",4,"Phoenix",980,4,0.408,0.38,0.38,"DISCOUNT"
"variety.com","native",5,"Chicago",487,2,0.411,0.38,0.38,"DISCOUNT"
"variety.com","banner",3,"Atlanta",987,4,0.405,0.38,0.38,"DISCOUNT"
"nytimes.com","video",1,"Denver",489,2,0.409,0.38,0.38,"DISCOUNT"
"bbc.com","banner",5,"Atlanta",981,4,0.408,0.38,0.38,"DISCOUNT"
"tmz.com","native",2,"Atlanta",492,2,0.407,0.38,0.38,"DISCOUNT"
"techcrunch.com","banner",5,"Atlanta",980,4,0.408,0.38,0.38,"DISCOUNT"
"variety.com","video",2,"Chicago",488,2,0.41,0.38,0.38,"DISCOUNT"
"weather.com","banner",6,"Denver",978,4,0.409,0.38,0.38,"DISCOUNT"
"nytimes.com","banner",4,"Denver",969,4,0.413,0.38,0.38,"DISCOUNT"
"forbes.com","video",2,"Chicago",489,2,0.409,0.38,0.38,"DISCOUNT"
"variety.com","banner",6,"Miami",970,4,0.412,0.38,0.38,"DISCOUNT"
"nytimes.com","banner",1,"New York",986,4,0.406,0.38,0.38,"DISCOUNT"
"forbes.com","banner",1,"Los Angeles",988,4,0.405,0.38,0.38,"DISCOUNT"
"variety.com","native",2,"Miami",485,2,0.412,0.38,0.38,"DISCOUNT"
"foxnews.com","video",5,"Houston",494,2,0.405,0.38,0.38,"DISCOUNT"
"theverge.com","native",2,"Phoenix",500,2,0.4,0.37,0.37,"DISCOUNT"
"theverge.com","video",2,"Denver",508,2,0.394,0.37,0.37,"DISCOUNT"
"variety.com","video",2,"Philadelphia",509,2,0.393,0.37,0.37,"DISCOUNT"
"cnn.com","video",5,"Dallas-Ft. Worth",500,2,0.4,0.37,0.37,"DISCOUNT"
"variety.com","banner",4,"Los Angeles",994,4,0.402,0.37,0.37,"DISCOUNT"
"theverge.com","native",5,"Phoenix",498,2,0.402,0.37,0.37,"DISCOUNT"
"forbes.com","video",6,"Los Angeles",508,2,0.394,0.37,0.37,"DISCOUNT"
"tmz.com","native",6,"Denver",503,2,0.398,0.37,0.37,"DISCOUNT"
"forbes.com","banner",4,"Philadelphia",994,4,0.402,0.37,0.37,"DISCOUNT"
"variety.com","video",5,"Chicago",505,2,0.396,0.37,0.37,"DISCOUNT"
"bbc.com","video",2,"New York",498,2,0.402,0.37,0.37,"DISCOUNT"
"variety.com","native",6,"Chicago",508,2,0.394,0.37,0.37,"DISCOUNT"
"theverge.com","video",5,"Phoenix",502,2,0.398,0.37,0.37,"DISCOUNT"
"foxnews.com","native",2,"Phoenix",498,2,0.402,0.37,0.37,"DISCOUNT"
"foxnews.com","native",6,"Miami",499,2,0.401,0.37,0.37,"DISCOUNT"
"variety.com","video",6,"Denver",498,2,0.402,0.37,0.37,"DISCOUNT"
"tmz.com","video",2,"Los Angeles",510,2,0.392,0.37,0.37,"DISCOUNT"
"people.com","banner",1,"Dallas-Ft. Worth",1008,4,0.397,0.37,0.37,"DISCOUNT"
"nytimes.com","banner",6,"Miami",1000,4,0.4,0.37,0.37,"DISCOUNT"
"bbc.com","video",2,"Los Angeles",501,2,0.399,0.37,0.37,"DISCOUNT"
"forbes.com","native",2,"Phoenix",501,2,0.399,0.37,0.37,"DISCOUNT"
"cnet.com","banner",5,"Dallas-Ft. Worth",1018,4,0.393,0.37,0.37,"DISCOUNT"
"washingtonpost.com","banner",1,"Philadelphia",998,4,0.401,0.37,0.37,"DISCOUNT"
"washingtonpost.com","banner",6,"Dallas-Ft. Worth",994,4,0.402,0.37,0.37,"DISCOUNT"
"tmz.com","video",2,"Miami",507,2,0.394,0.37,0.37,"DISCOUNT"
"tmz.com","banner",6,"Denver",1005,4,0.398,0.37,0.37,"DISCOUNT"
"forbes.com","video",1,"Philadelphia",510,2,0.392,0.37,0.37,"DISCOUNT"
"theverge.com","banner",2,"Miami",996,4,0.402,0.37,0.37,"DISCOUNT"
"variety.com","native",2,"Chicago",509,2,0.393,0.37,0.37,"DISCOUNT"
"weather.com","video",6,"Denver",499,2,0.401,0.37,0.37,"DISCOUNT"
"espn.com","banner",2,"Atlanta",1007,4,0.397,0.37,0.37,"DISCOUNT"
"cnn.com","video",4,"Phoenix",472,7,1.483,1.38,1.38,"PREMIUM"
"washingtonpost.com","native",3,"Miami",472,7,1.483,1.38,1.38,"PREMIUM"
"bbc.com","native",1,"Dallas-Ft. Worth",472,7,1.483,1.38,1.38,"PREMIUM"
"buzzfeed.com","video",4,"Los Angeles",471,7,1.486,1.38,1.38,"PREMIUM"
"weather.com","native",2,"Denver",472,7,1.483,1.38,1.38,"PREMIUM"
"theverge.com","native",5,"New York",476,7,1.471,1.37,1.37,"PREMIUM"
"forbes.com","native",7,"Miami",475,7,1.474,1.37,1.37,"PREMIUM"
"techcrunch.com","video",4,"Chicago",476,7,1.471,1.37,1.37,"PREMIUM"
"tmz.com","native",1,"Houston",476,7,1.471,1.37,1.37,"PREMIUM"
"bbc.com","native",4,"Dallas-Ft. Worth",475,7,1.474,1.37,1.37,"PREMIUM"
"washingtonpost.com","video",3,"Denver",477,7,1.468,1.37,1.37,"PREMIUM"
"forbes.com","native",1,"New York",475,7,1.474,1.37,1.37,"PREMIUM"
"espn.com","video",4,"New York",477,7,1.468,1.37,1.37,"PREMIUM"
"washingtonpost.com","video",5,"New York",475,7,1.474,1.37,1.37,"PREMIUM"
"washingtonpost.com","video",4,"New York",477,7,1.468,1.37,1.37,"PREMIUM"
"techcrunch.com","native",3,"Phoenix",477,7,1.468,1.37,1.37,"PREMIUM"
"cnet.com","video",1,"Los Angeles",476,7,1.471,1.37,1.37,"PREMIUM"
"cnn.com","video",6,"New York",476,7,1.471,1.37,1.37,"PREMIUM"
"espn.com","video",4,"Philadelphia",476,7,1.471,1.37,1.37,"PREMIUM"
"espn.com","video",2,"Houston",477,7,1.468,1.37,1.37,"PREMIUM"
"cnet.com","native",7,"Denver",476,7,1.471,1.37,1.37,"PREMIUM"
"forbes.com","video",5,"Dallas-Ft. Worth",477,7,1.468,1.37,1.37,"PREMIUM"
"weather.com","video",5,"Phoenix",475,7,1.474,1.37,1.37,"PREMIUM"
"buzzfeed.com","video",5,"Atlanta",478,7,1.464,1.36,1.36,"PREMIUM"
"bbc.com","native",3,"Los Angeles",481,7,1.455,1.36,1.36,"PREMIUM"
"variety.com","video",1,"Houston",480,7,1.458,1.36,1.36,"PREMIUM"
"foxnews.com","native",1,"Houston",481,7,1.455,1.36,1.36,"PREMIUM"
"buzzfeed.com","native",4,"Chicago",481,7,1.455,1.36,1.36,"PREMIUM"
"cnet.com","video",3,"Phoenix",478,7,1.464,1.36,1.36,"PREMIUM"
"weather.com","video",5,"Philadelphia",483,7,1.449,1.35,1.35,"PREMIUM"
"tmz.com","video",5,"Dallas-Ft. Worth",482,7,1.452,1.35,1.35,"PREMIUM"
"variety.com","native",1,"Atlanta",483,7,1.449,1.35,1.35,"PREMIUM"
"bbc.com","native",5,"New York",484,7,1.446,1.35,1.35,"PREMIUM"
"cnn.com","video",6,"Chicago",482,7,1.452,1.35,1.35,"PREMIUM"
"weather.com","native",5,"Denver",482,7,1.452,1.35,1.35,"PREMIUM"
"nytimes.com","native",1,"Denver",484,7,1.446,1.35,1.35,"PREMIUM"
"washingtonpost.com","native",5,"Philadelphia",483,7,1.449,1.35,1.35,"PREMIUM"
"bbc.com","video",4,"Atlanta",483,7,1.449,1.35,1.35,"PREMIUM"
"foxnews.com","video",5,"Atlanta",483,7,1.449,1.35,1.35,"PREMIUM"
"washingtonpost.com","native",6,"Denver",483,7,1.449,1.35,1.35,"PREMIUM"
"theverge.com","native",4,"Denver",482,7,1.452,1.35,1.35,"PREMIUM"
"cnet.com","native",4,"Houston",482,7,1.452,1.35,1.35,"PREMIUM"
"theverge.com","native",3,"Phoenix",483,7,1.449,1.35,1.35,"PREMIUM"
"theverge.com","native",7,"Chicago",486,7,1.44,1.34,1.34,"PREMIUM"
"forbes.com","video",5,"Phoenix",488,7,1.434,1.34,1.34,"PREMIUM"
"techcrunch.com","video",1,"Chicago",488,7,1.434,1.34,1.34,"PREMIUM"
"cnn.com","video",4,"Atlanta",485,7,1.443,1.34,1.34,"PREMIUM"
"techcrunch.com","native",1,"Phoenix",485,7,1.443,1.34,1.34,"PREMIUM"
"cnet.com","video",3,"Los Angeles",485,7,1.443,1.34,1.34,"PREMIUM"
"washingtonpost.com","native",4,"Philadelphia",486,7,1.44,1.34,1.34,"PREMIUM"
"washingtonpost.com","native",2,"Dallas-Ft. Worth",487,7,1.437,1.34,1.34,"PREMIUM"
"tmz.com","native",7,"Dallas-Ft. Worth",486,7,1.44,1.34,1.34,"PREMIUM"
"techcrunch.com","native",6,"Atlanta",488,7,1.434,1.34,1.34,"PREMIUM"
"buzzfeed.com","banner",3,"Los Angeles",943,11,1.166,1.09,1.09,"STANDARD"
"people.com","banner",4,"Chicago",938,11,1.173,1.09,1.09,"STANDARD"
"tmz.com","native",4,"Philadelphia",519,6,1.156,1.08,1.08,"STANDARD"
"cnet.com","video",1,"Denver",431,5,1.16,1.08,1.08,"STANDARD"
"theverge.com","banner",3,"Los Angeles",949,11,1.159,1.08,1.08,"STANDARD"
"weather.com","video",7,"Phoenix",515,6,1.165,1.08,1.08,"STANDARD"
"people.com","native",1,"Denver",518,6,1.158,1.08,1.08,"STANDARD"
"espn.com","banner",1,"Chicago",950,11,1.158,1.08,1.08,"STANDARD"
"variety.com","video",5,"Philadelphia",517,6,1.161,1.08,1.08,"STANDARD"
"cnet.com","banner",4,"New York",952,11,1.155,1.08,1.08,"STANDARD"
"bbc.com","video",5,"Phoenix",437,5,1.144,1.07,1.07,"STANDARD"
"theverge.com","banner",3,"Miami",961,11,1.145,1.07,1.07,"STANDARD"
"buzzfeed.com","banner",5,"Los Angeles",958,11,1.148,1.07,1.07,"STANDARD"
"nytimes.com","native",5,"Philadelphia",437,5,1.144,1.07,1.07,"STANDARD"
"techcrunch.com","banner",7,"Dallas-Ft. Worth",955,11,1.152,1.07,1.07,"STANDARD"
"theverge.com","native",6,"New York",524,6,1.145,1.07,1.07,"STANDARD"
"cnet.com","video",5,"Philadelphia",495,5,1.01,0.94,0.94,"STANDARD"
"techcrunch.com","banner",1,"Miami",891,9,1.01,0.94,0.94,"STANDARD"
"washingtonpost.com","video",7,"Denver",495,5,1.01,0.94,0.94,"STANDARD"
"bbc.com","native",1,"Philadelphia",398,4,1.005,0.94,0.94,"STANDARD"
"washingtonpost.com","native",2,"Miami",497,5,1.006,0.94,0.94,"STANDARD"
"cnn.com","video",6,"Phoenix",493,5,1.014,0.94,0.94,"STANDARD"
"foxnews.com","banner",1,"Los Angeles",993,10,1.007,0.94,0.94,"STANDARD"
"techcrunch.com","native",4,"Los Angeles",497,5,1.006,0.94,0.94,"STANDARD"
"weather.com","banner",5,"Chicago",986,10,1.014,0.94,0.94,"STANDARD"
"nytimes.com","video",1,"Dallas-Ft. Worth",497,5,1.006,0.94,0.94,"STANDARD"
"tmz.com","video",1,"New York",494,5,1.012,0.94,0.94,"STANDARD"
"nytimes.com","video",4,"Denver",500,5,1,0.93,0.93,"STANDARD"
"foxnews.com","video",2,"Houston",498,5,1.004,0.93,0.93,"STANDARD"
"espn.com","banner",4,"Phoenix",1000,10,1,0.93,0.93,"STANDARD"
"buzzfeed.com","video",2,"Philadelphia",501,5,0.998,0.93,0.93,"STANDARD"
"theverge.com","video",5,"Los Angeles",498,5,1.004,0.93,0.93,"STANDARD"
"variety.com","native",4,"Miami",498,5,1.004,0.93,0.93,"STANDARD"
"theverge.com","video",1,"Chicago",502,5,0.996,0.93,0.93,"STANDARD"
"cnet.com","native",6,"Atlanta",499,5,1.002,0.93,0.93,"STANDARD"
"forbes.com","video",2,"Houston",501,5,0.998,0.93,0.93,"STANDARD"
"tmz.com","native",5,"New York",503,5,0.994,0.93,0.93,"STANDARD"
"espn.com","video",6,"Phoenix",499,5,1.002,0.93,0.93,"STANDARD"
"cnn.com","video",5,"Los Angeles",499,5,1.002,0.93,0.93,"STANDARD"
"nytimes.com","native",1,"Dallas-Ft. Worth",500,5,1,0.93,0.93,"STANDARD"
"variety.com","video",1,"New York",503,5,0.994,0.93,0.93,"STANDARD"
"cnet.com","native",4,"Atlanta",499,5,1.002,0.93,0.93,"STANDARD"
"tmz.com","native",2,"New York",499,5,1.002,0.93,0.93,"STANDARD"
"techcrunch.com","native",2,"Philadelphia",503,5,0.994,0.93,0.93,"STANDARD"
"people.com","native",6,"Phoenix",504,5,0.992,0.92,0.92,"STANDARD"
"theverge.com","native",6,"Dallas-Ft. Worth",507,5,0.986,0.92,0.92,"STANDARD"
"techcrunch.com","video",1,"Philadelphia",507,5,0.986,0.92,0.92,"STANDARD"
"cnet.com","video",3,"Philadelphia",504,5,0.992,0.92,0.92,"STANDARD"
"cnet.com","banner",3,"New York",1016,10,0.984,0.92,0.92,"STANDARD"
"nytimes.com","banner",1,"Atlanta",911,9,0.988,0.92,0.92,"STANDARD"
"nytimes.com","banner",4,"Los Angeles",926,9,0.972,0.91,0.91,"STANDARD"
"forbes.com","native",4,"Phoenix",512,5,0.977,0.91,0.91,"STANDARD"
"cnet.com","video",4,"Dallas-Ft. Worth",510,5,0.98,0.91,0.91,"STANDARD"
"washingtonpost.com","banner",3,"Dallas-Ft. Worth",925,9,0.973,0.91,0.91,"STANDARD"
"variety.com","native",5,"Philadelphia",514,5,0.973,0.91,0.91,"STANDARD"
"variety.com","native",1,"New York",512,5,0.977,0.91,0.91,"STANDARD"
"foxnews.com","native",6,"Philadelphia",511,5,0.978,0.91,0.91,"STANDARD"
"people.com","banner",3,"Los Angeles",924,9,0.974,0.91,0.91,"STANDARD"
"cnn.com","banner",3,"Atlanta",917,9,0.981,0.91,0.91,"STANDARD"
"tmz.com","banner",1,"Denver",934,9,0.964,0.9,0.9,"STANDARD"
"techcrunch.com","video",4,"Houston",518,5,0.965,0.9,0.9,"STANDARD"
"nytimes.com","banner",3,"Atlanta",936,9,0.962,0.9,0.9,"STANDARD"
"people.com","banner",7,"Dallas-Ft. Worth",931,9,0.967,0.9,0.9,"STANDARD"
"forbes.com","native",6,"Dallas-Ft. Worth",515,5,0.971,0.9,0.9,"STANDARD"
"washingtonpost.com","banner",6,"Chicago",929,9,0.969,0.9,0.9,"STANDARD"
"weather.com","native",1,"Phoenix",515,5,0.971,0.9,0.9,"STANDARD"
"foxnews.com","banner",7,"New York",930,9,0.968,0.9,0.9,"STANDARD"
"foxnews.com","banner",2,"Denver",896,2,0.223,0.21,0.3,"DISCOUNT"
"bbc.com","banner",6,"Houston",879,2,0.228,0.21,0.3,"DISCOUNT"
"forbes.com","video",2,"Phoenix",449,1,0.223,0.21,0.3,"DISCOUNT"
"foxnews.com","banner",5,"Phoenix",901,2,0.222,0.21,0.3,"DISCOUNT"
"nytimes.com","video",6,"Houston",447,1,0.224,0.21,0.3,"DISCOUNT"
"foxnews.com","video",2,"Chicago",450,1,0.222,0.21,0.3,"DISCOUNT"
"techcrunch.com","native",6,"Phoenix",447,1,0.224,0.21,0.3,"DISCOUNT"
"weather.com","native",2,"Philadelphia",451,1,0.222,0.21,0.3,"DISCOUNT"
"people.com","video",2,"Phoenix",444,1,0.225,0.21,0.3,"DISCOUNT"
"espn.com","video",2,"Philadelphia",471,1,0.212,0.2,0.3,"DISCOUNT"
"buzzfeed.com","banner",6,"Philadelphia",916,2,0.218,0.2,0.3,"DISCOUNT"
"variety.com","banner",2,"New York",955,2,0.209,0.2,0.3,"DISCOUNT"
"theverge.com","banner",7,"Philadelphia",938,2,0.213,0.2,0.3,"DISCOUNT"
"bbc.com","banner",2,"Dallas-Ft. Worth",954,2,0.21,0.2,0.3,"DISCOUNT"
"bbc.com","banner",5,"Chicago",924,2,0.216,0.2,0.3,"DISCOUNT"
"variety.com","native",2,"Phoenix",465,1,0.215,0.2,0.3,"DISCOUNT"
"forbes.com","video",7,"Phoenix",465,1,0.215,0.2,0.3,"DISCOUNT"
"bbc.com","native",2,"Dallas-Ft. Worth",457,1,0.219,0.2,0.3,"DISCOUNT"
"variety.com","banner",6,"Denver",954,2,0.21,0.2,0.3,"DISCOUNT"
"washingtonpost.com","banner",7,"Phoenix",955,2,0.209,0.2,0.3,"DISCOUNT"
"tmz.com","banner",2,"Philadelphia",911,2,0.22,0.2,0.3,"DISCOUNT"
"cnn.com","video",2,"Chicago",469,1,0.213,0.2,0.3,"DISCOUNT"
"foxnews.com","banner",6,"Denver",923,2,0.217,0.2,0.3,"DISCOUNT"
"nytimes.com","banner",7,"Phoenix",953,2,0.21,0.2,0.3,"DISCOUNT"
"cnet.com","banner",2,"Los Angeles",945,2,0.212,0.2,0.3,"DISCOUNT"
"cnet.com","banner",6,"New York",951,2,0.21,0.2,0.3,"DISCOUNT"
"washingtonpost.com","video",2,"Atlanta",466,1,0.215,0.2,0.3,"DISCOUNT"
"theverge.com","video",2,"Houston",463,1,0.216,0.2,0.3,"DISCOUNT"
"foxnews.com","video",2,"Phoenix",468,1,0.214,0.2,0.3,"DISCOUNT"
"bbc.com","video",6,"Philadelphia",476,1,0.21,0.2,0.3,"DISCOUNT"
"cnn.com","banner",4,"Miami",935,2,0.214,0.2,0.3,"DISCOUNT"
"cnn.com","video",5,"Atlanta",457,1,0.219,0.2,0.3,"DISCOUNT"
"nytimes.com","banner",2,"Dallas-Ft. Worth",945,2,0.212,0.2,0.3,"DISCOUNT"
"theverge.com","video",2,"Los Angeles",457,1,0.219,0.2,0.3,"DISCOUNT"
"buzzfeed.com","banner",2,"Chicago",921,2,0.217,0.2,0.3,"DISCOUNT"
"buzzfeed.com","video",2,"Denver",460,1,0.217,0.2,0.3,"DISCOUNT"
"foxnews.com","banner",3,"Phoenix",932,2,0.215,0.2,0.3,"DISCOUNT"
"forbes.com","banner",3,"Phoenix",927,2,0.216,0.2,0.3,"DISCOUNT"
"theverge.com","banner",4,"Dallas-Ft. Worth",932,2,0.215,0.2,0.3,"DISCOUNT"
"forbes.com","native",2,"Dallas-Ft. Worth",471,1,0.212,0.2,0.3,"DISCOUNT"
"techcrunch.com","banner",5,"Houston",943,2,0.212,0.2,0.3,"DISCOUNT"
"tmz.com","native",2,"Phoenix",477,1,0.21,0.2,0.3,"DISCOUNT"
"cnn.com","banner",1,"Phoenix",935,2,0.214,0.2,0.3,"DISCOUNT"
"tmz.com","banner",6,"Phoenix",938,2,0.213,0.2,0.3,"DISCOUNT"
"nytimes.com","banner",6,"Phoenix",937,2,0.213,0.2,0.3,"DISCOUNT"
"nytimes.com","banner",2,"Miami",934,2,0.214,0.2,0.3,"DISCOUNT"
"cnet.com","native",1,"Phoenix",458,1,0.218,0.2,0.3,"DISCOUNT"
"cnn.com","banner",5,"Chicago",962,4,0.416,0.39,0.39,"DISCOUNT"
"variety.com","banner",2,"Los Angeles",943,4,0.424,0.39,0.39,"DISCOUNT"
"forbes.com","banner",6,"Houston",960,4,0.417,0.39,0.39,"DISCOUNT"
"buzzfeed.com","video",2,"Phoenix",478,2,0.418,0.39,0.39,"DISCOUNT"
"tmz.com","native",2,"Philadelphia",476,2,0.42,0.39,0.39,"DISCOUNT"
"cnet.com","banner",4,"Atlanta",960,4,0.417,0.39,0.39,"DISCOUNT"
"forbes.com","banner",3,"Los Angeles",953,4,0.42,0.39,0.39,"DISCOUNT"
"tmz.com","video",6,"New York",480,2,0.417,0.39,0.39,"DISCOUNT"
"theverge.com","banner",1,"Philadelphia",967,4,0.414,0.39,0.39,"DISCOUNT"
"foxnews.com","video",5,"Dallas-Ft. Worth",482,2,0.415,0.39,0.39,"DISCOUNT"
"foxnews.com","banner",4,"Atlanta",963,4,0.415,0.39,0.39,"DISCOUNT"
"bbc.com","banner",5,"Houston",948,4,0.422,0.39,0.39,"DISCOUNT"
"cnn.com","video",3,"Phoenix",477,2,0.419,0.39,0.39,"DISCOUNT"
"cnet.com","banner",3,"Dallas-Ft. Worth",946,4,0.423,0.39,0.39,"DISCOUNT"
"cnet.com","banner",1,"Chicago",947,4,0.422,0.39,0.39,"DISCOUNT"
"variety.com","banner",5,"New York",958,4,0.418,0.39,0.39,"DISCOUNT"
"nytimes.com","video",2,"Houston",482,2,0.415,0.39,0.39,"DISCOUNT"
"washingtonpost.com","banner",7,"Denver",952,4,0.42,0.39,0.39,"DISCOUNT"
"bbc.com","banner",6,"New York",963,4,0.415,0.39,0.39,"DISCOUNT"
"espn.com","banner",2,"Philadelphia",964,4,0.415,0.39,0.39,"DISCOUNT"
"nytimes.com","native",1,"Phoenix",477,2,0.419,0.39,0.39,"DISCOUNT"
"weather.com","banner",5,"Atlanta",965,4,0.415,0.39,0.39,"DISCOUNT"
"bbc.com","video",2,"Denver",482,2,0.415,0.39,0.39,"DISCOUNT"
"theverge.com","banner",6,"Chicago",963,4,0.415,0.39,0.39,"DISCOUNT"
"buzzfeed.com","banner",4,"Philadelphia",946,4,0.423,0.39,0.39,"DISCOUNT"
"cnet.com","banner",1,"Phoenix",960,4,0.417,0.39,0.39,"DISCOUNT"
"tmz.com","banner",3,"Dallas-Ft. Worth",945,4,0.423,0.39,0.39,"DISCOUNT"
"techcrunch.com","banner",3,"Philadelphia",948,4,0.422,0.39,0.39,"DISCOUNT"
"forbes.com","banner",1,"Miami",962,4,0.416,0.39,0.39,"DISCOUNT"
"bbc.com","banner",2,"Miami",960,4,0.417,0.39,0.39,"DISCOUNT"
"variety.com","banner",5,"Chicago",951,4,0.421,0.39,0.39,"DISCOUNT"
"buzzfeed.com","banner",4,"Dallas-Ft. Worth",946,4,0.423,0.39,0.39,"DISCOUNT"
"washingtonpost.com","banner",5,"Philadelphia",952,4,0.42,0.39,0.39,"DISCOUNT"
"nytimes.com","banner",4,"Atlanta",963,4,0.415,0.39,0.39,"DISCOUNT"
"nytimes.com","native",5,"New York",476,2,0.42,0.39,0.39,"DISCOUNT"
"techcrunch.com","native",4,"Phoenix",475,2,0.421,0.39,0.39,"DISCOUNT"
"cnn.com","native",1,"Phoenix",482,2,0.415,0.39,0.39,"DISCOUNT"
"buzzfeed.com","native",2,"Chicago",476,2,0.42,0.39,0.39,"DISCOUNT"
"buzzfeed.com","banner",6,"Dallas-Ft. Worth",952,4,0.42,0.39,0.39,"DISCOUNT"
"cnet.com","video",6,"Denver",476,2,0.42,0.39,0.39,"DISCOUNT"
"cnet.com","video",6,"Philadelphia",482,2,0.415,0.39,0.39,"DISCOUNT"
"cnet.com","native",3,"Phoenix",483,2,0.414,0.39,0.39,"DISCOUNT"
"buzzfeed.com","banner",4,"Phoenix",951,4,0.421,0.39,0.39,"DISCOUNT"
"espn.com","banner",5,"Atlanta",951,4,0.421,0.39,0.39,"DISCOUNT"
"techcrunch.com","banner",7,"Atlanta",1014,14,1.381,1.29,1.29,"PREMIUM"
"cnet.com","video",4,"Houston",434,6,1.382,1.29,1.29,"PREMIUM"
"foxnews.com","banner",3,"Los Angeles",935,13,1.39,1.29,1.29,"PREMIUM"
"cnet.com","video",3,"Miami",505,7,1.386,1.29,1.29,"PREMIUM"
"cnet.com","video",7,"Miami",506,7,1.383,1.29,1.29,"PREMIUM"
"cnn.com","video",7,"Philadelphia",506,7,1.383,1.29,1.29,"PREMIUM"
"bbc.com","video",3,"Atlanta",508,7,1.378,1.28,1.28,"PREMIUM"
"tmz.com","video",7,"Chicago",438,6,1.37,1.28,1.28,"PREMIUM"
"cnn.com","banner",3,"Miami",949,13,1.37,1.28,1.28,"PREMIUM"
"cnet.com","native",4,"Los Angeles",438,6,1.37,1.28,1.28,"PREMIUM"
"people.com","video",2,"Atlanta",509,7,1.375,1.28,1.28,"PREMIUM"
"foxnews.com","native",3,"Denver",508,7,1.378,1.28,1.28,"PREMIUM"
"tmz.com","native",1,"Miami",509,7,1.375,1.28,1.28,"PREMIUM"
"techcrunch.com","video",7,"Denver",436,6,1.376,1.28,1.28,"PREMIUM"
"espn.com","banner",1,"New York",945,13,1.376,1.28,1.28,"PREMIUM"
"bbc.com","video",1,"Phoenix",510,7,1.373,1.28,1.28,"PREMIUM"
"cnn.com","native",1,"Denver",512,7,1.367,1.27,1.27,"PREMIUM"
"buzzfeed.com","video",1,"Denver",441,6,1.361,1.27,1.27,"PREMIUM"
"espn.com","native",5,"Denver",440,6,1.364,1.27,1.27,"PREMIUM"
"foxnews.com","native",3,"Atlanta",513,7,1.365,1.27,1.27,"PREMIUM"
"variety.com","native",3,"Dallas-Ft. Worth",515,7,1.359,1.27,1.27,"PREMIUM"
"washingtonpost.com","banner",6,"New York",950,13,1.368,1.27,1.27,"PREMIUM"
"cnet.com","native",6,"Los Angeles",443,6,1.354,1.26,1.26,"PREMIUM"
"nytimes.com","video",7,"Miami",445,6,1.348,1.26,1.26,"PREMIUM"
"variety.com","native",6,"Miami",445,6,1.348,1.26,1.26,"PREMIUM"
"washingtonpost.com","native",1,"Atlanta",517,7,1.354,1.26,1.26,"PREMIUM"
"theverge.com","video",3,"Los Angeles",443,6,1.354,1.26,1.26,"PREMIUM"
"forbes.com","native",1,"Atlanta",445,6,1.348,1.26,1.26,"PREMIUM"
"nytimes.com","native",4,"Phoenix",519,7,1.349,1.26,1.26,"PREMIUM"
"cnn.com","native",5,"Houston",444,6,1.351,1.26,1.26,"PREMIUM"
"weather.com","banner",7,"Los Angeles",972,13,1.337,1.25,1.25,"PREMIUM"
"variety.com","native",5,"Miami",521,7,1.344,1.25,1.25,"PREMIUM"
"foxnews.com","native",7,"Dallas-Ft. Worth",521,7,1.344,1.25,1.25,"PREMIUM"
"weather.com","banner",7,"Philadelphia",965,13,1.347,1.25,1.25,"PREMIUM"
"theverge.com","native",5,"Houston",446,6,1.345,1.25,1.25,"PREMIUM"
"people.com","banner",1,"Los Angeles",970,13,1.34,1.25,1.25,"PREMIUM"
"forbes.com","native",6,"Phoenix",447,6,1.342,1.25,1.25,"PREMIUM"
"weather.com","banner",7,"Miami",970,13,1.34,1.25,1.25,"PREMIUM"
"weather.com","video",3,"Phoenix",521,7,1.344,1.25,1.25,"PREMIUM"
"buzzfeed.com","video",6,"Miami",448,6,1.339,1.25,1.25,"PREMIUM"
"washingtonpost.com","native",2,"Phoenix",451,6,1.33,1.24,1.24,"PREMIUM"
"cnet.com","video",1,"New York",451,6,1.33,1.24,1.24,"PREMIUM"
"forbes.com","video",3,"Phoenix",450,6,1.333,1.24,1.24,"PREMIUM"
"cnet.com","native",4,"Phoenix",525,7,1.333,1.24,1.24,"PREMIUM"
"weather.com","banner",7,"Chicago",974,13,1.335,1.24,1.24,"PREMIUM"
"foxnews.com","banner",3,"New York",907,11,1.213,1.13,1.13,"STANDARD"
"foxnews.com","video",3,"Philadelphia",495,6,1.212,1.13,1.13,"STANDARD"
"forbes.com","native",4,"Atlanta",495,6,1.212,1.13,1.13,"STANDARD"
"washingtonpost.com","video",5,"Denver",497,6,1.207,1.12,1.12,"STANDARD"
"weather.com","native",7,"Phoenix",499,6,1.202,1.12,1.12,"STANDARD"
"variety.com","native",4,"Phoenix",497,6,1.207,1.12,1.12,"STANDARD"
"buzzfeed.com","native",4,"Denver",501,6,1.198,1.12,1.12,"STANDARD"
"buzzfeed.com","native",1,"Dallas-Ft. Worth",501,6,1.198,1.12,1.12,"STANDARD"
"weather.com","banner",7,"Dallas-Ft. Worth",1000,12,1.2,1.12,1.12,"STANDARD"
"foxnews.com","video",5,"Los Angeles",480,9,1.875,1.75,1.75,"PREMIUM"
"cnet.com","native",4,"Dallas-Ft. Worth",479,9,1.879,1.75,1.75,"PREMIUM"
"theverge.com","native",7,"Philadelphia",478,9,1.883,1.75,1.75,"PREMIUM"
"cnn.com","video",3,"Chicago",480,9,1.875,1.75,1.75,"PREMIUM"
"weather.com","native",3,"Philadelphia",480,9,1.875,1.75,1.75,"PREMIUM"
"espn.com","native",5,"Dallas-Ft. Worth",478,9,1.883,1.75,1.75,"PREMIUM"
"forbes.com","video",5,"Miami",481,9,1.871,1.74,1.74,"PREMIUM"
"buzzfeed.com","native",7,"Philadelphia",483,9,1.863,1.74,1.74,"PREMIUM"
"buzzfeed.com","native",1,"Chicago",482,9,1.867,1.74,1.74,"PREMIUM"
"forbes.com","video",4,"New York",482,9,1.867,1.74,1.74,"PREMIUM"
"cnn.com","native",1,"Los Angeles",482,9,1.867,1.74,1.74,"PREMIUM"
"nytimes.com","native",7,"Chicago",481,9,1.871,1.74,1.74,"PREMIUM"
"variety.com","native",3,"Los Angeles",481,9,1.871,1.74,1.74,"PREMIUM"
"bbc.com","native",6,"Los Angeles",483,9,1.863,1.74,1.74,"PREMIUM"
"buzzfeed.com","native",5,"Houston",481,9,1.871,1.74,1.74,"PREMIUM"
"foxnews.com","video",3,"Miami",481,9,1.871,1.74,1.74,"PREMIUM"
"nytimes.com","video",4,"Houston",481,9,1.871,1.74,1.74,"PREMIUM"
"weather.com","video",7,"Dallas-Ft. Worth",484,9,1.86,1.73,1.73,"PREMIUM"
"tmz.com","native",6,"New York",485,9,1.856,1.73,1.73,"PREMIUM"
"cnet.com","video",4,"Miami",484,9,1.86,1.73,1.73,"PREMIUM"
"bbc.com","native",7,"Dallas-Ft. Worth",485,9,1.856,1.73,1.73,"PREMIUM"
"bbc.com","native",4,"Los Angeles",484,9,1.86,1.73,1.73,"PREMIUM"
"espn.com","native",5,"Los Angeles",484,9,1.86,1.73,1.73,"PREMIUM"
"tmz.com","native",3,"Philadelphia",484,9,1.86,1.73,1.73,"PREMIUM"
"cnn.com","native",7,"Denver",485,9,1.856,1.73,1.73,"PREMIUM"
"weather.com","native",5,"Miami",430,8,1.86,1.73,1.73,"PREMIUM"
"foxnews.com","video",3,"Atlanta",488,9,1.844,1.72,1.72,"PREMIUM"
"espn.com","video",6,"Chicago",434,8,1.843,1.72,1.72,"PREMIUM"
"forbes.com","video",3,"Denver",486,9,1.852,1.72,1.72,"PREMIUM"
"washingtonpost.com","native",5,"Houston",487,9,1.848,1.72,1.72,"PREMIUM"
"nytimes.com","video",7,"Chicago",488,9,1.844,1.72,1.72,"PREMIUM"
"forbes.com","video",5,"Los Angeles",487,9,1.848,1.72,1.72,"PREMIUM"
"espn.com","banner",7,"Miami",975,18,1.846,1.72,1.72,"PREMIUM"
"cnn.com","native",1,"New York",486,9,1.852,1.72,1.72,"PREMIUM"
"variety.com","video",3,"Dallas-Ft. Worth",488,9,1.844,1.72,1.72,"PREMIUM"
"nytimes.com","native",3,"Chicago",487,9,1.848,1.72,1.72,"PREMIUM"
"bbc.com","video",7,"Miami",486,9,1.852,1.72,1.72,"PREMIUM"
"cnet.com","video",1,"Phoenix",487,9,1.848,1.72,1.72,"PREMIUM"
"espn.com","native",6,"Atlanta",488,9,1.844,1.72,1.72,"PREMIUM"
"cnn.com","native",6,"Houston",489,9,1.84,1.71,1.71,"PREMIUM"
"techcrunch.com","native",3,"New York",490,9,1.837,1.71,1.71,"PREMIUM"
"variety.com","native",3,"Chicago",489,9,1.84,1.71,1.71,"PREMIUM"
"variety.com","native",3,"Denver",490,9,1.837,1.71,1.71,"PREMIUM"
"washingtonpost.com","native",4,"Atlanta",490,9,1.837,1.71,1.71,"PREMIUM"
"foxnews.com","native",5,"Miami",491,9,1.833,1.71,1.71,"PREMIUM"
"variety.com","video",4,"Houston",489,9,1.84,1.71,1.71,"PREMIUM"
"techcrunch.com","video",3,"New York",489,9,1.84,1.71,1.71,"PREMIUM"
"bbc.com","video",1,"Houston",436,8,1.835,1.71,1.71,"PREMIUM"
"people.com","banner",6,"Philadelphia",957,3,0.313,0.29,0.3,"DISCOUNT"
"foxnews.com","banner",4,"Denver",961,3,0.312,0.29,0.3,"DISCOUNT"
"theverge.com","banner",5,"Atlanta",956,3,0.314,0.29,0.3,"DISCOUNT"
"buzzfeed.com","banner",5,"Denver",954,3,0.314,0.29,0.3,"DISCOUNT"
"foxnews.com","banner",3,"Denver",947,3,0.317,0.29,0.3,"DISCOUNT"
"tmz.com","banner",2,"Miami",972,3,0.309,0.29,0.3,"DISCOUNT"
"buzzfeed.com","banner",1,"Denver",954,3,0.314,0.29,0.3,"DISCOUNT"
"forbes.com","banner",4,"Atlanta",964,3,0.311,0.29,0.3,"DISCOUNT"
"foxnews.com","banner",2,"Chicago",957,3,0.313,0.29,0.3,"DISCOUNT"
"variety.com","banner",7,"Dallas-Ft. Worth",962,3,0.312,0.29,0.3,"DISCOUNT"
"nytimes.com","banner",6,"Houston",1011,3,0.297,0.28,0.3,"DISCOUNT"
"tmz.com","banner",4,"Denver",1006,3,0.298,0.28,0.3,"DISCOUNT"
"washingtonpost.com","banner",3,"Denver",983,3,0.305,0.28,0.3,"DISCOUNT"
"forbes.com","banner",2,"Atlanta",987,3,0.304,0.28,0.3,"DISCOUNT"
"nytimes.com","banner",5,"Phoenix",999,3,0.3,0.28,0.3,"DISCOUNT"
"bbc.com","banner",5,"Philadelphia",985,3,0.305,0.28,0.3,"DISCOUNT"
"cnn.com","banner",1,"Chicago",993,3,0.302,0.28,0.3,"DISCOUNT"
"bbc.com","banner",6,"Miami",982,3,0.305,0.28,0.3,"DISCOUNT"
"techcrunch.com","banner",5,"Denver",989,3,0.303,0.28,0.3,"DISCOUNT"
"espn.com","banner",2,"Los Angeles",985,3,0.305,0.28,0.3,"DISCOUNT"
"cnet.com","banner",1,"Dallas-Ft. Worth",1015,3,0.296,0.28,0.3,"DISCOUNT"
"foxnews.com","banner",1,"Miami",982,3,0.305,0.28,0.3,"DISCOUNT"
"tmz.com","banner",5,"Atlanta",1000,3,0.3,0.28,0.3,"DISCOUNT"
"cnn.com","banner",6,"Miami",986,3,0.304,0.28,0.3,"DISCOUNT"
"washingtonpost.com","banner",2,"Phoenix",982,3,0.305,0.28,0.3,"DISCOUNT"
"variety.com","banner",5,"Los Angeles",991,3,0.303,0.28,0.3,"DISCOUNT"
"cnet.com","banner",4,"Phoenix",1000,3,0.3,0.28,0.3,"DISCOUNT"
"tmz.com","banner",6,"Atlanta",997,3,0.301,0.28,0.3,"DISCOUNT"
"people.com","banner",2,"Phoenix",1007,3,0.298,0.28,0.3,"DISCOUNT"
"cnet.com","banner",5,"Philadelphia",1015,3,0.296,0.28,0.3,"DISCOUNT"
"foxnews.com","banner",2,"Miami",1028,3,0.292,0.27,0.3,"DISCOUNT"
"forbes.com","banner",2,"New York",1036,3,0.29,0.27,0.3,"DISCOUNT"
"buzzfeed.com","banner",5,"Houston",1016,3,0.295,0.27,0.3,"DISCOUNT"
"forbes.com","banner",2,"Philadelphia",1016,3,0.295,0.27,0.3,"DISCOUNT"
"tmz.com","banner",7,"Philadelphia",1062,3,0.282,0.26,0.3,"DISCOUNT"
"buzzfeed.com","video",6,"Chicago",433,1,0.231,0.22,0.3,"DISCOUNT"
"forbes.com","video",6,"Philadelphia",424,1,0.236,0.22,0.3,"DISCOUNT"
"variety.com","native",1,"Dallas-Ft. Worth",450,1,0.222,0.21,0.3,"DISCOUNT"
"cnn.com","native",2,"New York",437,1,0.229,0.21,0.3,"DISCOUNT"
"variety.com","native",6,"Phoenix",445,1,0.225,0.21,0.3,"DISCOUNT"
"bbc.com","video",2,"Phoenix",450,1,0.222,0.21,0.3,"DISCOUNT"
"espn.com","banner",2,"Chicago",883,2,0.227,0.21,0.3,"DISCOUNT"
"techcrunch.com","video",6,"Denver",452,1,0.221,0.21,0.3,"DISCOUNT"
"espn.com","banner",2,"Houston",901,2,0.222,0.21,0.3,"DISCOUNT"
"espn.com","banner",6,"Atlanta",904,2,0.221,0.21,0.3,"DISCOUNT"
"buzzfeed.com","banner",5,"Phoenix",880,2,0.227,0.21,0.3,"DISCOUNT"
"theverge.com","banner",2,"Los Angeles",884,2,0.226,0.21,0.3,"DISCOUNT"
"foxnews.com","banner",2,"Phoenix",884,2,0.226,0.21,0.3,"DISCOUNT"
"nytimes.com","video",2,"Phoenix",442,1,0.226,0.21,0.3,"DISCOUNT"
"theverge.com","banner",2,"Denver",901,2,0.222,0.21,0.3,"DISCOUNT"
"nytimes.com","native",2,"Dallas-Ft. Worth",449,1,0.223,0.21,0.3,"DISCOUNT"
"bbc.com","banner",7,"Los Angeles",921,6,0.651,0.61,0.61,"DISCOUNT"
"washingtonpost.com","video",6,"Denver",459,3,0.654,0.61,0.61,"DISCOUNT"
"tmz.com","native",2,"Chicago",458,3,0.655,0.61,0.61,"DISCOUNT"
"variety.com","banner",7,"Phoenix",913,6,0.657,0.61,0.61,"DISCOUNT"
"buzzfeed.com","banner",3,"Denver",936,6,0.641,0.6,0.6,"DISCOUNT"
"forbes.com","video",6,"New York",462,3,0.649,0.6,0.6,"DISCOUNT"
"variety.com","native",2,"New York",465,3,0.645,0.6,0.6,"DISCOUNT"
"forbes.com","banner",4,"Los Angeles",931,6,0.644,0.6,0.6,"DISCOUNT"
"forbes.com","banner",4,"New York",939,6,0.639,0.6,0.6,"DISCOUNT"
"forbes.com","video",6,"Dallas-Ft. Worth",467,3,0.642,0.6,0.6,"DISCOUNT"
"tmz.com","video",4,"Atlanta",462,3,0.649,0.6,0.6,"DISCOUNT"
"cnet.com","banner",7,"Chicago",931,6,0.644,0.6,0.6,"DISCOUNT"
"weather.com","native",2,"Phoenix",469,3,0.64,0.6,0.6,"DISCOUNT"
"theverge.com","video",4,"Los Angeles",464,3,0.647,0.6,0.6,"DISCOUNT"
"cnet.com","native",6,"Denver",467,3,0.642,0.6,0.6,"DISCOUNT"
"people.com","banner",7,"Chicago",928,6,0.647,0.6,0.6,"DISCOUNT"
"nytimes.com","video",2,"Chicago",463,3,0.648,0.6,0.6,"DISCOUNT"
"techcrunch.com","native",4,"Dallas-Ft. Worth",465,3,0.645,0.6,0.6,"DISCOUNT"
"forbes.com","banner",1,"Denver",926,6,0.648,0.6,0.6,"DISCOUNT"
"nytimes.com","banner",4,"Dallas-Ft. Worth",936,6,0.641,0.6,0.6,"DISCOUNT"
"buzzfeed.com","native",5,"Denver",469,3,0.64,0.6,0.6,"DISCOUNT"
"theverge.com","video",2,"Dallas-Ft. Worth",469,3,0.64,0.6,0.6,"DISCOUNT"
"bbc.com","native",1,"Phoenix",467,3,0.642,0.6,0.6,"DISCOUNT"
"washingtonpost.com","native",2,"Los Angeles",463,3,0.648,0.6,0.6,"DISCOUNT"
"forbes.com","video",3,"Philadelphia",462,3,0.649,0.6,0.6,"DISCOUNT"
"weather.com","banner",3,"Dallas-Ft. Worth",935,6,0.642,0.6,0.6,"DISCOUNT"
"tmz.com","banner",4,"New York",938,6,0.64,0.6,0.6,"DISCOUNT"
"cnn.com","banner",1,"New York",935,6,0.642,0.6,0.6,"DISCOUNT"
"weather.com","banner",4,"New York",925,6,0.649,0.6,0.6,"DISCOUNT"
"weather.com","banner",5,"Miami",934,6,0.642,0.6,0.6,"DISCOUNT"
"bbc.com","banner",6,"Chicago",927,6,0.647,0.6,0.6,"DISCOUNT"
"washingtonpost.com","banner",4,"Philadelphia",929,6,0.646,0.6,0.6,"DISCOUNT"
"buzzfeed.com","native",6,"Atlanta",462,3,0.649,0.6,0.6,"DISCOUNT"
"cnn.com","banner",6,"Los Angeles",925,6,0.649,0.6,0.6,"DISCOUNT"
"forbes.com","video",2,"Philadelphia",464,3,0.647,0.6,0.6,"DISCOUNT"
"bbc.com","native",2,"Atlanta",468,3,0.641,0.6,0.6,"DISCOUNT"
"theverge.com","video",2,"Atlanta",467,3,0.642,0.6,0.6,"DISCOUNT"
"people.com","banner",4,"Phoenix",925,6,0.649,0.6,0.6,"DISCOUNT"
"espn.com","banner",4,"Chicago",937,6,0.64,0.6,0.6,"DISCOUNT"
"washingtonpost.com","video",4,"Chicago",463,3,0.648,0.6,0.6,"DISCOUNT"
"variety.com","banner",1,"Denver",933,6,0.643,0.6,0.6,"DISCOUNT"
"tmz.com","video",5,"New York",463,3,0.648,0.6,0.6,"DISCOUNT"
"bbc.com","banner",4,"Denver",929,6,0.646,0.6,0.6,"DISCOUNT"
"cnn.com","video",2,"Denver",464,3,0.647,0.6,0.6,"DISCOUNT"
"tmz.com","native",4,"Miami",463,3,0.648,0.6,0.6,"DISCOUNT"
"techcrunch.com","banner",5,"Dallas-Ft. Worth",930,6,0.645,0.6,0.6,"DISCOUNT"
"espn.com","banner",4,"New York",937,6,0.64,0.6,0.6,"DISCOUNT"
"bbc.com","banner",1,"New York",928,6,0.647,0.6,0.6,"DISCOUNT"
"theverge.com","native",5,"Dallas-Ft. Worth",463,9,1.944,1.81,1.81,"PREMIUM"
"foxnews.com","native",7,"New York",462,9,1.948,1.81,1.81,"PREMIUM"
"foxnews.com","native",3,"Dallas-Ft. Worth",514,10,1.946,1.81,1.81,"PREMIUM"
"techcrunch.com","video",3,"Houston",464,9,1.94,1.81,1.81,"PREMIUM"
"washingtonpost.com","native",1,"Chicago",463,9,1.944,1.81,1.81,"PREMIUM"
"people.com","native",7,"Philadelphia",463,9,1.944,1.81,1.81,"PREMIUM"
"weather.com","native",4,"Chicago",462,9,1.948,1.81,1.81,"PREMIUM"
"weather.com","native",1,"Dallas-Ft. Worth",465,9,1.935,1.8,1.8,"PREMIUM"
"washingtonpost.com","video",2,"Chicago",466,9,1.931,1.8,1.8,"PREMIUM"
"theverge.com","native",7,"Atlanta",465,9,1.935,1.8,1.8,"PREMIUM"
"cnn.com","video",3,"Los Angeles",465,9,1.935,1.8,1.8,"PREMIUM"
"theverge.com","native",1,"New York",519,10,1.927,1.79,1.79,"PREMIUM"
"buzzfeed.com","native",7,"New York",467,9,1.927,1.79,1.79,"PREMIUM"
"tmz.com","video",3,"Los Angeles",469,9,1.919,1.79,1.79,"PREMIUM"
"bbc.com","native",5,"Los Angeles",469,9,1.919,1.79,1.79,"PREMIUM"
"washingtonpost.com","video",7,"Miami",469,9,1.919,1.79,1.79,"PREMIUM"
"cnn.com","video",3,"Dallas-Ft. Worth",467,9,1.927,1.79,1.79,"PREMIUM"
"washingtonpost.com","video",4,"Denver",469,9,1.919,1.79,1.79,"PREMIUM"
"nytimes.com","native",3,"Phoenix",520,10,1.923,1.79,1.79,"PREMIUM"
"cnn.com","native",7,"Phoenix",521,10,1.919,1.79,1.79,"PREMIUM"
"foxnews.com","video",4,"Phoenix",471,9,1.911,1.78,1.78,"PREMIUM"
"forbes.com","native",6,"Houston",471,9,1.911,1.78,1.78,"PREMIUM"
"people.com","native",1,"Miami",524,10,1.908,1.78,1.78,"PREMIUM"
"theverge.com","native",1,"Atlanta",471,9,1.911,1.78,1.78,"PREMIUM"
"techcrunch.com","native",7,"Dallas-Ft. Worth",471,9,1.911,1.78,1.78,"PREMIUM"
"tmz.com","video",6,"Houston",472,9,1.907,1.78,1.78,"PREMIUM"
"theverge.com","native",6,"Los Angeles",471,9,1.911,1.78,1.78,"PREMIUM"
"people.com","native",4,"Philadelphia",470,9,1.915,1.78,1.78,"PREMIUM"
"forbes.com","native",3,"New York",472,9,1.907,1.78,1.78,"PREMIUM"
"weather.com","video",5,"Atlanta",471,9,1.911,1.78,1.78,"PREMIUM"
"espn.com","native",7,"Philadelphia",473,9,1.903,1.77,1.77,"PREMIUM"
"theverge.com","native",7,"Phoenix",474,9,1.899,1.77,1.77,"PREMIUM"
"nytimes.com","video",3,"Phoenix",473,9,1.903,1.77,1.77,"PREMIUM"
"bbc.com","video",7,"Denver",474,9,1.899,1.77,1.77,"PREMIUM"
"forbes.com","native",7,"Dallas-Ft. Worth",422,8,1.896,1.77,1.77,"PREMIUM"
"techcrunch.com","native",1,"Chicago",476,9,1.891,1.76,1.76,"PREMIUM"
"washingtonpost.com","native",5,"Chicago",528,10,1.894,1.76,1.76,"PREMIUM"
"buzzfeed.com","banner",3,"New York",900,17,1.889,1.76,1.76,"PREMIUM"
"washingtonpost.com","video",7,"New York",475,9,1.895,1.76,1.76,"PREMIUM"
"techcrunch.com","video",4,"Atlanta",477,9,1.887,1.76,1.76,"PREMIUM"
"washingtonpost.com","video",3,"Chicago",424,8,1.887,1.76,1.76,"PREMIUM"
"variety.com","video",4,"Denver",476,9,1.891,1.76,1.76,"PREMIUM"
"espn.com","native",1,"Dallas-Ft. Worth",476,9,1.891,1.76,1.76,"PREMIUM"
"cnn.com","native",7,"Philadelphia",480,9,1.875,1.75,1.75,"PREMIUM"
"foxnews.com","video",7,"Chicago",478,9,1.883,1.75,1.75,"PREMIUM"
"variety.com","video",4,"Miami",480,9,1.875,1.75,1.75,"PREMIUM"
"nytimes.com","video",4,"Phoenix",426,8,1.878,1.75,1.75,"PREMIUM"
"theverge.com","native",1,"Houston",478,9,1.883,1.75,1.75,"PREMIUM"
"washingtonpost.com","native",4,"New York",478,9,1.883,1.75,1.75,"PREMIUM"
"tmz.com","native",7,"New York",514,19,3.696,3.44,2.5,"PREMIUM"
"people.com","native",4,"Los Angeles",460,17,3.696,3.44,2.5,"PREMIUM"
"techcrunch.com","native",3,"Miami",461,17,3.688,3.43,2.5,"PREMIUM"
"washingtonpost.com","native",7,"Los Angeles",488,18,3.689,3.43,2.5,"PREMIUM"
"nytimes.com","native",7,"Houston",462,17,3.68,3.43,2.5,"PREMIUM"
"weather.com","native",7,"New York",490,18,3.673,3.42,2.5,"PREMIUM"
"people.com","native",4,"Miami",492,18,3.659,3.41,2.5,"PREMIUM"
"buzzfeed.com","native",3,"Houston",464,17,3.664,3.41,2.5,"PREMIUM"
"espn.com","native",7,"Los Angeles",492,18,3.659,3.41,2.5,"PREMIUM"
"espn.com","video",7,"Chicago",465,17,3.656,3.4,2.5,"PREMIUM"
"espn.com","native",7,"Dallas-Ft. Worth",438,16,3.653,3.4,2.5,"PREMIUM"
"people.com","native",7,"Miami",467,17,3.64,3.39,2.5,"PREMIUM"
"people.com","native",1,"Los Angeles",469,17,3.625,3.38,2.5,"PREMIUM"
"people.com","video",7,"New York",498,18,3.614,3.37,2.5,"PREMIUM"
"weather.com","native",7,"Miami",502,18,3.586,3.34,2.5,"PREMIUM"
"espn.com","video",7,"Miami",476,17,3.571,3.33,2.5,"PREMIUM"
"people.com","native",3,"Dallas-Ft. Worth",505,18,3.564,3.32,2.5,"PREMIUM"
"people.com","video",5,"Los Angeles",533,19,3.565,3.32,2.5,"PREMIUM"
"people.com","video",7,"Denver",537,19,3.538,3.29,2.5,"PREMIUM"
"cnn.com","native",7,"Chicago",424,15,3.538,3.29,2.5,"PREMIUM"
"people.com","native",3,"Miami",509,18,3.536,3.29,2.5,"PREMIUM"
"weather.com","video",1,"Chicago",509,18,3.536,3.29,2.5,"PREMIUM"
"foxnews.com","native",3,"Los Angeles",454,16,3.524,3.28,2.5,"PREMIUM"
"people.com","video",5,"Chicago",483,17,3.52,3.28,2.5,"PREMIUM"
"theverge.com","video",3,"Houston",485,17,3.505,3.26,2.5,"PREMIUM"
"forbes.com","video",7,"Chicago",485,17,3.505,3.26,2.5,"PREMIUM"
"people.com","native",3,"Denver",461,16,3.471,3.23,2.5,"PREMIUM"
"espn.com","video",3,"Miami",469,16,3.412,3.18,2.5,"PREMIUM"
"espn.com","native",1,"Phoenix",499,17,3.407,3.17,2.5,"PREMIUM"
"espn.com","video",1,"Chicago",472,16,3.39,3.16,2.5,"PREMIUM"
"cnn.com","video",7,"New York",471,16,3.397,3.16,2.5,"PREMIUM"
"washingtonpost.com","native",7,"Atlanta",475,16,3.368,3.14,2.5,"PREMIUM"
"techcrunch.com","video",7,"Atlanta",506,17,3.36,3.13,2.5,"PREMIUM"
"espn.com","native",7,"New York",507,17,3.353,3.12,2.5,"PREMIUM"
"techcrunch.com","video",4,"New York",477,16,3.354,3.12,2.5,"PREMIUM"
"espn.com","native",3,"Denver",479,16,3.34,3.11,2.5,"PREMIUM"
"buzzfeed.com","video",7,"Atlanta",449,15,3.341,3.11,2.5,"PREMIUM"
"bbc.com","native",3,"Atlanta",479,16,3.34,3.11,2.5,"PREMIUM"
"buzzfeed.com","video",7,"Houston",509,17,3.34,3.11,2.5,"PREMIUM"
"theverge.com","native",3,"New York",481,16,3.326,3.1,2.5,"PREMIUM"
"cnet.com","native",7,"Chicago",480,16,3.333,3.1,2.5,"PREMIUM"
"washingtonpost.com","native",1,"Los Angeles",482,16,3.32,3.09,2.5,"PREMIUM"
"espn.com","video",3,"Atlanta",483,16,3.313,3.08,2.5,"PREMIUM"
"washingtonpost.com","video",4,"Atlanta",516,17,3.295,3.07,2.5,"PREMIUM"
"cnet.com","native",1,"Los Angeles",457,15,3.282,3.06,2.5,"PREMIUM"
"people.com","video",1,"Houston",458,15,3.275,3.05,2.5,"PREMIUM"
"cnn.com","native",7,"Atlanta",521,17,3.263,3.04,2.5,"PREMIUM"
