"AUCTION_ID","EVENT_TYPE","PUBLISHER_DOMAIN","CREATIVE_FORMAT","PLACEMENT_NAME","DEVICE_TYPE","DEVICE_PLATFORM","APP_NAME","BRAND_ID","BRAND_NAME","PURCHASE_AMOUNT","MATCH_CODE"
"dc559a9c-975f-483f-b162-5ca206090a70","video_complete","buzzfeed.com","Hover","CTV Venti Package","Tablet","","",1144910,"Netflix",7.47,"MDI1"
"1fd25bde-e412-424c-9484-d9af9cafd81c","video_midpoint","espn.com","Hover","CTV Venti Package","Tablet","","",1144750,"Target",7.4,"MDI1"
"598c62f7-174e-43ce-871d-a83145c92c78","video_complete","forbes.com","ABA Display","Mobile Hover","Connected TV","Samsung TV","",1144910,"Netflix",7.64,"MDI1"
"7b78e318-3bfe-492a-9fd3-55e47d64ae69","video_complete","usatoday.com","Hover","Middle Banner - Standard","Phone","","",1144850,"Sephora",7.51,"MDI1"
"ed61e790-a5da-4fef-aa91-e654d5b4692d","click","people.com","HighRise","Middle Banner - Standard","Tablet","","",1144761,"Old Navy",7.5,"MDI1"
"73c58739-04d8-4d6b-8a4a-ef68c4beb2b6","impression","buzzfeed.com","Venti","Mobile Hover","Computer","","Tubi",1144790,"Apple",7.44,"MDI1"
"73c58739-04d8-4d6b-8a4a-ef68c4beb2b6","impression","buzzfeed.com","Venti","Mobile Hover","Computer","","Tubi",1144790,"Apple",7.44,"MDI1"
"73c58739-04d8-4d6b-8a4a-ef68c4beb2b6","impression","buzzfeed.com","Venti","Mobile Hover","Computer","","Tubi",1144790,"Apple",7.44,"MDI1"
"26209d44-9f01-4320-a38e-71ded9f51284","impression","espn.com","HighRise","Mobile Hover","Phone","","",1144761,"Old Navy",7.43,"MDI1"
"b1e5d11a-3e56-4148-bb72-f38be40ef364","impression","tmz.com","Venti","Breakaway Display","Phone","Fire TV","",1144790,"Apple",7.48,"MDI1"
"61aa1d56-1099-4f2d-aeaa-2f7610387e1a","impression","forbes.com","Breakaway","Mobile Hover","Phone","","",1144721,"Starbucks",7.44,"MDI1"
"68e6645e-59c5-4e34-8c7f-82dbbc8c2976","video_midpoint","tmz.com","Venti","CTV Venti Package","Connected TV","","",1144722,"Chick-fil-A",7.52,"MDI1"
"d74f2a72-e3be-4f0f-9c74-37364221e227","click","forbes.com","Breakaway","Middle Banner - Standard","Phone","Roku","",1144750,"Target",7.65,"MDI1"
"d74f2a72-e3be-4f0f-9c74-37364221e227","click","forbes.com","Breakaway","Middle Banner - Standard","Phone","Roku","",1144750,"Target",7.65,"MDI1"
"4aa3de66-8810-4075-bea6-48fed1a9cbfc","video_complete","people.com","Venti","Anchor w Video Package","Tablet","Apple TV","Tubi",1144910,"Netflix",7.49,"MDI1"
"dfea821c-592f-4caa-aa54-18a15a1569c8","impression","tmz.com","Hover","Anchor w Video Package","Tablet","","Tubi",1144750,"Target",7.48,"MDI1"
"dfea821c-592f-4caa-aa54-18a15a1569c8","impression","tmz.com","Hover","Anchor w Video Package","Tablet","","Tubi",1144750,"Target",7.48,"MDI1"
"1d3cd644-8431-44eb-9f2f-16566d717bb1","video_start","buzzfeed.com","Breakaway","Middle Banner - Standard","Connected TV","","",1144722,"Chick-fil-A",7.45,"MDI1"
"128ace50-c3e6-4353-a598-df21bd61f9d6","click","usatoday.com","Breakaway","Runway Premium","Computer","","Fubo TV",1144910,"Netflix",7.47,"MDI1"
"128ace50-c3e6-4353-a598-df21bd61f9d6","click","usatoday.com","Breakaway","Runway Premium","Computer","","Fubo TV",1144910,"Netflix",7.47,"MDI1"
"22758ae4-c8d5-49f3-b814-72599b2cf078","video_load","weather.com","Venti","Mobile Hover","Phone","","",1144761,"Old Navy",7.44,"MDI1"
"574745b8-7d10-4420-8082-8b5d9e86cc73","impression","espn.com","Hover","Mobile Hover","Computer","","",1144750,"Target",7.4,"MDI1"
"108a6ca5-ac7f-40d0-bc6b-73ecde756dcf","click","nytimes.com","Venti","Mobile Hover","Connected TV","LG Smart TV","",1144761,"Old Navy",7.44,"MDI1"
"108a6ca5-ac7f-40d0-bc6b-73ecde756dcf","click","nytimes.com","Venti","Mobile Hover","Connected TV","LG Smart TV","",1144761,"Old Navy",7.44,"MDI1"
"44f54de1-a479-486e-9e28-be1cbdec31b2","video_complete","espn.com","Venti","Middle Banner - Standard","Phone","","",1144750,"Target",7.45,"MDI1"
"44f54de1-a479-486e-9e28-be1cbdec31b2","video_complete","espn.com","Venti","Middle Banner - Standard","Phone","","",1144750,"Target",7.45,"MDI1"
"397af236-bfd0-458c-9886-d98b4bcc0070","impression","nytimes.com","Hover","Breakaway Display","Phone","","",1144673,"Walmart Grocery",7.49,"MDI1"
"397af236-bfd0-458c-9886-d98b4bcc0070","impression","nytimes.com","Hover","Breakaway Display","Phone","","",1144673,"Walmart Grocery",7.49,"MDI1"
"397af236-bfd0-458c-9886-d98b4bcc0070","impression","nytimes.com","Hover","Breakaway Display","Phone","","",1144673,"Walmart Grocery",7.49,"MDI1"
"ee2fc0e8-87ae-4cf1-8b7e-92f440931fc9","video_start","weather.com","ABA Display","Anchor w Video Package","Phone","","",1144850,"Sephora",7.49,"MDI1"
"059210e8-4987-4801-9784-ff2a733dcc6b","click","tmz.com","ABA Display","Anchor w Video Package","Tablet","","Fubo TV",1144850,"Sephora",7.55,"MDI1"
"5813c231-d2c6-4d86-9540-e5c6b34858e9","video_complete","buzzfeed.com","HighRise","Middle Banner - Standard","Phone","","Peacock",1144673,"Walmart Grocery",7.48,"MDI1"
"5813c231-d2c6-4d86-9540-e5c6b34858e9","video_complete","buzzfeed.com","HighRise","Middle Banner - Standard","Phone","","Peacock",1144673,"Walmart Grocery",7.48,"MDI1"
"cee3a6a6-188f-4d52-9eff-b837c61d4316","video_midpoint","theverge.com","Venti","Middle Banner - Standard","Phone","Roku","Fubo TV",1144750,"Target",7.43,"MDI1"
"42cd06e3-3431-4763-ba36-7f59cd0ce56d","impression","forbes.com","HighRise","Anchor w Video Package","Phone","","Tubi",1144850,"Sephora",7.39,"MDI1"
"a764de97-ed9b-4e3f-90ed-c8f7377e608c","impression","forbes.com","Hover","Runway Premium","Phone","","",1144790,"Apple",7.43,"MDI1"
"a7503cd9-4aa3-46ef-bcb0-94f141f14e54","video_start","tmz.com","Runway","CTV Venti Package","Connected TV","Android TV","",1144850,"Sephora",7.49,"MDI1"
"a7503cd9-4aa3-46ef-bcb0-94f141f14e54","video_start","tmz.com","Runway","CTV Venti Package","Connected TV","Android TV","",1144850,"Sephora",7.49,"MDI1"
"74f7eca6-64c3-433b-bfec-eda7e22a8135","impression","weather.com","Hover","Runway Premium","Connected TV","Roku","",1144790,"Apple",7.53,"MDI1"
"a2aeadfe-2b17-4b03-b341-9938b6d21bcd","click","nytimes.com","ABA Display","Middle Banner - Standard","Tablet","Fire TV","",1144790,"Apple",7.52,"MDI1"
"a2aeadfe-2b17-4b03-b341-9938b6d21bcd","click","nytimes.com","ABA Display","Middle Banner - Standard","Tablet","Fire TV","",1144790,"Apple",7.52,"MDI1"
"a2aeadfe-2b17-4b03-b341-9938b6d21bcd","click","nytimes.com","ABA Display","Middle Banner - Standard","Tablet","Fire TV","",1144790,"Apple",7.52,"MDI1"
"89f59e5a-a213-4bf6-8986-cbc28bb6c197","click","variety.com","ABA Display","Middle Banner - Standard","Computer","LG Smart TV","",1144800,"Home Depot",7.55,"MDI1"
"07411851-32b8-41f4-8422-bc11cc7611d6","video_midpoint","usatoday.com","HighRise","Runway Premium","Connected TV","","",1144673,"Walmart Grocery",7.41,"MDI1"
"8e635cab-49f1-4c7c-add8-b1c3fe4cf671","video_firstquartile","people.com","Runway","Middle Banner - Standard","Phone","","",1144800,"Home Depot",7.39,"MDI1"
"8e635cab-49f1-4c7c-add8-b1c3fe4cf671","video_firstquartile","people.com","Runway","Middle Banner - Standard","Phone","","",1144800,"Home Depot",7.39,"MDI1"
"9bd9fc10-925b-493b-ab4a-9782c2bfea08","impression","buzzfeed.com","HighRise","Anchor w Video Package","Connected TV","","Peacock",1144750,"Target",7.44,"MDI1"
"9bd9fc10-925b-493b-ab4a-9782c2bfea08","impression","buzzfeed.com","HighRise","Anchor w Video Package","Connected TV","","Peacock",1144750,"Target",7.44,"MDI1"
"547961ea-be89-4240-abc9-c15d1054f8c2","video_firstquartile","weather.com","Venti","Middle Banner - Standard","Connected TV","","",1144790,"Apple",7.42,"MDI1"
"547961ea-be89-4240-abc9-c15d1054f8c2","video_firstquartile","weather.com","Venti","Middle Banner - Standard","Connected TV","","",1144790,"Apple",7.42,"MDI1"
"45814ba5-af29-4c5b-9eb5-60123755a4cf","video_complete","cnn.com","HighRise","Breakaway Display","Tablet","Apple TV","",1144790,"Apple",7.51,"MDI1"
"474c7914-c4b2-41eb-b43a-b6bea9fc38a7","video_firstquartile","forbes.com","Breakaway","Runway Premium","Tablet","Roku","Fubo TV",1144720,"McDonalds",7.4,"MDI1"
"23040da8-204f-44ca-abe6-c21cee998f08","video_thirdquartile","weather.com","Breakaway","Anchor w Video Package","Connected TV","Samsung TV","",1144673,"Walmart Grocery",7.51,"MDI1"
"23040da8-204f-44ca-abe6-c21cee998f08","video_thirdquartile","weather.com","Breakaway","Anchor w Video Package","Connected TV","Samsung TV","",1144673,"Walmart Grocery",7.51,"MDI1"
"aef9e6bc-0568-4dd8-b475-23e3700dadc9","impression","espn.com","ABA Display","Middle Banner - Standard","Phone","","",1144760,"Nike",7.5,"MDI1"
"aef9e6bc-0568-4dd8-b475-23e3700dadc9","impression","espn.com","ABA Display","Middle Banner - Standard","Phone","","",1144760,"Nike",7.5,"MDI1"
"aef9e6bc-0568-4dd8-b475-23e3700dadc9","impression","espn.com","ABA Display","Middle Banner - Standard","Phone","","",1144760,"Nike",7.5,"MDI1"
"9993d56b-e1bd-4534-b981-310ebae00792","impression","weather.com","Runway","CTV Venti Package","Phone","","",1144780,"CVS",7.5,"MDI1"
"9993d56b-e1bd-4534-b981-310ebae00792","impression","weather.com","Runway","CTV Venti Package","Phone","","",1144780,"CVS",7.5,"MDI1"
"a2532e77-0f23-4cd0-b21d-0af389b38a3f","video_midpoint","espn.com","ABA Display","Mobile Hover","Computer","Fire TV","Pluto TV",1144722,"Chick-fil-A",7.43,"MDI1"
"74741ad6-8b94-41e5-92f8-97c44b9b67e9","video_firstquartile","variety.com","Venti","CTV Venti Package","Connected TV","Roku","",1144750,"Target",7.48,"MDI1"
"74741ad6-8b94-41e5-92f8-97c44b9b67e9","video_firstquartile","variety.com","Venti","CTV Venti Package","Connected TV","Roku","",1144750,"Target",7.48,"MDI1"
"39079ce2-ac73-4472-9fdd-64dceef49eb8","impression","cnn.com","HighRise","Runway Premium","Phone","","Pluto TV",1144761,"Old Navy",7.44,"MDI1"
"34d6907a-96d4-4b2f-a225-0d73dd741d0f","video_complete","usatoday.com","Venti","Anchor w Video Package","Phone","","Paramount+",1144780,"CVS",7.45,"MDI1"
"773130fc-233e-4f4c-8056-f5b09238cd68","impression","cnn.com","Venti","Runway Premium","Phone","","",1144850,"Sephora",7.45,"MDI1"
"773130fc-233e-4f4c-8056-f5b09238cd68","impression","cnn.com","Venti","Runway Premium","Phone","","",1144850,"Sephora",7.45,"MDI1"
"1306e902-c119-44c2-81d2-b78c6f30e1a7","video_start","cnn.com","Breakaway","Runway Premium","Tablet","","",1144673,"Walmart Grocery",7.4,"MDI1"
"ead591b6-a55c-4f17-ba1c-587626cae3d9","video_load","usatoday.com","Runway","Middle Banner - Standard","Tablet","","",1144910,"Netflix",7.41,"MDI1"
"76973a3d-3d2a-4616-899d-d48e085f248e","video_firstquartile","espn.com","Breakaway","Mobile Hover","Phone","","",1144750,"Target",7.41,"MDI1"
"68afeda1-9c8a-4265-99ef-1a8f5c936936","video_complete","people.com","ABA Display","Breakaway Display","Connected TV","","",1144760,"Nike",7.6,"MDI1"
"68afeda1-9c8a-4265-99ef-1a8f5c936936","video_complete","people.com","ABA Display","Breakaway Display","Connected TV","","",1144760,"Nike",7.6,"MDI1"
"68afeda1-9c8a-4265-99ef-1a8f5c936936","video_complete","people.com","ABA Display","Breakaway Display","Connected TV","","",1144760,"Nike",7.6,"MDI1"
"1d139bf2-6bd6-4289-8c65-2615cc800b21","impression","theverge.com","ABA Display","Middle Banner - Standard","Tablet","","",1144720,"McDonalds",7.47,"MDI1"
"1d139bf2-6bd6-4289-8c65-2615cc800b21","impression","theverge.com","ABA Display","Middle Banner - Standard","Tablet","","",1144720,"McDonalds",7.47,"MDI1"
"54448f73-8ed4-44e0-92e5-a3af6e7d3cc3","video_thirdquartile","techcrunch.com","Breakaway","Anchor w Video Package","Phone","","",1144790,"Apple",7.48,"MDI1"
"95844ecb-5b9f-4f0c-aab5-91162fdb7848","impression","cnn.com","Hover","CTV Venti Package","Tablet","","",1144761,"Old Navy",7.41,"MDI1"
"0e8073de-7faf-422f-91d4-5bec77fbbd68","impression","espn.com","ABA Display","Runway Premium","Tablet","","",1144720,"McDonalds",7.43,"MDI1"
"0e8073de-7faf-422f-91d4-5bec77fbbd68","impression","espn.com","ABA Display","Runway Premium","Tablet","","",1144720,"McDonalds",7.43,"MDI1"
"18b10a7c-2624-47fd-a140-2e2682711299","video_complete","weather.com","Hover","CTV Venti Package","Connected TV","","",1144722,"Chick-fil-A",7.45,"MDI1"
"18b10a7c-2624-47fd-a140-2e2682711299","video_complete","weather.com","Hover","CTV Venti Package","Connected TV","","",1144722,"Chick-fil-A",7.45,"MDI1"
"18b10a7c-2624-47fd-a140-2e2682711299","video_complete","weather.com","Hover","CTV Venti Package","Connected TV","","",1144722,"Chick-fil-A",7.45,"MDI1"
"122120f0-1750-45b4-8669-9b1c5d5b6076","video_complete","forbes.com","Breakaway","CTV Venti Package","Connected TV","","",1144760,"Nike",7.57,"MDI1"
"122120f0-1750-45b4-8669-9b1c5d5b6076","video_complete","forbes.com","Breakaway","CTV Venti Package","Connected TV","","",1144760,"Nike",7.57,"MDI1"
"c0cef8b6-855c-47d6-99dd-519d6a0ec2d2","click","nytimes.com","Venti","Runway Premium","Computer","","Pluto TV",1144761,"Old Navy",7.42,"MDI1"
"c0cef8b6-855c-47d6-99dd-519d6a0ec2d2","click","nytimes.com","Venti","Runway Premium","Computer","","Pluto TV",1144761,"Old Navy",7.42,"MDI1"
"19b67145-e6f1-48d4-b2b2-8a283fcb83e5","video_thirdquartile","buzzfeed.com","Venti","Breakaway Display","Computer","","Tubi",1144790,"Apple",7.42,"MDI1"
"19b67145-e6f1-48d4-b2b2-8a283fcb83e5","video_thirdquartile","buzzfeed.com","Venti","Breakaway Display","Computer","","Tubi",1144790,"Apple",7.42,"MDI1"
"532ee68a-1f21-4c90-aa3a-7f4201074b61","impression","people.com","HighRise","Breakaway Display","Phone","Roku","Paramount+",1144720,"McDonalds",7.47,"MDI1"
"532ee68a-1f21-4c90-aa3a-7f4201074b61","impression","people.com","HighRise","Breakaway Display","Phone","Roku","Paramount+",1144720,"McDonalds",7.47,"MDI1"
"d84abb70-efd1-40e4-a832-b6cb9d8f3c8c","video_load","cnn.com","Breakaway","Middle Banner - Standard","Phone","Roku","",1144721,"Starbucks",7.48,"MDI1"
"6e830b4c-feb7-4e9b-aebf-3dfe8735ed2e","video_load","espn.com","HighRise","Anchor w Video Package","Connected TV","","",1144910,"Netflix",7.48,"MDI1"
"6e830b4c-feb7-4e9b-aebf-3dfe8735ed2e","video_load","espn.com","HighRise","Anchor w Video Package","Connected TV","","",1144910,"Netflix",7.48,"MDI1"
"6a844f4f-c5a0-41f8-873a-b47ef237e3f6","video_load","weather.com","Venti","Mobile Hover","Phone","LG Smart TV","Pluto TV",1144722,"Chick-fil-A",7.49,"MDI1"
"6a844f4f-c5a0-41f8-873a-b47ef237e3f6","video_load","weather.com","Venti","Mobile Hover","Phone","LG Smart TV","Pluto TV",1144722,"Chick-fil-A",7.49,"MDI1"
"a4d452a8-1a55-4e9b-a55c-a14a81749ae8","video_midpoint","theverge.com","Venti","Breakaway Display","Connected TV","","",1144721,"Starbucks",7.55,"MDI1"
"a4d452a8-1a55-4e9b-a55c-a14a81749ae8","video_midpoint","theverge.com","Venti","Breakaway Display","Connected TV","","",1144721,"Starbucks",7.55,"MDI1"
"925c6932-5442-4381-82cc-6a57a588f2b0","video_thirdquartile","variety.com","HighRise","Breakaway Display","Phone","","",1144673,"Walmart Grocery",7.51,"MDI1"
"ef5f861f-c556-470d-a73a-3f49fd0dafda","video_thirdquartile","tmz.com","Breakaway","Breakaway Display","Connected TV","","",1144850,"Sephora",7.54,"MDI1"
"0fc37dab-f97c-4b19-b646-1607cd0bc81f","click","cnn.com","Hover","CTV Venti Package","Tablet","","Peacock",1144910,"Netflix",7.56,"MDI1"
"0fc37dab-f97c-4b19-b646-1607cd0bc81f","click","cnn.com","Hover","CTV Venti Package","Tablet","","Peacock",1144910,"Netflix",7.56,"MDI1"
"0fc37dab-f97c-4b19-b646-1607cd0bc81f","click","cnn.com","Hover","CTV Venti Package","Tablet","","Peacock",1144910,"Netflix",7.56,"MDI1"
"26717664-515a-4a88-af46-d5d3a8284d22","impression","usatoday.com","ABA Display","Runway Premium","Connected TV","Samsung TV","",1144720,"McDonalds",7.42,"MDI1"
"26717664-515a-4a88-af46-d5d3a8284d22","impression","usatoday.com","ABA Display","Runway Premium","Connected TV","Samsung TV","",1144720,"McDonalds",7.42,"MDI1"
"2b523d93-c007-461d-949b-6272e407ec40","video_midpoint","techcrunch.com","HighRise","CTV Venti Package","Tablet","Android TV","Peacock",1144673,"Walmart Grocery",7.49,"MDI1"
"151b8b40-99a1-4503-853b-5f46fc905e90","impression","tmz.com","HighRise","Runway Premium","Tablet","Samsung TV","Paramount+",1144780,"CVS",7.44,"MDI1"
"71ea0951-ecca-4991-9364-c08960082c0d","impression","techcrunch.com","ABA Display","Breakaway Display","Phone","Fire TV","",1144761,"Old Navy",7.52,"MDI1"
"b01c9361-9685-4a15-8709-a4b36250a8f8","click","theverge.com","HighRise","Breakaway Display","Connected TV","","",1144673,"Walmart Grocery",7.45,"MDI1"
"b01c9361-9685-4a15-8709-a4b36250a8f8","click","theverge.com","HighRise","Breakaway Display","Connected TV","","",1144673,"Walmart Grocery",7.45,"MDI1"
"55b4c763-f6c4-410d-854b-b5c859978f63","click","variety.com","Runway","Middle Banner - Standard","Tablet","","",1144761,"Old Navy",7.43,"MDI1"
"55b4c763-f6c4-410d-854b-b5c859978f63","click","variety.com","Runway","Middle Banner - Standard","Tablet","","",1144761,"Old Navy",7.43,"MDI1"
"4eae4be9-4b89-4c21-9f6f-acfdd20c03de","impression","espn.com","HighRise","Runway Premium","Tablet","","Fubo TV",1144790,"Apple",7.44,"MDI1"
"43bc8ff8-db90-4e24-b54f-08ff513999d8","impression","espn.com","ABA Display","Anchor w Video Package","Connected TV","","",1144673,"Walmart Grocery",7.52,"MDI1"
"74de577b-3f5e-49b4-9474-cbd8b526b49d","click","techcrunch.com","Breakaway","Mobile Hover","Tablet","","",1144722,"Chick-fil-A",7.56,"MDI1"
"74de577b-3f5e-49b4-9474-cbd8b526b49d","click","techcrunch.com","Breakaway","Mobile Hover","Tablet","","",1144722,"Chick-fil-A",7.56,"MDI1"
"74de577b-3f5e-49b4-9474-cbd8b526b49d","click","techcrunch.com","Breakaway","Mobile Hover","Tablet","","",1144722,"Chick-fil-A",7.56,"MDI1"
"c3c7bfbc-a769-4413-a997-eb27e486fd5e","video_firstquartile","forbes.com","Venti","Mobile Hover","Computer","","",1144761,"Old Navy",7.41,"MDI1"
"c3c7bfbc-a769-4413-a997-eb27e486fd5e","video_firstquartile","forbes.com","Venti","Mobile Hover","Computer","","",1144761,"Old Navy",7.41,"MDI1"
"c3c7bfbc-a769-4413-a997-eb27e486fd5e","video_firstquartile","forbes.com","Venti","Mobile Hover","Computer","","",1144761,"Old Navy",7.41,"MDI1"
"1e43687f-5530-4e13-bb22-35ec781de15c","video_midpoint","theverge.com","Hover","Mobile Hover","Phone","","Paramount+",1144673,"Walmart Grocery",7.48,"MDI1"
"3384f5b7-75e9-4b30-9da4-60496d76b399","video_midpoint","theverge.com","Venti","Runway Premium","Tablet","","Fubo TV",1144910,"Netflix",7.48,"MDI1"
"00c7c5e2-a8c7-43b7-b370-6863ffa56c98","video_thirdquartile","techcrunch.com","Venti","Breakaway Display","Computer","Apple TV","Pluto TV",1144721,"Starbucks",7.49,"MDI1"
"00c7c5e2-a8c7-43b7-b370-6863ffa56c98","video_thirdquartile","techcrunch.com","Venti","Breakaway Display","Computer","Apple TV","Pluto TV",1144721,"Starbucks",7.49,"MDI1"
"00c7c5e2-a8c7-43b7-b370-6863ffa56c98","video_thirdquartile","techcrunch.com","Venti","Breakaway Display","Computer","Apple TV","Pluto TV",1144721,"Starbucks",7.49,"MDI1"
"2e958fef-75a0-498d-99d2-8e9239894650","video_firstquartile","theverge.com","Hover","Anchor w Video Package","Phone","","Peacock",1144790,"Apple",7.47,"MDI1"
"5611ff64-e6d7-4088-8188-f04b86f1bdc2","impression","tmz.com","ABA Display","Middle Banner - Standard","Phone","","",1144722,"Chick-fil-A",7.43,"MDI1"
"5611ff64-e6d7-4088-8188-f04b86f1bdc2","impression","tmz.com","ABA Display","Middle Banner - Standard","Phone","","",1144722,"Chick-fil-A",7.43,"MDI1"
"05f1adeb-5337-44e5-8058-18d2110d46dc","impression","usatoday.com","HighRise","Anchor w Video Package","Tablet","","Fubo TV",1144780,"CVS",7.47,"MDI1"
"02a8e2b8-c9e6-4663-aed9-86306a30d326","video_start","weather.com","HighRise","Anchor w Video Package","Connected TV","Fire TV","",1144760,"Nike",7.43,"MDI1"
"02a8e2b8-c9e6-4663-aed9-86306a30d326","video_start","weather.com","HighRise","Anchor w Video Package","Connected TV","Fire TV","",1144760,"Nike",7.43,"MDI1"
"3e8a6037-8f99-45cb-8c71-b79875444280","video_start","buzzfeed.com","Runway","Anchor w Video Package","Connected TV","Fire TV","",1144722,"Chick-fil-A",7.44,"MDI1"
"e9f3db5b-dfe1-4d16-a3a7-58f8e648b627","video_load","theverge.com","ABA Display","Runway Premium","Tablet","","",1144722,"Chick-fil-A",7.42,"MDI1"
"61cc60e5-0cb4-4533-ace5-8319561840c0","impression","techcrunch.com","Runway","Breakaway Display","Tablet","","",1144673,"Walmart Grocery",7.43,"MDI1"
"cf16c15a-e800-47ad-919b-2b0f5bf18d14","video_midpoint","tmz.com","Venti","Breakaway Display","Phone","","",1144720,"McDonalds",7.44,"MDI1"
"5ecf0b3e-a1ed-405f-bf22-67b2385cbc21","video_midpoint","variety.com","ABA Display","Breakaway Display","Computer","","",1144722,"Chick-fil-A",7.4,"MDI1"
"8ad8b7f5-7002-4495-9e56-e7612230ad1c","impression","people.com","ABA Display","Breakaway Display","Connected TV","","",1144790,"Apple",7.4,"MDI1"
"8ad8b7f5-7002-4495-9e56-e7612230ad1c","impression","people.com","ABA Display","Breakaway Display","Connected TV","","",1144790,"Apple",7.4,"MDI1"
"af1c28c0-b5c1-4d3e-be49-55591cdcf143","click","weather.com","Runway","Runway Premium","Connected TV","","",1144790,"Apple",7.55,"MDI1"
"af1c28c0-b5c1-4d3e-be49-55591cdcf143","click","weather.com","Runway","Runway Premium","Connected TV","","",1144790,"Apple",7.55,"MDI1"
"3d8c7ca1-6dde-41ff-bdd3-5f2d235aa2c8","video_midpoint","buzzfeed.com","Hover","Anchor w Video Package","Tablet","","",1144761,"Old Navy",7.42,"MDI1"
"c1cd8e50-e34b-4dc3-ab14-238a55b49410","impression","usatoday.com","HighRise","CTV Venti Package","Connected TV","","",1144780,"CVS",7.5,"MDI1"
"cce86270-8a83-49a8-967f-998d58b8be38","video_complete","espn.com","HighRise","Middle Banner - Standard","Connected TV","","",1144750,"Target",7.49,"MDI1"
"c249c5a8-4dec-4e29-a305-5cc5bd720a91","video_load","forbes.com","Hover","CTV Venti Package","Phone","","",1144790,"Apple",7.47,"MDI1"
"cb1b3f99-f0ae-47b6-a815-3017882f88ac","impression","weather.com","HighRise","CTV Venti Package","Phone","","",1144850,"Sephora",7.4,"MDI1"
"7642dc3a-0678-44b3-b73c-38bf375c160d","click","cnn.com","Hover","Anchor w Video Package","Tablet","","",1144721,"Starbucks",7.45,"MDI1"
"7642dc3a-0678-44b3-b73c-38bf375c160d","click","cnn.com","Hover","Anchor w Video Package","Tablet","","",1144721,"Starbucks",7.45,"MDI1"
"899528b4-bf67-499f-8989-45817ac1b828","impression","people.com","Runway","CTV Venti Package","Tablet","","",1144720,"McDonalds",7.42,"MDI1"
"3542a127-abd8-4a77-8298-02a0cd94e24c","video_firstquartile","tmz.com","Hover","Anchor w Video Package","Tablet","","",1144750,"Target",7.47,"MDI1"
"3542a127-abd8-4a77-8298-02a0cd94e24c","video_firstquartile","tmz.com","Hover","Anchor w Video Package","Tablet","","",1144750,"Target",7.47,"MDI1"
"a4a87348-7722-441d-b5e2-4ff25d3c98d8","video_complete","people.com","Breakaway","Middle Banner - Standard","Computer","","",1144720,"McDonalds",7.43,"MDI1"
"ce803855-e20c-415a-aa2d-e277659e15ad","video_midpoint","variety.com","ABA Display","Runway Premium","Phone","Apple TV","",1144910,"Netflix",7.46,"MDI1"
"d863030a-791d-4a3f-9d6c-a60c68225e11","video_start","people.com","ABA Display","Mobile Hover","Phone","","",1144761,"Old Navy",7.41,"MDI1"
"eb5209b9-3857-4974-80c4-17b8d3588be7","click","tmz.com","Runway","Mobile Hover","Tablet","","",1144722,"Chick-fil-A",7.42,"MDI1"
"6c6daa6f-e985-4c72-b6c1-9cd8eb8f31d0","video_start","usatoday.com","Hover","CTV Venti Package","Computer","","",1144790,"Apple",7.42,"MDI1"
"364c738a-220c-47bf-9ef2-5a74bbb36eac","click","buzzfeed.com","Venti","Runway Premium","Phone","","",1144721,"Starbucks",7.56,"MDI1"
"364c738a-220c-47bf-9ef2-5a74bbb36eac","click","buzzfeed.com","Venti","Runway Premium","Phone","","",1144721,"Starbucks",7.56,"MDI1"
"364c738a-220c-47bf-9ef2-5a74bbb36eac","click","buzzfeed.com","Venti","Runway Premium","Phone","","",1144721,"Starbucks",7.56,"MDI1"
"364c738a-220c-47bf-9ef2-5a74bbb36eac","click","buzzfeed.com","Venti","Runway Premium","Phone","","",1144721,"Starbucks",7.56,"MDI1"
"2ac08ebb-a460-4949-a016-6e83b4e2b744","video_complete","nytimes.com","Runway","Mobile Hover","Phone","","",1144850,"Sephora",7.57,"MDI1"
"30182588-16c6-4c84-becf-b31f87b2f497","impression","people.com","Breakaway","Mobile Hover","Connected TV","","",1144722,"Chick-fil-A",7.4,"MDI1"
"30182588-16c6-4c84-becf-b31f87b2f497","impression","people.com","Breakaway","Mobile Hover","Connected TV","","",1144722,"Chick-fil-A",7.4,"MDI1"
"da498498-0b5a-4fe3-9bd4-bc9ddc650c06","video_complete","espn.com","Hover","Runway Premium","Connected TV","","",1144673,"Walmart Grocery",7.62,"MDI1"
"1b611948-a826-4126-8733-30ab005ab2e1","video_load","espn.com","Hover","Mobile Hover","Computer","","",1144800,"Home Depot",7.47,"MDI1"
"1b611948-a826-4126-8733-30ab005ab2e1","video_load","espn.com","Hover","Mobile Hover","Computer","","",1144800,"Home Depot",7.47,"MDI1"
"ca320492-0c50-4aae-a4da-fb554318ea9e","video_complete","buzzfeed.com","ABA Display","Anchor w Video Package","Connected TV","Android TV","",1144910,"Netflix",7.6,"MDI1"
"89221eb2-286b-41ab-a636-e2985a88f286","impression","techcrunch.com","ABA Display","Anchor w Video Package","Tablet","","",1144722,"Chick-fil-A",7.48,"MDI1"
"89221eb2-286b-41ab-a636-e2985a88f286","impression","techcrunch.com","ABA Display","Anchor w Video Package","Tablet","","",1144722,"Chick-fil-A",7.48,"MDI1"
"d9bbe44f-00a0-43f6-9fea-69a5f80ca1fc","impression","people.com","HighRise","Runway Premium","Tablet","","",1144790,"Apple",7.41,"MDI1"
"fc528244-6652-4c69-bd97-fb3cbfc1a01f","video_load","cnn.com","Runway","CTV Venti Package","Phone","Roku","",1144673,"Walmart Grocery",7.39,"MDI1"
"ba7939db-b979-4fcc-8178-f3bd6b6d917c","video_complete","espn.com","Hover","Middle Banner - Standard","Tablet","","",1144722,"Chick-fil-A",7.45,"MDI1"
"f2352ea1-5afd-4728-b804-15bb177feef4","video_firstquartile","espn.com","Runway","Breakaway Display","Tablet","","Peacock",1144780,"CVS",7.5,"MDI1"
"c22e0be7-19e6-4626-b9c7-8197f37075ef","video_midpoint","espn.com","Runway","Breakaway Display","Tablet","","",1144673,"Walmart Grocery",7.45,"MDI1"
"da6dd719-b66a-4cc1-963e-f04d9b50f86b","click","tmz.com","ABA Display","Anchor w Video Package","Tablet","","",1144673,"Walmart Grocery",7.52,"MDI1"
"da6dd719-b66a-4cc1-963e-f04d9b50f86b","click","tmz.com","ABA Display","Anchor w Video Package","Tablet","","",1144673,"Walmart Grocery",7.52,"MDI1"
"5bbd3064-9a58-4fcf-a02f-5e0b25e89e03","video_start","buzzfeed.com","ABA Display","CTV Venti Package","Tablet","","",1144721,"Starbucks",7.48,"MDI1"
"5bbd3064-9a58-4fcf-a02f-5e0b25e89e03","video_start","buzzfeed.com","ABA Display","CTV Venti Package","Tablet","","",1144721,"Starbucks",7.48,"MDI1"
"5bbd3064-9a58-4fcf-a02f-5e0b25e89e03","video_start","buzzfeed.com","ABA Display","CTV Venti Package","Tablet","","",1144721,"Starbucks",7.48,"MDI1"
"5bbd3064-9a58-4fcf-a02f-5e0b25e89e03","video_start","buzzfeed.com","ABA Display","CTV Venti Package","Tablet","","",1144721,"Starbucks",7.48,"MDI1"
"5bbd3064-9a58-4fcf-a02f-5e0b25e89e03","video_start","buzzfeed.com","ABA Display","CTV Venti Package","Tablet","","",1144721,"Starbucks",7.48,"MDI1"
"cb9a05bd-304f-498e-9141-f5e1aeb06637","video_start","usatoday.com","HighRise","Breakaway Display","Phone","","",1144750,"Target",7.4,"MDI1"
"1fc91640-86bb-4cbc-840c-856eacad0297","click","theverge.com","HighRise","CTV Venti Package","Connected TV","","Tubi",1144780,"CVS",7.4,"MDI1"
"a638f3e3-cd19-4345-903a-4a8db408fbcf","video_load","techcrunch.com","Venti","Breakaway Display","Computer","","Peacock",1144720,"McDonalds",7.4,"MDI1"
"a638f3e3-cd19-4345-903a-4a8db408fbcf","video_load","techcrunch.com","Venti","Breakaway Display","Computer","","Peacock",1144720,"McDonalds",7.4,"MDI1"
"cc1f26bb-ba24-4a56-9839-26db42b5a4c6","video_start","theverge.com","Hover","Runway Premium","Tablet","","",1144673,"Walmart Grocery",7.39,"MDI1"
"17d22ed6-7682-4bfa-98c6-f477ad262f2d","video_complete","people.com","Venti","Middle Banner - Standard","Connected TV","Fire TV","Paramount+",1144760,"Nike",7.75,"MDI1"
"92e7a1c8-d29f-42a4-8fe9-ebc84e439729","click","espn.com","Hover","Anchor w Video Package","Computer","","Paramount+",1144722,"Chick-fil-A",7.49,"MDI1"
"e5890f08-52ec-48aa-8c94-ed6e96707e5e","video_thirdquartile","weather.com","Runway","Breakaway Display","Tablet","","",1144910,"Netflix",7.42,"MDI1"
"05a5aa02-9c19-4027-b377-1d896522306c","click","espn.com","Venti","Mobile Hover","Phone","","",1144850,"Sephora",7.48,"MDI1"
"9dcc437e-6112-4041-a75b-07f4b756ea10","video_load","weather.com","HighRise","CTV Venti Package","Tablet","","",1144761,"Old Navy",7.42,"MDI1"
"e2eac40a-324b-468c-b5ec-801e7ac887e5","video_complete","techcrunch.com","Venti","Anchor w Video Package","Tablet","","",1144750,"Target",7.52,"MDI1"
"4c3208a0-b17b-4645-be43-7b5b57d1875f","video_complete","nytimes.com","Venti","Breakaway Display","Computer","Android TV","Tubi",1144720,"McDonalds",7.47,"MDI1"
"cc0f4de4-597c-4ae8-a51a-f1b30c8e46b8","click","nytimes.com","ABA Display","Runway Premium","Phone","","",1144800,"Home Depot",7.45,"MDI1"
"cc0f4de4-597c-4ae8-a51a-f1b30c8e46b8","click","nytimes.com","ABA Display","Runway Premium","Phone","","",1144800,"Home Depot",7.45,"MDI1"
"cc0f4de4-597c-4ae8-a51a-f1b30c8e46b8","click","nytimes.com","ABA Display","Runway Premium","Phone","","",1144800,"Home Depot",7.45,"MDI1"
"7f7cf6b2-cf95-43bd-859d-45b6cb6b4b2a","video_load","variety.com","HighRise","Runway Premium","Computer","","Tubi",1144720,"McDonalds",7.39,"MDI1"
"2f5c65f6-c7eb-4bf5-a408-de021cef1a4e","video_load","espn.com","Breakaway","Middle Banner - Standard","Connected TV","","",1144673,"Walmart Grocery",7.44,"MDI1"
"9943c08e-1c0e-46eb-b813-2fcc0c6b125d","video_load","nytimes.com","Venti","Middle Banner - Standard","Tablet","Roku","",1144750,"Target",7.47,"MDI1"
"1de30a8c-4ec0-4f07-9270-ec6b23293895","video_complete","people.com","Hover","Anchor w Video Package","Connected TV","","",1144790,"Apple",7.48,"MDI1"
"1de30a8c-4ec0-4f07-9270-ec6b23293895","video_complete","people.com","Hover","Anchor w Video Package","Connected TV","","",1144790,"Apple",7.48,"MDI1"
"7279fbd9-89b6-45e6-bb25-33fdd5098070","video_complete","usatoday.com","Breakaway","Middle Banner - Standard","Computer","Samsung TV","",1144673,"Walmart Grocery",7.42,"MDI1"
"9a049f67-7583-4ce9-ba3f-080fe204291e","video_load","tmz.com","HighRise","Anchor w Video Package","Phone","","",1144800,"Home Depot",7.4,"MDI1"
"9a049f67-7583-4ce9-ba3f-080fe204291e","video_load","tmz.com","HighRise","Anchor w Video Package","Phone","","",1144800,"Home Depot",7.4,"MDI1"
"f4060d68-8baa-4f50-85c8-9f94e78a950a","video_complete","variety.com","HighRise","Mobile Hover","Tablet","","",1144850,"Sephora",7.47,"MDI1"
"bda6774b-84e0-40d8-97b8-d57a773ce4ae","video_complete","theverge.com","Hover","CTV Venti Package","Tablet","","",1144761,"Old Navy",7.58,"MDI1"
"bda6774b-84e0-40d8-97b8-d57a773ce4ae","video_complete","theverge.com","Hover","CTV Venti Package","Tablet","","",1144761,"Old Navy",7.58,"MDI1"
"d92cb477-91b1-4fba-bbea-280e1c13e728","impression","theverge.com","HighRise","Anchor w Video Package","Computer","","",1144790,"Apple",7.42,"MDI1"
"d81f01d9-0e3e-4140-8110-806fb4415f26","video_load","weather.com","Runway","Middle Banner - Standard","Phone","","",1144910,"Netflix",7.44,"MDI1"
"d81f01d9-0e3e-4140-8110-806fb4415f26","video_load","weather.com","Runway","Middle Banner - Standard","Phone","","",1144910,"Netflix",7.44,"MDI1"
"3ac965de-3143-4887-8ea4-fee799bea9da","video_start","techcrunch.com","Venti","Breakaway Display","Phone","Apple TV","",1144722,"Chick-fil-A",7.43,"MDI1"
"3ac965de-3143-4887-8ea4-fee799bea9da","video_start","techcrunch.com","Venti","Breakaway Display","Phone","Apple TV","",1144722,"Chick-fil-A",7.43,"MDI1"
"3ac965de-3143-4887-8ea4-fee799bea9da","video_start","techcrunch.com","Venti","Breakaway Display","Phone","Apple TV","",1144722,"Chick-fil-A",7.43,"MDI1"
"0461797a-25fa-4c64-8aa1-f6f45b5eb405","impression","forbes.com","Venti","Breakaway Display","Phone","","Fubo TV",1144910,"Netflix",7.5,"MDI1"
"0461797a-25fa-4c64-8aa1-f6f45b5eb405","impression","forbes.com","Venti","Breakaway Display","Phone","","Fubo TV",1144910,"Netflix",7.5,"MDI1"
"0461797a-25fa-4c64-8aa1-f6f45b5eb405","impression","forbes.com","Venti","Breakaway Display","Phone","","Fubo TV",1144910,"Netflix",7.5,"MDI1"
"ac64e451-2185-4f73-9217-32635ecf0522","video_firstquartile","nytimes.com","Venti","Mobile Hover","Tablet","","",1144850,"Sephora",7.42,"MDI1"
"ac64e451-2185-4f73-9217-32635ecf0522","video_firstquartile","nytimes.com","Venti","Mobile Hover","Tablet","","",1144850,"Sephora",7.42,"MDI1"
"dfbdc8e9-5694-49cf-ac5b-581ece80b038","click","forbes.com","HighRise","Breakaway Display","Connected TV","Roku","Fubo TV",1144673,"Walmart Grocery",7.47,"MDI1"
"026a4a39-7310-44a2-9740-0eb2645855bd","video_complete","variety.com","Breakaway","Middle Banner - Standard","Tablet","Fire TV","",1144721,"Starbucks",7.45,"MDI1"
"37b1f1c6-6abc-4255-bf00-f3d1d4cc4327","video_start","weather.com","Breakaway","Anchor w Video Package","Connected TV","LG Smart TV","",1144750,"Target",7.45,"MDI1"
"0b1d30a9-e56e-44de-84cc-7ff09ff566e0","video_thirdquartile","cnn.com","Runway","Breakaway Display","Connected TV","","",1144673,"Walmart Grocery",7.49,"MDI1"
"8ebc7638-397d-4304-9b0a-2f2f7a3b73d6","video_firstquartile","people.com","Breakaway","Breakaway Display","Computer","Samsung TV","",1144720,"McDonalds",7.44,"MDI1"
"8ebc7638-397d-4304-9b0a-2f2f7a3b73d6","video_firstquartile","people.com","Breakaway","Breakaway Display","Computer","Samsung TV","",1144720,"McDonalds",7.44,"MDI1"
"8ebc7638-397d-4304-9b0a-2f2f7a3b73d6","video_firstquartile","people.com","Breakaway","Breakaway Display","Computer","Samsung TV","",1144720,"McDonalds",7.44,"MDI1"
"38fa7634-1d6a-4295-96f7-986c827c159c","video_load","tmz.com","Venti","Middle Banner - Standard","Connected TV","","",1144673,"Walmart Grocery",7.45,"MDI1"
"449363b7-2a71-4ca5-972d-9c7344d2b786","video_thirdquartile","techcrunch.com","Breakaway","Runway Premium","Phone","Android TV","",1144720,"McDonalds",7.56,"MDI1"
"cfd7e4aa-256b-4352-9986-433b30b75315","click","buzzfeed.com","Runway","Runway Premium","Connected TV","Apple TV","",1144673,"Walmart Grocery",7.47,"MDI1"
"bf5283d5-6e01-4faa-a4c3-d2e7031edd38","video_load","people.com","ABA Display","Anchor w Video Package","Phone","","",1144780,"CVS",7.46,"MDI1"
"bf5283d5-6e01-4faa-a4c3-d2e7031edd38","video_load","people.com","ABA Display","Anchor w Video Package","Phone","","",1144780,"CVS",7.46,"MDI1"
"f2050175-00ab-4245-8d47-6b21e63f57f7","impression","theverge.com","HighRise","Middle Banner - Standard","Tablet","","",1144761,"Old Navy",7.5,"MDI1"
"f2050175-00ab-4245-8d47-6b21e63f57f7","impression","theverge.com","HighRise","Middle Banner - Standard","Tablet","","",1144761,"Old Navy",7.5,"MDI1"
"e4312f7e-5e4b-4f55-806d-a29802a14a1d","impression","techcrunch.com","Hover","CTV Venti Package","Tablet","","Paramount+",1144722,"Chick-fil-A",7.41,"MDI1"
"b635416a-201c-4a63-b562-4e4e5ebcaea4","impression","theverge.com","Hover","Mobile Hover","Tablet","","",1144721,"Starbucks",7.45,"MDI1"
"b635416a-201c-4a63-b562-4e4e5ebcaea4","impression","theverge.com","Hover","Mobile Hover","Tablet","","",1144721,"Starbucks",7.45,"MDI1"
"fc8913a7-f856-4c08-9e6c-c3a8d7948c5c","impression","espn.com","HighRise","Runway Premium","Tablet","","Peacock",1144673,"Walmart Grocery",7.48,"MDI1"
"4b130474-7dbb-4907-a0a8-9a1db619a73a","impression","weather.com","Breakaway","Runway Premium","Connected TV","","Pluto TV",1144760,"Nike",7.39,"MDI1"
"4b130474-7dbb-4907-a0a8-9a1db619a73a","impression","weather.com","Breakaway","Runway Premium","Connected TV","","Pluto TV",1144760,"Nike",7.39,"MDI1"
"491c954b-e80e-44f0-8e93-9e3cb4667e63","impression","theverge.com","HighRise","CTV Venti Package","Connected TV","","Tubi",1144760,"Nike",7.5,"MDI1"
"491c954b-e80e-44f0-8e93-9e3cb4667e63","impression","theverge.com","HighRise","CTV Venti Package","Connected TV","","Tubi",1144760,"Nike",7.5,"MDI1"
"fda8d98e-6312-4cba-905e-2c3492872f7a","impression","nytimes.com","Breakaway","Runway Premium","Tablet","","",1144800,"Home Depot",7.49,"MDI1"
"fda8d98e-6312-4cba-905e-2c3492872f7a","impression","nytimes.com","Breakaway","Runway Premium","Tablet","","",1144800,"Home Depot",7.49,"MDI1"
"c5f12ebe-de96-4743-af63-518b0fd433c2","impression","forbes.com","Venti","Runway Premium","Connected TV","Roku","",1144910,"Netflix",7.49,"MDI1"
"dec355e2-04a3-411d-8925-93b5779a8f7c","video_midpoint","variety.com","HighRise","Breakaway Display","Phone","","",1144780,"CVS",7.49,"MDI1"
"e0664c05-7d4c-4049-b08f-f02bd18e2f25","video_load","cnn.com","Hover","Runway Premium","Computer","Samsung TV","Fubo TV",1144722,"Chick-fil-A",7.39,"MDI1"
"e0664c05-7d4c-4049-b08f-f02bd18e2f25","video_load","cnn.com","Hover","Runway Premium","Computer","Samsung TV","Fubo TV",1144722,"Chick-fil-A",7.39,"MDI1"
"f55488f5-9940-4332-8b97-cdd1986ccb0a","impression","tmz.com","HighRise","Anchor w Video Package","Computer","","",1144721,"Starbucks",7.44,"MDI1"
"857f3870-b1f9-40c8-9609-4fc33fed7f1c","impression","weather.com","ABA Display","Breakaway Display","Phone","","Paramount+",1144760,"Nike",7.47,"MDI1"
"afde3bc6-2fca-4bd1-a88e-8a5b7b8e6b5e","video_load","people.com","Breakaway","Mobile Hover","Tablet","","",1144800,"Home Depot",7.42,"MDI1"
"5e145b40-941e-4591-bc0c-c70573eaef65","video_midpoint","tmz.com","Breakaway","Runway Premium","Phone","Samsung TV","",1144800,"Home Depot",7.45,"MDI1"
"2ae50c6a-2be7-4516-9767-afbcacbee7c0","video_complete","theverge.com","HighRise","Runway Premium","Connected TV","","Tubi",1144720,"McDonalds",7.4,"MDI1"
"2ae50c6a-2be7-4516-9767-afbcacbee7c0","video_complete","theverge.com","HighRise","Runway Premium","Connected TV","","Tubi",1144720,"McDonalds",7.4,"MDI1"
"638c595a-c27c-4bee-ab1c-6e4c35d612bb","video_firstquartile","weather.com","Hover","Breakaway Display","Connected TV","","",1144800,"Home Depot",7.42,"MDI1"
"805919f6-e7a2-44ef-8563-45d82fc9e56c","video_midpoint","nytimes.com","Venti","Middle Banner - Standard","Connected TV","","",1144790,"Apple",7.52,"MDI1"
"805919f6-e7a2-44ef-8563-45d82fc9e56c","video_midpoint","nytimes.com","Venti","Middle Banner - Standard","Connected TV","","",1144790,"Apple",7.52,"MDI1"
"b71541a6-3c58-4d7e-91cd-96e1e4a49113","video_thirdquartile","techcrunch.com","Venti","Runway Premium","Tablet","","",1144800,"Home Depot",7.4,"MDI1"
"f5028085-d633-471d-81fa-0f10fd16a294","video_thirdquartile","weather.com","Runway","Middle Banner - Standard","Connected TV","LG Smart TV","",1144750,"Target",7.44,"MDI1"
"2fb346ac-ea05-4d2b-bbe2-0d30efde8ef2","click","theverge.com","HighRise","Mobile Hover","Connected TV","","",1144760,"Nike",7.49,"MDI1"
"1f91f20b-ae61-4a79-9096-9c8aa2bc45a0","video_complete","buzzfeed.com","HighRise","Runway Premium","Phone","","Fubo TV",1144722,"Chick-fil-A",7.61,"MDI1"
"1f91f20b-ae61-4a79-9096-9c8aa2bc45a0","video_complete","buzzfeed.com","HighRise","Runway Premium","Phone","","Fubo TV",1144722,"Chick-fil-A",7.61,"MDI1"
"177a084e-0b8b-424f-a9c1-e332e67fd4ba","video_load","theverge.com","Breakaway","Breakaway Display","Computer","","",1144850,"Sephora",7.42,"MDI1"
"974c161e-0154-4841-bc59-9eebdfbe008b","video_complete","buzzfeed.com","ABA Display","Mobile Hover","Tablet","","",1144910,"Netflix",7.41,"MDI1"
"974c161e-0154-4841-bc59-9eebdfbe008b","video_complete","buzzfeed.com","ABA Display","Mobile Hover","Tablet","","",1144910,"Netflix",7.41,"MDI1"
"974c161e-0154-4841-bc59-9eebdfbe008b","video_complete","buzzfeed.com","ABA Display","Mobile Hover","Tablet","","",1144910,"Netflix",7.41,"MDI1"
"1857e452-d372-46a9-a6cd-d53fe6af1b37","video_thirdquartile","people.com","ABA Display","Runway Premium","Connected TV","","",1144673,"Walmart Grocery",7.5,"MDI1"
"a8dcbea8-199d-4d70-8398-5df19ac7caee","video_thirdquartile","espn.com","Hover","Middle Banner - Standard","Computer","","",1144722,"Chick-fil-A",7.41,"MDI1"
"a8dcbea8-199d-4d70-8398-5df19ac7caee","video_thirdquartile","espn.com","Hover","Middle Banner - Standard","Computer","","",1144722,"Chick-fil-A",7.41,"MDI1"
"a8dcbea8-199d-4d70-8398-5df19ac7caee","video_thirdquartile","espn.com","Hover","Middle Banner - Standard","Computer","","",1144722,"Chick-fil-A",7.41,"MDI1"
"d5845417-015a-41c7-a5a8-ec42e0222dae","video_firstquartile","variety.com","ABA Display","CTV Venti Package","Computer","","",1144720,"McDonalds",7.42,"MDI1"
"f15b079b-8731-4cb5-83d4-60393a9fa971","click","tmz.com","HighRise","Mobile Hover","Phone","","",1144722,"Chick-fil-A",7.5,"MDI1"
"a2d7662c-5e8e-4c4f-91c8-ad5e446e0e98","impression","theverge.com","Breakaway","Mobile Hover","Tablet","Samsung TV","Peacock",1144850,"Sephora",7.4,"MDI1"
"811023ba-68fe-4a89-b402-4fb354f605de","video_firstquartile","weather.com","Breakaway","CTV Venti Package","Tablet","","",1144722,"Chick-fil-A",7.46,"MDI1"
"811023ba-68fe-4a89-b402-4fb354f605de","video_firstquartile","weather.com","Breakaway","CTV Venti Package","Tablet","","",1144722,"Chick-fil-A",7.46,"MDI1"
"22c371e9-c547-4ada-91e1-cb182798261c","click","tmz.com","Venti","Runway Premium","Computer","Samsung TV","",1144850,"Sephora",7.45,"MDI1"
"22c371e9-c547-4ada-91e1-cb182798261c","click","tmz.com","Venti","Runway Premium","Computer","Samsung TV","",1144850,"Sephora",7.45,"MDI1"
"22c371e9-c547-4ada-91e1-cb182798261c","click","tmz.com","Venti","Runway Premium","Computer","Samsung TV","",1144850,"Sephora",7.45,"MDI1"
"22c371e9-c547-4ada-91e1-cb182798261c","click","tmz.com","Venti","Runway Premium","Computer","Samsung TV","",1144850,"Sephora",7.45,"MDI1"
"9700d804-f21f-4138-89c5-e4745ad40833","video_complete","forbes.com","Breakaway","Runway Premium","Phone","Android TV","",1144750,"Target",7.54,"MDI1"
"9700d804-f21f-4138-89c5-e4745ad40833","video_complete","forbes.com","Breakaway","Runway Premium","Phone","Android TV","",1144750,"Target",7.54,"MDI1"
"c57849ed-8bee-40e1-806a-b471f7d3c72b","video_firstquartile","cnn.com","ABA Display","CTV Venti Package","Phone","","",1144673,"Walmart Grocery",7.39,"MDI1"
"c57849ed-8bee-40e1-806a-b471f7d3c72b","video_firstquartile","cnn.com","ABA Display","CTV Venti Package","Phone","","",1144673,"Walmart Grocery",7.39,"MDI1"
"c57849ed-8bee-40e1-806a-b471f7d3c72b","video_firstquartile","cnn.com","ABA Display","CTV Venti Package","Phone","","",1144673,"Walmart Grocery",7.39,"MDI1"
"325ff1bb-de31-4121-868a-02f7b71456d3","video_start","weather.com","Runway","Middle Banner - Standard","Computer","LG Smart TV","",1144722,"Chick-fil-A",7.43,"MDI1"
"325ff1bb-de31-4121-868a-02f7b71456d3","video_start","weather.com","Runway","Middle Banner - Standard","Computer","LG Smart TV","",1144722,"Chick-fil-A",7.43,"MDI1"
"325ff1bb-de31-4121-868a-02f7b71456d3","video_start","weather.com","Runway","Middle Banner - Standard","Computer","LG Smart TV","",1144722,"Chick-fil-A",7.43,"MDI1"
"20bcc3f6-aed4-4e78-8c1a-91646a4c42ec","impression","usatoday.com","Venti","Breakaway Display","Connected TV","","",1144722,"Chick-fil-A",7.47,"MDI1"
"20bcc3f6-aed4-4e78-8c1a-91646a4c42ec","impression","usatoday.com","Venti","Breakaway Display","Connected TV","","",1144722,"Chick-fil-A",7.47,"MDI1"
"20bcc3f6-aed4-4e78-8c1a-91646a4c42ec","impression","usatoday.com","Venti","Breakaway Display","Connected TV","","",1144722,"Chick-fil-A",7.47,"MDI1"
"f61ea351-e7a5-42bc-a832-5e6ad54e3071","impression","buzzfeed.com","Hover","CTV Venti Package","Computer","Roku","",1144673,"Walmart Grocery",7.46,"MDI1"
"f61ea351-e7a5-42bc-a832-5e6ad54e3071","impression","buzzfeed.com","Hover","CTV Venti Package","Computer","Roku","",1144673,"Walmart Grocery",7.46,"MDI1"
"f61ea351-e7a5-42bc-a832-5e6ad54e3071","impression","buzzfeed.com","Hover","CTV Venti Package","Computer","Roku","",1144673,"Walmart Grocery",7.46,"MDI1"
"f61ea351-e7a5-42bc-a832-5e6ad54e3071","impression","buzzfeed.com","Hover","CTV Venti Package","Computer","Roku","",1144673,"Walmart Grocery",7.46,"MDI1"
"c3875350-dab3-4b96-976a-fc66ab448313","video_midpoint","weather.com","HighRise","Breakaway Display","Computer","","",1144780,"CVS",7.39,"MDI1"
"c3875350-dab3-4b96-976a-fc66ab448313","video_midpoint","weather.com","HighRise","Breakaway Display","Computer","","",1144780,"CVS",7.39,"MDI1"
"1d62a0fe-cb0c-4149-8cc8-fe7265acc567","impression","nytimes.com","Runway","Mobile Hover","Tablet","","",1144760,"Nike",7.42,"MDI1"
"265679fb-3c93-4f31-868c-033bf08394ab","video_firstquartile","forbes.com","Venti","Anchor w Video Package","Connected TV","","Tubi",1144790,"Apple",7.47,"MDI1"
"aaa95121-9e23-4a93-ac38-e39dda68e6b4","impression","weather.com","Venti","Middle Banner - Standard","Phone","","Paramount+",1144673,"Walmart Grocery",7.5,"MDI1"
"ef1b77e1-5e2e-483d-a927-6111ec54e6cb","video_thirdquartile","tmz.com","ABA Display","Breakaway Display","Phone","","",1144780,"CVS",7.45,"MDI1"
"ef1b77e1-5e2e-483d-a927-6111ec54e6cb","video_thirdquartile","tmz.com","ABA Display","Breakaway Display","Phone","","",1144780,"CVS",7.45,"MDI1"
"ef1b77e1-5e2e-483d-a927-6111ec54e6cb","video_thirdquartile","tmz.com","ABA Display","Breakaway Display","Phone","","",1144780,"CVS",7.45,"MDI1"
"e2b0bca7-3d89-4749-87e0-cea830c3a637","video_start","people.com","Venti","Breakaway Display","Connected TV","","",1144780,"CVS",7.5,"MDI1"
"e2b0bca7-3d89-4749-87e0-cea830c3a637","video_start","people.com","Venti","Breakaway Display","Connected TV","","",1144780,"CVS",7.5,"MDI1"
"e2b0bca7-3d89-4749-87e0-cea830c3a637","video_start","people.com","Venti","Breakaway Display","Connected TV","","",1144780,"CVS",7.5,"MDI1"
"f87c8cbb-b91c-4e30-8b1c-12e8bd346de8","impression","people.com","HighRise","Runway Premium","Connected TV","","",1144790,"Apple",7.4,"MDI1"
"f87c8cbb-b91c-4e30-8b1c-12e8bd346de8","impression","people.com","HighRise","Runway Premium","Connected TV","","",1144790,"Apple",7.4,"MDI1"
"4e47abf5-d716-421e-adb5-94d14d11ffd7","video_complete","people.com","HighRise","Anchor w Video Package","Computer","","",1144910,"Netflix",7.41,"MDI1"
"57681f7c-3d60-4b2f-ad71-14c1353c9047","video_start","techcrunch.com","Venti","Runway Premium","Computer","Roku","",1144800,"Home Depot",7.49,"MDI1"
"bb046b74-52da-4f8c-8421-d0d9dedad7c0","video_thirdquartile","forbes.com","Runway","CTV Venti Package","Tablet","","",1144750,"Target",7.45,"MDI1"
"bb046b74-52da-4f8c-8421-d0d9dedad7c0","video_thirdquartile","forbes.com","Runway","CTV Venti Package","Tablet","","",1144750,"Target",7.45,"MDI1"
"0ccc9e40-7abf-4ce6-bf19-650a3837a66c","video_load","variety.com","Hover","Runway Premium","Connected TV","","",1144721,"Starbucks",7.46,"MDI1"
"014995f6-52e8-47de-8a0d-00e69c0cc270","click","usatoday.com","Breakaway","Middle Banner - Standard","Phone","","Pluto TV",1144780,"CVS",7.54,"MDI1"
"c1dc0fd0-3325-43ea-91eb-ee00eb8dc479","impression","nytimes.com","HighRise","Middle Banner - Standard","Connected TV","LG Smart TV","",1144760,"Nike",7.48,"MDI1"
"c1dc0fd0-3325-43ea-91eb-ee00eb8dc479","impression","nytimes.com","HighRise","Middle Banner - Standard","Connected TV","LG Smart TV","",1144760,"Nike",7.48,"MDI1"
"3e016b53-c352-48e9-86b2-8b80d57401cc","video_firstquartile","buzzfeed.com","Venti","Anchor w Video Package","Computer","Samsung TV","",1144790,"Apple",7.43,"MDI1"
"3e016b53-c352-48e9-86b2-8b80d57401cc","video_firstquartile","buzzfeed.com","Venti","Anchor w Video Package","Computer","Samsung TV","",1144790,"Apple",7.43,"MDI1"
"a345718d-aa90-45c8-bdb3-7b4cbb550023","video_firstquartile","nytimes.com","ABA Display","Breakaway Display","Connected TV","","",1144722,"Chick-fil-A",7.44,"MDI1"
"fd18eb1d-d1a9-432c-8512-986570150fbc","video_start","tmz.com","ABA Display","Anchor w Video Package","Connected TV","","Paramount+",1144761,"Old Navy",7.42,"MDI1"
"fd18eb1d-d1a9-432c-8512-986570150fbc","video_start","tmz.com","ABA Display","Anchor w Video Package","Connected TV","","Paramount+",1144761,"Old Navy",7.42,"MDI1"
"fd18eb1d-d1a9-432c-8512-986570150fbc","video_start","tmz.com","ABA Display","Anchor w Video Package","Connected TV","","Paramount+",1144761,"Old Navy",7.42,"MDI1"
"a54f5773-fe99-4726-8ee9-7e958f4ecd76","impression","buzzfeed.com","Runway","CTV Venti Package","Phone","","Pluto TV",1144780,"CVS",7.41,"MDI1"
"a54f5773-fe99-4726-8ee9-7e958f4ecd76","impression","buzzfeed.com","Runway","CTV Venti Package","Phone","","Pluto TV",1144780,"CVS",7.41,"MDI1"
"04aa215b-ac27-48e0-83ce-cd97514ba28f","video_firstquartile","people.com","Runway","CTV Venti Package","Tablet","","",1144722,"Chick-fil-A",7.49,"MDI1"
"04aa215b-ac27-48e0-83ce-cd97514ba28f","video_firstquartile","people.com","Runway","CTV Venti Package","Tablet","","",1144722,"Chick-fil-A",7.49,"MDI1"
"ad082d90-9924-4321-9049-56772f66adcd","video_load","espn.com","Hover","CTV Venti Package","Connected TV","","",1144750,"Target",7.45,"MDI1"
"ad082d90-9924-4321-9049-56772f66adcd","video_load","espn.com","Hover","CTV Venti Package","Connected TV","","",1144750,"Target",7.45,"MDI1"
"b9b27ab1-fdfa-4e34-a07f-34aabd5e17b0","click","espn.com","Hover","Middle Banner - Standard","Computer","Roku","",1144721,"Starbucks",7.42,"MDI1"
"1262a9d8-d1d6-409f-9c26-04d3652b2d64","video_midpoint","forbes.com","Hover","Mobile Hover","Computer","","Tubi",1144790,"Apple",7.44,"MDI1"
"dbd0fbc4-3ceb-41e9-bcec-0fbfb893c1bf","click","techcrunch.com","Breakaway","Middle Banner - Standard","Phone","","",1144673,"Walmart Grocery",7.49,"MDI1"
"dbd0fbc4-3ceb-41e9-bcec-0fbfb893c1bf","click","techcrunch.com","Breakaway","Middle Banner - Standard","Phone","","",1144673,"Walmart Grocery",7.49,"MDI1"
"8110e582-b4d0-421a-85f8-9f39cb6157c7","impression","techcrunch.com","Runway","Breakaway Display","Phone","","",1144910,"Netflix",7.45,"MDI1"
"8110e582-b4d0-421a-85f8-9f39cb6157c7","impression","techcrunch.com","Runway","Breakaway Display","Phone","","",1144910,"Netflix",7.45,"MDI1"
"ac79c423-c1d9-44b4-b0d6-7c44e838605f","impression","forbes.com","Hover","Anchor w Video Package","Phone","","Peacock",1144800,"Home Depot",7.47,"MDI1"
"0472aaa8-53aa-4252-aa91-370589ede024","video_load","variety.com","Breakaway","Runway Premium","Tablet","","",1144673,"Walmart Grocery",7.42,"MDI1"
"88b845fd-3dad-4496-bbf7-1ed597dc1c9c","video_midpoint","forbes.com","Runway","Anchor w Video Package","Tablet","","Peacock",1144750,"Target",7.46,"MDI1"
"04a17bf8-cb86-4d6e-8914-f9a480ebc59b","video_midpoint","nytimes.com","HighRise","Anchor w Video Package","Tablet","","",1144721,"Starbucks",7.53,"MDI1"
"04a17bf8-cb86-4d6e-8914-f9a480ebc59b","video_midpoint","nytimes.com","HighRise","Anchor w Video Package","Tablet","","",1144721,"Starbucks",7.53,"MDI1"
"04a17bf8-cb86-4d6e-8914-f9a480ebc59b","video_midpoint","nytimes.com","HighRise","Anchor w Video Package","Tablet","","",1144721,"Starbucks",7.53,"MDI1"
"7e30d204-d6fd-4e66-977e-d4822b82cac8","video_midpoint","nytimes.com","Hover","Runway Premium","Phone","","",1144673,"Walmart Grocery",7.41,"MDI1"
"26432511-477e-485e-9a07-7b1f027db675","video_load","forbes.com","Venti","Anchor w Video Package","Phone","","",1144761,"Old Navy",7.39,"MDI1"
"26432511-477e-485e-9a07-7b1f027db675","video_load","forbes.com","Venti","Anchor w Video Package","Phone","","",1144761,"Old Navy",7.39,"MDI1"
"26432511-477e-485e-9a07-7b1f027db675","video_load","forbes.com","Venti","Anchor w Video Package","Phone","","",1144761,"Old Navy",7.39,"MDI1"
"bc208e1c-c350-4461-8126-31372fa76d62","video_thirdquartile","buzzfeed.com","Runway","Anchor w Video Package","Connected TV","","Peacock",1144850,"Sephora",7.46,"MDI1"
"bc208e1c-c350-4461-8126-31372fa76d62","video_thirdquartile","buzzfeed.com","Runway","Anchor w Video Package","Connected TV","","Peacock",1144850,"Sephora",7.46,"MDI1"
"6ef04f35-334f-4775-8e3d-6335381ce16f","click","nytimes.com","ABA Display","Anchor w Video Package","Computer","Apple TV","Paramount+",1144721,"Starbucks",7.54,"MDI1"
"6ef04f35-334f-4775-8e3d-6335381ce16f","click","nytimes.com","ABA Display","Anchor w Video Package","Computer","Apple TV","Paramount+",1144721,"Starbucks",7.54,"MDI1"
"f0c44bdb-ba4d-488d-a67f-c187c108a4b7","impression","espn.com","Hover","Runway Premium","Computer","","",1144910,"Netflix",7.42,"MDI1"
"f0c44bdb-ba4d-488d-a67f-c187c108a4b7","impression","espn.com","Hover","Runway Premium","Computer","","",1144910,"Netflix",7.42,"MDI1"
"c61aef8c-221d-482d-aa1a-13e5c12866a5","video_complete","forbes.com","Runway","Breakaway Display","Computer","","",1144800,"Home Depot",7.5,"MDI1"
"2399ac61-a0f4-432b-b132-4bd57a84b00d","video_thirdquartile","buzzfeed.com","Breakaway","Anchor w Video Package","Phone","Roku","",1144850,"Sephora",7.39,"MDI1"
"e7dd3c46-154c-438f-b4c3-03063662544d","click","forbes.com","Hover","Breakaway Display","Phone","","",1144761,"Old Navy",7.5,"MDI1"
"72fd2caf-9407-4a67-a109-490dc8a42d58","video_complete","weather.com","Hover","CTV Venti Package","Connected TV","Android TV","",1144750,"Target",7.52,"MDI1"
"72fd2caf-9407-4a67-a109-490dc8a42d58","video_complete","weather.com","Hover","CTV Venti Package","Connected TV","Android TV","",1144750,"Target",7.52,"MDI1"
"64b0a61e-8b71-47d7-9046-e3050c63a0ef","impression","espn.com","Hover","Breakaway Display","Phone","","",1144800,"Home Depot",7.49,"MDI1"
"4be7d9b5-ba5b-4eb4-b70b-5fd81620b965","video_thirdquartile","variety.com","Runway","Mobile Hover","Tablet","Roku","",1144910,"Netflix",7.45,"MDI1"
"de86fb0f-c59a-4fcb-a138-3459022a029b","video_midpoint","espn.com","Breakaway","Runway Premium","Connected TV","","",1144720,"McDonalds",7.47,"MDI1"
"88e4226a-5d79-48be-898c-b936fcaae509","click","forbes.com","Runway","Middle Banner - Standard","Phone","Samsung TV","",1144750,"Target",7.66,"MDI1"
"e3bb9916-671c-45e2-92a4-6207f1906aae","video_load","techcrunch.com","HighRise","Runway Premium","Phone","","Tubi",1144800,"Home Depot",7.48,"MDI1"
"0f415b6c-b4ed-4719-896b-56f7a0c30071","click","tmz.com","Venti","Runway Premium","Tablet","","",1144761,"Old Navy",7.44,"MDI1"
"0f415b6c-b4ed-4719-896b-56f7a0c30071","click","tmz.com","Venti","Runway Premium","Tablet","","",1144761,"Old Navy",7.44,"MDI1"
"344cbb5e-8586-4a9c-a555-84f152f64519","click","people.com","Breakaway","Runway Premium","Phone","","Pluto TV",1144780,"CVS",7.51,"MDI1"
"344cbb5e-8586-4a9c-a555-84f152f64519","click","people.com","Breakaway","Runway Premium","Phone","","Pluto TV",1144780,"CVS",7.51,"MDI1"
"e7f4021c-bb7d-48e0-8b2e-77c99a53b44f","click","techcrunch.com","Runway","Runway Premium","Connected TV","","",1144750,"Target",7.41,"MDI1"
"fa43fb00-2cec-4445-b58c-b011fa70fda5","video_start","forbes.com","Runway","Middle Banner - Standard","Phone","Android TV","",1144800,"Home Depot",7.52,"MDI1"
"369668cd-5197-4044-96d8-35215601ddc8","video_start","theverge.com","HighRise","Runway Premium","Tablet","","",1144780,"CVS",7.45,"MDI1"
"369668cd-5197-4044-96d8-35215601ddc8","video_start","theverge.com","HighRise","Runway Premium","Tablet","","",1144780,"CVS",7.45,"MDI1"
"01ca6c43-6cf2-4197-8a10-d0d0aa2fa367","video_complete","espn.com","Hover","CTV Venti Package","Computer","","",1144760,"Nike",7.43,"MDI1"
"806f0624-51e0-431f-908f-f1f59444abe1","impression","theverge.com","Hover","Middle Banner - Standard","Connected TV","","",1144721,"Starbucks",7.47,"MDI1"
"c3b71ff1-cc03-458d-862f-54866a133233","click","usatoday.com","Venti","CTV Venti Package","Phone","","",1144750,"Target",7.57,"MDI1"
"4d284125-dfd8-4ab8-8320-9c93c46572da","impression","forbes.com","HighRise","Runway Premium","Computer","","",1144761,"Old Navy",7.45,"MDI1"
"fdfa4196-0db8-47cb-ae83-87f7bdb8aad5","video_midpoint","variety.com","HighRise","Anchor w Video Package","Computer","Samsung TV","",1144790,"Apple",7.4,"MDI1"
"2ad6b4be-5ab9-4f77-8bd2-f20bf91b28a6","video_complete","variety.com","Breakaway","Middle Banner - Standard","Computer","LG Smart TV","",1144761,"Old Navy",7.56,"MDI1"
"66fc8526-8efd-4cfd-83b7-a1c5f5af7fbf","video_firstquartile","nytimes.com","Runway","Breakaway Display","Phone","","Tubi",1144721,"Starbucks",7.52,"MDI1"
"0c0709a8-e9ba-4eda-8ce8-1dc20a8cffc6","video_thirdquartile","people.com","Hover","CTV Venti Package","Phone","","",1144720,"McDonalds",7.45,"MDI1"
"0c0709a8-e9ba-4eda-8ce8-1dc20a8cffc6","video_thirdquartile","people.com","Hover","CTV Venti Package","Phone","","",1144720,"McDonalds",7.45,"MDI1"
"4635c387-129a-4c7b-9edd-078c52642e73","impression","nytimes.com","Hover","CTV Venti Package","Tablet","","",1144761,"Old Navy",7.49,"MDI1"
"4635c387-129a-4c7b-9edd-078c52642e73","impression","nytimes.com","Hover","CTV Venti Package","Tablet","","",1144761,"Old Navy",7.49,"MDI1"
"4635c387-129a-4c7b-9edd-078c52642e73","impression","nytimes.com","Hover","CTV Venti Package","Tablet","","",1144761,"Old Navy",7.49,"MDI1"
"fcdf6ce4-0584-4e97-a6cb-5ce48b6b7bef","video_firstquartile","theverge.com","Venti","Anchor w Video Package","Computer","","",1144750,"Target",7.45,"MDI1"
"a838651e-e9f2-4fdb-b7e3-8bd103b8ff55","click","weather.com","Hover","CTV Venti Package","Tablet","","",1144750,"Target",7.49,"MDI1"
"51ad26fb-aefc-4945-80f4-0fd6b43ac5aa","click","theverge.com","Breakaway","Runway Premium","Computer","Roku","",1144761,"Old Navy",7.55,"MDI1"
"2a6293f8-014a-404f-bb8e-a2fd177d5190","impression","people.com","Hover","CTV Venti Package","Connected TV","LG Smart TV","",1144673,"Walmart Grocery",7.48,"MDI1"
"2a6293f8-014a-404f-bb8e-a2fd177d5190","impression","people.com","Hover","CTV Venti Package","Connected TV","LG Smart TV","",1144673,"Walmart Grocery",7.48,"MDI1"
"2a6293f8-014a-404f-bb8e-a2fd177d5190","impression","people.com","Hover","CTV Venti Package","Connected TV","LG Smart TV","",1144673,"Walmart Grocery",7.48,"MDI1"
"73958d94-1bf0-4349-8f3f-973939e59f24","video_start","weather.com","HighRise","Mobile Hover","Computer","","",1144750,"Target",7.45,"MDI1"
"afe74473-7a1d-4886-961e-f0d60fab0352","video_complete","cnn.com","ABA Display","Mobile Hover","Tablet","","",1144780,"CVS",7.58,"MDI1"
"4189e6e0-caa0-46b0-b9fb-bf766b39205c","impression","techcrunch.com","Breakaway","Breakaway Display","Phone","","",1144800,"Home Depot",7.42,"MDI1"
"7d60526b-0dee-41b0-b262-c2ad572d83af","video_firstquartile","usatoday.com","Breakaway","Runway Premium","Connected TV","","",1144910,"Netflix",7.44,"MDI1"
"d184df54-44d7-4210-8ae3-bec283859cc4","impression","cnn.com","Breakaway","Middle Banner - Standard","Phone","Samsung TV","",1144850,"Sephora",7.46,"MDI1"
"d184df54-44d7-4210-8ae3-bec283859cc4","impression","cnn.com","Breakaway","Middle Banner - Standard","Phone","Samsung TV","",1144850,"Sephora",7.46,"MDI1"
"e0491810-a00f-469d-ace4-b78e18cea3d8","click","techcrunch.com","ABA Display","Mobile Hover","Connected TV","LG Smart TV","",1144720,"McDonalds",7.53,"MDI1"
"f340f1c8-3469-43dd-9f56-6c7a40bd7236","video_thirdquartile","usatoday.com","ABA Display","Runway Premium","Computer","LG Smart TV","Tubi",1144780,"CVS",7.5,"MDI1"
"f340f1c8-3469-43dd-9f56-6c7a40bd7236","video_thirdquartile","usatoday.com","ABA Display","Runway Premium","Computer","LG Smart TV","Tubi",1144780,"CVS",7.5,"MDI1"
"35010cc6-9df4-4dc2-b3e6-acfe8dabefbe","video_thirdquartile","nytimes.com","ABA Display","Runway Premium","Computer","","",1144750,"Target",7.4,"MDI1"
"35010cc6-9df4-4dc2-b3e6-acfe8dabefbe","video_thirdquartile","nytimes.com","ABA Display","Runway Premium","Computer","","",1144750,"Target",7.4,"MDI1"
"35010cc6-9df4-4dc2-b3e6-acfe8dabefbe","video_thirdquartile","nytimes.com","ABA Display","Runway Premium","Computer","","",1144750,"Target",7.4,"MDI1"
"35010cc6-9df4-4dc2-b3e6-acfe8dabefbe","video_thirdquartile","nytimes.com","ABA Display","Runway Premium","Computer","","",1144750,"Target",7.4,"MDI1"
"35010cc6-9df4-4dc2-b3e6-acfe8dabefbe","video_thirdquartile","nytimes.com","ABA Display","Runway Premium","Computer","","",1144750,"Target",7.4,"MDI1"
"5cbfe1dd-fed4-488b-8025-5ecd0859db73","video_complete","techcrunch.com","Breakaway","Runway Premium","Connected TV","","",1144760,"Nike",7.4,"MDI1"
"ac3de224-2307-435b-8e45-48ab8b22751e","video_thirdquartile","cnn.com","Runway","Anchor w Video Package","Tablet","","",1144800,"Home Depot",7.41,"MDI1"
"ac3de224-2307-435b-8e45-48ab8b22751e","video_thirdquartile","cnn.com","Runway","Anchor w Video Package","Tablet","","",1144800,"Home Depot",7.41,"MDI1"
"15a311f8-b481-4d6a-aff3-fdfc525933be","video_complete","buzzfeed.com","Breakaway","Breakaway Display","Tablet","","",1144721,"Starbucks",7.45,"MDI1"
"15a311f8-b481-4d6a-aff3-fdfc525933be","video_complete","buzzfeed.com","Breakaway","Breakaway Display","Tablet","","",1144721,"Starbucks",7.45,"MDI1"
"18a46998-1277-4b81-b5cf-5ae944fd3b09","video_load","weather.com","Runway","Anchor w Video Package","Connected TV","","Tubi",1144850,"Sephora",7.52,"MDI1"
"18a46998-1277-4b81-b5cf-5ae944fd3b09","video_load","weather.com","Runway","Anchor w Video Package","Connected TV","","Tubi",1144850,"Sephora",7.52,"MDI1"
"a72fd583-941e-40ba-a330-66ed46d4c72a","video_midpoint","usatoday.com","Breakaway","Runway Premium","Tablet","","",1144850,"Sephora",7.41,"MDI1"
"a72fd583-941e-40ba-a330-66ed46d4c72a","video_midpoint","usatoday.com","Breakaway","Runway Premium","Tablet","","",1144850,"Sephora",7.41,"MDI1"
"ce891ed2-df12-4a5b-92e7-d4842a0304fe","video_load","people.com","Breakaway","Anchor w Video Package","Tablet","","Fubo TV",1144910,"Netflix",7.43,"MDI1"
"c00c8ca2-7d4b-4a5b-bbb0-3325d0c96c98","video_complete","espn.com","Hover","Anchor w Video Package","Tablet","","Pluto TV",1144780,"CVS",7.4,"MDI1"
"c00c8ca2-7d4b-4a5b-bbb0-3325d0c96c98","video_complete","espn.com","Hover","Anchor w Video Package","Tablet","","Pluto TV",1144780,"CVS",7.4,"MDI1"
"fd389510-bb7a-466c-b5e5-c2ea9087c380","video_thirdquartile","techcrunch.com","Hover","Runway Premium","Phone","","",1144761,"Old Navy",7.45,"MDI1"
"fd389510-bb7a-466c-b5e5-c2ea9087c380","video_thirdquartile","techcrunch.com","Hover","Runway Premium","Phone","","",1144761,"Old Navy",7.45,"MDI1"
"fd389510-bb7a-466c-b5e5-c2ea9087c380","video_thirdquartile","techcrunch.com","Hover","Runway Premium","Phone","","",1144761,"Old Navy",7.45,"MDI1"
"031fabf8-f6e6-4c23-b056-656934de5087","video_load","theverge.com","Breakaway","Breakaway Display","Connected TV","","",1144780,"CVS",7.51,"MDI1"
"0f8bece1-4ee8-4b48-b929-03c884812016","video_firstquartile","nytimes.com","Venti","CTV Venti Package","Tablet","","Paramount+",1144780,"CVS",7.5,"MDI1"
"3b26072e-8bbe-4dc7-b392-dbf2edb1209d","click","variety.com","Venti","Breakaway Display","Tablet","","Paramount+",1144761,"Old Navy",7.39,"MDI1"
"3b26072e-8bbe-4dc7-b392-dbf2edb1209d","click","variety.com","Venti","Breakaway Display","Tablet","","Paramount+",1144761,"Old Navy",7.39,"MDI1"
"8764b319-5237-49ca-931a-7bb1568968d8","impression","tmz.com","ABA Display","CTV Venti Package","Phone","Fire TV","",1144750,"Target",7.52,"MDI1"
"8764b319-5237-49ca-931a-7bb1568968d8","impression","tmz.com","ABA Display","CTV Venti Package","Phone","Fire TV","",1144750,"Target",7.52,"MDI1"
"1a483db5-606f-455d-b2ac-c9f6f089424e","impression","tmz.com","Hover","Breakaway Display","Connected TV","","",1144780,"CVS",7.48,"MDI1"
"24d55ee3-1504-42c6-b8a3-ea60a9f88338","video_complete","people.com","Venti","Middle Banner - Standard","Connected TV","","",1144750,"Target",7.4,"MDI1"
"9974d6ce-30d9-4558-8610-7802143d986b","video_thirdquartile","forbes.com","ABA Display","Breakaway Display","Computer","","",1144760,"Nike",7.44,"MDI1"
"9974d6ce-30d9-4558-8610-7802143d986b","video_thirdquartile","forbes.com","ABA Display","Breakaway Display","Computer","","",1144760,"Nike",7.44,"MDI1"
"679f69d2-6d18-4d66-a474-0a70c10cc7a7","impression","buzzfeed.com","Breakaway","Middle Banner - Standard","Connected TV","","",1144750,"Target",7.46,"MDI1"
"eaaed06f-6045-4f9a-aef3-71db066670b7","video_firstquartile","variety.com","ABA Display","Runway Premium","Connected TV","","",1144800,"Home Depot",7.54,"MDI1"
"d786b2b8-0684-4c58-9115-1c5f7d1c74be","video_start","weather.com","Breakaway","Anchor w Video Package","Phone","LG Smart TV","",1144722,"Chick-fil-A",7.4,"MDI1"
"6dedb557-b4bb-46f1-a32f-c892fa9736ea","click","tmz.com","HighRise","Breakaway Display","Computer","","",1144790,"Apple",7.4,"MDI1"
"ce22d2f6-bfdd-4d1d-8c41-ce78fef25ba3","impression","usatoday.com","Breakaway","CTV Venti Package","Tablet","Android TV","",1144850,"Sephora",7.41,"MDI1"
"eaeabf2f-56f8-4637-bf03-ef432cba4771","video_start","nytimes.com","ABA Display","Mobile Hover","Computer","","",1144673,"Walmart Grocery",7.47,"MDI1"
"eaeabf2f-56f8-4637-bf03-ef432cba4771","video_start","nytimes.com","ABA Display","Mobile Hover","Computer","","",1144673,"Walmart Grocery",7.47,"MDI1"
"eaeabf2f-56f8-4637-bf03-ef432cba4771","video_start","nytimes.com","ABA Display","Mobile Hover","Computer","","",1144673,"Walmart Grocery",7.47,"MDI1"
"eaeabf2f-56f8-4637-bf03-ef432cba4771","video_start","nytimes.com","ABA Display","Mobile Hover","Computer","","",1144673,"Walmart Grocery",7.47,"MDI1"
"eaeabf2f-56f8-4637-bf03-ef432cba4771","video_start","nytimes.com","ABA Display","Mobile Hover","Computer","","",1144673,"Walmart Grocery",7.47,"MDI1"
"eaeabf2f-56f8-4637-bf03-ef432cba4771","video_start","nytimes.com","ABA Display","Mobile Hover","Computer","","",1144673,"Walmart Grocery",7.47,"MDI1"
"02895ed8-6797-4ecd-a1d6-f1df70b26d12","video_thirdquartile","cnn.com","Runway","Anchor w Video Package","Connected TV","","",1144760,"Nike",7.45,"MDI1"
"9112387e-cfdf-48b3-8293-de081d8de927","video_complete","weather.com","HighRise","CTV Venti Package","Tablet","","",1144800,"Home Depot",7.41,"MDI1"
"6c4c00ee-afe8-4091-99d6-9033de0304a2","click","variety.com","Runway","CTV Venti Package","Tablet","","",1144722,"Chick-fil-A",7.47,"MDI1"
"6c4c00ee-afe8-4091-99d6-9033de0304a2","click","variety.com","Runway","CTV Venti Package","Tablet","","",1144722,"Chick-fil-A",7.47,"MDI1"
"6c4c00ee-afe8-4091-99d6-9033de0304a2","click","variety.com","Runway","CTV Venti Package","Tablet","","",1144722,"Chick-fil-A",7.47,"MDI1"
"6c4c00ee-afe8-4091-99d6-9033de0304a2","click","variety.com","Runway","CTV Venti Package","Tablet","","",1144722,"Chick-fil-A",7.47,"MDI1"
"6c4c00ee-afe8-4091-99d6-9033de0304a2","click","variety.com","Runway","CTV Venti Package","Tablet","","",1144722,"Chick-fil-A",7.47,"MDI1"
"720753e5-1ec6-4a5c-9983-f1912af95bbd","impression","techcrunch.com","Breakaway","CTV Venti Package","Phone","","",1144760,"Nike",7.42,"MDI1"
"720753e5-1ec6-4a5c-9983-f1912af95bbd","impression","techcrunch.com","Breakaway","CTV Venti Package","Phone","","",1144760,"Nike",7.42,"MDI1"
"ce6dce7a-509d-495b-9190-503b900e2afb","video_complete","tmz.com","Breakaway","CTV Venti Package","Phone","","",1144850,"Sephora",7.55,"MDI1"
"6685fcbd-d90e-4bf2-ab1e-d035032376f6","impression","usatoday.com","ABA Display","Mobile Hover","Connected TV","","Peacock",1144721,"Starbucks",7.53,"MDI1"
"6685fcbd-d90e-4bf2-ab1e-d035032376f6","impression","usatoday.com","ABA Display","Mobile Hover","Connected TV","","Peacock",1144721,"Starbucks",7.53,"MDI1"
"4217ee34-5686-4568-bdb7-c619562fd408","impression","forbes.com","Breakaway","Mobile Hover","Connected TV","Samsung TV","",1144720,"McDonalds",7.49,"MDI1"
"3694d8e3-7525-4414-b8a6-1939c54cc396","video_complete","buzzfeed.com","ABA Display","Middle Banner - Standard","Tablet","","Peacock",1144750,"Target",7.53,"MDI1"
"3694d8e3-7525-4414-b8a6-1939c54cc396","video_complete","buzzfeed.com","ABA Display","Middle Banner - Standard","Tablet","","Peacock",1144750,"Target",7.53,"MDI1"
"670567e8-c342-4d43-b9e8-56654307c16e","video_complete","techcrunch.com","Hover","CTV Venti Package","Tablet","","Tubi",1144800,"Home Depot",7.58,"MDI1"
"33c790aa-aa95-4fc5-b1cb-878e0f9b883e","video_load","espn.com","Venti","Anchor w Video Package","Connected TV","","",1144850,"Sephora",7.48,"MDI1"
"a5b341e5-c789-4e48-8da3-950a6ed78af8","video_thirdquartile","espn.com","HighRise","CTV Venti Package","Computer","","Peacock",1144673,"Walmart Grocery",7.39,"MDI1"
"a5b341e5-c789-4e48-8da3-950a6ed78af8","video_thirdquartile","espn.com","HighRise","CTV Venti Package","Computer","","Peacock",1144673,"Walmart Grocery",7.39,"MDI1"
"2695ffaa-1b33-4c0b-9644-4b9d0bb3e7e1","video_load","usatoday.com","Runway","Mobile Hover","Tablet","","",1144910,"Netflix",7.44,"MDI1"
"a7aee9a8-7a04-41f3-bddb-be692e15ac54","video_complete","people.com","Breakaway","Runway Premium","Computer","","Tubi",1144850,"Sephora",7.39,"MDI1"
"a7aee9a8-7a04-41f3-bddb-be692e15ac54","video_complete","people.com","Breakaway","Runway Premium","Computer","","Tubi",1144850,"Sephora",7.39,"MDI1"
"a7aee9a8-7a04-41f3-bddb-be692e15ac54","video_complete","people.com","Breakaway","Runway Premium","Computer","","Tubi",1144850,"Sephora",7.39,"MDI1"
"d5a2db29-d9ed-4907-a724-61da71b8d5a2","impression","theverge.com","HighRise","CTV Venti Package","Connected TV","","Pluto TV",1144850,"Sephora",7.44,"MDI1"
"d5a2db29-d9ed-4907-a724-61da71b8d5a2","impression","theverge.com","HighRise","CTV Venti Package","Connected TV","","Pluto TV",1144850,"Sephora",7.44,"MDI1"
"13fabc43-95d7-4119-b477-d94c1cb84675","impression","buzzfeed.com","HighRise","CTV Venti Package","Phone","Fire TV","",1144720,"McDonalds",7.42,"MDI1"
"df08d9d0-706f-43a2-bd29-5010a5d173ca","impression","buzzfeed.com","ABA Display","Anchor w Video Package","Phone","","",1144780,"CVS",7.46,"MDI1"
"df08d9d0-706f-43a2-bd29-5010a5d173ca","impression","buzzfeed.com","ABA Display","Anchor w Video Package","Phone","","",1144780,"CVS",7.46,"MDI1"
"62f98cd8-f77a-44ca-8481-42c8296214a5","video_start","espn.com","Runway","Mobile Hover","Connected TV","Fire TV","",1144760,"Nike",7.39,"MDI1"
"62f98cd8-f77a-44ca-8481-42c8296214a5","video_start","espn.com","Runway","Mobile Hover","Connected TV","Fire TV","",1144760,"Nike",7.39,"MDI1"
"574f7ae1-7a89-4bdf-8579-638dab9ab821","video_complete","theverge.com","HighRise","Middle Banner - Standard","Tablet","LG Smart TV","",1144721,"Starbucks",7.65,"MDI1"
"ffd12177-1f32-4865-8e07-7554078613b8","video_complete","variety.com","Venti","Runway Premium","Tablet","","Tubi",1144720,"McDonalds",7.48,"MDI1"
"ffd12177-1f32-4865-8e07-7554078613b8","video_complete","variety.com","Venti","Runway Premium","Tablet","","Tubi",1144720,"McDonalds",7.48,"MDI1"
"ffd12177-1f32-4865-8e07-7554078613b8","video_complete","variety.com","Venti","Runway Premium","Tablet","","Tubi",1144720,"McDonalds",7.48,"MDI1"
"acde8f28-399d-4686-a36e-fc7fa22eb618","impression","usatoday.com","Breakaway","Mobile Hover","Connected TV","Apple TV","",1144722,"Chick-fil-A",7.46,"MDI1"
"acde8f28-399d-4686-a36e-fc7fa22eb618","impression","usatoday.com","Breakaway","Mobile Hover","Connected TV","Apple TV","",1144722,"Chick-fil-A",7.46,"MDI1"
"acde8f28-399d-4686-a36e-fc7fa22eb618","impression","usatoday.com","Breakaway","Mobile Hover","Connected TV","Apple TV","",1144722,"Chick-fil-A",7.46,"MDI1"
"7b8f5c81-396c-43c4-a100-a99c2e01f8c5","impression","nytimes.com","Runway","Middle Banner - Standard","Phone","LG Smart TV","",1144850,"Sephora",7.41,"MDI1"
"3a69c59a-f167-428b-960e-9a7158fd1462","video_load","tmz.com","HighRise","Middle Banner - Standard","Connected TV","LG Smart TV","",1144800,"Home Depot",7.57,"MDI1"
"b3b620ed-d4c0-42fa-b159-d096e03eee94","video_load","nytimes.com","Hover","Anchor w Video Package","Tablet","","",1144800,"Home Depot",7.5,"MDI1"
"b3b620ed-d4c0-42fa-b159-d096e03eee94","video_load","nytimes.com","Hover","Anchor w Video Package","Tablet","","",1144800,"Home Depot",7.5,"MDI1"
"d655e0ee-2094-41a6-ab93-d05599848d3e","video_start","people.com","Hover","CTV Venti Package","Computer","","Pluto TV",1144780,"CVS",7.43,"MDI1"
"d655e0ee-2094-41a6-ab93-d05599848d3e","video_start","people.com","Hover","CTV Venti Package","Computer","","Pluto TV",1144780,"CVS",7.43,"MDI1"
"d655e0ee-2094-41a6-ab93-d05599848d3e","video_start","people.com","Hover","CTV Venti Package","Computer","","Pluto TV",1144780,"CVS",7.43,"MDI1"
"87fe3789-47f3-4241-9315-5aa898bee1d4","impression","usatoday.com","Hover","Anchor w Video Package","Phone","","",1144800,"Home Depot",7.51,"MDI1"
"87fe3789-47f3-4241-9315-5aa898bee1d4","impression","usatoday.com","Hover","Anchor w Video Package","Phone","","",1144800,"Home Depot",7.51,"MDI1"
"046bf816-7040-4853-b71b-7558d46e1194","video_load","people.com","Runway","Mobile Hover","Computer","LG Smart TV","",1144790,"Apple",7.44,"MDI1"
"ed9de34a-5321-4546-aeef-7170ab416549","video_midpoint","theverge.com","Breakaway","Mobile Hover","Connected TV","Samsung TV","",1144780,"CVS",7.45,"MDI1"
"ed9de34a-5321-4546-aeef-7170ab416549","video_midpoint","theverge.com","Breakaway","Mobile Hover","Connected TV","Samsung TV","",1144780,"CVS",7.45,"MDI1"
"56b642e0-e52a-4a3f-a9e3-73c1a88291e8","video_start","techcrunch.com","HighRise","Runway Premium","Tablet","Apple TV","",1144673,"Walmart Grocery",7.43,"MDI1"
"400f16dc-40b3-47d1-b630-248c9132ad23","video_load","usatoday.com","Runway","Runway Premium","Connected TV","","",1144800,"Home Depot",7.39,"MDI1"
"b592440c-a618-446e-bda2-cb198921b0b1","impression","tmz.com","Breakaway","Mobile Hover","Computer","","",1144673,"Walmart Grocery",7.41,"MDI1"
"b592440c-a618-446e-bda2-cb198921b0b1","impression","tmz.com","Breakaway","Mobile Hover","Computer","","",1144673,"Walmart Grocery",7.41,"MDI1"
"a24550ce-db29-4958-9a1b-d717d2908831","impression","techcrunch.com","Hover","Breakaway Display","Phone","","",1144673,"Walmart Grocery",7.4,"MDI1"
"a24550ce-db29-4958-9a1b-d717d2908831","impression","techcrunch.com","Hover","Breakaway Display","Phone","","",1144673,"Walmart Grocery",7.4,"MDI1"
"30fe4ec3-924e-40ce-9918-24ab2f930705","video_thirdquartile","forbes.com","Runway","Breakaway Display","Tablet","","",1144850,"Sephora",7.43,"MDI1"
"da394b51-5991-44ca-a061-d458a6aed268","video_firstquartile","variety.com","Hover","Anchor w Video Package","Computer","","",1144721,"Starbucks",7.47,"MDI1"
"f43cb08c-ec8b-47df-adc6-6b611d1bf380","video_thirdquartile","techcrunch.com","Breakaway","Middle Banner - Standard","Connected TV","","",1144760,"Nike",7.47,"MDI1"
"f43cb08c-ec8b-47df-adc6-6b611d1bf380","video_thirdquartile","techcrunch.com","Breakaway","Middle Banner - Standard","Connected TV","","",1144760,"Nike",7.47,"MDI1"
"e3e5a180-81ff-47c1-bfd1-234b6afa0b93","video_midpoint","people.com","ABA Display","CTV Venti Package","Phone","","",1144722,"Chick-fil-A",7.44,"MDI1"
"7badc64a-96c1-4440-b424-cfcd24118b8b","video_thirdquartile","usatoday.com","Hover","Anchor w Video Package","Tablet","Apple TV","",1144750,"Target",7.49,"MDI1"
"3b106b5d-9fe1-4ab9-be48-687a7ff80b64","video_firstquartile","buzzfeed.com","HighRise","Middle Banner - Standard","Phone","","",1144750,"Target",7.44,"MDI1"
"d75f43d0-d149-46b7-8c88-1721a6307407","video_midpoint","variety.com","Runway","CTV Venti Package","Tablet","","",1144850,"Sephora",7.4,"MDI1"
"5fcc9c64-4584-4a88-b3f7-1ba99fad2951","video_thirdquartile","nytimes.com","Breakaway","Runway Premium","Phone","","",1144760,"Nike",7.46,"MDI1"
"ba56471e-51ed-4c2c-bd51-af5b2c12a265","video_start","variety.com","ABA Display","Breakaway Display","Tablet","","",1144790,"Apple",7.45,"MDI1"
"371cff74-bfde-4022-90de-6fce301d447d","video_thirdquartile","techcrunch.com","Runway","CTV Venti Package","Tablet","Apple TV","",1144800,"Home Depot",7.44,"MDI1"
"fef5c84c-6857-42d2-8dba-923426079a66","click","weather.com","Runway","Breakaway Display","Phone","","Peacock",1144750,"Target",7.47,"MDI1"
"dd27fce8-9061-4c3b-83d6-ba394ae240d1","video_firstquartile","cnn.com","Breakaway","Middle Banner - Standard","Computer","","",1144750,"Target",7.39,"MDI1"
"ba74c8e8-11d7-4432-aa00-c5879b567f25","video_midpoint","cnn.com","ABA Display","Mobile Hover","Tablet","","",1144850,"Sephora",7.43,"MDI1"
"6eb6f092-ecfc-4b72-9d1c-9c073c998fcc","video_midpoint","people.com","Runway","Mobile Hover","Connected TV","","",1144800,"Home Depot",7.42,"MDI1"
"8dfd7cae-eb6f-4617-b1fc-9e7dd3c6cbca","impression","theverge.com","Runway","Middle Banner - Standard","Computer","","",1144800,"Home Depot",7.43,"MDI1"
"7245607a-4e79-41a0-821f-9ff7658ece7c","click","variety.com","ABA Display","CTV Venti Package","Computer","","Fubo TV",1144780,"CVS",7.5,"MDI1"
"bad31a76-f687-4fd4-9859-bc066e38625f","click","theverge.com","Hover","CTV Venti Package","Phone","Apple TV","",1144910,"Netflix",7.49,"MDI1"
"69cf40cd-754c-473b-8b2d-f162ff739909","click","espn.com","Breakaway","Breakaway Display","Phone","","Paramount+",1144721,"Starbucks",7.39,"MDI1"
"fff4c767-30bf-4d66-ba44-8676f279bf8a","video_load","usatoday.com","HighRise","Anchor w Video Package","Phone","","",1144722,"Chick-fil-A",7.4,"MDI1"
"fff4c767-30bf-4d66-ba44-8676f279bf8a","video_load","usatoday.com","HighRise","Anchor w Video Package","Phone","","",1144722,"Chick-fil-A",7.4,"MDI1"
"595eef33-7f43-48eb-9a9f-9f93f9c0864c","video_midpoint","techcrunch.com","HighRise","Anchor w Video Package","Computer","Fire TV","",1144800,"Home Depot",7.4,"MDI1"
"79030e03-ccd3-4744-8a3d-e8c084af2e78","impression","espn.com","Venti","CTV Venti Package","Phone","","Fubo TV",1144780,"CVS",7.4,"MDI1"
"c151ac2b-69ae-44b6-aa3f-562658b64f87","video_complete","buzzfeed.com","Breakaway","Breakaway Display","Phone","","",1144722,"Chick-fil-A",7.51,"MDI1"
"b14fc686-0294-49b0-9bd6-0232563a8111","video_start","theverge.com","Hover","CTV Venti Package","Connected TV","Fire TV","Pluto TV",1144850,"Sephora",7.41,"MDI1"
"b4b8ee5f-7fee-4808-8cd1-567558e44723","video_midpoint","buzzfeed.com","Venti","Middle Banner - Standard","Tablet","","Peacock",1144800,"Home Depot",7.43,"MDI1"
"b4b8ee5f-7fee-4808-8cd1-567558e44723","video_midpoint","buzzfeed.com","Venti","Middle Banner - Standard","Tablet","","Peacock",1144800,"Home Depot",7.43,"MDI1"
"b4b8ee5f-7fee-4808-8cd1-567558e44723","video_midpoint","buzzfeed.com","Venti","Middle Banner - Standard","Tablet","","Peacock",1144800,"Home Depot",7.43,"MDI1"
"85f3818a-2aa6-40cf-b392-c724b8c6bcc4","video_firstquartile","espn.com","Venti","Mobile Hover","Tablet","Samsung TV","",1144790,"Apple",7.52,"MDI1"
"85f3818a-2aa6-40cf-b392-c724b8c6bcc4","video_firstquartile","espn.com","Venti","Mobile Hover","Tablet","Samsung TV","",1144790,"Apple",7.52,"MDI1"
"93b18298-7f78-4eba-8407-d1b10d6a685e","click","people.com","Hover","Runway Premium","Tablet","LG Smart TV","",1144780,"CVS",7.43,"MDI1"
"29d841d5-a924-49c6-b23a-049198c22dd1","click","espn.com","Breakaway","Middle Banner - Standard","Computer","","Pluto TV",1144850,"Sephora",7.49,"MDI1"
"29d841d5-a924-49c6-b23a-049198c22dd1","click","espn.com","Breakaway","Middle Banner - Standard","Computer","","Pluto TV",1144850,"Sephora",7.49,"MDI1"
"29d841d5-a924-49c6-b23a-049198c22dd1","click","espn.com","Breakaway","Middle Banner - Standard","Computer","","Pluto TV",1144850,"Sephora",7.49,"MDI1"
"276c3bd5-74cd-48ba-bc39-86404086eda8","click","cnn.com","Runway","Breakaway Display","Computer","","",1144780,"CVS",7.47,"MDI1"
"276c3bd5-74cd-48ba-bc39-86404086eda8","click","cnn.com","Runway","Breakaway Display","Computer","","",1144780,"CVS",7.47,"MDI1"
"2bf943e8-f360-4940-939a-56423f987794","click","theverge.com","HighRise","Middle Banner - Standard","Computer","","Fubo TV",1144750,"Target",7.48,"MDI1"
"72d9039d-6c18-4fea-a32f-33e659c85bd7","video_firstquartile","cnn.com","Breakaway","Middle Banner - Standard","Connected TV","Roku","Fubo TV",1144721,"Starbucks",7.47,"MDI1"
"788b9703-c4f9-4ee4-ad6e-6f909dd9ef01","click","espn.com","HighRise","Middle Banner - Standard","Phone","Samsung TV","",1144720,"McDonalds",7.53,"MDI1"
"dc0cdae0-5714-4a96-ba13-5862df2e82de","impression","nytimes.com","Venti","Runway Premium","Phone","","Pluto TV",1144800,"Home Depot",7.44,"MDI1"
"be8b2336-0b5d-457e-a70e-4643b7a7de00","video_firstquartile","nytimes.com","Venti","CTV Venti Package","Connected TV","","",1144721,"Starbucks",7.41,"MDI1"
"6740e019-92f5-4224-8a07-7d8fe0bc6d5f","video_midpoint","nytimes.com","ABA Display","Mobile Hover","Phone","","",1144720,"McDonalds",7.52,"MDI1"
"6740e019-92f5-4224-8a07-7d8fe0bc6d5f","video_midpoint","nytimes.com","ABA Display","Mobile Hover","Phone","","",1144720,"McDonalds",7.52,"MDI1"
"57fb23ab-1396-44eb-b626-27c4d629ae15","click","theverge.com","ABA Display","Middle Banner - Standard","Tablet","","",1144800,"Home Depot",7.4,"MDI1"
"c8e3762f-9c59-4aec-92fd-e7c46dbe6713","video_complete","tmz.com","Hover","Runway Premium","Phone","Fire TV","",1144850,"Sephora",7.66,"MDI1"
"10c3fe5f-6461-41df-a0f4-e040a808366a","video_load","theverge.com","Venti","Runway Premium","Tablet","","Tubi",1144721,"Starbucks",7.5,"MDI1"
"10c3fe5f-6461-41df-a0f4-e040a808366a","video_load","theverge.com","Venti","Runway Premium","Tablet","","Tubi",1144721,"Starbucks",7.5,"MDI1"
"9464b19c-0a45-4d78-916f-ae846c20ab95","video_load","forbes.com","Venti","Mobile Hover","Phone","","Paramount+",1144720,"McDonalds",7.44,"MDI1"
"828a9df8-fcab-46f6-b199-d00fc65166ee","click","variety.com","Venti","Breakaway Display","Connected TV","","",1144760,"Nike",7.47,"MDI1"
"8aaf3a1a-96d5-4f43-b962-9a15a58725de","video_midpoint","techcrunch.com","Breakaway","Mobile Hover","Connected TV","","Pluto TV",1144760,"Nike",7.47,"MDI1"
"8aaf3a1a-96d5-4f43-b962-9a15a58725de","video_midpoint","techcrunch.com","Breakaway","Mobile Hover","Connected TV","","Pluto TV",1144760,"Nike",7.47,"MDI1"
"8aaf3a1a-96d5-4f43-b962-9a15a58725de","video_midpoint","techcrunch.com","Breakaway","Mobile Hover","Connected TV","","Pluto TV",1144760,"Nike",7.47,"MDI1"
"8aaf3a1a-96d5-4f43-b962-9a15a58725de","video_midpoint","techcrunch.com","Breakaway","Mobile Hover","Connected TV","","Pluto TV",1144760,"Nike",7.47,"MDI1"
"2ff5f2e5-46ea-4283-9f7a-3a4df1185f03","video_complete","techcrunch.com","Hover","Middle Banner - Standard","Tablet","Samsung TV","",1144850,"Sephora",7.48,"MDI1"
"3a0546ba-7684-46ae-9d25-b9c99a86888b","impression","people.com","HighRise","CTV Venti Package","Connected TV","","Peacock",1144780,"CVS",7.49,"MDI1"
"3a0546ba-7684-46ae-9d25-b9c99a86888b","impression","people.com","HighRise","CTV Venti Package","Connected TV","","Peacock",1144780,"CVS",7.49,"MDI1"
"3a0546ba-7684-46ae-9d25-b9c99a86888b","impression","people.com","HighRise","CTV Venti Package","Connected TV","","Peacock",1144780,"CVS",7.49,"MDI1"
"589a3a9c-5a7e-4de6-9ec9-bea186484513","impression","techcrunch.com","HighRise","Middle Banner - Standard","Connected TV","","",1144750,"Target",7.42,"MDI1"
"8c5f64f5-1c46-4a9f-bf17-62d0864047f1","video_load","variety.com","ABA Display","Breakaway Display","Connected TV","","",1144721,"Starbucks",7.42,"MDI1"
"00190913-a3d4-478e-bb7a-920339658333","video_thirdquartile","tmz.com","HighRise","Anchor w Video Package","Tablet","Apple TV","",1144780,"CVS",7.48,"MDI1"
"b69a7998-8238-47cc-b1b4-1fc3f07cf7fd","video_complete","cnn.com","HighRise","Mobile Hover","Connected TV","","Tubi",1144800,"Home Depot",7.49,"MDI1"
"b69a7998-8238-47cc-b1b4-1fc3f07cf7fd","video_complete","cnn.com","HighRise","Mobile Hover","Connected TV","","Tubi",1144800,"Home Depot",7.49,"MDI1"
"7b6c7f09-2fb4-4eac-beda-5e10c815fce3","click","nytimes.com","Breakaway","Breakaway Display","Connected TV","Samsung TV","",1144910,"Netflix",7.54,"MDI1"
"7b6c7f09-2fb4-4eac-beda-5e10c815fce3","click","nytimes.com","Breakaway","Breakaway Display","Connected TV","Samsung TV","",1144910,"Netflix",7.54,"MDI1"
"7b6c7f09-2fb4-4eac-beda-5e10c815fce3","click","nytimes.com","Breakaway","Breakaway Display","Connected TV","Samsung TV","",1144910,"Netflix",7.54,"MDI1"
"6cbc1bb5-18b1-47b8-84dd-fc67e4779439","video_load","people.com","HighRise","Runway Premium","Phone","","",1144790,"Apple",7.51,"MDI1"
"c2e1f91b-04ac-45e8-ada1-a53251bdc1f3","impression","weather.com","Breakaway","Anchor w Video Package","Connected TV","","",1144760,"Nike",7.42,"MDI1"
"c2e1f91b-04ac-45e8-ada1-a53251bdc1f3","impression","weather.com","Breakaway","Anchor w Video Package","Connected TV","","",1144760,"Nike",7.42,"MDI1"
"cc606ea6-f434-4808-add2-3d9fa061f8cf","video_complete","techcrunch.com","Hover","CTV Venti Package","Tablet","Fire TV","Peacock",1144850,"Sephora",7.41,"MDI1"
"cc606ea6-f434-4808-add2-3d9fa061f8cf","video_complete","techcrunch.com","Hover","CTV Venti Package","Tablet","Fire TV","Peacock",1144850,"Sephora",7.41,"MDI1"
"cc606ea6-f434-4808-add2-3d9fa061f8cf","video_complete","techcrunch.com","Hover","CTV Venti Package","Tablet","Fire TV","Peacock",1144850,"Sephora",7.41,"MDI1"
"32a42cff-91cd-4083-a5ab-0708b63b0fe3","video_firstquartile","people.com","HighRise","Mobile Hover","Connected TV","Samsung TV","",1144760,"Nike",7.59,"MDI1"
"32a42cff-91cd-4083-a5ab-0708b63b0fe3","video_firstquartile","people.com","HighRise","Mobile Hover","Connected TV","Samsung TV","",1144760,"Nike",7.59,"MDI1"
"32a42cff-91cd-4083-a5ab-0708b63b0fe3","video_firstquartile","people.com","HighRise","Mobile Hover","Connected TV","Samsung TV","",1144760,"Nike",7.59,"MDI1"
"4fa03534-3573-4045-9c4b-2b0f03aa5724","video_thirdquartile","espn.com","HighRise","Runway Premium","Tablet","","",1144780,"CVS",7.43,"MDI1"
"ccedb83b-a8c3-42b4-b8fb-2ac36a1378f2","click","people.com","Runway","Breakaway Display","Connected TV","Apple TV","",1144760,"Nike",7.64,"MDI1"
"c33babc4-7bc9-41eb-975d-73560268e6f6","video_midpoint","forbes.com","Breakaway","Runway Premium","Tablet","","",1144720,"McDonalds",7.43,"MDI1"
"c33babc4-7bc9-41eb-975d-73560268e6f6","video_midpoint","forbes.com","Breakaway","Runway Premium","Tablet","","",1144720,"McDonalds",7.43,"MDI1"
"069b23b4-e3eb-4973-8e50-4c08ecd74bd1","video_firstquartile","techcrunch.com","ABA Display","Mobile Hover","Tablet","","",1144722,"Chick-fil-A",7.41,"MDI1"
"279ee2b3-9b64-4d18-9668-bc772ea504a1","video_midpoint","cnn.com","Runway","Mobile Hover","Phone","","",1144800,"Home Depot",7.46,"MDI1"
"4326708f-667d-4e17-9144-6086eeaed0da","impression","espn.com","Venti","Breakaway Display","Phone","LG Smart TV","",1144721,"Starbucks",7.47,"MDI1"
"2c992e2e-d967-491d-af04-bc8daab972ee","impression","nytimes.com","ABA Display","Runway Premium","Phone","","",1144673,"Walmart Grocery",7.42,"MDI1"
"2c992e2e-d967-491d-af04-bc8daab972ee","impression","nytimes.com","ABA Display","Runway Premium","Phone","","",1144673,"Walmart Grocery",7.42,"MDI1"
"ef3b542f-d850-4978-9b78-4ae4ca0ef7cb","video_complete","people.com","Breakaway","Middle Banner - Standard","Computer","","",1144790,"Apple",7.41,"MDI1"
"ef3b542f-d850-4978-9b78-4ae4ca0ef7cb","video_complete","people.com","Breakaway","Middle Banner - Standard","Computer","","",1144790,"Apple",7.41,"MDI1"
"15345e5f-d006-4a24-b71e-56ce9eae014a","impression","tmz.com","Venti","Mobile Hover","Phone","","Paramount+",1144850,"Sephora",7.44,"MDI1"
"15345e5f-d006-4a24-b71e-56ce9eae014a","impression","tmz.com","Venti","Mobile Hover","Phone","","Paramount+",1144850,"Sephora",7.44,"MDI1"
"15345e5f-d006-4a24-b71e-56ce9eae014a","impression","tmz.com","Venti","Mobile Hover","Phone","","Paramount+",1144850,"Sephora",7.44,"MDI1"
"7d403ca7-384e-47e9-8362-653ac9e33ff4","click","variety.com","Breakaway","Middle Banner - Standard","Phone","","",1144760,"Nike",7.47,"MDI1"
"61d2a632-ec2d-4d95-9e5a-47ef22914b7a","video_complete","techcrunch.com","Hover","Mobile Hover","Connected TV","","",1144720,"McDonalds",7.56,"MDI1"
"7fe4a967-bb38-4d85-a70e-e932627867ec","click","buzzfeed.com","Venti","Anchor w Video Package","Phone","","Pluto TV",1144760,"Nike",7.44,"MDI1"
"88159fad-357d-4a40-a712-3fffe6b66a97","video_thirdquartile","forbes.com","Hover","CTV Venti Package","Phone","","",1144722,"Chick-fil-A",7.44,"MDI1"
"1b06c42d-8a89-416a-8f8f-9e28fbe79ae6","video_firstquartile","nytimes.com","Hover","Middle Banner - Standard","Connected TV","","",1144910,"Netflix",7.47,"MDI1"
"599d8c62-25d1-4652-bca6-f1a467a82314","video_midpoint","tmz.com","HighRise","Runway Premium","Computer","","",1144722,"Chick-fil-A",7.45,"MDI1"
"599d8c62-25d1-4652-bca6-f1a467a82314","video_midpoint","tmz.com","HighRise","Runway Premium","Computer","","",1144722,"Chick-fil-A",7.45,"MDI1"
"012307fc-d196-4ddf-b6ba-5d4d53250f7d","video_load","buzzfeed.com","ABA Display","Runway Premium","Connected TV","Apple TV","",1144910,"Netflix",7.39,"MDI1"
"bf91cf03-7948-41b5-a2b7-7811d2337afb","impression","weather.com","Runway","Anchor w Video Package","Phone","","",1144850,"Sephora",7.46,"MDI1"
"bf91cf03-7948-41b5-a2b7-7811d2337afb","impression","weather.com","Runway","Anchor w Video Package","Phone","","",1144850,"Sephora",7.46,"MDI1"
"1fc59ea3-c667-4088-a224-bf2fb02f227e","video_load","forbes.com","Breakaway","Breakaway Display","Tablet","Android TV","Peacock",1144720,"McDonalds",7.53,"MDI1"
"1fc59ea3-c667-4088-a224-bf2fb02f227e","video_load","forbes.com","Breakaway","Breakaway Display","Tablet","Android TV","Peacock",1144720,"McDonalds",7.53,"MDI1"
"0e7431b2-a208-428c-94c9-13faec852eed","click","techcrunch.com","Breakaway","CTV Venti Package","Connected TV","","",1144673,"Walmart Grocery",7.39,"MDI1"
"0e7431b2-a208-428c-94c9-13faec852eed","click","techcrunch.com","Breakaway","CTV Venti Package","Connected TV","","",1144673,"Walmart Grocery",7.39,"MDI1"
"005e873b-f5c9-4884-9d92-057606904cfa","video_thirdquartile","cnn.com","ABA Display","Runway Premium","Tablet","","",1144850,"Sephora",7.4,"MDI1"
"4dcbabe4-e7d1-4373-ba7e-e207108b943d","click","nytimes.com","Venti","Anchor w Video Package","Tablet","","",1144760,"Nike",7.5,"MDI1"
"57d1178a-8549-440c-a6dc-efe4ebb04885","click","theverge.com","Hover","Runway Premium","Phone","","",1144910,"Netflix",7.53,"MDI1"
"ec7a19e1-83b8-4a0c-994d-a2f0594591f1","video_firstquartile","usatoday.com","Runway","Mobile Hover","Computer","","Fubo TV",1144800,"Home Depot",7.41,"MDI1"
"ec7a19e1-83b8-4a0c-994d-a2f0594591f1","video_firstquartile","usatoday.com","Runway","Mobile Hover","Computer","","Fubo TV",1144800,"Home Depot",7.41,"MDI1"
"6cf4db93-f9da-4db6-9a71-a50c1dbd89cb","video_load","people.com","Breakaway","Runway Premium","Phone","","",1144721,"Starbucks",7.46,"MDI1"
"6cf4db93-f9da-4db6-9a71-a50c1dbd89cb","video_load","people.com","Breakaway","Runway Premium","Phone","","",1144721,"Starbucks",7.46,"MDI1"
"be8335e0-b3b4-40f8-989a-49f4a67cdc70","video_firstquartile","theverge.com","HighRise","CTV Venti Package","Tablet","","",1144761,"Old Navy",7.48,"MDI1"
"96506672-3d9c-4d12-893a-682810216e09","video_thirdquartile","forbes.com","HighRise","Middle Banner - Standard","Connected TV","","",1144760,"Nike",7.46,"MDI1"
"96506672-3d9c-4d12-893a-682810216e09","video_thirdquartile","forbes.com","HighRise","Middle Banner - Standard","Connected TV","","",1144760,"Nike",7.46,"MDI1"
"168fb275-cdf6-469b-84c3-e79a0bd0aa3f","video_complete","theverge.com","Runway","Runway Premium","Tablet","Android TV","",1144760,"Nike",7.59,"MDI1"
"168fb275-cdf6-469b-84c3-e79a0bd0aa3f","video_complete","theverge.com","Runway","Runway Premium","Tablet","Android TV","",1144760,"Nike",7.59,"MDI1"
"54d00852-28f0-4d99-9448-7f8c4b8f1c29","video_thirdquartile","techcrunch.com","Breakaway","Runway Premium","Phone","","",1144780,"CVS",7.51,"MDI1"
"65d0058d-3ea7-410c-8128-4dd27dba0959","video_start","theverge.com","Venti","Breakaway Display","Computer","","",1144780,"CVS",7.42,"MDI1"
"ee38e935-5a56-4ceb-8375-4ea1b4beed3d","click","variety.com","Hover","Middle Banner - Standard","Phone","Android TV","",1144721,"Starbucks",7.55,"MDI1"
"53472cc1-5bd4-4a7f-8802-7db6e74d54ad","video_complete","techcrunch.com","Runway","CTV Venti Package","Tablet","","",1144850,"Sephora",7.57,"MDI1"
"53472cc1-5bd4-4a7f-8802-7db6e74d54ad","video_complete","techcrunch.com","Runway","CTV Venti Package","Tablet","","",1144850,"Sephora",7.57,"MDI1"
"53472cc1-5bd4-4a7f-8802-7db6e74d54ad","video_complete","techcrunch.com","Runway","CTV Venti Package","Tablet","","",1144850,"Sephora",7.57,"MDI1"
"e8ec80e5-22fd-4252-827c-c3b89dc551e9","click","variety.com","HighRise","Middle Banner - Standard","Phone","","",1144750,"Target",7.54,"MDI1"
"e8ec80e5-22fd-4252-827c-c3b89dc551e9","click","variety.com","HighRise","Middle Banner - Standard","Phone","","",1144750,"Target",7.54,"MDI1"
"790a4ee6-5762-4db4-8306-b1de8e83ea90","video_complete","theverge.com","Runway","Runway Premium","Connected TV","","",1144760,"Nike",7.61,"MDI1"
"8ea8ba26-2aa7-4631-a8df-a9a847f6bab3","video_midpoint","buzzfeed.com","Breakaway","Anchor w Video Package","Phone","","",1144720,"McDonalds",7.4,"MDI1"
"8ea8ba26-2aa7-4631-a8df-a9a847f6bab3","video_midpoint","buzzfeed.com","Breakaway","Anchor w Video Package","Phone","","",1144720,"McDonalds",7.4,"MDI1"
"4c13333a-53a6-4f50-8aa5-7edb7e692b76","impression","espn.com","Hover","Mobile Hover","Computer","Apple TV","",1144760,"Nike",7.41,"MDI1"
"4c13333a-53a6-4f50-8aa5-7edb7e692b76","impression","espn.com","Hover","Mobile Hover","Computer","Apple TV","",1144760,"Nike",7.41,"MDI1"
"8d79aad2-66b3-4f60-82d1-69bbba4b052e","click","buzzfeed.com","Venti","Anchor w Video Package","Connected TV","","",1144800,"Home Depot",7.44,"MDI1"
"e76d06c1-0784-419f-9f7f-d5597dbdbb4e","impression","people.com","Breakaway","CTV Venti Package","Computer","Apple TV","",1144750,"Target",7.49,"MDI1"
"e76d06c1-0784-419f-9f7f-d5597dbdbb4e","impression","people.com","Breakaway","CTV Venti Package","Computer","Apple TV","",1144750,"Target",7.49,"MDI1"
"ae31bc00-470f-431b-89c5-e49e72692a7c","video_complete","cnn.com","Hover","Anchor w Video Package","Connected TV","","",1144760,"Nike",7.42,"MDI1"
"c43123a0-3a76-45f4-bdc5-5a82f3afec85","impression","cnn.com","HighRise","Middle Banner - Standard","Phone","","",1144780,"CVS",7.4,"MDI1"
"c43123a0-3a76-45f4-bdc5-5a82f3afec85","impression","cnn.com","HighRise","Middle Banner - Standard","Phone","","",1144780,"CVS",7.4,"MDI1"
"c43123a0-3a76-45f4-bdc5-5a82f3afec85","impression","cnn.com","HighRise","Middle Banner - Standard","Phone","","",1144780,"CVS",7.4,"MDI1"
"bee1b828-3a80-412d-879c-70503597fcd1","impression","variety.com","Hover","Runway Premium","Tablet","","",1144780,"CVS",7.45,"MDI1"
"b1e32a9e-bcad-44f7-a65e-2538f1083189","video_thirdquartile","tmz.com","Breakaway","Anchor w Video Package","Tablet","","",1144721,"Starbucks",7.4,"MDI1"
"d2eb3e4e-a438-4006-910f-2908d9d04d49","video_start","espn.com","ABA Display","CTV Venti Package","Computer","","Tubi",1144780,"CVS",7.41,"MDI1"
"db0b3e21-ba5a-417e-b70b-f2015ec407ce","video_start","techcrunch.com","Venti","Runway Premium","Tablet","Android TV","",1144761,"Old Navy",7.46,"MDI1"
"0ea808bd-d0f1-40b9-bcfb-192d8b9f61c1","impression","nytimes.com","Breakaway","CTV Venti Package","Tablet","","",1144760,"Nike",7.45,"MDI1"
"0d510726-8bb2-4d23-be9e-b7fdbb82aae3","video_firstquartile","techcrunch.com","Runway","Runway Premium","Connected TV","","",1144780,"CVS",7.41,"MDI1"
"b104ddf9-d873-4bfc-89bc-1e873dd438c2","impression","tmz.com","Venti","Breakaway Display","Phone","","",1144673,"Walmart Grocery",7.44,"MDI1"
"59896d58-6dec-4ed2-9c3f-dc7359aba5dd","video_complete","nytimes.com","HighRise","Middle Banner - Standard","Connected TV","Roku","",1144910,"Netflix",7.65,"MDI1"
"59896d58-6dec-4ed2-9c3f-dc7359aba5dd","video_complete","nytimes.com","HighRise","Middle Banner - Standard","Connected TV","Roku","",1144910,"Netflix",7.65,"MDI1"
"59896d58-6dec-4ed2-9c3f-dc7359aba5dd","video_complete","nytimes.com","HighRise","Middle Banner - Standard","Connected TV","Roku","",1144910,"Netflix",7.65,"MDI1"
"b85efa65-0a13-4232-ab5f-4e9610d7f3d4","impression","nytimes.com","HighRise","CTV Venti Package","Connected TV","","",1144780,"CVS",7.52,"MDI1"
"5e1a99dc-b1f5-405c-be7e-4993da11fcd0","click","buzzfeed.com","Breakaway","Middle Banner - Standard","Tablet","","",1144790,"Apple",7.43,"MDI1"
"5e1a99dc-b1f5-405c-be7e-4993da11fcd0","click","buzzfeed.com","Breakaway","Middle Banner - Standard","Tablet","","",1144790,"Apple",7.43,"MDI1"
"838aa799-d83d-446f-97b2-47b17d6b3d3d","video_start","cnn.com","Runway","Breakaway Display","Tablet","","",1144850,"Sephora",7.44,"MDI1"
"cc0f0e69-e7b8-4640-aec6-2fd4316446f0","video_thirdquartile","cnn.com","Hover","Middle Banner - Standard","Connected TV","","",1144760,"Nike",7.4,"MDI1"
"6565a667-28dc-4bce-b2b9-aebd984f07d0","video_complete","espn.com","Venti","Middle Banner - Standard","Phone","Fire TV","Peacock",1144790,"Apple",7.55,"MDI1"
"6565a667-28dc-4bce-b2b9-aebd984f07d0","video_complete","espn.com","Venti","Middle Banner - Standard","Phone","Fire TV","Peacock",1144790,"Apple",7.55,"MDI1"
"6312e141-490e-4da7-8c43-38bff079bfb5","click","weather.com","Hover","Breakaway Display","Tablet","","",1144720,"McDonalds",7.52,"MDI1"
"6312e141-490e-4da7-8c43-38bff079bfb5","click","weather.com","Hover","Breakaway Display","Tablet","","",1144720,"McDonalds",7.52,"MDI1"
"56bb7b3e-b451-48d7-9408-6284c27189ab","click","techcrunch.com","HighRise","Mobile Hover","Phone","Samsung TV","Tubi",1144750,"Target",7.45,"MDI1"
"a97ffecf-7a3d-4e7a-8802-71de4c97dc8e","video_complete","people.com","HighRise","Anchor w Video Package","Phone","","Fubo TV",1144910,"Netflix",7.4,"MDI1"
"a97ffecf-7a3d-4e7a-8802-71de4c97dc8e","video_complete","people.com","HighRise","Anchor w Video Package","Phone","","Fubo TV",1144910,"Netflix",7.4,"MDI1"
"a97ffecf-7a3d-4e7a-8802-71de4c97dc8e","video_complete","people.com","HighRise","Anchor w Video Package","Phone","","Fubo TV",1144910,"Netflix",7.4,"MDI1"
"58223f39-4c13-47de-948e-08bc239e904f","video_start","techcrunch.com","ABA Display","Middle Banner - Standard","Tablet","Apple TV","",1144910,"Netflix",7.44,"MDI1"
"58223f39-4c13-47de-948e-08bc239e904f","video_start","techcrunch.com","ABA Display","Middle Banner - Standard","Tablet","Apple TV","",1144910,"Netflix",7.44,"MDI1"
"58223f39-4c13-47de-948e-08bc239e904f","video_start","techcrunch.com","ABA Display","Middle Banner - Standard","Tablet","Apple TV","",1144910,"Netflix",7.44,"MDI1"
"58223f39-4c13-47de-948e-08bc239e904f","video_start","techcrunch.com","ABA Display","Middle Banner - Standard","Tablet","Apple TV","",1144910,"Netflix",7.44,"MDI1"
"55dcb9c2-3e4c-4db0-8f4a-0fa6189a2564","impression","people.com","Breakaway","Runway Premium","Connected TV","","",1144750,"Target",7.47,"MDI1"
"55dcb9c2-3e4c-4db0-8f4a-0fa6189a2564","impression","people.com","Breakaway","Runway Premium","Connected TV","","",1144750,"Target",7.47,"MDI1"
"55dcb9c2-3e4c-4db0-8f4a-0fa6189a2564","impression","people.com","Breakaway","Runway Premium","Connected TV","","",1144750,"Target",7.47,"MDI1"
"0693e670-e48b-4760-bda8-a60bdd2c32a2","click","nytimes.com","Runway","Anchor w Video Package","Connected TV","","",1144761,"Old Navy",7.41,"MDI1"
"81bef894-ebb1-498c-a0a6-8a7327165c3b","impression","people.com","Venti","Breakaway Display","Tablet","","Fubo TV",1144790,"Apple",7.4,"MDI1"
"81bef894-ebb1-498c-a0a6-8a7327165c3b","impression","people.com","Venti","Breakaway Display","Tablet","","Fubo TV",1144790,"Apple",7.4,"MDI1"
"81bef894-ebb1-498c-a0a6-8a7327165c3b","impression","people.com","Venti","Breakaway Display","Tablet","","Fubo TV",1144790,"Apple",7.4,"MDI1"
"81bef894-ebb1-498c-a0a6-8a7327165c3b","impression","people.com","Venti","Breakaway Display","Tablet","","Fubo TV",1144790,"Apple",7.4,"MDI1"
"81bef894-ebb1-498c-a0a6-8a7327165c3b","impression","people.com","Venti","Breakaway Display","Tablet","","Fubo TV",1144790,"Apple",7.4,"MDI1"
"5ff16e87-e123-4bf7-9c1e-3d3264e91919","video_start","forbes.com","Breakaway","Mobile Hover","Computer","","",1144720,"McDonalds",7.43,"MDI1"
"5ff16e87-e123-4bf7-9c1e-3d3264e91919","video_start","forbes.com","Breakaway","Mobile Hover","Computer","","",1144720,"McDonalds",7.43,"MDI1"
"5ff16e87-e123-4bf7-9c1e-3d3264e91919","video_start","forbes.com","Breakaway","Mobile Hover","Computer","","",1144720,"McDonalds",7.43,"MDI1"
"4ee256b8-2456-48b1-b47c-4a9cc70f3187","video_complete","weather.com","Hover","Middle Banner - Standard","Connected TV","","",1144761,"Old Navy",7.47,"MDI1"
"e028108d-fb76-498f-b06d-7efac7423224","video_start","espn.com","ABA Display","Breakaway Display","Connected TV","","",1144750,"Target",7.41,"MDI1"
"9a0893a5-fa98-4c14-ad64-cefe1ba0ceee","click","usatoday.com","Venti","Breakaway Display","Computer","","Fubo TV",1144800,"Home Depot",7.49,"MDI1"
"9a0893a5-fa98-4c14-ad64-cefe1ba0ceee","click","usatoday.com","Venti","Breakaway Display","Computer","","Fubo TV",1144800,"Home Depot",7.49,"MDI1"
"f854a53c-e5df-48b5-ace1-a5a76b61865a","click","buzzfeed.com","HighRise","Breakaway Display","Connected TV","","",1144780,"CVS",7.58,"MDI1"
"93885f97-ba00-49b1-adf0-2f8db9a03975","video_start","techcrunch.com","Venti","Runway Premium","Computer","","Peacock",1144721,"Starbucks",7.43,"MDI1"
"2c426b08-3710-49e0-8451-1a8443a63a02","video_thirdquartile","buzzfeed.com","Venti","CTV Venti Package","Computer","Fire TV","",1144720,"McDonalds",7.48,"MDI1"
"e79d44f4-fd25-4f75-945b-1b1116b1ec23","video_complete","weather.com","Venti","Middle Banner - Standard","Connected TV","Apple TV","Pluto TV",1144850,"Sephora",7.55,"MDI1"
"e35b32d9-d0e9-4529-8f23-d80f0cc3da4b","video_start","espn.com","Breakaway","Breakaway Display","Connected TV","","",1144750,"Target",7.45,"MDI1"
"169ce41e-90dc-42ef-a7e9-9e2c79195df1","video_complete","techcrunch.com","Breakaway","Runway Premium","Tablet","Roku","",1144761,"Old Navy",7.51,"MDI1"
"0f9630b5-5402-4099-967a-372d86e0da82","video_load","theverge.com","ABA Display","Runway Premium","Computer","Apple TV","Paramount+",1144750,"Target",7.46,"MDI1"
"afd80756-e13d-40d4-97e7-2e85ed24ffd0","impression","variety.com","HighRise","Breakaway Display","Tablet","","",1144720,"McDonalds",7.43,"MDI1"
"afd80756-e13d-40d4-97e7-2e85ed24ffd0","impression","variety.com","HighRise","Breakaway Display","Tablet","","",1144720,"McDonalds",7.43,"MDI1"
"571529e8-d92d-40b9-8972-1ed82c097bf5","impression","techcrunch.com","Breakaway","Runway Premium","Tablet","LG Smart TV","",1144780,"CVS",7.47,"MDI1"
"6d9d87dc-18cd-4221-b330-9b725e160621","impression","cnn.com","Hover","CTV Venti Package","Tablet","LG Smart TV","",1144790,"Apple",7.44,"MDI1"
"6d9d87dc-18cd-4221-b330-9b725e160621","impression","cnn.com","Hover","CTV Venti Package","Tablet","LG Smart TV","",1144790,"Apple",7.44,"MDI1"
"c0add3e1-ad23-4452-b23a-49733ddf1a97","impression","weather.com","Hover","Middle Banner - Standard","Phone","","",1144910,"Netflix",7.49,"MDI1"
"c8e00a95-bd2c-47c7-8916-f4d80a36f09e","click","forbes.com","HighRise","Breakaway Display","Phone","","",1144790,"Apple",7.43,"MDI1"
"7463498e-b217-4057-9853-5722f80c377d","click","usatoday.com","Hover","Runway Premium","Connected TV","","",1144720,"McDonalds",7.41,"MDI1"
"7463498e-b217-4057-9853-5722f80c377d","click","usatoday.com","Hover","Runway Premium","Connected TV","","",1144720,"McDonalds",7.41,"MDI1"
"7c6c0cf1-8bdb-424c-8643-50b67408ef45","impression","people.com","Hover","CTV Venti Package","Connected TV","","Pluto TV",1144910,"Netflix",7.43,"MDI1"
"1ead9501-cd1a-47fa-a67f-54b5c9ae55c5","click","variety.com","Breakaway","CTV Venti Package","Tablet","","",1144722,"Chick-fil-A",7.54,"MDI1"
"3e7ff04e-af8b-4422-9c4f-6e7152459707","video_complete","people.com","Breakaway","Breakaway Display","Phone","","",1144673,"Walmart Grocery",7.47,"MDI1"
"3e7ff04e-af8b-4422-9c4f-6e7152459707","video_complete","people.com","Breakaway","Breakaway Display","Phone","","",1144673,"Walmart Grocery",7.47,"MDI1"
"5e3c27da-980f-4001-ba53-04a05d12ffc1","video_midpoint","variety.com","Venti","Mobile Hover","Connected TV","","",1144761,"Old Navy",7.51,"MDI1"
"b56d59f4-3e82-4bef-aff2-a2c22c838384","video_midpoint","usatoday.com","Venti","CTV Venti Package","Tablet","","Pluto TV",1144721,"Starbucks",7.45,"MDI1"
"b56d59f4-3e82-4bef-aff2-a2c22c838384","video_midpoint","usatoday.com","Venti","CTV Venti Package","Tablet","","Pluto TV",1144721,"Starbucks",7.45,"MDI1"
"e353cd3d-15fb-4704-adea-363424c97b2b","video_start","theverge.com","ABA Display","Anchor w Video Package","Phone","","",1144722,"Chick-fil-A",7.47,"MDI1"
"e353cd3d-15fb-4704-adea-363424c97b2b","video_start","theverge.com","ABA Display","Anchor w Video Package","Phone","","",1144722,"Chick-fil-A",7.47,"MDI1"
"5485c508-b082-404a-aee8-18cf4f33b46d","video_start","variety.com","Venti","Mobile Hover","Connected TV","Android TV","Fubo TV",1144760,"Nike",7.44,"MDI1"
"c3d5c257-06cb-4fcc-9933-ba6449ac8d03","video_load","variety.com","ABA Display","Mobile Hover","Tablet","Samsung TV","",1144761,"Old Navy",7.44,"MDI1"
"cf2aa884-18a0-4ef5-a2db-da2819d8f8d0","click","buzzfeed.com","Venti","CTV Venti Package","Phone","","",1144673,"Walmart Grocery",7.57,"MDI1"
"7898d07f-828f-4a16-8d9b-d67a39ebdb89","video_midpoint","usatoday.com","Runway","Anchor w Video Package","Phone","LG Smart TV","",1144750,"Target",7.42,"MDI1"
"0b8f75f9-b6aa-4baf-85d9-521f073ccb06","video_thirdquartile","nytimes.com","Runway","CTV Venti Package","Tablet","","",1144750,"Target",7.41,"MDI1"
"0b8f75f9-b6aa-4baf-85d9-521f073ccb06","video_thirdquartile","nytimes.com","Runway","CTV Venti Package","Tablet","","",1144750,"Target",7.41,"MDI1"
"39253cef-63f3-45c3-b59b-dd83e82e3f4c","video_firstquartile","techcrunch.com","Hover","Runway Premium","Connected TV","","Fubo TV",1144800,"Home Depot",7.42,"MDI1"
"39253cef-63f3-45c3-b59b-dd83e82e3f4c","video_firstquartile","techcrunch.com","Hover","Runway Premium","Connected TV","","Fubo TV",1144800,"Home Depot",7.42,"MDI1"
"1e3c8039-fcc5-4e3e-a3cd-5fbdca2b390c","video_start","forbes.com","Breakaway","Anchor w Video Package","Computer","","",1144722,"Chick-fil-A",7.41,"MDI1"
"78a07510-9009-4953-abf8-af5bbfb5c8a6","video_thirdquartile","tmz.com","Runway","Anchor w Video Package","Connected TV","","",1144800,"Home Depot",7.47,"MDI1"
"78a07510-9009-4953-abf8-af5bbfb5c8a6","video_thirdquartile","tmz.com","Runway","Anchor w Video Package","Connected TV","","",1144800,"Home Depot",7.47,"MDI1"
"78a07510-9009-4953-abf8-af5bbfb5c8a6","video_thirdquartile","tmz.com","Runway","Anchor w Video Package","Connected TV","","",1144800,"Home Depot",7.47,"MDI1"
"2035eb20-1819-4647-8317-229694b70fd2","video_complete","espn.com","ABA Display","Runway Premium","Phone","","",1144673,"Walmart Grocery",7.44,"MDI1"
"2035eb20-1819-4647-8317-229694b70fd2","video_complete","espn.com","ABA Display","Runway Premium","Phone","","",1144673,"Walmart Grocery",7.44,"MDI1"
"2035eb20-1819-4647-8317-229694b70fd2","video_complete","espn.com","ABA Display","Runway Premium","Phone","","",1144673,"Walmart Grocery",7.44,"MDI1"
"c07c2a8f-738c-488d-8080-d24342adb74b","impression","buzzfeed.com","HighRise","Mobile Hover","Tablet","","",1144721,"Starbucks",7.42,"MDI1"
"3f5aabbb-3b19-4209-87bf-5e84361d0e52","impression","people.com","Hover","Mobile Hover","Computer","","",1144722,"Chick-fil-A",7.46,"MDI1"
"4f2ae635-1cf5-498d-aaf5-b2b53a997456","video_load","theverge.com","Venti","Middle Banner - Standard","Phone","","",1144761,"Old Navy",7.49,"MDI1"
"1f945054-1276-47ef-b5da-351a25e7ffc3","video_load","tmz.com","ABA Display","Middle Banner - Standard","Connected TV","","",1144722,"Chick-fil-A",7.46,"MDI1"
"ee1d9b88-bb40-4142-bcab-41cee9811706","video_complete","cnn.com","ABA Display","Runway Premium","Connected TV","","",1144673,"Walmart Grocery",7.55,"MDI1"
"ee1d9b88-bb40-4142-bcab-41cee9811706","video_complete","cnn.com","ABA Display","Runway Premium","Connected TV","","",1144673,"Walmart Grocery",7.55,"MDI1"
"cc7ae9b9-8a01-4a9a-a804-4594d05b8f23","video_midpoint","nytimes.com","ABA Display","Runway Premium","Computer","","",1144790,"Apple",7.43,"MDI1"
"5b2b1b2b-99a7-4156-843b-2f5ac170733b","video_start","espn.com","HighRise","Runway Premium","Phone","Fire TV","Pluto TV",1144721,"Starbucks",7.56,"MDI1"
"e55f82ca-ff73-4172-8297-5a7572e32f42","video_midpoint","nytimes.com","Breakaway","Runway Premium","Connected TV","Samsung TV","",1144790,"Apple",7.52,"MDI1"
"139f3270-099d-41f1-8acd-d673c24213ad","video_load","nytimes.com","Venti","Mobile Hover","Connected TV","","",1144720,"McDonalds",7.5,"MDI1"
"3755990e-bfe8-43db-a1b1-c6e5afee97f8","video_firstquartile","techcrunch.com","Runway","Middle Banner - Standard","Computer","","",1144790,"Apple",7.43,"MDI1"
"3755990e-bfe8-43db-a1b1-c6e5afee97f8","video_firstquartile","techcrunch.com","Runway","Middle Banner - Standard","Computer","","",1144790,"Apple",7.43,"MDI1"
"ee0bdc85-5411-41aa-9e20-16a8f67cef3b","video_firstquartile","theverge.com","ABA Display","Anchor w Video Package","Phone","","",1144761,"Old Navy",7.4,"MDI1"
"ee0bdc85-5411-41aa-9e20-16a8f67cef3b","video_firstquartile","theverge.com","ABA Display","Anchor w Video Package","Phone","","",1144761,"Old Navy",7.4,"MDI1"
"ee0bdc85-5411-41aa-9e20-16a8f67cef3b","video_firstquartile","theverge.com","ABA Display","Anchor w Video Package","Phone","","",1144761,"Old Navy",7.4,"MDI1"
"ee0bdc85-5411-41aa-9e20-16a8f67cef3b","video_firstquartile","theverge.com","ABA Display","Anchor w Video Package","Phone","","",1144761,"Old Navy",7.4,"MDI1"
"37ab7843-26f3-4562-8599-944c23918982","video_load","variety.com","HighRise","Mobile Hover","Tablet","Fire TV","",1144761,"Old Navy",7.49,"MDI1"
"22df26f0-77e7-46b9-9dda-448ac9e946b7","video_firstquartile","forbes.com","Runway","Runway Premium","Tablet","","Fubo TV",1144722,"Chick-fil-A",7.39,"MDI1"
"2feadf38-7494-4c37-98e8-3efcfc08c847","impression","usatoday.com","Runway","Anchor w Video Package","Connected TV","","",1144673,"Walmart Grocery",7.49,"MDI1"
"2feadf38-7494-4c37-98e8-3efcfc08c847","impression","usatoday.com","Runway","Anchor w Video Package","Connected TV","","",1144673,"Walmart Grocery",7.49,"MDI1"
"b96054e4-cb9c-4557-8aeb-fd2825af24ed","impression","theverge.com","Runway","Breakaway Display","Phone","","",1144722,"Chick-fil-A",7.5,"MDI1"
"b96054e4-cb9c-4557-8aeb-fd2825af24ed","impression","theverge.com","Runway","Breakaway Display","Phone","","",1144722,"Chick-fil-A",7.5,"MDI1"
"b96054e4-cb9c-4557-8aeb-fd2825af24ed","impression","theverge.com","Runway","Breakaway Display","Phone","","",1144722,"Chick-fil-A",7.5,"MDI1"
"686d53c4-e7f6-433a-9d6e-9fd08b1cdb44","video_midpoint","tmz.com","Breakaway","Anchor w Video Package","Tablet","Android TV","Pluto TV",1144910,"Netflix",7.48,"MDI1"
"2185bcad-634b-4bb2-b9e0-ef8042aa0d86","video_firstquartile","theverge.com","Hover","CTV Venti Package","Computer","Apple TV","",1144780,"CVS",7.46,"MDI1"
"e2e617a4-1b93-483f-be9a-0fe0bb34b707","video_complete","nytimes.com","HighRise","Runway Premium","Connected TV","","",1144761,"Old Navy",7.58,"MDI1"
"11d1b968-86f1-4e30-a9b0-b74866592020","click","tmz.com","Venti","Anchor w Video Package","Phone","","Fubo TV",1144780,"CVS",7.52,"MDI1"
"cde0ea0d-954b-4f2b-8b84-9d6baa9a919b","video_start","usatoday.com","HighRise","Mobile Hover","Tablet","","Pluto TV",1144721,"Starbucks",7.46,"MDI1"
"cde0ea0d-954b-4f2b-8b84-9d6baa9a919b","video_start","usatoday.com","HighRise","Mobile Hover","Tablet","","Pluto TV",1144721,"Starbucks",7.46,"MDI1"
"cde0ea0d-954b-4f2b-8b84-9d6baa9a919b","video_start","usatoday.com","HighRise","Mobile Hover","Tablet","","Pluto TV",1144721,"Starbucks",7.46,"MDI1"
"baddbb87-146c-47c8-bb2b-9b325915f304","impression","usatoday.com","Hover","Breakaway Display","Computer","","",1144760,"Nike",7.43,"MDI1"
"c930d4c2-08fc-4c21-bee6-80717d870a9a","video_firstquartile","buzzfeed.com","ABA Display","Runway Premium","Connected TV","","",1144800,"Home Depot",7.44,"MDI1"
"6a1c3636-ec6e-42ad-842a-ec2c52f0e426","impression","buzzfeed.com","ABA Display","Runway Premium","Tablet","","",1144910,"Netflix",7.49,"MDI1"
"6a1c3636-ec6e-42ad-842a-ec2c52f0e426","impression","buzzfeed.com","ABA Display","Runway Premium","Tablet","","",1144910,"Netflix",7.49,"MDI1"
"18464d01-83ed-4e8c-bde4-58658d414ee3","video_midpoint","variety.com","Venti","Runway Premium","Connected TV","","",1144673,"Walmart Grocery",7.41,"MDI1"
"18464d01-83ed-4e8c-bde4-58658d414ee3","video_midpoint","variety.com","Venti","Runway Premium","Connected TV","","",1144673,"Walmart Grocery",7.41,"MDI1"
"d4731fe2-9bff-45df-9ed0-74b7592d3e37","video_firstquartile","usatoday.com","Hover","Mobile Hover","Connected TV","","",1144722,"Chick-fil-A",7.42,"MDI1"
"d4731fe2-9bff-45df-9ed0-74b7592d3e37","video_firstquartile","usatoday.com","Hover","Mobile Hover","Connected TV","","",1144722,"Chick-fil-A",7.42,"MDI1"
"f9616530-febc-4290-af07-2d5a3a7a4a48","click","theverge.com","Breakaway","Runway Premium","Connected TV","","",1144910,"Netflix",7.49,"MDI1"
"f9616530-febc-4290-af07-2d5a3a7a4a48","click","theverge.com","Breakaway","Runway Premium","Connected TV","","",1144910,"Netflix",7.49,"MDI1"
"f9616530-febc-4290-af07-2d5a3a7a4a48","click","theverge.com","Breakaway","Runway Premium","Connected TV","","",1144910,"Netflix",7.49,"MDI1"
"27bdaedb-7d9e-4618-ab6b-f921040fd3af","video_complete","techcrunch.com","Hover","Runway Premium","Phone","","",1144760,"Nike",7.48,"MDI1"
"27bdaedb-7d9e-4618-ab6b-f921040fd3af","video_complete","techcrunch.com","Hover","Runway Premium","Phone","","",1144760,"Nike",7.48,"MDI1"
"27bdaedb-7d9e-4618-ab6b-f921040fd3af","video_complete","techcrunch.com","Hover","Runway Premium","Phone","","",1144760,"Nike",7.48,"MDI1"
"bb222ebc-b6ed-45f6-8238-07ec5714fd11","video_complete","espn.com","Hover","Runway Premium","Tablet","Roku","",1144761,"Old Navy",7.57,"MDI1"
"aea8a5be-0e78-4bc3-9a85-c3a4c7da7528","click","techcrunch.com","HighRise","Anchor w Video Package","Connected TV","Roku","",1144780,"CVS",7.55,"MDI1"
"5eb69ba1-ce34-4f09-808a-daff7f599d0a","video_firstquartile","cnn.com","Venti","Anchor w Video Package","Phone","","",1144910,"Netflix",7.48,"MDI1"
"2e188f01-0858-45e1-b958-9f9964753e6c","video_start","usatoday.com","Runway","Breakaway Display","Connected TV","Apple TV","",1144721,"Starbucks",7.48,"MDI1"
"2e188f01-0858-45e1-b958-9f9964753e6c","video_start","usatoday.com","Runway","Breakaway Display","Connected TV","Apple TV","",1144721,"Starbucks",7.48,"MDI1"
"79c955cc-49b1-4b27-933f-8a32b0c1477d","impression","nytimes.com","Runway","Runway Premium","Connected TV","Fire TV","Fubo TV",1144780,"CVS",7.53,"MDI1"
"524b079f-28c2-4b4c-9300-8870a5d2543f","video_midpoint","espn.com","Runway","CTV Venti Package","Tablet","Android TV","",1144800,"Home Depot",7.39,"MDI1"
"524b079f-28c2-4b4c-9300-8870a5d2543f","video_midpoint","espn.com","Runway","CTV Venti Package","Tablet","Android TV","",1144800,"Home Depot",7.39,"MDI1"
"3dfbbcd6-8c77-459e-8f6e-0da69f7ef117","video_complete","variety.com","HighRise","CTV Venti Package","Connected TV","","",1144850,"Sephora",7.57,"MDI1"
"3dfbbcd6-8c77-459e-8f6e-0da69f7ef117","video_complete","variety.com","HighRise","CTV Venti Package","Connected TV","","",1144850,"Sephora",7.57,"MDI1"
"bb4dd11a-cdba-42a2-be53-1ec84648f56c","impression","cnn.com","Hover","Breakaway Display","Tablet","LG Smart TV","",1144910,"Netflix",7.45,"MDI1"
"c0154e79-ef73-44f5-a4d2-c027e8c4e59a","click","techcrunch.com","HighRise","Breakaway Display","Connected TV","Fire TV","",1144780,"CVS",7.5,"MDI1"
"c0154e79-ef73-44f5-a4d2-c027e8c4e59a","click","techcrunch.com","HighRise","Breakaway Display","Connected TV","Fire TV","",1144780,"CVS",7.5,"MDI1"
"ad238ae5-7872-4486-bd6b-1eb83eac21a6","video_firstquartile","cnn.com","HighRise","Mobile Hover","Connected TV","Apple TV","",1144850,"Sephora",7.41,"MDI1"
"af4df14c-9d73-468a-9974-9255eca185d0","impression","techcrunch.com","ABA Display","Breakaway Display","Connected TV","Fire TV","Tubi",1144780,"CVS",7.4,"MDI1"
"af4df14c-9d73-468a-9974-9255eca185d0","impression","techcrunch.com","ABA Display","Breakaway Display","Connected TV","Fire TV","Tubi",1144780,"CVS",7.4,"MDI1"
"0ca4e630-3190-4537-a962-62d56ad51f47","click","theverge.com","Breakaway","Anchor w Video Package","Phone","","",1144760,"Nike",7.57,"MDI1"
"0ca4e630-3190-4537-a962-62d56ad51f47","click","theverge.com","Breakaway","Anchor w Video Package","Phone","","",1144760,"Nike",7.57,"MDI1"
"6bf5e405-24c9-498d-a01e-57d4ede64418","impression","forbes.com","ABA Display","Middle Banner - Standard","Connected TV","","",1144722,"Chick-fil-A",7.43,"MDI1"
"6bf5e405-24c9-498d-a01e-57d4ede64418","impression","forbes.com","ABA Display","Middle Banner - Standard","Connected TV","","",1144722,"Chick-fil-A",7.43,"MDI1"
"d0292501-2ba7-4ca4-9d66-d2468e32223f","video_complete","nytimes.com","HighRise","CTV Venti Package","Connected TV","","",1144790,"Apple",7.54,"MDI1"
"1e5b22b0-0bea-4437-9d3b-857d97ed12bc","video_start","nytimes.com","Breakaway","Breakaway Display","Phone","","",1144722,"Chick-fil-A",7.44,"MDI1"
"2e34ab55-41a4-48ce-a714-3599d2574a14","video_midpoint","theverge.com","Venti","Mobile Hover","Tablet","","",1144673,"Walmart Grocery",7.46,"MDI1"
"d10215ec-c855-47b5-93ec-ba0fe7356e1b","video_midpoint","weather.com","Hover","Anchor w Video Package","Connected TV","","",1144720,"McDonalds",7.46,"MDI1"
"903e1f86-db08-4cdb-aea3-c823ea38886b","video_firstquartile","variety.com","HighRise","Anchor w Video Package","Connected TV","","Pluto TV",1144722,"Chick-fil-A",7.39,"MDI1"
"f9fcd03e-6b1f-45fd-b6d8-e1a5b1204375","video_start","weather.com","Venti","CTV Venti Package","Computer","Android TV","",1144790,"Apple",7.4,"MDI1"
"e83e7b8a-d30e-4068-b85d-79ab736fbd29","video_firstquartile","techcrunch.com","HighRise","Mobile Hover","Computer","","",1144673,"Walmart Grocery",7.43,"MDI1"
"1677fd5d-33e3-448f-b66b-c2b50221695b","video_load","tmz.com","Runway","Runway Premium","Connected TV","Roku","",1144761,"Old Navy",7.39,"MDI1"
"251b0f91-3e4c-4503-a938-867310b67155","click","techcrunch.com","Breakaway","Mobile Hover","Computer","Samsung TV","",1144790,"Apple",7.47,"MDI1"
"f136abaf-714a-46c6-b33f-95231e198937","impression","variety.com","Hover","Middle Banner - Standard","Connected TV","LG Smart TV","",1144760,"Nike",7.53,"MDI1"
"67b0c19d-5004-4ef6-9440-d75310bc8bc8","video_thirdquartile","forbes.com","Venti","Anchor w Video Package","Tablet","Apple TV","",1144750,"Target",7.49,"MDI1"
"db139124-d2b1-4334-87b5-47f8e82ff151","video_load","espn.com","ABA Display","Mobile Hover","Connected TV","LG Smart TV","",1144761,"Old Navy",7.46,"MDI1"
"bbc7fce8-e04b-4c06-867b-1d273374b6d2","impression","usatoday.com","Breakaway","Anchor w Video Package","Computer","Samsung TV","Fubo TV",1144760,"Nike",7.44,"MDI1"
"7517d100-e912-4acd-870b-38d286e3fcdb","video_firstquartile","techcrunch.com","ABA Display","Breakaway Display","Connected TV","Fire TV","",1144750,"Target",7.56,"MDI1"
"556c2b6a-dd5d-4bf4-ae62-1528f4a3814c","video_load","people.com","Venti","Runway Premium","Phone","","",1144722,"Chick-fil-A",7.41,"MDI1"
"556c2b6a-dd5d-4bf4-ae62-1528f4a3814c","video_load","people.com","Venti","Runway Premium","Phone","","",1144722,"Chick-fil-A",7.41,"MDI1"
"a9d8d4b9-a8fe-4682-b311-eb546b95a9b4","click","usatoday.com","Breakaway","CTV Venti Package","Connected TV","","",1144760,"Nike",7.55,"MDI1"
"f8bbee73-3669-41ef-b86c-933bd0e24b19","video_firstquartile","people.com","Venti","Anchor w Video Package","Connected TV","","",1144673,"Walmart Grocery",7.44,"MDI1"
"28ad1b91-376b-41cf-9a0c-310d75f4a3dc","video_midpoint","techcrunch.com","HighRise","CTV Venti Package","Phone","","",1144790,"Apple",7.47,"MDI1"
"1d1fe296-e1fe-4fae-8672-f03f26c78d0e","video_thirdquartile","nytimes.com","Hover","CTV Venti Package","Phone","","Peacock",1144850,"Sephora",7.44,"MDI1"
"4353dd1d-4f72-428a-9127-d9057c693e58","video_firstquartile","espn.com","ABA Display","Anchor w Video Package","Connected TV","","Peacock",1144850,"Sephora",7.51,"MDI1"
"3ae22e77-6e42-4117-ae9c-8502df8190cc","video_complete","buzzfeed.com","HighRise","Runway Premium","Connected TV","Samsung TV","",1144722,"Chick-fil-A",7.41,"MDI1"
"f21c18da-0385-418b-8fe0-6b0d926dc109","video_midpoint","variety.com","Hover","Anchor w Video Package","Phone","LG Smart TV","",1144790,"Apple",7.51,"MDI1"
"f21c18da-0385-418b-8fe0-6b0d926dc109","video_midpoint","variety.com","Hover","Anchor w Video Package","Phone","LG Smart TV","",1144790,"Apple",7.51,"MDI1"
"bfae246e-b5f8-4808-8f9a-d2719b769f56","video_complete","techcrunch.com","ABA Display","Anchor w Video Package","Connected TV","Samsung TV","Paramount+",1144780,"CVS",7.44,"MDI1"
"d9a4c79f-94d5-4b49-85c9-c02615901168","click","usatoday.com","HighRise","Middle Banner - Standard","Computer","LG Smart TV","",1144760,"Nike",7.43,"MDI1"
"13f5b22e-3db0-4948-9e0c-75622610e44c","impression","usatoday.com","Hover","Breakaway Display","Phone","","Tubi",1144761,"Old Navy",7.4,"MDI1"
"13f5b22e-3db0-4948-9e0c-75622610e44c","impression","usatoday.com","Hover","Breakaway Display","Phone","","Tubi",1144761,"Old Navy",7.4,"MDI1"
"ab99d802-e789-4984-a0d8-9cd3e7adb0f5","video_complete","theverge.com","HighRise","CTV Venti Package","Tablet","","",1144760,"Nike",7.4,"MDI1"
"0fe89400-7fe3-48ef-95fb-4cc298107643","impression","cnn.com","Breakaway","Mobile Hover","Phone","LG Smart TV","",1144721,"Starbucks",7.49,"MDI1"
"0fe89400-7fe3-48ef-95fb-4cc298107643","impression","cnn.com","Breakaway","Mobile Hover","Phone","LG Smart TV","",1144721,"Starbucks",7.49,"MDI1"
"b5e04050-40f5-4768-ba0a-7c5c07bf90f8","click","variety.com","Hover","Anchor w Video Package","Phone","Samsung TV","",1144720,"McDonalds",7.56,"MDI1"
"b5e04050-40f5-4768-ba0a-7c5c07bf90f8","click","variety.com","Hover","Anchor w Video Package","Phone","Samsung TV","",1144720,"McDonalds",7.56,"MDI1"
"99c8c57c-2d37-41f0-9e5b-a00d25cbc295","impression","techcrunch.com","Breakaway","Anchor w Video Package","Phone","","",1144850,"Sephora",7.4,"MDI1"
"34f69ece-9e75-4e86-beb4-41b4ff3cbee9","video_complete","cnn.com","HighRise","CTV Venti Package","Phone","","",1144750,"Target",7.43,"MDI1"
"34f69ece-9e75-4e86-beb4-41b4ff3cbee9","video_complete","cnn.com","HighRise","CTV Venti Package","Phone","","",1144750,"Target",7.43,"MDI1"
"34f69ece-9e75-4e86-beb4-41b4ff3cbee9","video_complete","cnn.com","HighRise","CTV Venti Package","Phone","","",1144750,"Target",7.43,"MDI1"
"fe347808-6a80-42e7-983c-2325af6a4d48","video_complete","espn.com","HighRise","Anchor w Video Package","Connected TV","","",1144721,"Starbucks",7.57,"MDI1"
"5b315dc9-3a71-4c22-84f7-181d1802dc38","video_start","forbes.com","Hover","Breakaway Display","Tablet","","Peacock",1144720,"McDonalds",7.45,"MDI1"
"5b315dc9-3a71-4c22-84f7-181d1802dc38","video_start","forbes.com","Hover","Breakaway Display","Tablet","","Peacock",1144720,"McDonalds",7.45,"MDI1"
"07b777fa-0efe-4006-b7f7-92e93420eaab","impression","tmz.com","Runway","Mobile Hover","Tablet","Apple TV","",1144750,"Target",7.4,"MDI1"
"07b777fa-0efe-4006-b7f7-92e93420eaab","impression","tmz.com","Runway","Mobile Hover","Tablet","Apple TV","",1144750,"Target",7.4,"MDI1"
"8a386bd9-e31a-4511-9706-47d7bfb271af","impression","buzzfeed.com","Breakaway","Mobile Hover","Tablet","","",1144722,"Chick-fil-A",7.41,"MDI1"
"8a386bd9-e31a-4511-9706-47d7bfb271af","impression","buzzfeed.com","Breakaway","Mobile Hover","Tablet","","",1144722,"Chick-fil-A",7.41,"MDI1"
"9f908d3c-e096-4e4f-807f-d087c76d662c","video_complete","nytimes.com","HighRise","Runway Premium","Tablet","","Fubo TV",1144780,"CVS",7.47,"MDI1"
"154e2119-4bec-4623-8a18-699c51ef7017","click","variety.com","Venti","Breakaway Display","Connected TV","","",1144722,"Chick-fil-A",7.55,"MDI1"
"154e2119-4bec-4623-8a18-699c51ef7017","click","variety.com","Venti","Breakaway Display","Connected TV","","",1144722,"Chick-fil-A",7.55,"MDI1"
"a1b2e6b3-7e6f-4044-b3f7-4ca93d59b2d5","click","variety.com","Venti","Anchor w Video Package","Phone","","",1144750,"Target",7.56,"MDI1"
"d7af49a9-bf53-49b7-a393-de161bb11416","impression","buzzfeed.com","Breakaway","Breakaway Display","Tablet","Android TV","",1144790,"Apple",7.45,"MDI1"
"50fc4350-9027-423a-9fb9-03179bc41c04","video_start","nytimes.com","Runway","Breakaway Display","Connected TV","","",1144721,"Starbucks",7.41,"MDI1"
"50fc4350-9027-423a-9fb9-03179bc41c04","video_start","nytimes.com","Runway","Breakaway Display","Connected TV","","",1144721,"Starbucks",7.41,"MDI1"
"ac0fe5ca-d5f9-47d8-8e40-b52f5ee94c3d","impression","cnn.com","Venti","Runway Premium","Connected TV","","",1144780,"CVS",7.4,"MDI1"
"ac0fe5ca-d5f9-47d8-8e40-b52f5ee94c3d","impression","cnn.com","Venti","Runway Premium","Connected TV","","",1144780,"CVS",7.4,"MDI1"
"ac0fe5ca-d5f9-47d8-8e40-b52f5ee94c3d","impression","cnn.com","Venti","Runway Premium","Connected TV","","",1144780,"CVS",7.4,"MDI1"
"696480d4-6db9-4c4d-a77f-3286b7cb28c5","click","tmz.com","Runway","Mobile Hover","Tablet","Roku","",1144761,"Old Navy",7.64,"MDI1"
"e2fca987-f5db-44e7-b39d-4f7087499409","impression","forbes.com","ABA Display","Mobile Hover","Connected TV","","",1144750,"Target",7.44,"MDI1"
"9701d5fe-e8d2-4d23-86c1-1bb1b9bad899","click","nytimes.com","Venti","Runway Premium","Tablet","","",1144722,"Chick-fil-A",7.42,"MDI1"
"31a843fa-9053-4919-b351-f596b282f82a","impression","tmz.com","Breakaway","CTV Venti Package","Phone","","",1144760,"Nike",7.41,"MDI1"
"6101f647-985f-4d94-afe4-bdabcb30c866","impression","techcrunch.com","Hover","CTV Venti Package","Phone","","",1144673,"Walmart Grocery",7.5,"MDI1"
"e3551fc9-8026-4be9-8269-0e23d683e23c","click","variety.com","Runway","Runway Premium","Computer","","Peacock",1144761,"Old Navy",7.47,"MDI1"
"1580dede-4c30-499c-b20d-6a02eeb224b9","impression","forbes.com","HighRise","Breakaway Display","Tablet","Fire TV","",1144722,"Chick-fil-A",7.45,"MDI1"
"3eda412e-af1c-4803-8c17-9bd5d2521987","video_complete","weather.com","HighRise","Breakaway Display","Phone","","",1144910,"Netflix",7.45,"MDI1"
"3eda412e-af1c-4803-8c17-9bd5d2521987","video_complete","weather.com","HighRise","Breakaway Display","Phone","","",1144910,"Netflix",7.45,"MDI1"
"6a6a6342-6a32-4ee8-8078-74cc509918ba","video_complete","variety.com","Runway","Anchor w Video Package","Phone","","",1144850,"Sephora",7.55,"MDI1"
"e8ca705f-6a99-4c1c-ad77-7d7c7ae12c52","impression","espn.com","Runway","Breakaway Display","Phone","","",1144761,"Old Navy",7.43,"MDI1"
"e8ca705f-6a99-4c1c-ad77-7d7c7ae12c52","impression","espn.com","Runway","Breakaway Display","Phone","","",1144761,"Old Navy",7.43,"MDI1"
"82a69bb3-d395-4124-a600-816e75ae6735","impression","espn.com","Venti","Mobile Hover","Tablet","Samsung TV","",1144720,"McDonalds",7.47,"MDI1"
"da51314e-d142-4f35-b39a-e2b40696cd31","video_start","theverge.com","Runway","Breakaway Display","Connected TV","","",1144790,"Apple",7.53,"MDI1"
"da51314e-d142-4f35-b39a-e2b40696cd31","video_start","theverge.com","Runway","Breakaway Display","Connected TV","","",1144790,"Apple",7.53,"MDI1"
"da51314e-d142-4f35-b39a-e2b40696cd31","video_start","theverge.com","Runway","Breakaway Display","Connected TV","","",1144790,"Apple",7.53,"MDI1"
"6a3889e2-9010-4173-89d1-149b9a4b4245","video_complete","tmz.com","Venti","Middle Banner - Standard","Computer","","Tubi",1144721,"Starbucks",7.53,"MDI1"
"a362d7af-3873-49f3-9bb5-fd408ba4cce2","impression","nytimes.com","Runway","CTV Venti Package","Phone","","Peacock",1144790,"Apple",7.48,"MDI1"
"a362d7af-3873-49f3-9bb5-fd408ba4cce2","impression","nytimes.com","Runway","CTV Venti Package","Phone","","Peacock",1144790,"Apple",7.48,"MDI1"
"a362d7af-3873-49f3-9bb5-fd408ba4cce2","impression","nytimes.com","Runway","CTV Venti Package","Phone","","Peacock",1144790,"Apple",7.48,"MDI1"
"e6d21fc2-376d-4604-899a-14872fdcd6a2","impression","nytimes.com","Breakaway","Middle Banner - Standard","Connected TV","","",1144760,"Nike",7.51,"MDI1"
"e6d21fc2-376d-4604-899a-14872fdcd6a2","impression","nytimes.com","Breakaway","Middle Banner - Standard","Connected TV","","",1144760,"Nike",7.51,"MDI1"
"8fedbd3d-fde5-44a0-a1f9-c6e7d48fb014","video_complete","variety.com","Hover","Anchor w Video Package","Tablet","Samsung TV","Pluto TV",1144750,"Target",7.49,"MDI1"
"8fedbd3d-fde5-44a0-a1f9-c6e7d48fb014","video_complete","variety.com","Hover","Anchor w Video Package","Tablet","Samsung TV","Pluto TV",1144750,"Target",7.49,"MDI1"
"e17e64a1-97db-478a-85af-c2b64e415576","video_complete","espn.com","Hover","CTV Venti Package","Computer","","",1144761,"Old Navy",7.51,"MDI1"
"3952cba5-5a96-4011-88c0-cb21e2817a0c","video_midpoint","techcrunch.com","ABA Display","Mobile Hover","Phone","","",1144780,"CVS",7.45,"MDI1"
"3952cba5-5a96-4011-88c0-cb21e2817a0c","video_midpoint","techcrunch.com","ABA Display","Mobile Hover","Phone","","",1144780,"CVS",7.45,"MDI1"
"066a233e-d070-46c2-9a95-ec4e22a4edf9","impression","variety.com","HighRise","Anchor w Video Package","Phone","","Tubi",1144722,"Chick-fil-A",7.41,"MDI1"
"f50f979a-8866-4f34-9f32-59734ee4e9d5","video_complete","weather.com","Hover","Mobile Hover","Tablet","","",1144780,"CVS",7.46,"MDI1"
"f50f979a-8866-4f34-9f32-59734ee4e9d5","video_complete","weather.com","Hover","Mobile Hover","Tablet","","",1144780,"CVS",7.46,"MDI1"
"5cfff100-01cd-4ca9-b11e-34979f7abd02","impression","tmz.com","Runway","Runway Premium","Phone","","",1144800,"Home Depot",7.39,"MDI1"
"ca783b8a-c2c5-4504-a62f-7f06c3c66a77","video_complete","cnn.com","Runway","Mobile Hover","Connected TV","","",1144910,"Netflix",7.62,"MDI1"
"676e7c20-8c49-49e5-b3bc-7348ae2b2fe7","video_thirdquartile","variety.com","Hover","Runway Premium","Computer","","Fubo TV",1144780,"CVS",7.45,"MDI1"
"e9e00bef-099d-4890-936f-053a71051bca","video_start","weather.com","HighRise","Breakaway Display","Connected TV","","",1144780,"CVS",7.39,"MDI1"
"e9e00bef-099d-4890-936f-053a71051bca","video_start","weather.com","HighRise","Breakaway Display","Connected TV","","",1144780,"CVS",7.39,"MDI1"
"ac8a53e5-6af6-4a35-ad17-7d44aaadc85f","impression","theverge.com","Runway","Mobile Hover","Phone","","",1144760,"Nike",7.41,"MDI1"
"cbd3fb15-5f4b-46a6-8b61-74d6c78b5e3c","video_complete","theverge.com","Hover","Breakaway Display","Connected TV","","",1144910,"Netflix",7.53,"MDI1"
"78832e1f-cb88-47eb-adef-e652e3376118","video_start","usatoday.com","Hover","Anchor w Video Package","Tablet","","",1144722,"Chick-fil-A",7.48,"MDI1"
"78832e1f-cb88-47eb-adef-e652e3376118","video_start","usatoday.com","Hover","Anchor w Video Package","Tablet","","",1144722,"Chick-fil-A",7.48,"MDI1"
"78832e1f-cb88-47eb-adef-e652e3376118","video_start","usatoday.com","Hover","Anchor w Video Package","Tablet","","",1144722,"Chick-fil-A",7.48,"MDI1"
"d39c722a-6801-4b86-a1ff-9189a9cec8e2","video_start","usatoday.com","Runway","Mobile Hover","Phone","","",1144780,"CVS",7.47,"MDI1"
"d39c722a-6801-4b86-a1ff-9189a9cec8e2","video_start","usatoday.com","Runway","Mobile Hover","Phone","","",1144780,"CVS",7.47,"MDI1"
"e3513056-b044-4da1-94f2-77926ecc41a4","video_firstquartile","tmz.com","Venti","Anchor w Video Package","Connected TV","","Pluto TV",1144800,"Home Depot",7.45,"MDI1"
"194b015e-dfef-45a3-b592-7461282dcb0e","video_load","buzzfeed.com","HighRise","Middle Banner - Standard","Tablet","","",1144673,"Walmart Grocery",7.4,"MDI1"
"6e92f44f-4f44-48ec-84b8-40a6171e8a31","video_complete","variety.com","Venti","Middle Banner - Standard","Connected TV","","",1144790,"Apple",7.62,"MDI1"
"6e92f44f-4f44-48ec-84b8-40a6171e8a31","video_complete","variety.com","Venti","Middle Banner - Standard","Connected TV","","",1144790,"Apple",7.62,"MDI1"
"385a31f6-4a95-4e6e-bfc2-2a6475c1a916","click","nytimes.com","Venti","Runway Premium","Connected TV","Samsung TV","",1144673,"Walmart Grocery",7.51,"MDI1"
"e5c3d96f-6f7b-4a54-9fb4-d2e6b3ab8ac5","impression","nytimes.com","HighRise","Breakaway Display","Connected TV","","",1144780,"CVS",7.48,"MDI1"
"b72acedf-c28d-40ec-9a43-6555bb8cb4de","impression","nytimes.com","Breakaway","Anchor w Video Package","Phone","","",1144790,"Apple",7.43,"MDI1"
"b72acedf-c28d-40ec-9a43-6555bb8cb4de","impression","nytimes.com","Breakaway","Anchor w Video Package","Phone","","",1144790,"Apple",7.43,"MDI1"
"68b08bbb-3e1c-41be-ac59-dd4ac2bab914","video_thirdquartile","variety.com","Breakaway","Middle Banner - Standard","Tablet","","",1144722,"Chick-fil-A",7.42,"MDI1"
"88c6db75-057c-4896-8ec1-379fd7a1a9ce","click","buzzfeed.com","HighRise","Mobile Hover","Connected TV","Fire TV","Peacock",1144780,"CVS",7.6,"MDI1"
"9b90076e-c32a-4e44-8e61-c6ca7f3bd493","video_load","usatoday.com","HighRise","Mobile Hover","Phone","","Fubo TV",1144721,"Starbucks",7.49,"MDI1"
"721ce7cd-ea14-4f21-bcb2-25ae499868e3","impression","espn.com","Hover","Mobile Hover","Computer","Roku","Paramount+",1144673,"Walmart Grocery",7.41,"MDI1"
"d224ff79-12e4-4872-bbdb-915b8569741e","video_thirdquartile","tmz.com","HighRise","Breakaway Display","Connected TV","","",1144780,"CVS",7.4,"MDI1"
"d224ff79-12e4-4872-bbdb-915b8569741e","video_thirdquartile","tmz.com","HighRise","Breakaway Display","Connected TV","","",1144780,"CVS",7.4,"MDI1"
"d224ff79-12e4-4872-bbdb-915b8569741e","video_thirdquartile","tmz.com","HighRise","Breakaway Display","Connected TV","","",1144780,"CVS",7.4,"MDI1"
"9f0a08d2-3c2a-4700-aeb1-15a7a4948138","click","theverge.com","Runway","Middle Banner - Standard","Computer","","Pluto TV",1144721,"Starbucks",7.41,"MDI1"
"9f0a08d2-3c2a-4700-aeb1-15a7a4948138","click","theverge.com","Runway","Middle Banner - Standard","Computer","","Pluto TV",1144721,"Starbucks",7.41,"MDI1"
"3f8b2286-8263-4890-9cd0-cc32a695e316","video_complete","techcrunch.com","HighRise","Runway Premium","Tablet","Apple TV","",1144850,"Sephora",7.47,"MDI1"
"1fa1b65d-9ccc-4fd8-a5ee-d8fd37a39868","click","weather.com","Venti","Anchor w Video Package","Phone","","",1144760,"Nike",7.47,"MDI1"
"be4b410b-2269-4ca7-b991-cb543c0a59c5","video_start","buzzfeed.com","Hover","Runway Premium","Connected TV","Apple TV","Tubi",1144800,"Home Depot",7.5,"MDI1"
"be4b410b-2269-4ca7-b991-cb543c0a59c5","video_start","buzzfeed.com","Hover","Runway Premium","Connected TV","Apple TV","Tubi",1144800,"Home Depot",7.5,"MDI1"
"b038ef6a-a21e-48f3-a0d0-77f35ca7e1be","video_midpoint","cnn.com","Venti","Mobile Hover","Tablet","Roku","",1144721,"Starbucks",7.46,"MDI1"
"b038ef6a-a21e-48f3-a0d0-77f35ca7e1be","video_midpoint","cnn.com","Venti","Mobile Hover","Tablet","Roku","",1144721,"Starbucks",7.46,"MDI1"
"5656d322-21cd-4b02-9fae-406308ae1680","video_firstquartile","people.com","HighRise","Runway Premium","Connected TV","","",1144720,"McDonalds",7.39,"MDI1"
"5656d322-21cd-4b02-9fae-406308ae1680","video_firstquartile","people.com","HighRise","Runway Premium","Connected TV","","",1144720,"McDonalds",7.39,"MDI1"
"5656d322-21cd-4b02-9fae-406308ae1680","video_firstquartile","people.com","HighRise","Runway Premium","Connected TV","","",1144720,"McDonalds",7.39,"MDI1"
"5656d322-21cd-4b02-9fae-406308ae1680","video_firstquartile","people.com","HighRise","Runway Premium","Connected TV","","",1144720,"McDonalds",7.39,"MDI1"
"a8753bba-dc06-40f3-a587-60a584a8715f","impression","forbes.com","Hover","Mobile Hover","Computer","","",1144850,"Sephora",7.46,"MDI1"
"a8753bba-dc06-40f3-a587-60a584a8715f","impression","forbes.com","Hover","Mobile Hover","Computer","","",1144850,"Sephora",7.46,"MDI1"
"a8753bba-dc06-40f3-a587-60a584a8715f","impression","forbes.com","Hover","Mobile Hover","Computer","","",1144850,"Sephora",7.46,"MDI1"
"be15379e-6bf2-421b-bfe7-1e389d1a7e32","impression","cnn.com","Breakaway","Breakaway Display","Phone","","Pluto TV",1144760,"Nike",7.5,"MDI1"
"be15379e-6bf2-421b-bfe7-1e389d1a7e32","impression","cnn.com","Breakaway","Breakaway Display","Phone","","Pluto TV",1144760,"Nike",7.5,"MDI1"
"11709049-e8d5-4f46-a3d4-c89f5134e667","video_load","people.com","Hover","Mobile Hover","Tablet","","Tubi",1144760,"Nike",7.44,"MDI1"
"3f58746f-c3e5-4a7e-bc90-c3c7c3f99c05","click","nytimes.com","Venti","Middle Banner - Standard","Computer","","",1144760,"Nike",7.48,"MDI1"
"060a7d5a-f207-4b5e-a85b-42c9fd991594","impression","forbes.com","HighRise","CTV Venti Package","Computer","","",1144750,"Target",7.41,"MDI1"
"060a7d5a-f207-4b5e-a85b-42c9fd991594","impression","forbes.com","HighRise","CTV Venti Package","Computer","","",1144750,"Target",7.41,"MDI1"
"46ddb90a-5195-455a-9703-58ee7f06a85c","video_firstquartile","buzzfeed.com","Breakaway","Mobile Hover","Connected TV","","",1144800,"Home Depot",7.42,"MDI1"
"46ddb90a-5195-455a-9703-58ee7f06a85c","video_firstquartile","buzzfeed.com","Breakaway","Mobile Hover","Connected TV","","",1144800,"Home Depot",7.42,"MDI1"
"4cfbae56-0aa1-4aaf-b036-3f2972ec4118","video_midpoint","nytimes.com","Venti","Runway Premium","Tablet","","",1144673,"Walmart Grocery",7.41,"MDI1"
"67c079e6-eb3d-4ba4-b306-a37f51b926f2","impression","techcrunch.com","Runway","Breakaway Display","Connected TV","","",1144850,"Sephora",7.45,"MDI1"
"67c079e6-eb3d-4ba4-b306-a37f51b926f2","impression","techcrunch.com","Runway","Breakaway Display","Connected TV","","",1144850,"Sephora",7.45,"MDI1"
"7a406411-20cc-4f63-b291-d62164b8b855","impression","usatoday.com","ABA Display","Anchor w Video Package","Connected TV","","Paramount+",1144750,"Target",7.45,"MDI1"
"8b47d2bf-6d65-45fe-8495-1e52c927e6d0","video_firstquartile","usatoday.com","Breakaway","CTV Venti Package","Computer","","",1144800,"Home Depot",7.39,"MDI1"
"a4ba3372-e751-493a-9123-ca4646ed7644","video_midpoint","tmz.com","HighRise","Breakaway Display","Tablet","Apple TV","Tubi",1144750,"Target",7.42,"MDI1"
"02a99ec2-420f-4af4-b06a-011091b0275d","video_thirdquartile","variety.com","Breakaway","CTV Venti Package","Phone","","",1144780,"CVS",7.51,"MDI1"
"02a99ec2-420f-4af4-b06a-011091b0275d","video_thirdquartile","variety.com","Breakaway","CTV Venti Package","Phone","","",1144780,"CVS",7.51,"MDI1"
"356691ad-5461-4353-befc-78d54764489b","video_start","tmz.com","Runway","CTV Venti Package","Connected TV","LG Smart TV","",1144760,"Nike",7.43,"MDI1"
"356691ad-5461-4353-befc-78d54764489b","video_start","tmz.com","Runway","CTV Venti Package","Connected TV","LG Smart TV","",1144760,"Nike",7.43,"MDI1"
"356691ad-5461-4353-befc-78d54764489b","video_start","tmz.com","Runway","CTV Venti Package","Connected TV","LG Smart TV","",1144760,"Nike",7.43,"MDI1"
"3eb1a455-612e-4540-8e35-310546e8bb0e","video_firstquartile","nytimes.com","Venti","CTV Venti Package","Tablet","LG Smart TV","",1144720,"McDonalds",7.44,"MDI1"
"3eb1a455-612e-4540-8e35-310546e8bb0e","video_firstquartile","nytimes.com","Venti","CTV Venti Package","Tablet","LG Smart TV","",1144720,"McDonalds",7.44,"MDI1"
"552cfe10-4b89-4958-a256-4f2a6def89b0","video_complete","weather.com","ABA Display","CTV Venti Package","Connected TV","","",1144850,"Sephora",7.43,"MDI1"
"552cfe10-4b89-4958-a256-4f2a6def89b0","video_complete","weather.com","ABA Display","CTV Venti Package","Connected TV","","",1144850,"Sephora",7.43,"MDI1"
"a27e81f0-5d4b-484e-a291-ab235781fcbe","video_firstquartile","tmz.com","Venti","Middle Banner - Standard","Computer","","",1144721,"Starbucks",7.44,"MDI1"
"a27e81f0-5d4b-484e-a291-ab235781fcbe","video_firstquartile","tmz.com","Venti","Middle Banner - Standard","Computer","","",1144721,"Starbucks",7.44,"MDI1"
"a27e81f0-5d4b-484e-a291-ab235781fcbe","video_firstquartile","tmz.com","Venti","Middle Banner - Standard","Computer","","",1144721,"Starbucks",7.44,"MDI1"
"a27e81f0-5d4b-484e-a291-ab235781fcbe","video_firstquartile","tmz.com","Venti","Middle Banner - Standard","Computer","","",1144721,"Starbucks",7.44,"MDI1"
"567645e5-bcd1-4f00-9a63-cf46df082d5e","impression","tmz.com","Breakaway","Anchor w Video Package","Computer","Apple TV","",1144760,"Nike",7.47,"MDI1"
"567645e5-bcd1-4f00-9a63-cf46df082d5e","impression","tmz.com","Breakaway","Anchor w Video Package","Computer","Apple TV","",1144760,"Nike",7.47,"MDI1"
"24c260ab-496d-44bd-9588-b20b27cf0fb8","video_complete","people.com","Venti","Middle Banner - Standard","Connected TV","Roku","",1144850,"Sephora",7.63,"MDI1"
"5e76b4a3-ff05-41f6-8210-93c4fc48d7d3","impression","theverge.com","Venti","Mobile Hover","Tablet","Apple TV","Peacock",1144780,"CVS",7.5,"MDI1"
"4336083a-f6b3-4e9d-8f3f-240cb9734886","video_complete","theverge.com","Runway","CTV Venti Package","Connected TV","","",1144720,"McDonalds",7.57,"MDI1"
"4336083a-f6b3-4e9d-8f3f-240cb9734886","video_complete","theverge.com","Runway","CTV Venti Package","Connected TV","","",1144720,"McDonalds",7.57,"MDI1"
"6ca24351-1ac4-4f11-a8b8-da5c8e3345e7","video_complete","forbes.com","Breakaway","Runway Premium","Phone","","Pluto TV",1144800,"Home Depot",7.48,"MDI1"
"6ca24351-1ac4-4f11-a8b8-da5c8e3345e7","video_complete","forbes.com","Breakaway","Runway Premium","Phone","","Pluto TV",1144800,"Home Depot",7.48,"MDI1"
"78569ae1-a0de-4d5a-9950-153f2edb31ce","video_start","variety.com","HighRise","Mobile Hover","Connected TV","Android TV","",1144760,"Nike",7.52,"MDI1"
"d27c19c2-c81a-4b24-ac48-ed2edca3c396","video_firstquartile","usatoday.com","HighRise","Mobile Hover","Computer","","",1144760,"Nike",7.42,"MDI1"
"d27c19c2-c81a-4b24-ac48-ed2edca3c396","video_firstquartile","usatoday.com","HighRise","Mobile Hover","Computer","","",1144760,"Nike",7.42,"MDI1"
"933bd104-9239-42a5-9e3d-b8aada3510ee","video_midpoint","techcrunch.com","ABA Display","Anchor w Video Package","Phone","","",1144780,"CVS",7.39,"MDI1"
"933bd104-9239-42a5-9e3d-b8aada3510ee","video_midpoint","techcrunch.com","ABA Display","Anchor w Video Package","Phone","","",1144780,"CVS",7.39,"MDI1"
"5dec4188-a3c9-44a3-b81e-da0992e7062d","impression","usatoday.com","Hover","Mobile Hover","Tablet","","",1144850,"Sephora",7.46,"MDI1"
"b31ccf9e-1b08-4a66-879c-cc20385e7d5a","click","techcrunch.com","Hover","Anchor w Video Package","Connected TV","","",1144722,"Chick-fil-A",7.61,"MDI1"
"259c8422-dc0c-4a74-96de-eed51f022ffc","video_thirdquartile","nytimes.com","ABA Display","Breakaway Display","Computer","","",1144850,"Sephora",7.39,"MDI1"
"709d2c5e-c395-4c5c-a589-4072605d8312","video_load","theverge.com","ABA Display","Breakaway Display","Connected TV","Roku","Paramount+",1144720,"McDonalds",7.46,"MDI1"
"709d2c5e-c395-4c5c-a589-4072605d8312","video_load","theverge.com","ABA Display","Breakaway Display","Connected TV","Roku","Paramount+",1144720,"McDonalds",7.46,"MDI1"
"3298141b-c051-4e56-a08f-bdea4984c9ca","video_complete","theverge.com","HighRise","Runway Premium","Phone","Android TV","Fubo TV",1144761,"Old Navy",7.62,"MDI1"
"3298141b-c051-4e56-a08f-bdea4984c9ca","video_complete","theverge.com","HighRise","Runway Premium","Phone","Android TV","Fubo TV",1144761,"Old Navy",7.62,"MDI1"
"f5cdca5f-0924-4fc2-bd10-9e133539a4fd","impression","variety.com","ABA Display","Mobile Hover","Tablet","Fire TV","",1144761,"Old Navy",7.43,"MDI1"
"f5cdca5f-0924-4fc2-bd10-9e133539a4fd","impression","variety.com","ABA Display","Mobile Hover","Tablet","Fire TV","",1144761,"Old Navy",7.43,"MDI1"
"7964b9d1-0bb7-4bcc-ae32-7313b33f7433","impression","forbes.com","ABA Display","Mobile Hover","Computer","Roku","",1144721,"Starbucks",7.47,"MDI1"
"dd998686-9b37-463a-ae34-8c855ca0a155","video_midpoint","tmz.com","Hover","Mobile Hover","Connected TV","","",1144800,"Home Depot",7.54,"MDI1"
"dd998686-9b37-463a-ae34-8c855ca0a155","video_midpoint","tmz.com","Hover","Mobile Hover","Connected TV","","",1144800,"Home Depot",7.54,"MDI1"
"dd998686-9b37-463a-ae34-8c855ca0a155","video_midpoint","tmz.com","Hover","Mobile Hover","Connected TV","","",1144800,"Home Depot",7.54,"MDI1"
"316b5a67-759c-4f7a-83cf-adb589a0632b","impression","usatoday.com","HighRise","Middle Banner - Standard","Tablet","","",1144761,"Old Navy",7.48,"MDI1"
"96d322e8-5bb8-4ceb-bcc3-32b99177d11c","video_thirdquartile","buzzfeed.com","Hover","Breakaway Display","Tablet","","",1144673,"Walmart Grocery",7.46,"MDI1"
"96d322e8-5bb8-4ceb-bcc3-32b99177d11c","video_thirdquartile","buzzfeed.com","Hover","Breakaway Display","Tablet","","",1144673,"Walmart Grocery",7.46,"MDI1"
"00fb09f3-342a-478b-af3a-90c5c9d3bc99","video_complete","nytimes.com","Runway","Middle Banner - Standard","Computer","Apple TV","",1144722,"Chick-fil-A",7.46,"MDI1"
"6e1c7e17-e52a-4934-aa56-fe7f763e5b5d","video_load","people.com","Venti","Breakaway Display","Phone","","",1144750,"Target",7.48,"MDI1"
"dff337da-ecba-4fe5-a280-58d9be90c2e1","video_complete","weather.com","Venti","CTV Venti Package","Computer","","",1144761,"Old Navy",7.49,"MDI1"
"dff337da-ecba-4fe5-a280-58d9be90c2e1","video_complete","weather.com","Venti","CTV Venti Package","Computer","","",1144761,"Old Navy",7.49,"MDI1"
"dff337da-ecba-4fe5-a280-58d9be90c2e1","video_complete","weather.com","Venti","CTV Venti Package","Computer","","",1144761,"Old Navy",7.49,"MDI1"
"1b06109f-c838-46e1-946e-6eb083ece889","video_start","nytimes.com","Venti","Runway Premium","Tablet","Apple TV","",1144722,"Chick-fil-A",7.46,"MDI1"
"1b06109f-c838-46e1-946e-6eb083ece889","video_start","nytimes.com","Venti","Runway Premium","Tablet","Apple TV","",1144722,"Chick-fil-A",7.46,"MDI1"
"5abeb612-03d8-4253-9a65-c97d6b214236","video_start","theverge.com","Venti","Breakaway Display","Computer","","",1144780,"CVS",7.4,"MDI1"
"5abeb612-03d8-4253-9a65-c97d6b214236","video_start","theverge.com","Venti","Breakaway Display","Computer","","",1144780,"CVS",7.4,"MDI1"
"173fd485-b71d-4230-9c50-ac692729628e","click","cnn.com","Hover","CTV Venti Package","Phone","","",1144760,"Nike",7.44,"MDI1"
"173fd485-b71d-4230-9c50-ac692729628e","click","cnn.com","Hover","CTV Venti Package","Phone","","",1144760,"Nike",7.44,"MDI1"
"173fd485-b71d-4230-9c50-ac692729628e","click","cnn.com","Hover","CTV Venti Package","Phone","","",1144760,"Nike",7.44,"MDI1"
"2dd52fce-3496-4382-bfe9-11383f23f9c1","video_complete","people.com","Venti","Middle Banner - Standard","Phone","","",1144750,"Target",7.47,"MDI1"
"7d2181ca-3fff-4973-9e09-b682b6ba1dd7","click","espn.com","Breakaway","CTV Venti Package","Tablet","","",1144761,"Old Navy",7.39,"MDI1"
"9b54ce8c-41e5-4b8c-b320-6eb3e545dc63","video_thirdquartile","variety.com","Venti","Breakaway Display","Phone","","",1144761,"Old Navy",7.45,"MDI1"
"9b54ce8c-41e5-4b8c-b320-6eb3e545dc63","video_thirdquartile","variety.com","Venti","Breakaway Display","Phone","","",1144761,"Old Navy",7.45,"MDI1"
"9b54ce8c-41e5-4b8c-b320-6eb3e545dc63","video_thirdquartile","variety.com","Venti","Breakaway Display","Phone","","",1144761,"Old Navy",7.45,"MDI1"
"4061e812-b5c7-46ad-a350-d893a440cdc6","video_firstquartile","tmz.com","Breakaway","CTV Venti Package","Computer","Android TV","Paramount+",1144721,"Starbucks",7.4,"MDI1"
"4061e812-b5c7-46ad-a350-d893a440cdc6","video_firstquartile","tmz.com","Breakaway","CTV Venti Package","Computer","Android TV","Paramount+",1144721,"Starbucks",7.4,"MDI1"
"ad2852cf-d015-405f-aa2d-5ca65d92f7ea","video_midpoint","nytimes.com","HighRise","Breakaway Display","Connected TV","","",1144673,"Walmart Grocery",7.45,"MDI1"
"31950de2-b2eb-40e4-a917-19dad476923d","video_firstquartile","theverge.com","Breakaway","Mobile Hover","Phone","","",1144790,"Apple",7.48,"MDI1"
"87f5a9d2-24e9-4420-b5e0-2ce53278a7ab","impression","theverge.com","Venti","Breakaway Display","Computer","","",1144760,"Nike",7.39,"MDI1"
"87f5a9d2-24e9-4420-b5e0-2ce53278a7ab","impression","theverge.com","Venti","Breakaway Display","Computer","","",1144760,"Nike",7.39,"MDI1"
"87f5a9d2-24e9-4420-b5e0-2ce53278a7ab","impression","theverge.com","Venti","Breakaway Display","Computer","","",1144760,"Nike",7.39,"MDI1"
"eb7e36b6-a458-47c6-837a-641964c44525","video_load","techcrunch.com","ABA Display","Middle Banner - Standard","Connected TV","","",1144761,"Old Navy",7.53,"MDI1"
"46f7251c-5f25-4f45-9591-4f9f0f29cc8e","video_load","theverge.com","Breakaway","CTV Venti Package","Computer","Apple TV","",1144750,"Target",7.46,"MDI1"
"ef6c9a68-f7de-4def-8fc2-a4362b524f40","click","nytimes.com","Venti","Mobile Hover","Connected TV","","",1144761,"Old Navy",7.48,"MDI1"
"ef6c9a68-f7de-4def-8fc2-a4362b524f40","click","nytimes.com","Venti","Mobile Hover","Connected TV","","",1144761,"Old Navy",7.48,"MDI1"
"ef6c9a68-f7de-4def-8fc2-a4362b524f40","click","nytimes.com","Venti","Mobile Hover","Connected TV","","",1144761,"Old Navy",7.48,"MDI1"
"6b85c12a-f405-4756-82cf-0f63adb75b6d","video_complete","nytimes.com","Hover","Mobile Hover","Tablet","","",1144790,"Apple",7.58,"MDI1"
"0ca601fb-714c-41e9-a74c-cb316964d554","video_load","usatoday.com","Hover","Breakaway Display","Tablet","","",1144750,"Target",7.4,"MDI1"
"0ca601fb-714c-41e9-a74c-cb316964d554","video_load","usatoday.com","Hover","Breakaway Display","Tablet","","",1144750,"Target",7.4,"MDI1"
"0ca601fb-714c-41e9-a74c-cb316964d554","video_load","usatoday.com","Hover","Breakaway Display","Tablet","","",1144750,"Target",7.4,"MDI1"
"68b29fee-7e04-486e-8cac-2f530361049e","video_complete","espn.com","Runway","Mobile Hover","Phone","","Tubi",1144761,"Old Navy",7.43,"MDI1"
"50e0c96f-18c9-411c-95ec-fa7e035439a8","impression","theverge.com","Breakaway","Anchor w Video Package","Connected TV","","",1144720,"McDonalds",7.42,"MDI1"
"50e0c96f-18c9-411c-95ec-fa7e035439a8","impression","theverge.com","Breakaway","Anchor w Video Package","Connected TV","","",1144720,"McDonalds",7.42,"MDI1"
"3c500de6-79c9-48a8-a9ce-362d4fee377b","impression","forbes.com","Breakaway","Anchor w Video Package","Connected TV","","",1144721,"Starbucks",7.44,"MDI1"
"3c500de6-79c9-48a8-a9ce-362d4fee377b","impression","forbes.com","Breakaway","Anchor w Video Package","Connected TV","","",1144721,"Starbucks",7.44,"MDI1"
"e6fe139d-c36f-4a64-b67c-94e0a3946d84","video_complete","buzzfeed.com","Hover","Runway Premium","Tablet","","",1144722,"Chick-fil-A",7.42,"MDI1"
"e6fe139d-c36f-4a64-b67c-94e0a3946d84","video_complete","buzzfeed.com","Hover","Runway Premium","Tablet","","",1144722,"Chick-fil-A",7.42,"MDI1"
"249a0247-5410-4b5a-8c94-e4c5ebe656d3","impression","weather.com","Venti","Middle Banner - Standard","Computer","","",1144790,"Apple",7.44,"MDI1"
"3a4d4f3e-e086-4f21-a986-2376f751f463","impression","variety.com","Breakaway","Anchor w Video Package","Phone","","",1144720,"McDonalds",7.45,"MDI1"
"6eabfc3d-e263-4417-9689-b02f404b22eb","video_complete","tmz.com","Venti","Runway Premium","Computer","Fire TV","",1144910,"Netflix",7.42,"MDI1"
"7457d863-91e8-4b9a-903f-3c0312acb3d2","video_firstquartile","variety.com","Hover","CTV Venti Package","Connected TV","Fire TV","",1144750,"Target",7.42,"MDI1"
"6dec36ed-5746-4f2c-8cbe-660988e7a4bf","video_load","people.com","Venti","Middle Banner - Standard","Tablet","LG Smart TV","Pluto TV",1144721,"Starbucks",7.44,"MDI1"
"b74eba94-85c3-411d-871d-b127085b4923","video_start","weather.com","Hover","Middle Banner - Standard","Phone","Fire TV","Peacock",1144850,"Sephora",7.44,"MDI1"
"c7444aaf-5dc1-4eaa-b8e2-89288436e258","video_midpoint","variety.com","Hover","Middle Banner - Standard","Computer","","",1144720,"McDonalds",7.39,"MDI1"
"a9d2a26a-ade9-4833-ac30-efb961afcf9e","video_firstquartile","tmz.com","Runway","Middle Banner - Standard","Connected TV","","",1144760,"Nike",7.47,"MDI1"
"5a6dd69f-9712-4abd-af45-9746bf30f76b","video_midpoint","usatoday.com","ABA Display","CTV Venti Package","Connected TV","","",1144673,"Walmart Grocery",7.42,"MDI1"
"b9dcf3e3-e201-4489-b7d4-ef67f19f7a7f","video_complete","people.com","Venti","CTV Venti Package","Computer","","Peacock",1144750,"Target",7.45,"MDI1"
"c7bd40c9-de2d-44c8-8dd8-2809d42b3b94","video_complete","tmz.com","ABA Display","CTV Venti Package","Phone","Apple TV","",1144750,"Target",7.51,"MDI1"
"c7bd40c9-de2d-44c8-8dd8-2809d42b3b94","video_complete","tmz.com","ABA Display","CTV Venti Package","Phone","Apple TV","",1144750,"Target",7.51,"MDI1"
"c7bd40c9-de2d-44c8-8dd8-2809d42b3b94","video_complete","tmz.com","ABA Display","CTV Venti Package","Phone","Apple TV","",1144750,"Target",7.51,"MDI1"
"f8d31706-fc77-4f1a-9a3b-337005668546","impression","usatoday.com","Runway","Breakaway Display","Connected TV","","",1144910,"Netflix",7.47,"MDI1"
"d43f002c-c43d-4020-a2f0-1310b19fac2c","video_midpoint","espn.com","Hover","CTV Venti Package","Phone","Apple TV","",1144910,"Netflix",7.46,"MDI1"
"7b87a7d4-51aa-4402-899c-66d156735db0","impression","theverge.com","Venti","Middle Banner - Standard","Connected TV","","Tubi",1144850,"Sephora",7.4,"MDI1"
"223e92f6-a180-4d64-b5eb-9f038fff7a5b","video_complete","buzzfeed.com","ABA Display","Middle Banner - Standard","Connected TV","Samsung TV","Peacock",1144750,"Target",7.74,"MDI1"
"85013f82-d874-475e-af42-47cab009a9b2","video_midpoint","weather.com","ABA Display","Anchor w Video Package","Phone","","",1144800,"Home Depot",7.54,"MDI1"
"85013f82-d874-475e-af42-47cab009a9b2","video_midpoint","weather.com","ABA Display","Anchor w Video Package","Phone","","",1144800,"Home Depot",7.54,"MDI1"
"2720d202-f2a4-481a-8ed9-7ff0d2f063d2","impression","nytimes.com","Hover","Anchor w Video Package","Tablet","","",1144721,"Starbucks",7.44,"MDI1"
"2720d202-f2a4-481a-8ed9-7ff0d2f063d2","impression","nytimes.com","Hover","Anchor w Video Package","Tablet","","",1144721,"Starbucks",7.44,"MDI1"
"a3fc1361-ad16-4d7b-89e5-a0fbc3681d57","video_start","nytimes.com","Runway","Mobile Hover","Connected TV","Apple TV","",1144673,"Walmart Grocery",7.57,"MDI1"
"91e2389c-0b3d-484b-831c-1832e920ca23","video_complete","people.com","Hover","Runway Premium","Tablet","","",1144720,"McDonalds",7.49,"MDI1"
"989700dd-321a-4b13-9d00-3cc771479024","video_start","usatoday.com","ABA Display","Anchor w Video Package","Computer","Samsung TV","",1144750,"Target",7.4,"MDI1"
"fda89069-5c7c-43a0-b506-c85f6def6a5c","video_midpoint","weather.com","HighRise","Middle Banner - Standard","Phone","Samsung TV","",1144750,"Target",7.43,"MDI1"
"fda89069-5c7c-43a0-b506-c85f6def6a5c","video_midpoint","weather.com","HighRise","Middle Banner - Standard","Phone","Samsung TV","",1144750,"Target",7.43,"MDI1"
"cd1a86d1-1a7b-4229-9bed-5ce46e231f58","impression","buzzfeed.com","Breakaway","Middle Banner - Standard","Phone","","",1144722,"Chick-fil-A",7.51,"MDI1"
"cd1a86d1-1a7b-4229-9bed-5ce46e231f58","impression","buzzfeed.com","Breakaway","Middle Banner - Standard","Phone","","",1144722,"Chick-fil-A",7.51,"MDI1"
"0f31a504-d6b5-4643-a7ed-ff2768c536c0","impression","forbes.com","ABA Display","Middle Banner - Standard","Connected TV","","",1144800,"Home Depot",7.49,"MDI1"
"4d11d560-cf7b-48f8-8585-04990231d0ad","click","forbes.com","Runway","Middle Banner - Standard","Phone","","",1144721,"Starbucks",7.47,"MDI1"
"08c5cac1-1176-4162-ab56-2d61c9705298","video_thirdquartile","people.com","Hover","Breakaway Display","Phone","","",1144721,"Starbucks",7.49,"MDI1"
"08c5cac1-1176-4162-ab56-2d61c9705298","video_thirdquartile","people.com","Hover","Breakaway Display","Phone","","",1144721,"Starbucks",7.49,"MDI1"
"84553a1e-0829-44c1-92a4-8ca693789380","impression","buzzfeed.com","Breakaway","Anchor w Video Package","Tablet","","",1144760,"Nike",7.45,"MDI1"
"84553a1e-0829-44c1-92a4-8ca693789380","impression","buzzfeed.com","Breakaway","Anchor w Video Package","Tablet","","",1144760,"Nike",7.45,"MDI1"
"4721d3e8-8a09-48a1-ab66-8f2df702dce2","video_thirdquartile","theverge.com","Venti","Breakaway Display","Tablet","Apple TV","",1144780,"CVS",7.47,"MDI1"
"1d360098-13bf-4f5a-b777-309acee9b8ed","video_complete","forbes.com","Runway","Breakaway Display","Phone","Samsung TV","",1144720,"McDonalds",7.41,"MDI1"
"1d360098-13bf-4f5a-b777-309acee9b8ed","video_complete","forbes.com","Runway","Breakaway Display","Phone","Samsung TV","",1144720,"McDonalds",7.41,"MDI1"
"1d360098-13bf-4f5a-b777-309acee9b8ed","video_complete","forbes.com","Runway","Breakaway Display","Phone","Samsung TV","",1144720,"McDonalds",7.41,"MDI1"
"983f35c4-721f-47b2-8eb9-7723b4c9778d","video_midpoint","variety.com","Hover","CTV Venti Package","Phone","","",1144761,"Old Navy",7.52,"MDI1"
"88535d6d-5335-46a5-ac8a-3688cc2fccf3","video_complete","cnn.com","Runway","CTV Venti Package","Connected TV","","",1144750,"Target",7.45,"MDI1"
"ac0c3d53-b9b1-4b42-9c3f-11e0af4bc303","video_load","nytimes.com","HighRise","Runway Premium","Phone","Apple TV","",1144761,"Old Navy",7.52,"MDI1"
"ac0c3d53-b9b1-4b42-9c3f-11e0af4bc303","video_load","nytimes.com","HighRise","Runway Premium","Phone","Apple TV","",1144761,"Old Navy",7.52,"MDI1"
"17fee572-9ed1-411d-8501-fa09418beefb","video_midpoint","cnn.com","HighRise","Breakaway Display","Computer","","",1144750,"Target",7.45,"MDI1"
"23b690a2-604c-4523-86a4-a713d5bf796c","video_load","usatoday.com","Venti","Breakaway Display","Computer","","Peacock",1144673,"Walmart Grocery",7.45,"MDI1"
"23b690a2-604c-4523-86a4-a713d5bf796c","video_load","usatoday.com","Venti","Breakaway Display","Computer","","Peacock",1144673,"Walmart Grocery",7.45,"MDI1"
"07c4ce3d-5ae8-42af-aa0f-179a809fe3ea","impression","tmz.com","Hover","Middle Banner - Standard","Connected TV","Fire TV","",1144780,"CVS",7.42,"MDI1"
"07c4ce3d-5ae8-42af-aa0f-179a809fe3ea","impression","tmz.com","Hover","Middle Banner - Standard","Connected TV","Fire TV","",1144780,"CVS",7.42,"MDI1"
"5035f336-5bf8-47f7-8bcd-17a9ef055fb3","video_thirdquartile","theverge.com","Hover","CTV Venti Package","Phone","","",1144673,"Walmart Grocery",7.44,"MDI1"
"629fc5bc-a8e2-43cc-adf9-f3afad3f9577","video_midpoint","weather.com","Venti","Runway Premium","Phone","Roku","Tubi",1144850,"Sephora",7.42,"MDI1"
"629fc5bc-a8e2-43cc-adf9-f3afad3f9577","video_midpoint","weather.com","Venti","Runway Premium","Phone","Roku","Tubi",1144850,"Sephora",7.42,"MDI1"
"39dee1a3-d09f-4f61-ae8b-476c7fa09b3f","impression","weather.com","Breakaway","Anchor w Video Package","Connected TV","LG Smart TV","",1144673,"Walmart Grocery",7.44,"MDI1"
"39dee1a3-d09f-4f61-ae8b-476c7fa09b3f","impression","weather.com","Breakaway","Anchor w Video Package","Connected TV","LG Smart TV","",1144673,"Walmart Grocery",7.44,"MDI1"
"39dee1a3-d09f-4f61-ae8b-476c7fa09b3f","impression","weather.com","Breakaway","Anchor w Video Package","Connected TV","LG Smart TV","",1144673,"Walmart Grocery",7.44,"MDI1"
"39dee1a3-d09f-4f61-ae8b-476c7fa09b3f","impression","weather.com","Breakaway","Anchor w Video Package","Connected TV","LG Smart TV","",1144673,"Walmart Grocery",7.44,"MDI1"
"fab147d4-16e9-471e-8c8c-a38744b20a1a","video_start","usatoday.com","Hover","Anchor w Video Package","Computer","","",1144761,"Old Navy",7.44,"MDI1"
"fab147d4-16e9-471e-8c8c-a38744b20a1a","video_start","usatoday.com","Hover","Anchor w Video Package","Computer","","",1144761,"Old Navy",7.44,"MDI1"
"f15590ee-e195-478c-a3e3-8148f0036ce1","click","usatoday.com","ABA Display","Runway Premium","Computer","","",1144790,"Apple",7.43,"MDI1"
"c3268125-8112-40a1-8477-d8bd1e9358ab","click","espn.com","ABA Display","Middle Banner - Standard","Tablet","","Paramount+",1144910,"Netflix",7.51,"MDI1"
"8b8b8c71-2af3-483a-b047-e361bdad7bd9","video_thirdquartile","cnn.com","Runway","CTV Venti Package","Computer","","",1144750,"Target",7.4,"MDI1"
"c86e0728-be88-4834-bc45-8e352fbceb67","video_complete","buzzfeed.com","Runway","Mobile Hover","Computer","","",1144780,"CVS",7.43,"MDI1"
"65a90169-ad5c-4060-95bc-caeb3ffa7087","impression","people.com","Breakaway","Runway Premium","Connected TV","Roku","Fubo TV",1144761,"Old Navy",7.59,"MDI1"
"9d25f96e-508d-4896-9fe1-3404eab55223","video_thirdquartile","usatoday.com","Hover","Mobile Hover","Phone","","",1144910,"Netflix",7.41,"MDI1"
"4f68f5df-00fd-4e15-b519-8e347dfbc985","video_firstquartile","cnn.com","Venti","Breakaway Display","Tablet","Fire TV","",1144761,"Old Navy",7.5,"MDI1"
"046e5bd2-edc3-4a30-a41a-c56095ebcad5","video_firstquartile","tmz.com","HighRise","Breakaway Display","Connected TV","Apple TV","",1144910,"Netflix",7.46,"MDI1"
"2851384a-3399-4b45-897b-b9ec8a83368a","video_thirdquartile","cnn.com","Hover","Breakaway Display","Connected TV","","",1144673,"Walmart Grocery",7.5,"MDI1"
"2851384a-3399-4b45-897b-b9ec8a83368a","video_thirdquartile","cnn.com","Hover","Breakaway Display","Connected TV","","",1144673,"Walmart Grocery",7.5,"MDI1"
"f7fe9c18-3398-4f3f-bf1d-592f714137f6","video_complete","techcrunch.com","Runway","CTV Venti Package","Tablet","","Fubo TV",1144780,"CVS",7.53,"MDI1"
"49b789c9-ded3-4dfd-ba12-ce92cfe5d897","video_start","variety.com","ABA Display","Mobile Hover","Computer","","",1144780,"CVS",7.45,"MDI1"
"a2054000-efb0-4ee2-8c85-16ced378d39d","impression","buzzfeed.com","Runway","Breakaway Display","Tablet","","",1144720,"McDonalds",7.47,"MDI1"
"a2054000-efb0-4ee2-8c85-16ced378d39d","impression","buzzfeed.com","Runway","Breakaway Display","Tablet","","",1144720,"McDonalds",7.47,"MDI1"
"df0813eb-999c-4ad7-934e-2adf531c1247","impression","buzzfeed.com","ABA Display","Middle Banner - Standard","Tablet","","",1144800,"Home Depot",7.48,"MDI1"
"3c6969be-c110-44d3-803e-8d4cf83bab19","video_midpoint","buzzfeed.com","ABA Display","Anchor w Video Package","Connected TV","","Fubo TV",1144780,"CVS",7.56,"MDI1"
"9af09bd1-afef-4ed6-a80a-dfc0f9536b42","impression","usatoday.com","Venti","Runway Premium","Tablet","","",1144761,"Old Navy",7.44,"MDI1"
"9af09bd1-afef-4ed6-a80a-dfc0f9536b42","impression","usatoday.com","Venti","Runway Premium","Tablet","","",1144761,"Old Navy",7.44,"MDI1"
"9af09bd1-afef-4ed6-a80a-dfc0f9536b42","impression","usatoday.com","Venti","Runway Premium","Tablet","","",1144761,"Old Navy",7.44,"MDI1"
"37d6f361-037a-4e00-b5d2-87da2a852a17","video_midpoint","forbes.com","HighRise","Anchor w Video Package","Phone","","",1144910,"Netflix",7.52,"MDI1"
"78c35c87-ffae-4ee3-8977-0494be7f9668","video_complete","theverge.com","Venti","Middle Banner - Standard","Phone","","",1144790,"Apple",7.48,"MDI1"
"78c35c87-ffae-4ee3-8977-0494be7f9668","video_complete","theverge.com","Venti","Middle Banner - Standard","Phone","","",1144790,"Apple",7.48,"MDI1"
"ebdaba0e-1a3d-4c23-abfe-b1082388adb1","video_start","variety.com","HighRise","Mobile Hover","Tablet","","",1144910,"Netflix",7.41,"MDI1"
"ebdaba0e-1a3d-4c23-abfe-b1082388adb1","video_start","variety.com","HighRise","Mobile Hover","Tablet","","",1144910,"Netflix",7.41,"MDI1"
"73215a44-f296-4509-93f2-a5c51dac26a5","video_complete","nytimes.com","Hover","Mobile Hover","Connected TV","","",1144722,"Chick-fil-A",7.4,"MDI1"
"30bc7a9a-5813-4f55-b876-f4ff6a69caa2","video_midpoint","techcrunch.com","Runway","Breakaway Display","Connected TV","Android TV","",1144910,"Netflix",7.44,"MDI1"
"48e94914-6189-46f3-a0c0-82dcf0d43b2f","video_complete","cnn.com","Venti","Anchor w Video Package","Connected TV","Samsung TV","",1144910,"Netflix",7.39,"MDI1"
"48e94914-6189-46f3-a0c0-82dcf0d43b2f","video_complete","cnn.com","Venti","Anchor w Video Package","Connected TV","Samsung TV","",1144910,"Netflix",7.39,"MDI1"
"e70daf77-1020-46dd-bd89-58d5be1463e6","impression","usatoday.com","Breakaway","Mobile Hover","Phone","","",1144790,"Apple",7.47,"MDI1"
"c0fc19da-d84f-4fa0-907a-2d5b49eb7fc7","video_thirdquartile","tmz.com","ABA Display","Anchor w Video Package","Phone","","",1144780,"CVS",7.44,"MDI1"
"c0fc19da-d84f-4fa0-907a-2d5b49eb7fc7","video_thirdquartile","tmz.com","ABA Display","Anchor w Video Package","Phone","","",1144780,"CVS",7.44,"MDI1"
"958bc789-a0f1-4922-8568-79c0c42335bc","video_complete","espn.com","Breakaway","Runway Premium","Connected TV","Roku","",1144780,"CVS",7.66,"MDI1"
"958bc789-a0f1-4922-8568-79c0c42335bc","video_complete","espn.com","Breakaway","Runway Premium","Connected TV","Roku","",1144780,"CVS",7.66,"MDI1"
"958bc789-a0f1-4922-8568-79c0c42335bc","video_complete","espn.com","Breakaway","Runway Premium","Connected TV","Roku","",1144780,"CVS",7.66,"MDI1"
"062cd422-fb97-4291-b2ae-4a076d59ccad","video_firstquartile","buzzfeed.com","Runway","Runway Premium","Phone","","",1144750,"Target",7.51,"MDI1"
"77ccd2ae-a73e-4763-a027-9a2d1890dfb9","video_complete","nytimes.com","Venti","Anchor w Video Package","Connected TV","","Peacock",1144720,"McDonalds",7.61,"MDI1"
"c97805c0-0ba8-4db5-bc7b-d2e85bb25c78","impression","buzzfeed.com","Venti","Middle Banner - Standard","Connected TV","","",1144673,"Walmart Grocery",7.46,"MDI1"
"ab7d2fc2-1b85-4665-82fa-f969ed879b3c","video_midpoint","weather.com","Breakaway","Mobile Hover","Phone","","",1144800,"Home Depot",7.51,"MDI1"
"ab7d2fc2-1b85-4665-82fa-f969ed879b3c","video_midpoint","weather.com","Breakaway","Mobile Hover","Phone","","",1144800,"Home Depot",7.51,"MDI1"
"76de223a-71e1-457c-b426-1775dfeb7cc1","impression","cnn.com","Venti","Anchor w Video Package","Connected TV","","",1144721,"Starbucks",7.4,"MDI1"
"6afd8f33-eeda-4668-8d59-dbb7600da722","click","tmz.com","ABA Display","Middle Banner - Standard","Connected TV","","",1144722,"Chick-fil-A",7.41,"MDI1"
"034acb2d-06ec-4d7f-94e0-53040f15dff4","video_start","forbes.com","ABA Display","Breakaway Display","Tablet","","",1144673,"Walmart Grocery",7.45,"MDI1"
"b6cd6de2-8c80-40bd-9185-85111aee0288","click","theverge.com","Venti","Runway Premium","Tablet","","Peacock",1144910,"Netflix",7.47,"MDI1"
"38ea637d-fb42-4494-a1f7-42c3dfe1491d","video_midpoint","theverge.com","Venti","Mobile Hover","Phone","","",1144790,"Apple",7.48,"MDI1"
"ef4048bf-b8cc-4864-b8c6-4de98a181211","impression","theverge.com","Hover","Runway Premium","Computer","","",1144721,"Starbucks",7.44,"MDI1"
"ef4048bf-b8cc-4864-b8c6-4de98a181211","impression","theverge.com","Hover","Runway Premium","Computer","","",1144721,"Starbucks",7.44,"MDI1"
"da194b31-4c8d-4689-a0c6-6981bb3ed6d3","video_thirdquartile","nytimes.com","Hover","Runway Premium","Phone","","",1144850,"Sephora",7.39,"MDI1"
"da194b31-4c8d-4689-a0c6-6981bb3ed6d3","video_thirdquartile","nytimes.com","Hover","Runway Premium","Phone","","",1144850,"Sephora",7.39,"MDI1"
"da194b31-4c8d-4689-a0c6-6981bb3ed6d3","video_thirdquartile","nytimes.com","Hover","Runway Premium","Phone","","",1144850,"Sephora",7.39,"MDI1"
"8e914446-d866-4729-b38a-9522a47f012d","click","forbes.com","Venti","Runway Premium","Tablet","Roku","Paramount+",1144910,"Netflix",7.59,"MDI1"
"8e914446-d866-4729-b38a-9522a47f012d","click","forbes.com","Venti","Runway Premium","Tablet","Roku","Paramount+",1144910,"Netflix",7.59,"MDI1"
"01c0578b-d2d7-4ff2-9abd-023bfb84de69","impression","techcrunch.com","Breakaway","Middle Banner - Standard","Phone","Android TV","Pluto TV",1144673,"Walmart Grocery",7.45,"MDI1"
"00614ac8-f62b-4e52-a6d2-1ef7a297e2f7","impression","techcrunch.com","ABA Display","Runway Premium","Connected TV","Fire TV","",1144761,"Old Navy",7.42,"MDI1"
"00614ac8-f62b-4e52-a6d2-1ef7a297e2f7","impression","techcrunch.com","ABA Display","Runway Premium","Connected TV","Fire TV","",1144761,"Old Navy",7.42,"MDI1"
"00614ac8-f62b-4e52-a6d2-1ef7a297e2f7","impression","techcrunch.com","ABA Display","Runway Premium","Connected TV","Fire TV","",1144761,"Old Navy",7.42,"MDI1"
"6fcc3138-6ba9-4d62-92e4-4f1d7bcd7481","video_midpoint","theverge.com","Hover","Anchor w Video Package","Connected TV","Android TV","",1144780,"CVS",7.57,"MDI1"
"6fcc3138-6ba9-4d62-92e4-4f1d7bcd7481","video_midpoint","theverge.com","Hover","Anchor w Video Package","Connected TV","Android TV","",1144780,"CVS",7.57,"MDI1"
"fc0f81a6-c3af-452e-bd43-55df5893e363","video_start","techcrunch.com","ABA Display","Runway Premium","Phone","","",1144790,"Apple",7.41,"MDI1"
"fc0f81a6-c3af-452e-bd43-55df5893e363","video_start","techcrunch.com","ABA Display","Runway Premium","Phone","","",1144790,"Apple",7.41,"MDI1"
"6cfafa3a-96e9-41df-a7d1-90b0f9e7304b","video_thirdquartile","usatoday.com","Hover","CTV Venti Package","Phone","","",1144850,"Sephora",7.51,"MDI1"
"6cfafa3a-96e9-41df-a7d1-90b0f9e7304b","video_thirdquartile","usatoday.com","Hover","CTV Venti Package","Phone","","",1144850,"Sephora",7.51,"MDI1"
"911e1c05-f1cd-41b0-b52a-d102a58c05ba","video_start","people.com","Runway","CTV Venti Package","Connected TV","","",1144673,"Walmart Grocery",7.4,"MDI1"
"911e1c05-f1cd-41b0-b52a-d102a58c05ba","video_start","people.com","Runway","CTV Venti Package","Connected TV","","",1144673,"Walmart Grocery",7.4,"MDI1"
"73ad06ab-bdaf-4c11-ae8d-0b0f266ef111","video_load","variety.com","Runway","Runway Premium","Tablet","","Paramount+",1144761,"Old Navy",7.4,"MDI1"
"73ad06ab-bdaf-4c11-ae8d-0b0f266ef111","video_load","variety.com","Runway","Runway Premium","Tablet","","Paramount+",1144761,"Old Navy",7.4,"MDI1"
"a40d7b57-1766-4178-b9e9-33456dc8fdf5","click","buzzfeed.com","ABA Display","Middle Banner - Standard","Tablet","","",1144721,"Starbucks",7.54,"MDI1"
"8d435137-16da-49a8-915f-cb1bf4c46cc1","video_load","buzzfeed.com","Venti","Anchor w Video Package","Connected TV","","",1144790,"Apple",7.41,"MDI1"
"98f44300-8c88-4840-a688-99ff083b53e8","video_complete","cnn.com","Breakaway","Middle Banner - Standard","Tablet","LG Smart TV","Fubo TV",1144722,"Chick-fil-A",7.45,"MDI1"
"13ae5610-56e9-4521-9b72-cab41a1fe109","video_start","people.com","Hover","Mobile Hover","Connected TV","","",1144761,"Old Navy",7.44,"MDI1"
"13ae5610-56e9-4521-9b72-cab41a1fe109","video_start","people.com","Hover","Mobile Hover","Connected TV","","",1144761,"Old Navy",7.44,"MDI1"
"13ae5610-56e9-4521-9b72-cab41a1fe109","video_start","people.com","Hover","Mobile Hover","Connected TV","","",1144761,"Old Navy",7.44,"MDI1"
"24900165-af10-45e3-9931-b536e851879b","video_midpoint","espn.com","Breakaway","Anchor w Video Package","Phone","Roku","",1144761,"Old Navy",7.55,"MDI1"
"88b5e7b2-60cf-4f3e-a41f-330a9d9c0fbc","impression","tmz.com","Hover","Middle Banner - Standard","Connected TV","LG Smart TV","",1144760,"Nike",7.41,"MDI1"
"88b5e7b2-60cf-4f3e-a41f-330a9d9c0fbc","impression","tmz.com","Hover","Middle Banner - Standard","Connected TV","LG Smart TV","",1144760,"Nike",7.41,"MDI1"
"88b5e7b2-60cf-4f3e-a41f-330a9d9c0fbc","impression","tmz.com","Hover","Middle Banner - Standard","Connected TV","LG Smart TV","",1144760,"Nike",7.41,"MDI1"
"7fa68069-d0c5-40b1-9a78-52cbe623a775","video_start","variety.com","Runway","Breakaway Display","Phone","Apple TV","",1144790,"Apple",7.56,"MDI1"
"7fa68069-d0c5-40b1-9a78-52cbe623a775","video_start","variety.com","Runway","Breakaway Display","Phone","Apple TV","",1144790,"Apple",7.56,"MDI1"
"7fa68069-d0c5-40b1-9a78-52cbe623a775","video_start","variety.com","Runway","Breakaway Display","Phone","Apple TV","",1144790,"Apple",7.56,"MDI1"
"e1c571f8-8205-487f-980e-d9e0bebdfc6d","impression","variety.com","Hover","Middle Banner - Standard","Phone","","",1144790,"Apple",7.39,"MDI1"
"5e90287b-47ba-4217-b446-cc44525e5265","click","espn.com","Venti","CTV Venti Package","Phone","","",1144721,"Starbucks",7.42,"MDI1"
"de286636-8f23-424b-b1f0-f8f8b1f04346","click","tmz.com","Breakaway","Anchor w Video Package","Connected TV","","",1144721,"Starbucks",7.57,"MDI1"
"5ef55601-2986-41d4-a771-7ba7a5889818","video_start","weather.com","Breakaway","Mobile Hover","Phone","","",1144722,"Chick-fil-A",7.51,"MDI1"
"c18267f9-16e2-44b8-8189-c7b06d43df9a","video_firstquartile","nytimes.com","Hover","Runway Premium","Computer","","",1144761,"Old Navy",7.39,"MDI1"
"c18267f9-16e2-44b8-8189-c7b06d43df9a","video_firstquartile","nytimes.com","Hover","Runway Premium","Computer","","",1144761,"Old Navy",7.39,"MDI1"
"75781113-c12f-4204-9e75-895c59fd02d5","click","weather.com","Venti","Runway Premium","Connected TV","","",1144673,"Walmart Grocery",7.53,"MDI1"
"75781113-c12f-4204-9e75-895c59fd02d5","click","weather.com","Venti","Runway Premium","Connected TV","","",1144673,"Walmart Grocery",7.53,"MDI1"
"b9ad2521-e9eb-460b-8b65-824abf37cf3d","video_start","espn.com","Venti","Mobile Hover","Connected TV","","",1144850,"Sephora",7.43,"MDI1"
"b9ad2521-e9eb-460b-8b65-824abf37cf3d","video_start","espn.com","Venti","Mobile Hover","Connected TV","","",1144850,"Sephora",7.43,"MDI1"
"200484c2-bba0-4b3a-8759-25f856eca908","video_firstquartile","people.com","Breakaway","Mobile Hover","Phone","","",1144780,"CVS",7.4,"MDI1"
"200484c2-bba0-4b3a-8759-25f856eca908","video_firstquartile","people.com","Breakaway","Mobile Hover","Phone","","",1144780,"CVS",7.4,"MDI1"
"200484c2-bba0-4b3a-8759-25f856eca908","video_firstquartile","people.com","Breakaway","Mobile Hover","Phone","","",1144780,"CVS",7.4,"MDI1"
"35359f10-f054-418b-bccc-098009bb975f","video_start","people.com","Breakaway","CTV Venti Package","Connected TV","Roku","",1144850,"Sephora",7.51,"MDI1"
"35359f10-f054-418b-bccc-098009bb975f","video_start","people.com","Breakaway","CTV Venti Package","Connected TV","Roku","",1144850,"Sephora",7.51,"MDI1"
"35359f10-f054-418b-bccc-098009bb975f","video_start","people.com","Breakaway","CTV Venti Package","Connected TV","Roku","",1144850,"Sephora",7.51,"MDI1"
"3d0c559e-8f39-4c0c-b217-e38dfd84de78","video_midpoint","variety.com","Venti","Middle Banner - Standard","Computer","","",1144720,"McDonalds",7.43,"MDI1"
"3d0c559e-8f39-4c0c-b217-e38dfd84de78","video_midpoint","variety.com","Venti","Middle Banner - Standard","Computer","","",1144720,"McDonalds",7.43,"MDI1"
"2a647c61-98f5-4778-8673-c98e25bde25e","video_start","variety.com","HighRise","Mobile Hover","Tablet","","",1144721,"Starbucks",7.45,"MDI1"
"2a647c61-98f5-4778-8673-c98e25bde25e","video_start","variety.com","HighRise","Mobile Hover","Tablet","","",1144721,"Starbucks",7.45,"MDI1"
"2a647c61-98f5-4778-8673-c98e25bde25e","video_start","variety.com","HighRise","Mobile Hover","Tablet","","",1144721,"Starbucks",7.45,"MDI1"
"590acbf5-bf38-4671-a88d-b90a966ebc65","click","techcrunch.com","Breakaway","Mobile Hover","Tablet","","",1144673,"Walmart Grocery",7.46,"MDI1"
"590acbf5-bf38-4671-a88d-b90a966ebc65","click","techcrunch.com","Breakaway","Mobile Hover","Tablet","","",1144673,"Walmart Grocery",7.46,"MDI1"
"590acbf5-bf38-4671-a88d-b90a966ebc65","click","techcrunch.com","Breakaway","Mobile Hover","Tablet","","",1144673,"Walmart Grocery",7.46,"MDI1"
"590acbf5-bf38-4671-a88d-b90a966ebc65","click","techcrunch.com","Breakaway","Mobile Hover","Tablet","","",1144673,"Walmart Grocery",7.46,"MDI1"
"2584b04e-352e-4468-b666-88d301fa964b","video_firstquartile","cnn.com","Runway","Middle Banner - Standard","Tablet","","Peacock",1144721,"Starbucks",7.43,"MDI1"
"32f10a88-95da-4389-95e7-87774dcd0284","video_complete","usatoday.com","Runway","Anchor w Video Package","Connected TV","Samsung TV","",1144722,"Chick-fil-A",7.44,"MDI1"
"deae1aec-6f7b-4378-99b5-ff256acd6058","video_thirdquartile","nytimes.com","ABA Display","Breakaway Display","Phone","","",1144750,"Target",7.46,"MDI1"
"deae1aec-6f7b-4378-99b5-ff256acd6058","video_thirdquartile","nytimes.com","ABA Display","Breakaway Display","Phone","","",1144750,"Target",7.46,"MDI1"
"90c6b5db-5824-4bfa-b8cb-cc2b72dd036a","video_midpoint","theverge.com","HighRise","CTV Venti Package","Connected TV","","",1144800,"Home Depot",7.48,"MDI1"
"e2046f03-d122-4a5d-b35e-8ae547dfd757","video_load","usatoday.com","Runway","Middle Banner - Standard","Tablet","LG Smart TV","Peacock",1144790,"Apple",7.44,"MDI1"
"e2046f03-d122-4a5d-b35e-8ae547dfd757","video_load","usatoday.com","Runway","Middle Banner - Standard","Tablet","LG Smart TV","Peacock",1144790,"Apple",7.44,"MDI1"
"e2046f03-d122-4a5d-b35e-8ae547dfd757","video_load","usatoday.com","Runway","Middle Banner - Standard","Tablet","LG Smart TV","Peacock",1144790,"Apple",7.44,"MDI1"
"4b01ca2f-520b-4e0e-957f-dc3c3d773822","impression","weather.com","Hover","Breakaway Display","Computer","","",1144910,"Netflix",7.41,"MDI1"
"efd6f27f-6262-4b44-b770-f557708adcf6","impression","theverge.com","Hover","Runway Premium","Phone","","",1144673,"Walmart Grocery",7.42,"MDI1"
"efd6f27f-6262-4b44-b770-f557708adcf6","impression","theverge.com","Hover","Runway Premium","Phone","","",1144673,"Walmart Grocery",7.42,"MDI1"
"cec1dd08-0281-4ba1-aa91-d1b96defca68","video_thirdquartile","forbes.com","Runway","CTV Venti Package","Computer","","",1144720,"McDonalds",7.41,"MDI1"
"ba02f5a5-ba46-4e13-a346-171eba09473f","video_complete","tmz.com","Runway","Mobile Hover","Tablet","","",1144750,"Target",7.4,"MDI1"
"ba02f5a5-ba46-4e13-a346-171eba09473f","video_complete","tmz.com","Runway","Mobile Hover","Tablet","","",1144750,"Target",7.4,"MDI1"
"4eff69f5-7d1e-40d3-b01e-8d69fc868016","impression","forbes.com","Hover","Breakaway Display","Connected TV","","",1144673,"Walmart Grocery",7.44,"MDI1"
"4eff69f5-7d1e-40d3-b01e-8d69fc868016","impression","forbes.com","Hover","Breakaway Display","Connected TV","","",1144673,"Walmart Grocery",7.44,"MDI1"
"4eff69f5-7d1e-40d3-b01e-8d69fc868016","impression","forbes.com","Hover","Breakaway Display","Connected TV","","",1144673,"Walmart Grocery",7.44,"MDI1"
"804d8e7d-fe08-4566-b3a9-75ae91147772","video_complete","theverge.com","Runway","Mobile Hover","Connected TV","Apple TV","Peacock",1144673,"Walmart Grocery",7.43,"MDI1"
"ee5946a5-2edc-4ce3-b939-7272585682ab","video_start","weather.com","Runway","Mobile Hover","Connected TV","","",1144780,"CVS",7.42,"MDI1"
"ee5946a5-2edc-4ce3-b939-7272585682ab","video_start","weather.com","Runway","Mobile Hover","Connected TV","","",1144780,"CVS",7.42,"MDI1"
"91548eda-47ae-402e-9129-c6080228181b","click","nytimes.com","Breakaway","Anchor w Video Package","Tablet","","Tubi",1144790,"Apple",7.57,"MDI1"
"91548eda-47ae-402e-9129-c6080228181b","click","nytimes.com","Breakaway","Anchor w Video Package","Tablet","","Tubi",1144790,"Apple",7.57,"MDI1"
"91548eda-47ae-402e-9129-c6080228181b","click","nytimes.com","Breakaway","Anchor w Video Package","Tablet","","Tubi",1144790,"Apple",7.57,"MDI1"
"0c0f38c1-eab7-47ef-9c97-d280cb65b1eb","click","variety.com","ABA Display","CTV Venti Package","Computer","","Pluto TV",1144760,"Nike",7.47,"MDI1"
"cbc25cb3-00e7-4df3-84dd-19903f1ae5a3","video_start","tmz.com","HighRise","Middle Banner - Standard","Tablet","","",1144761,"Old Navy",7.46,"MDI1"
"d52cf674-746a-4404-bc4d-136bf8820d2d","impression","nytimes.com","Breakaway","Anchor w Video Package","Computer","Apple TV","",1144750,"Target",7.49,"MDI1"
"d52cf674-746a-4404-bc4d-136bf8820d2d","impression","nytimes.com","Breakaway","Anchor w Video Package","Computer","Apple TV","",1144750,"Target",7.49,"MDI1"
"d52cf674-746a-4404-bc4d-136bf8820d2d","impression","nytimes.com","Breakaway","Anchor w Video Package","Computer","Apple TV","",1144750,"Target",7.49,"MDI1"
"d52cf674-746a-4404-bc4d-136bf8820d2d","impression","nytimes.com","Breakaway","Anchor w Video Package","Computer","Apple TV","",1144750,"Target",7.49,"MDI1"
"7a0614fd-6cc3-4519-b875-ee6d22b11803","video_complete","cnn.com","Hover","Anchor w Video Package","Tablet","","Peacock",1144800,"Home Depot",7.4,"MDI1"
"98b020b8-aa95-4173-915c-d1317648f676","video_thirdquartile","weather.com","Venti","Breakaway Display","Computer","LG Smart TV","Tubi",1144800,"Home Depot",7.5,"MDI1"
"f509ab0c-2ccf-46f4-9560-1cc437f58013","impression","espn.com","Venti","Breakaway Display","Connected TV","Apple TV","",1144780,"CVS",7.56,"MDI1"
"f509ab0c-2ccf-46f4-9560-1cc437f58013","impression","espn.com","Venti","Breakaway Display","Connected TV","Apple TV","",1144780,"CVS",7.56,"MDI1"
"88618498-80f3-4d94-82f9-ac7360051d84","impression","nytimes.com","Hover","Breakaway Display","Connected TV","Samsung TV","Peacock",1144673,"Walmart Grocery",7.51,"MDI1"
"88618498-80f3-4d94-82f9-ac7360051d84","impression","nytimes.com","Hover","Breakaway Display","Connected TV","Samsung TV","Peacock",1144673,"Walmart Grocery",7.51,"MDI1"
"6fef678a-5cc9-4851-8415-95bcba900494","video_firstquartile","people.com","ABA Display","CTV Venti Package","Phone","","",1144790,"Apple",7.44,"MDI1"
"6fef678a-5cc9-4851-8415-95bcba900494","video_firstquartile","people.com","ABA Display","CTV Venti Package","Phone","","",1144790,"Apple",7.44,"MDI1"
"6fef678a-5cc9-4851-8415-95bcba900494","video_firstquartile","people.com","ABA Display","CTV Venti Package","Phone","","",1144790,"Apple",7.44,"MDI1"
"497bb4c9-f306-4eee-8942-bd146337ba03","video_start","buzzfeed.com","HighRise","Middle Banner - Standard","Phone","","",1144673,"Walmart Grocery",7.49,"MDI1"
"614b88ef-2857-4861-b8d0-36a8c8d72fe9","video_complete","espn.com","ABA Display","Breakaway Display","Tablet","LG Smart TV","",1144780,"CVS",7.54,"MDI1"
"86873149-a24c-429e-a286-0780475a1bc2","video_firstquartile","weather.com","Breakaway","Breakaway Display","Connected TV","","",1144722,"Chick-fil-A",7.48,"MDI1"
"a949df36-64c3-4e4f-9b7e-8a5988e1a309","video_thirdquartile","techcrunch.com","Runway","CTV Venti Package","Phone","Android TV","",1144760,"Nike",7.41,"MDI1"
"a949df36-64c3-4e4f-9b7e-8a5988e1a309","video_thirdquartile","techcrunch.com","Runway","CTV Venti Package","Phone","Android TV","",1144760,"Nike",7.41,"MDI1"
"3cfc5557-ee35-445f-bdfe-d6223a12ea1c","impression","espn.com","Runway","Middle Banner - Standard","Phone","Fire TV","",1144750,"Target",7.53,"MDI1"
"250105eb-ffb9-49fb-a3e6-e783903da309","video_start","espn.com","Venti","Runway Premium","Tablet","Fire TV","Pluto TV",1144760,"Nike",7.43,"MDI1"
"e8a64dc0-6672-4051-9794-7fb1c1b3eaa0","click","cnn.com","Runway","Breakaway Display","Connected TV","","",1144800,"Home Depot",7.5,"MDI1"
"f445dfcf-4b4d-4707-a412-fac32091f239","click","tmz.com","Breakaway","CTV Venti Package","Tablet","","",1144800,"Home Depot",7.51,"MDI1"
"aaa11f29-7582-441f-92d1-b954a514e01b","video_complete","tmz.com","Runway","Runway Premium","Phone","","",1144760,"Nike",7.58,"MDI1"
"7513b131-0ff1-477f-8da0-e3c914c14848","impression","techcrunch.com","Hover","Middle Banner - Standard","Connected TV","","",1144721,"Starbucks",7.51,"MDI1"
"7513b131-0ff1-477f-8da0-e3c914c14848","impression","techcrunch.com","Hover","Middle Banner - Standard","Connected TV","","",1144721,"Starbucks",7.51,"MDI1"
"bb6d84c9-2897-4b4a-bb9f-f87fa4d32385","video_firstquartile","people.com","Venti","Middle Banner - Standard","Connected TV","","",1144850,"Sephora",7.44,"MDI1"
"bb6d84c9-2897-4b4a-bb9f-f87fa4d32385","video_firstquartile","people.com","Venti","Middle Banner - Standard","Connected TV","","",1144850,"Sephora",7.44,"MDI1"
"438d3523-7807-40d8-8d91-da3b64d1365c","video_complete","nytimes.com","Runway","Runway Premium","Connected TV","Fire TV","",1144673,"Walmart Grocery",7.57,"MDI1"
"f0894bd6-20aa-4b0f-abe7-dc1e28592570","click","nytimes.com","ABA Display","Breakaway Display","Computer","","",1144800,"Home Depot",7.43,"MDI1"
"8542909d-8c8e-4992-a686-e7efe7f99b9a","video_complete","tmz.com","Breakaway","Runway Premium","Connected TV","LG Smart TV","",1144760,"Nike",7.54,"MDI1"
"8542909d-8c8e-4992-a686-e7efe7f99b9a","video_complete","tmz.com","Breakaway","Runway Premium","Connected TV","LG Smart TV","",1144760,"Nike",7.54,"MDI1"
"c8ad8f2d-0fcb-4452-964d-7b1f3a0ad2cc","impression","techcrunch.com","Venti","Anchor w Video Package","Tablet","","",1144761,"Old Navy",7.49,"MDI1"
"4fb11f0f-0d84-474c-a96b-faae7406baf7","impression","espn.com","Hover","Breakaway Display","Phone","Samsung TV","",1144780,"CVS",7.42,"MDI1"
"3d30cb9b-6e14-45b3-aac6-1b066136292f","video_complete","theverge.com","Venti","Breakaway Display","Phone","","",1144722,"Chick-fil-A",7.4,"MDI1"
"3d30cb9b-6e14-45b3-aac6-1b066136292f","video_complete","theverge.com","Venti","Breakaway Display","Phone","","",1144722,"Chick-fil-A",7.4,"MDI1"
"f01f413a-e16e-45ff-81f8-8bc89b30f04f","impression","cnn.com","Breakaway","Middle Banner - Standard","Connected TV","Fire TV","",1144800,"Home Depot",7.48,"MDI1"
"f01f413a-e16e-45ff-81f8-8bc89b30f04f","impression","cnn.com","Breakaway","Middle Banner - Standard","Connected TV","Fire TV","",1144800,"Home Depot",7.48,"MDI1"
"4500aed3-c2ff-42ab-8d01-cc85c0970c68","click","theverge.com","Breakaway","Anchor w Video Package","Computer","","",1144750,"Target",7.45,"MDI1"
"2f334548-bc0c-42f0-bcbc-9567388d6cbc","video_complete","techcrunch.com","ABA Display","Mobile Hover","Connected TV","","Tubi",1144850,"Sephora",7.54,"MDI1"
"bc2339be-b770-4183-87f4-2594dfcea115","click","techcrunch.com","Breakaway","Runway Premium","Phone","","",1144800,"Home Depot",7.51,"MDI1"
"d15152db-f549-4f0e-876c-6c3845599efc","impression","nytimes.com","ABA Display","Anchor w Video Package","Phone","","",1144722,"Chick-fil-A",7.46,"MDI1"
"d15152db-f549-4f0e-876c-6c3845599efc","impression","nytimes.com","ABA Display","Anchor w Video Package","Phone","","",1144722,"Chick-fil-A",7.46,"MDI1"
"62ab2aae-5853-460f-8fea-32b635ecde8d","video_firstquartile","usatoday.com","ABA Display","Mobile Hover","Computer","","",1144761,"Old Navy",7.39,"MDI1"
"df905edc-afee-435b-b758-b82f4aebc6a6","impression","people.com","ABA Display","Breakaway Display","Connected TV","","",1144850,"Sephora",7.5,"MDI1"
"b88ea789-c23a-46b0-8890-088391a3e73a","video_start","theverge.com","ABA Display","Mobile Hover","Connected TV","","",1144780,"CVS",7.49,"MDI1"
"45bde5aa-115e-4276-9572-121314b46d3e","video_firstquartile","variety.com","HighRise","Breakaway Display","Connected TV","","",1144800,"Home Depot",7.44,"MDI1"
"27263457-46ed-4886-bb59-e2ad74ec978b","impression","cnn.com","Runway","Runway Premium","Computer","","",1144761,"Old Navy",7.43,"MDI1"
"4d920152-00d6-4609-8b38-6a35181765e3","impression","variety.com","ABA Display","Middle Banner - Standard","Phone","Samsung TV","",1144790,"Apple",7.45,"MDI1"
"3e654e61-885c-4260-acd6-1e076956bda8","impression","buzzfeed.com","Venti","CTV Venti Package","Tablet","","",1144721,"Starbucks",7.48,"MDI1"
"5e49d5de-e7a3-4b73-b720-5622d9b9a837","video_firstquartile","techcrunch.com","HighRise","Runway Premium","Phone","","",1144790,"Apple",7.45,"MDI1"
"c9b1cd39-032f-4b0f-be2e-f7380a1b1984","video_thirdquartile","nytimes.com","HighRise","Anchor w Video Package","Connected TV","Fire TV","Fubo TV",1144761,"Old Navy",7.41,"MDI1"
"c9b1cd39-032f-4b0f-be2e-f7380a1b1984","video_thirdquartile","nytimes.com","HighRise","Anchor w Video Package","Connected TV","Fire TV","Fubo TV",1144761,"Old Navy",7.41,"MDI1"
"c9b1cd39-032f-4b0f-be2e-f7380a1b1984","video_thirdquartile","nytimes.com","HighRise","Anchor w Video Package","Connected TV","Fire TV","Fubo TV",1144761,"Old Navy",7.41,"MDI1"
"75f41e44-0868-44b0-b0dd-8382f851fe6b","video_complete","people.com","Breakaway","CTV Venti Package","Computer","Apple TV","",1144780,"CVS",7.52,"MDI1"
"084ee6e3-e14d-4a4c-8879-a43d8fddcc40","video_complete","variety.com","Runway","Middle Banner - Standard","Computer","Fire TV","",1144722,"Chick-fil-A",7.49,"MDI1"
"084ee6e3-e14d-4a4c-8879-a43d8fddcc40","video_complete","variety.com","Runway","Middle Banner - Standard","Computer","Fire TV","",1144722,"Chick-fil-A",7.49,"MDI1"
"107ade59-5b6a-4a18-a437-60cb83c0db08","video_complete","tmz.com","Breakaway","Mobile Hover","Connected TV","Apple TV","",1144790,"Apple",7.47,"MDI1"
"107ade59-5b6a-4a18-a437-60cb83c0db08","video_complete","tmz.com","Breakaway","Mobile Hover","Connected TV","Apple TV","",1144790,"Apple",7.47,"MDI1"
"275cf740-b824-4a0c-ad66-61666fcdf4d9","video_complete","nytimes.com","HighRise","CTV Venti Package","Phone","","",1144910,"Netflix",7.46,"MDI1"
"275cf740-b824-4a0c-ad66-61666fcdf4d9","video_complete","nytimes.com","HighRise","CTV Venti Package","Phone","","",1144910,"Netflix",7.46,"MDI1"
"e0bf40fa-dbc4-48e6-bb8c-d44574ee5af9","impression","theverge.com","ABA Display","Breakaway Display","Computer","","",1144750,"Target",7.41,"MDI1"
"e0bf40fa-dbc4-48e6-bb8c-d44574ee5af9","impression","theverge.com","ABA Display","Breakaway Display","Computer","","",1144750,"Target",7.41,"MDI1"
"e0bf40fa-dbc4-48e6-bb8c-d44574ee5af9","impression","theverge.com","ABA Display","Breakaway Display","Computer","","",1144750,"Target",7.41,"MDI1"
"e0bf40fa-dbc4-48e6-bb8c-d44574ee5af9","impression","theverge.com","ABA Display","Breakaway Display","Computer","","",1144750,"Target",7.41,"MDI1"
"e0bf40fa-dbc4-48e6-bb8c-d44574ee5af9","impression","theverge.com","ABA Display","Breakaway Display","Computer","","",1144750,"Target",7.41,"MDI1"
"61502310-2688-449c-8968-4dd0de8a9b17","video_midpoint","weather.com","HighRise","Mobile Hover","Connected TV","","",1144850,"Sephora",7.43,"MDI1"
"61502310-2688-449c-8968-4dd0de8a9b17","video_midpoint","weather.com","HighRise","Mobile Hover","Connected TV","","",1144850,"Sephora",7.43,"MDI1"
"61502310-2688-449c-8968-4dd0de8a9b17","video_midpoint","weather.com","HighRise","Mobile Hover","Connected TV","","",1144850,"Sephora",7.43,"MDI1"
"590ebbdb-7675-4737-9d04-0c9b5340a16e","impression","tmz.com","Venti","Mobile Hover","Phone","Roku","",1144910,"Netflix",7.49,"MDI1"
"63043452-af71-4a4b-b3fd-ce849035abd0","video_load","cnn.com","Breakaway","Breakaway Display","Connected TV","","Paramount+",1144722,"Chick-fil-A",7.44,"MDI1"
"63043452-af71-4a4b-b3fd-ce849035abd0","video_load","cnn.com","Breakaway","Breakaway Display","Connected TV","","Paramount+",1144722,"Chick-fil-A",7.44,"MDI1"
"e774a58a-01bf-4d53-8828-b6976156b497","video_complete","cnn.com","Venti","Mobile Hover","Connected TV","","",1144750,"Target",7.42,"MDI1"
"ca424366-f53c-4d18-8c1f-84d567e23d3b","video_start","forbes.com","Breakaway","Runway Premium","Connected TV","","",1144673,"Walmart Grocery",7.54,"MDI1"
"a1697d9e-85a9-43c6-b687-d54555742afa","click","techcrunch.com","HighRise","Runway Premium","Computer","","",1144850,"Sephora",7.41,"MDI1"
"e0f65ea8-6fec-4eab-8e63-af35b4f269c1","video_start","variety.com","HighRise","Breakaway Display","Connected TV","Roku","",1144760,"Nike",7.41,"MDI1"
"e0f65ea8-6fec-4eab-8e63-af35b4f269c1","video_start","variety.com","HighRise","Breakaway Display","Connected TV","Roku","",1144760,"Nike",7.41,"MDI1"
"e0f65ea8-6fec-4eab-8e63-af35b4f269c1","video_start","variety.com","HighRise","Breakaway Display","Connected TV","Roku","",1144760,"Nike",7.41,"MDI1"
"d7541ae0-5606-413d-9ccb-4e19faea4d45","video_firstquartile","buzzfeed.com","HighRise","Mobile Hover","Computer","","",1144790,"Apple",7.46,"MDI1"
"325055eb-4329-49a7-a2d8-56d78edac330","video_start","tmz.com","Hover","Middle Banner - Standard","Tablet","","",1144722,"Chick-fil-A",7.43,"MDI1"
"325055eb-4329-49a7-a2d8-56d78edac330","video_start","tmz.com","Hover","Middle Banner - Standard","Tablet","","",1144722,"Chick-fil-A",7.43,"MDI1"
"0d4add9c-4752-44d5-8549-1a4ae81e714a","video_firstquartile","techcrunch.com","HighRise","CTV Venti Package","Phone","","Fubo TV",1144850,"Sephora",7.43,"MDI1"
"9b1dcfbe-b931-4117-9a16-d126b0cce2f8","click","usatoday.com","Venti","Runway Premium","Phone","","Fubo TV",1144720,"McDonalds",7.42,"MDI1"
"9b1dcfbe-b931-4117-9a16-d126b0cce2f8","click","usatoday.com","Venti","Runway Premium","Phone","","Fubo TV",1144720,"McDonalds",7.42,"MDI1"
"9b1dcfbe-b931-4117-9a16-d126b0cce2f8","click","usatoday.com","Venti","Runway Premium","Phone","","Fubo TV",1144720,"McDonalds",7.42,"MDI1"
"5b369515-7f33-4d18-8edc-85d455ee62c2","video_firstquartile","nytimes.com","Breakaway","Middle Banner - Standard","Connected TV","","",1144780,"CVS",7.46,"MDI1"
"5b369515-7f33-4d18-8edc-85d455ee62c2","video_firstquartile","nytimes.com","Breakaway","Middle Banner - Standard","Connected TV","","",1144780,"CVS",7.46,"MDI1"
"80b616e8-898f-4255-a577-e0a66cb83b42","impression","people.com","Breakaway","Anchor w Video Package","Phone","","",1144910,"Netflix",7.44,"MDI1"
"80b616e8-898f-4255-a577-e0a66cb83b42","impression","people.com","Breakaway","Anchor w Video Package","Phone","","",1144910,"Netflix",7.44,"MDI1"
"80b616e8-898f-4255-a577-e0a66cb83b42","impression","people.com","Breakaway","Anchor w Video Package","Phone","","",1144910,"Netflix",7.44,"MDI1"
"9bd66497-f4e0-4ccc-9994-3b4ffda0b17d","impression","buzzfeed.com","Venti","Anchor w Video Package","Phone","","",1144720,"McDonalds",7.41,"MDI1"
"55e0e47c-032c-4819-ab53-512bf1276946","click","cnn.com","HighRise","Runway Premium","Computer","","",1144673,"Walmart Grocery",7.5,"MDI1"
"55e0e47c-032c-4819-ab53-512bf1276946","click","cnn.com","HighRise","Runway Premium","Computer","","",1144673,"Walmart Grocery",7.5,"MDI1"
"98285d7b-8bd7-497c-8313-c4f9fc8c672e","impression","forbes.com","Venti","Breakaway Display","Tablet","","",1144910,"Netflix",7.41,"MDI1"
"9f61157b-517a-4b25-8987-2bbbc34ab4da","video_midpoint","theverge.com","Runway","Anchor w Video Package","Connected TV","","",1144760,"Nike",7.49,"MDI1"
"ceae11d5-843f-4b9b-b8ba-8aff9f5cb29d","impression","buzzfeed.com","Hover","Anchor w Video Package","Connected TV","","Tubi",1144720,"McDonalds",7.45,"MDI1"
"f6f00005-0b2c-46cb-a045-9e339ddc56c1","impression","theverge.com","Venti","Runway Premium","Connected TV","Android TV","Paramount+",1144800,"Home Depot",7.41,"MDI1"
"1d0cbe0a-a155-40c7-85cc-4b4777daa8b9","impression","buzzfeed.com","Runway","Middle Banner - Standard","Phone","Android TV","",1144750,"Target",7.44,"MDI1"
"1d0cbe0a-a155-40c7-85cc-4b4777daa8b9","impression","buzzfeed.com","Runway","Middle Banner - Standard","Phone","Android TV","",1144750,"Target",7.44,"MDI1"
"1d0cbe0a-a155-40c7-85cc-4b4777daa8b9","impression","buzzfeed.com","Runway","Middle Banner - Standard","Phone","Android TV","",1144750,"Target",7.44,"MDI1"
"c59735ce-9c1e-42d0-8958-e975232d2cca","impression","theverge.com","Hover","Mobile Hover","Connected TV","","",1144780,"CVS",7.44,"MDI1"
"9988274b-f141-4a2a-bf69-85251ecf783e","impression","nytimes.com","Hover","Mobile Hover","Connected TV","","",1144750,"Target",7.5,"MDI1"
"9988274b-f141-4a2a-bf69-85251ecf783e","impression","nytimes.com","Hover","Mobile Hover","Connected TV","","",1144750,"Target",7.5,"MDI1"
"2044088e-f9d4-44b3-a3ff-5da2149edadd","video_thirdquartile","theverge.com","HighRise","Runway Premium","Phone","","Fubo TV",1144722,"Chick-fil-A",7.44,"MDI1"
"9cf49dde-3d91-4078-9a16-f107f96821af","click","buzzfeed.com","Venti","Anchor w Video Package","Connected TV","","",1144790,"Apple",7.54,"MDI1"
"9cf49dde-3d91-4078-9a16-f107f96821af","click","buzzfeed.com","Venti","Anchor w Video Package","Connected TV","","",1144790,"Apple",7.54,"MDI1"
"0b7adfbf-b87e-42e2-96b0-06e6058f44a3","impression","cnn.com","Runway","Breakaway Display","Tablet","","",1144761,"Old Navy",7.44,"MDI1"
"0b7adfbf-b87e-42e2-96b0-06e6058f44a3","impression","cnn.com","Runway","Breakaway Display","Tablet","","",1144761,"Old Navy",7.44,"MDI1"
"e0f5173d-cb8c-4d7e-b6f7-cc49f866c3bc","video_midpoint","people.com","HighRise","CTV Venti Package","Computer","","",1144800,"Home Depot",7.41,"MDI1"
"2173d3b2-09d5-4702-8029-d312c4e82d8d","video_firstquartile","theverge.com","Runway","Anchor w Video Package","Computer","","",1144850,"Sephora",7.44,"MDI1"
"b49d96ed-a42a-41ff-a78a-bcc20fbcddfd","click","theverge.com","Breakaway","CTV Venti Package","Phone","","",1144720,"McDonalds",7.45,"MDI1"
"ddc25939-33ef-4814-901c-5099f7a67437","video_load","nytimes.com","Runway","Mobile Hover","Tablet","","",1144750,"Target",7.46,"MDI1"
"ddc25939-33ef-4814-901c-5099f7a67437","video_load","nytimes.com","Runway","Mobile Hover","Tablet","","",1144750,"Target",7.46,"MDI1"
"ddc25939-33ef-4814-901c-5099f7a67437","video_load","nytimes.com","Runway","Mobile Hover","Tablet","","",1144750,"Target",7.46,"MDI1"
"d64af171-2a8d-49eb-895b-14c3d48468d5","video_load","espn.com","Breakaway","Anchor w Video Package","Connected TV","","",1144673,"Walmart Grocery",7.41,"MDI1"
"d64af171-2a8d-49eb-895b-14c3d48468d5","video_load","espn.com","Breakaway","Anchor w Video Package","Connected TV","","",1144673,"Walmart Grocery",7.41,"MDI1"
"4086ae6b-51fa-4d52-adf3-10181f1ea6a6","video_midpoint","tmz.com","HighRise","Runway Premium","Tablet","","",1144790,"Apple",7.52,"MDI1"
"4086ae6b-51fa-4d52-adf3-10181f1ea6a6","video_midpoint","tmz.com","HighRise","Runway Premium","Tablet","","",1144790,"Apple",7.52,"MDI1"
"d22b48eb-803e-4786-9aa3-4d742273c2e9","impression","tmz.com","Venti","CTV Venti Package","Tablet","","",1144800,"Home Depot",7.41,"MDI1"
"d22b48eb-803e-4786-9aa3-4d742273c2e9","impression","tmz.com","Venti","CTV Venti Package","Tablet","","",1144800,"Home Depot",7.41,"MDI1"
"71e12308-2b98-4d43-87ac-4963a885cc22","impression","weather.com","Runway","Breakaway Display","Phone","Samsung TV","",1144673,"Walmart Grocery",7.49,"MDI1"
"71e12308-2b98-4d43-87ac-4963a885cc22","impression","weather.com","Runway","Breakaway Display","Phone","Samsung TV","",1144673,"Walmart Grocery",7.49,"MDI1"
"cedf3363-aa26-4d00-a99e-7fbb98b4fd6e","video_midpoint","usatoday.com","Venti","Runway Premium","Connected TV","","",1144910,"Netflix",7.4,"MDI1"
"7d5c424a-2ff6-4b07-bfee-034af31f2dcd","video_complete","cnn.com","HighRise","Anchor w Video Package","Phone","","",1144721,"Starbucks",7.61,"MDI1"
"17d5f6b4-d069-4ad4-961a-9f72518a8a73","impression","theverge.com","Venti","Breakaway Display","Connected TV","","Fubo TV",1144750,"Target",7.52,"MDI1"
"9e857cdc-6f67-4a4e-a526-22f0ec09104a","video_thirdquartile","usatoday.com","Runway","Runway Premium","Connected TV","Android TV","",1144750,"Target",7.53,"MDI1"
"9e857cdc-6f67-4a4e-a526-22f0ec09104a","video_thirdquartile","usatoday.com","Runway","Runway Premium","Connected TV","Android TV","",1144750,"Target",7.53,"MDI1"
"9e857cdc-6f67-4a4e-a526-22f0ec09104a","video_thirdquartile","usatoday.com","Runway","Runway Premium","Connected TV","Android TV","",1144750,"Target",7.53,"MDI1"
"4fc45066-a55c-4d12-b651-da0852a7c0a8","click","techcrunch.com","ABA Display","Anchor w Video Package","Connected TV","Roku","",1144720,"McDonalds",7.7,"MDI1"
"4fc45066-a55c-4d12-b651-da0852a7c0a8","click","techcrunch.com","ABA Display","Anchor w Video Package","Connected TV","Roku","",1144720,"McDonalds",7.7,"MDI1"
"4fc45066-a55c-4d12-b651-da0852a7c0a8","click","techcrunch.com","ABA Display","Anchor w Video Package","Connected TV","Roku","",1144720,"McDonalds",7.7,"MDI1"
"7b9c202f-b894-4500-952e-8980d3dc1ef0","impression","espn.com","HighRise","Breakaway Display","Connected TV","Android TV","",1144673,"Walmart Grocery",7.47,"MDI1"
"e25397be-1353-4912-83fc-c53ac3614f45","video_midpoint","forbes.com","ABA Display","Mobile Hover","Phone","","Peacock",1144850,"Sephora",7.4,"MDI1"
"e25397be-1353-4912-83fc-c53ac3614f45","video_midpoint","forbes.com","ABA Display","Mobile Hover","Phone","","Peacock",1144850,"Sephora",7.4,"MDI1"
"3c5c9428-b730-45bd-9471-a6d681598760","video_thirdquartile","people.com","Venti","Middle Banner - Standard","Phone","","",1144910,"Netflix",7.44,"MDI1"
"92958c23-a2d5-40c8-a939-88fa73b5093a","video_start","usatoday.com","Venti","Breakaway Display","Connected TV","Samsung TV","",1144780,"CVS",7.59,"MDI1"
"92958c23-a2d5-40c8-a939-88fa73b5093a","video_start","usatoday.com","Venti","Breakaway Display","Connected TV","Samsung TV","",1144780,"CVS",7.59,"MDI1"
"f6424c25-108f-4268-be19-1e69dca7ccc6","impression","buzzfeed.com","Breakaway","Middle Banner - Standard","Phone","LG Smart TV","",1144761,"Old Navy",7.55,"MDI1"
"f6424c25-108f-4268-be19-1e69dca7ccc6","impression","buzzfeed.com","Breakaway","Middle Banner - Standard","Phone","LG Smart TV","",1144761,"Old Navy",7.55,"MDI1"
"f6424c25-108f-4268-be19-1e69dca7ccc6","impression","buzzfeed.com","Breakaway","Middle Banner - Standard","Phone","LG Smart TV","",1144761,"Old Navy",7.55,"MDI1"
"3f3e2d43-622c-4845-aeb9-a673303ded8c","video_thirdquartile","nytimes.com","Breakaway","CTV Venti Package","Computer","LG Smart TV","",1144761,"Old Navy",7.4,"MDI1"
"3f3e2d43-622c-4845-aeb9-a673303ded8c","video_thirdquartile","nytimes.com","Breakaway","CTV Venti Package","Computer","LG Smart TV","",1144761,"Old Navy",7.4,"MDI1"
"8aed998c-be04-4af5-972c-beb74246d83e","video_firstquartile","theverge.com","HighRise","Runway Premium","Connected TV","","",1144720,"McDonalds",7.52,"MDI1"
"3d259709-f189-42b4-b33b-27e8826a17b4","video_firstquartile","variety.com","Hover","Breakaway Display","Connected TV","","",1144780,"CVS",7.43,"MDI1"
"cfdaa391-5891-428e-aaae-b549d45c3806","video_load","variety.com","Hover","Anchor w Video Package","Phone","","Paramount+",1144850,"Sephora",7.46,"MDI1"
"f7e9b56f-b2ec-4794-b2d7-cddc115519a2","video_complete","cnn.com","Venti","Runway Premium","Tablet","","",1144800,"Home Depot",7.56,"MDI1"
"fbaf799e-86e8-454f-8a6a-8f95b18c5151","impression","buzzfeed.com","Hover","Breakaway Display","Connected TV","","",1144780,"CVS",7.5,"MDI1"
"fbaf799e-86e8-454f-8a6a-8f95b18c5151","impression","buzzfeed.com","Hover","Breakaway Display","Connected TV","","",1144780,"CVS",7.5,"MDI1"
"8eec4756-0e3f-4acb-81ad-f3f52c4cc9ae","video_midpoint","espn.com","Breakaway","Breakaway Display","Connected TV","","Pluto TV",1144721,"Starbucks",7.45,"MDI1"
"8eec4756-0e3f-4acb-81ad-f3f52c4cc9ae","video_midpoint","espn.com","Breakaway","Breakaway Display","Connected TV","","Pluto TV",1144721,"Starbucks",7.45,"MDI1"
"ea914040-b48f-4966-a003-606795478a02","video_complete","nytimes.com","Runway","Anchor w Video Package","Tablet","","",1144760,"Nike",7.43,"MDI1"
"ea914040-b48f-4966-a003-606795478a02","video_complete","nytimes.com","Runway","Anchor w Video Package","Tablet","","",1144760,"Nike",7.43,"MDI1"
"ea914040-b48f-4966-a003-606795478a02","video_complete","nytimes.com","Runway","Anchor w Video Package","Tablet","","",1144760,"Nike",7.43,"MDI1"
"ea914040-b48f-4966-a003-606795478a02","video_complete","nytimes.com","Runway","Anchor w Video Package","Tablet","","",1144760,"Nike",7.43,"MDI1"
"72d946b6-6a55-44f2-8665-1627c47dd945","impression","usatoday.com","Hover","Middle Banner - Standard","Phone","","",1144673,"Walmart Grocery",7.42,"MDI1"
"72d946b6-6a55-44f2-8665-1627c47dd945","impression","usatoday.com","Hover","Middle Banner - Standard","Phone","","",1144673,"Walmart Grocery",7.42,"MDI1"
"72d946b6-6a55-44f2-8665-1627c47dd945","impression","usatoday.com","Hover","Middle Banner - Standard","Phone","","",1144673,"Walmart Grocery",7.42,"MDI1"
"72d946b6-6a55-44f2-8665-1627c47dd945","impression","usatoday.com","Hover","Middle Banner - Standard","Phone","","",1144673,"Walmart Grocery",7.42,"MDI1"
"63605792-9558-4afd-a0a1-65ba1a27a61d","video_load","people.com","HighRise","Runway Premium","Phone","","",1144673,"Walmart Grocery",7.43,"MDI1"
"bd73945b-c2ab-4368-9a6c-99bee6108c06","video_complete","tmz.com","Breakaway","Runway Premium","Phone","Apple TV","",1144673,"Walmart Grocery",7.67,"MDI1"
"61332ea0-60f7-4379-bc9f-12a501f4b21a","impression","variety.com","Breakaway","CTV Venti Package","Phone","","",1144780,"CVS",7.45,"MDI1"
"501475fd-cc1e-46d4-8fcc-2b9b4c279bf8","impression","buzzfeed.com","ABA Display","Anchor w Video Package","Computer","","",1144910,"Netflix",7.42,"MDI1"
"75bd5093-d043-49de-a7ef-5fe8c6406f2b","video_firstquartile","tmz.com","HighRise","Runway Premium","Tablet","Samsung TV","",1144761,"Old Navy",7.48,"MDI1"
"75bd5093-d043-49de-a7ef-5fe8c6406f2b","video_firstquartile","tmz.com","HighRise","Runway Premium","Tablet","Samsung TV","",1144761,"Old Navy",7.48,"MDI1"
"0cc1514a-9522-44e8-aa5a-bba2b70c1e9f","video_start","weather.com","Venti","Middle Banner - Standard","Phone","Fire TV","Paramount+",1144720,"McDonalds",7.46,"MDI1"
"e1f7f11c-3cf3-4e10-999d-e1d4937f6dc8","impression","theverge.com","ABA Display","CTV Venti Package","Tablet","","Peacock",1144850,"Sephora",7.46,"MDI1"
"e1f7f11c-3cf3-4e10-999d-e1d4937f6dc8","impression","theverge.com","ABA Display","CTV Venti Package","Tablet","","Peacock",1144850,"Sephora",7.46,"MDI1"
"3652b0be-26aa-4c42-8e37-0a08029f8ee2","video_midpoint","forbes.com","Venti","Anchor w Video Package","Phone","","",1144720,"McDonalds",7.45,"MDI1"
"b3e725ef-685c-4645-8fb2-e394c497adcb","impression","tmz.com","Runway","CTV Venti Package","Tablet","","",1144790,"Apple",7.39,"MDI1"
"d491a7ed-5662-43e4-a3ca-e899569d7800","impression","variety.com","Breakaway","Mobile Hover","Tablet","","",1144790,"Apple",7.45,"MDI1"
"d491a7ed-5662-43e4-a3ca-e899569d7800","impression","variety.com","Breakaway","Mobile Hover","Tablet","","",1144790,"Apple",7.45,"MDI1"
"d491a7ed-5662-43e4-a3ca-e899569d7800","impression","variety.com","Breakaway","Mobile Hover","Tablet","","",1144790,"Apple",7.45,"MDI1"
"d491a7ed-5662-43e4-a3ca-e899569d7800","impression","variety.com","Breakaway","Mobile Hover","Tablet","","",1144790,"Apple",7.45,"MDI1"
"c0b7c47f-2820-47c2-8022-ede11dc922d0","video_load","buzzfeed.com","Hover","Anchor w Video Package","Computer","","",1144673,"Walmart Grocery",7.41,"MDI1"
"c0b7c47f-2820-47c2-8022-ede11dc922d0","video_load","buzzfeed.com","Hover","Anchor w Video Package","Computer","","",1144673,"Walmart Grocery",7.41,"MDI1"
"c0b7c47f-2820-47c2-8022-ede11dc922d0","video_load","buzzfeed.com","Hover","Anchor w Video Package","Computer","","",1144673,"Walmart Grocery",7.41,"MDI1"
"5ca5d95a-aef1-41d4-bf6d-c4bb28bdc2df","video_complete","nytimes.com","HighRise","Runway Premium","Tablet","Samsung TV","",1144673,"Walmart Grocery",7.62,"MDI1"
"5ca5d95a-aef1-41d4-bf6d-c4bb28bdc2df","video_complete","nytimes.com","HighRise","Runway Premium","Tablet","Samsung TV","",1144673,"Walmart Grocery",7.62,"MDI1"
"b8325c9b-f7db-4036-b644-c51911c9f41d","video_thirdquartile","cnn.com","Runway","Runway Premium","Phone","","Tubi",1144761,"Old Navy",7.44,"MDI1"
"c8a757df-cb0f-4972-9e79-8c74b67e99cf","impression","techcrunch.com","Venti","Middle Banner - Standard","Tablet","Roku","Peacock",1144790,"Apple",7.43,"MDI1"
"69f4d85a-7584-472c-851e-f235a1c6debf","video_load","variety.com","Breakaway","Runway Premium","Phone","","",1144721,"Starbucks",7.42,"MDI1"
"69f4d85a-7584-472c-851e-f235a1c6debf","video_load","variety.com","Breakaway","Runway Premium","Phone","","",1144721,"Starbucks",7.42,"MDI1"
"69f4d85a-7584-472c-851e-f235a1c6debf","video_load","variety.com","Breakaway","Runway Premium","Phone","","",1144721,"Starbucks",7.42,"MDI1"
"69f4d85a-7584-472c-851e-f235a1c6debf","video_load","variety.com","Breakaway","Runway Premium","Phone","","",1144721,"Starbucks",7.42,"MDI1"
"8c8105ed-5825-4654-a901-9d2f5129d965","click","nytimes.com","HighRise","Breakaway Display","Computer","Fire TV","",1144760,"Nike",7.48,"MDI1"
"7ec68c4d-e337-4373-bc31-407f74df7433","video_complete","nytimes.com","ABA Display","Mobile Hover","Phone","Fire TV","",1144761,"Old Navy",7.5,"MDI1"
"7ec68c4d-e337-4373-bc31-407f74df7433","video_complete","nytimes.com","ABA Display","Mobile Hover","Phone","Fire TV","",1144761,"Old Navy",7.5,"MDI1"
"f1d42ccf-10e0-48c4-8b61-2e1001538203","video_firstquartile","weather.com","Breakaway","Mobile Hover","Computer","Android TV","",1144850,"Sephora",7.43,"MDI1"
"721ce7cd-ea14-4f21-bcb2-25ae499868e3","impression","espn.com","Hover","Mobile Hover","Computer","Roku","Paramount+",1144673,"Walmart Grocery",7.41,"MDI1"
"7f614c63-b50f-4412-89da-39b27c040af8","video_load","forbes.com","Breakaway","Mobile Hover","Computer","","",1144673,"Walmart Grocery",7.4,"MDI1"
"f28cac6f-c109-44b8-90dd-a31ea5c710bc","impression","nytimes.com","ABA Display","Middle Banner - Standard","Phone","Android TV","Peacock",1144750,"Target",7.53,"MDI1"
"63a7b8a2-ad86-4df0-b698-1f1d76fdcfbc","impression","techcrunch.com","Hover","Runway Premium","Connected TV","","",1144790,"Apple",7.49,"MDI1"
"f8aaec9b-ae71-4122-a528-849c3e8ac645","impression","weather.com","ABA Display","Anchor w Video Package","Computer","","",1144910,"Netflix",7.45,"MDI1"
"f8aaec9b-ae71-4122-a528-849c3e8ac645","impression","weather.com","ABA Display","Anchor w Video Package","Computer","","",1144910,"Netflix",7.45,"MDI1"
"ee422387-5c25-45a1-8af5-57df60d4295e","video_thirdquartile","forbes.com","HighRise","Mobile Hover","Phone","","Peacock",1144910,"Netflix",7.51,"MDI1"
"0a8999b4-7d8b-43c8-acd7-172d9619a7e6","video_thirdquartile","variety.com","Hover","Middle Banner - Standard","Phone","Fire TV","",1144750,"Target",7.47,"MDI1"
"0a8999b4-7d8b-43c8-acd7-172d9619a7e6","video_thirdquartile","variety.com","Hover","Middle Banner - Standard","Phone","Fire TV","",1144750,"Target",7.47,"MDI1"
"0a8999b4-7d8b-43c8-acd7-172d9619a7e6","video_thirdquartile","variety.com","Hover","Middle Banner - Standard","Phone","Fire TV","",1144750,"Target",7.47,"MDI1"
"a128a24b-cff6-4da9-b781-07f11f5033e8","video_complete","usatoday.com","Hover","Anchor w Video Package","Connected TV","","",1144790,"Apple",7.62,"MDI1"
"a128a24b-cff6-4da9-b781-07f11f5033e8","video_complete","usatoday.com","Hover","Anchor w Video Package","Connected TV","","",1144790,"Apple",7.62,"MDI1"
"44ebe3e1-62c4-4a67-8d1b-1c197d30343e","click","espn.com","ABA Display","Runway Premium","Connected TV","","Peacock",1144790,"Apple",7.46,"MDI1"
"14c9b2ac-0699-4d96-8838-8c4318c14f7a","impression","theverge.com","ABA Display","Anchor w Video Package","Connected TV","","",1144760,"Nike",7.42,"MDI1"
"86b86452-fb2f-42fe-9699-2333dcaf35f7","video_midpoint","buzzfeed.com","Hover","Middle Banner - Standard","Phone","","",1144720,"McDonalds",7.43,"MDI1"
"58028a8a-b43c-4459-90f1-9dd9cc58e47c","video_complete","people.com","Hover","Runway Premium","Phone","","",1144721,"Starbucks",7.43,"MDI1"
"58028a8a-b43c-4459-90f1-9dd9cc58e47c","video_complete","people.com","Hover","Runway Premium","Phone","","",1144721,"Starbucks",7.43,"MDI1"
"1cedbb27-3dc8-450a-8d76-6997a1954af9","video_thirdquartile","people.com","Runway","Runway Premium","Tablet","","",1144760,"Nike",7.42,"MDI1"
"16d8055b-095a-4c6d-824b-0bdab8505b4a","video_firstquartile","espn.com","HighRise","Mobile Hover","Tablet","","",1144910,"Netflix",7.5,"MDI1"
"d2811626-06ed-4636-b42a-56614b512bad","video_load","weather.com","Hover","Breakaway Display","Computer","","",1144780,"CVS",7.47,"MDI1"
"568807d7-93c7-4d7e-9caa-39c1de90cbcd","click","theverge.com","Breakaway","CTV Venti Package","Computer","","",1144790,"Apple",7.4,"MDI1"
"814c43c4-da83-4458-ad31-9d0ff55f1556","impression","techcrunch.com","ABA Display","Middle Banner - Standard","Tablet","","",1144780,"CVS",7.48,"MDI1"
"814c43c4-da83-4458-ad31-9d0ff55f1556","impression","techcrunch.com","ABA Display","Middle Banner - Standard","Tablet","","",1144780,"CVS",7.48,"MDI1"
"814c43c4-da83-4458-ad31-9d0ff55f1556","impression","techcrunch.com","ABA Display","Middle Banner - Standard","Tablet","","",1144780,"CVS",7.48,"MDI1"
"814c43c4-da83-4458-ad31-9d0ff55f1556","impression","techcrunch.com","ABA Display","Middle Banner - Standard","Tablet","","",1144780,"CVS",7.48,"MDI1"
"814c43c4-da83-4458-ad31-9d0ff55f1556","impression","techcrunch.com","ABA Display","Middle Banner - Standard","Tablet","","",1144780,"CVS",7.48,"MDI1"
"0aa9dc0d-f64b-4dc1-8393-ed0d03bd2c51","video_firstquartile","cnn.com","Venti","Anchor w Video Package","Computer","","",1144850,"Sephora",7.42,"MDI1"
"0aa9dc0d-f64b-4dc1-8393-ed0d03bd2c51","video_firstquartile","cnn.com","Venti","Anchor w Video Package","Computer","","",1144850,"Sephora",7.42,"MDI1"
"0aa9dc0d-f64b-4dc1-8393-ed0d03bd2c51","video_firstquartile","cnn.com","Venti","Anchor w Video Package","Computer","","",1144850,"Sephora",7.42,"MDI1"
"e938d1d3-5cca-43c6-8d09-a42fd731860d","impression","people.com","Runway","CTV Venti Package","Tablet","","",1144910,"Netflix",7.42,"MDI1"
"e938d1d3-5cca-43c6-8d09-a42fd731860d","impression","people.com","Runway","CTV Venti Package","Tablet","","",1144910,"Netflix",7.42,"MDI1"
"603ef860-daa1-4967-811e-c15b28e5bf5b","video_complete","usatoday.com","Breakaway","Runway Premium","Computer","","",1144720,"McDonalds",7.43,"MDI1"
"603ef860-daa1-4967-811e-c15b28e5bf5b","video_complete","usatoday.com","Breakaway","Runway Premium","Computer","","",1144720,"McDonalds",7.43,"MDI1"
"603ef860-daa1-4967-811e-c15b28e5bf5b","video_complete","usatoday.com","Breakaway","Runway Premium","Computer","","",1144720,"McDonalds",7.43,"MDI1"
"603ef860-daa1-4967-811e-c15b28e5bf5b","video_complete","usatoday.com","Breakaway","Runway Premium","Computer","","",1144720,"McDonalds",7.43,"MDI1"
"20616ff0-0ca0-49ea-b69e-b3b0e95674dc","video_load","weather.com","HighRise","Breakaway Display","Computer","","",1144673,"Walmart Grocery",7.41,"MDI1"
"821df5f7-5a65-4fc8-8dfd-4c7f756f72e6","video_thirdquartile","people.com","ABA Display","CTV Venti Package","Connected TV","","",1144722,"Chick-fil-A",7.5,"MDI1"
"821df5f7-5a65-4fc8-8dfd-4c7f756f72e6","video_thirdquartile","people.com","ABA Display","CTV Venti Package","Connected TV","","",1144722,"Chick-fil-A",7.5,"MDI1"
"0615a860-344a-49e1-96ef-9c5aa89a5917","video_load","people.com","Breakaway","CTV Venti Package","Connected TV","Android TV","",1144760,"Nike",7.45,"MDI1"
"0615a860-344a-49e1-96ef-9c5aa89a5917","video_load","people.com","Breakaway","CTV Venti Package","Connected TV","Android TV","",1144760,"Nike",7.45,"MDI1"
"0615a860-344a-49e1-96ef-9c5aa89a5917","video_load","people.com","Breakaway","CTV Venti Package","Connected TV","Android TV","",1144760,"Nike",7.45,"MDI1"
"11188038-abe1-43cb-807f-995a709fb511","video_load","cnn.com","Hover","Mobile Hover","Tablet","Apple TV","",1144673,"Walmart Grocery",7.45,"MDI1"
"11188038-abe1-43cb-807f-995a709fb511","video_load","cnn.com","Hover","Mobile Hover","Tablet","Apple TV","",1144673,"Walmart Grocery",7.45,"MDI1"
"11188038-abe1-43cb-807f-995a709fb511","video_load","cnn.com","Hover","Mobile Hover","Tablet","Apple TV","",1144673,"Walmart Grocery",7.45,"MDI1"
"3f754e2b-82d8-4a19-a692-034b57027520","video_load","tmz.com","HighRise","Anchor w Video Package","Phone","","",1144673,"Walmart Grocery",7.4,"MDI1"
"55e8d8e1-6528-4d9b-a955-b7f7ab48e852","click","techcrunch.com","ABA Display","Mobile Hover","Connected TV","","",1144760,"Nike",7.6,"MDI1"
"d0927150-bcbe-4895-8e01-df9cbb0bb42f","impression","buzzfeed.com","Runway","Runway Premium","Phone","","",1144673,"Walmart Grocery",7.39,"MDI1"
"fb132c1d-69a8-484a-8ddc-fdbe72c16f59","video_complete","people.com","Venti","CTV Venti Package","Computer","","",1144750,"Target",7.39,"MDI1"
"c1f02ac6-9f2c-4f4b-b8cc-ef687d7199e0","impression","variety.com","Breakaway","Anchor w Video Package","Computer","","",1144721,"Starbucks",7.41,"MDI1"
"22fe4ce3-0f40-44a4-a86b-74665c50e0dc","video_complete","cnn.com","Runway","Anchor w Video Package","Connected TV","","",1144790,"Apple",7.41,"MDI1"
"bb6172be-4587-4c44-b3cf-153c77bdcc50","video_firstquartile","cnn.com","Breakaway","Mobile Hover","Computer","Samsung TV","",1144722,"Chick-fil-A",7.49,"MDI1"
"a4ea8454-e267-4d76-933b-f983fa899817","video_load","variety.com","ABA Display","Middle Banner - Standard","Computer","","",1144760,"Nike",7.43,"MDI1"
"a4ea8454-e267-4d76-933b-f983fa899817","video_load","variety.com","ABA Display","Middle Banner - Standard","Computer","","",1144760,"Nike",7.43,"MDI1"
"a4ea8454-e267-4d76-933b-f983fa899817","video_load","variety.com","ABA Display","Middle Banner - Standard","Computer","","",1144760,"Nike",7.43,"MDI1"
"a0bc3395-f89f-4455-85bf-df3257ffe464","impression","forbes.com","HighRise","Breakaway Display","Tablet","","",1144790,"Apple",7.43,"MDI1"
"a0bc3395-f89f-4455-85bf-df3257ffe464","impression","forbes.com","HighRise","Breakaway Display","Tablet","","",1144790,"Apple",7.43,"MDI1"
"d692c36f-12ef-40a6-9b0f-0fb6ac4847f5","video_complete","techcrunch.com","HighRise","Mobile Hover","Phone","","",1144761,"Old Navy",7.41,"MDI1"
"3e3ea787-9f16-4c22-ab3b-a28233c05ab0","impression","buzzfeed.com","Venti","Breakaway Display","Phone","","Paramount+",1144673,"Walmart Grocery",7.4,"MDI1"
"3e3ea787-9f16-4c22-ab3b-a28233c05ab0","impression","buzzfeed.com","Venti","Breakaway Display","Phone","","Paramount+",1144673,"Walmart Grocery",7.4,"MDI1"
"3e3ea787-9f16-4c22-ab3b-a28233c05ab0","impression","buzzfeed.com","Venti","Breakaway Display","Phone","","Paramount+",1144673,"Walmart Grocery",7.4,"MDI1"
"f205722c-a7c4-460a-96ec-f201c6b73999","video_complete","usatoday.com","Breakaway","Anchor w Video Package","Phone","","",1144720,"McDonalds",7.53,"MDI1"
"f205722c-a7c4-460a-96ec-f201c6b73999","video_complete","usatoday.com","Breakaway","Anchor w Video Package","Phone","","",1144720,"McDonalds",7.53,"MDI1"
"cf58f92d-28a4-40f4-b42d-658dd440f5ca","impression","theverge.com","ABA Display","Breakaway Display","Computer","Roku","",1144721,"Starbucks",7.5,"MDI1"
"b3910212-9ae3-42ff-96ef-886ed6804dd2","click","espn.com","Venti","Anchor w Video Package","Computer","","",1144722,"Chick-fil-A",7.46,"MDI1"
"b3910212-9ae3-42ff-96ef-886ed6804dd2","click","espn.com","Venti","Anchor w Video Package","Computer","","",1144722,"Chick-fil-A",7.46,"MDI1"
"aa62a9a7-fde5-4ab1-9cde-7eda150b1c10","click","techcrunch.com","Hover","Mobile Hover","Connected TV","","",1144910,"Netflix",7.46,"MDI1"
"aa62a9a7-fde5-4ab1-9cde-7eda150b1c10","click","techcrunch.com","Hover","Mobile Hover","Connected TV","","",1144910,"Netflix",7.46,"MDI1"
"ab9a5eff-8a9a-4bda-8ad7-9477857d7a40","click","people.com","Runway","Runway Premium","Tablet","Android TV","",1144720,"McDonalds",7.43,"MDI1"
"ab9a5eff-8a9a-4bda-8ad7-9477857d7a40","click","people.com","Runway","Runway Premium","Tablet","Android TV","",1144720,"McDonalds",7.43,"MDI1"
"bd71143b-0eb7-439e-a710-3c0f8d212e20","video_complete","people.com","Breakaway","Runway Premium","Phone","Android TV","",1144780,"CVS",7.45,"MDI1"
"bd71143b-0eb7-439e-a710-3c0f8d212e20","video_complete","people.com","Breakaway","Runway Premium","Phone","Android TV","",1144780,"CVS",7.45,"MDI1"
"35364493-f11b-4ae9-bd25-15b662634610","video_start","usatoday.com","ABA Display","Middle Banner - Standard","Computer","","",1144790,"Apple",7.42,"MDI1"
"c955814b-207c-40e0-98c7-be0dd025dc00","video_complete","weather.com","Hover","Middle Banner - Standard","Tablet","","",1144760,"Nike",7.56,"MDI1"
"a3b0fede-bc39-4496-a7d6-6e618385b0d4","video_firstquartile","people.com","HighRise","CTV Venti Package","Connected TV","","Pluto TV",1144720,"McDonalds",7.47,"MDI1"
"a3b0fede-bc39-4496-a7d6-6e618385b0d4","video_firstquartile","people.com","HighRise","CTV Venti Package","Connected TV","","Pluto TV",1144720,"McDonalds",7.47,"MDI1"
"b80cefc9-ce2c-45f5-906a-64ae29c3ea31","video_midpoint","forbes.com","Runway","Runway Premium","Computer","Fire TV","",1144750,"Target",7.53,"MDI1"
"638e434c-51a6-4f04-b801-c41c7d506b90","video_load","theverge.com","HighRise","CTV Venti Package","Phone","","",1144720,"McDonalds",7.45,"MDI1"
"6121596a-2566-46b6-b887-ec21e79babf3","click","people.com","Hover","Breakaway Display","Connected TV","","",1144761,"Old Navy",7.5,"MDI1"
"07c8d1cb-4d39-4ce7-8830-45568a1ab2e5","video_complete","espn.com","Runway","Anchor w Video Package","Tablet","","",1144750,"Target",7.47,"MDI1"
"0b96f1eb-16e6-4da8-9c44-6f9a467c3ceb","video_load","usatoday.com","HighRise","Runway Premium","Phone","","",1144750,"Target",7.4,"MDI1"
"0b96f1eb-16e6-4da8-9c44-6f9a467c3ceb","video_load","usatoday.com","HighRise","Runway Premium","Phone","","",1144750,"Target",7.4,"MDI1"
"21d176ae-02eb-4716-a4fd-62f870887259","click","espn.com","Hover","CTV Venti Package","Computer","","",1144673,"Walmart Grocery",7.4,"MDI1"
"f25ef1d8-0ef7-4d7e-a96d-53ce6b319892","impression","cnn.com","Venti","Anchor w Video Package","Phone","","",1144790,"Apple",7.43,"MDI1"
"15261d9a-678a-4c58-aa40-b2f3c2877471","impression","techcrunch.com","ABA Display","Runway Premium","Connected TV","","Peacock",1144673,"Walmart Grocery",7.51,"MDI1"
"9a3215a7-9699-4587-b78f-3fd2a90e9264","video_start","espn.com","Hover","Anchor w Video Package","Connected TV","Android TV","",1144760,"Nike",7.48,"MDI1"
"160ec7d3-4bd4-409e-9ff3-47ef54248980","click","espn.com","Runway","Mobile Hover","Tablet","","",1144800,"Home Depot",7.43,"MDI1"
"539cfc09-5428-4e51-9fdc-947a1410267d","impression","buzzfeed.com","ABA Display","Anchor w Video Package","Tablet","","",1144720,"McDonalds",7.43,"MDI1"
"539cfc09-5428-4e51-9fdc-947a1410267d","impression","buzzfeed.com","ABA Display","Anchor w Video Package","Tablet","","",1144720,"McDonalds",7.43,"MDI1"
"b188139e-a7cc-4744-8cb1-f5ef68ba598f","impression","espn.com","Runway","Mobile Hover","Tablet","","",1144750,"Target",7.45,"MDI1"
"83b10903-0f34-496b-8fe6-3f8e53182fcd","video_thirdquartile","techcrunch.com","Runway","Runway Premium","Phone","","Paramount+",1144720,"McDonalds",7.39,"MDI1"
"83b10903-0f34-496b-8fe6-3f8e53182fcd","video_thirdquartile","techcrunch.com","Runway","Runway Premium","Phone","","Paramount+",1144720,"McDonalds",7.39,"MDI1"
"d6be8e59-b447-49ac-bc91-1a5c8ae3f2f3","video_firstquartile","techcrunch.com","HighRise","Breakaway Display","Connected TV","","",1144750,"Target",7.39,"MDI1"
"927c93da-76b1-4ec8-8be0-f0b217a8776f","video_midpoint","forbes.com","Hover","Breakaway Display","Connected TV","","",1144721,"Starbucks",7.54,"MDI1"
"f44c3332-e146-4131-97b9-5a0323a28aa2","impression","cnn.com","Venti","Anchor w Video Package","Computer","","",1144790,"Apple",7.47,"MDI1"
"f44c3332-e146-4131-97b9-5a0323a28aa2","impression","cnn.com","Venti","Anchor w Video Package","Computer","","",1144790,"Apple",7.47,"MDI1"
"f9020fa6-6ec5-4955-acba-5f2cf9162268","video_thirdquartile","nytimes.com","Runway","Anchor w Video Package","Tablet","","",1144780,"CVS",7.41,"MDI1"
"cf3068a0-b8c4-4d55-845f-07a521f0fc5f","video_load","forbes.com","Venti","Middle Banner - Standard","Tablet","","",1144761,"Old Navy",7.39,"MDI1"
"cf3068a0-b8c4-4d55-845f-07a521f0fc5f","video_load","forbes.com","Venti","Middle Banner - Standard","Tablet","","",1144761,"Old Navy",7.39,"MDI1"
"dbc8660d-6b6d-4318-9eef-91c75fbc1691","video_complete","usatoday.com","Venti","CTV Venti Package","Tablet","","",1144721,"Starbucks",7.51,"MDI1"
"9100aaad-1dcf-4531-8ea3-4de00c18c7d9","impression","variety.com","HighRise","CTV Venti Package","Connected TV","","",1144780,"CVS",7.45,"MDI1"
"7e59c4b4-f31a-4f57-aeb7-08dbebae8dbb","video_firstquartile","techcrunch.com","HighRise","Runway Premium","Phone","LG Smart TV","",1144850,"Sephora",7.57,"MDI1"
"161017c1-71a9-41a5-9fbf-4065ba7e123d","video_thirdquartile","usatoday.com","ABA Display","Breakaway Display","Tablet","","Peacock",1144761,"Old Navy",7.41,"MDI1"
"161017c1-71a9-41a5-9fbf-4065ba7e123d","video_thirdquartile","usatoday.com","ABA Display","Breakaway Display","Tablet","","Peacock",1144761,"Old Navy",7.41,"MDI1"
"161017c1-71a9-41a5-9fbf-4065ba7e123d","video_thirdquartile","usatoday.com","ABA Display","Breakaway Display","Tablet","","Peacock",1144761,"Old Navy",7.41,"MDI1"
"fd602016-8d41-4b61-a30a-7d63ffea4cdd","video_firstquartile","techcrunch.com","Runway","CTV Venti Package","Computer","Samsung TV","",1144673,"Walmart Grocery",7.43,"MDI1"
"fd602016-8d41-4b61-a30a-7d63ffea4cdd","video_firstquartile","techcrunch.com","Runway","CTV Venti Package","Computer","Samsung TV","",1144673,"Walmart Grocery",7.43,"MDI1"
"fd602016-8d41-4b61-a30a-7d63ffea4cdd","video_firstquartile","techcrunch.com","Runway","CTV Venti Package","Computer","Samsung TV","",1144673,"Walmart Grocery",7.43,"MDI1"
"82f226fa-92c3-4722-a099-d626e1bd16ff","video_complete","espn.com","Hover","Anchor w Video Package","Connected TV","LG Smart TV","Paramount+",1144800,"Home Depot",7.67,"MDI1"
"f5afc2e2-eba5-4842-adfc-fee3737f557b","video_thirdquartile","variety.com","Hover","CTV Venti Package","Phone","","",1144850,"Sephora",7.5,"MDI1"
"f5afc2e2-eba5-4842-adfc-fee3737f557b","video_thirdquartile","variety.com","Hover","CTV Venti Package","Phone","","",1144850,"Sephora",7.5,"MDI1"
"f5afc2e2-eba5-4842-adfc-fee3737f557b","video_thirdquartile","variety.com","Hover","CTV Venti Package","Phone","","",1144850,"Sephora",7.5,"MDI1"
"f191e4f9-efe8-4232-831e-729b7448c85e","video_complete","people.com","Hover","CTV Venti Package","Connected TV","Roku","",1144910,"Netflix",7.4,"MDI1"
"f191e4f9-efe8-4232-831e-729b7448c85e","video_complete","people.com","Hover","CTV Venti Package","Connected TV","Roku","",1144910,"Netflix",7.4,"MDI1"
"aa3dbd49-95b5-4f49-88ed-631792a214e6","video_complete","forbes.com","Hover","Mobile Hover","Connected TV","","Fubo TV",1144750,"Target",7.41,"MDI1"
"eaa1c6fe-0d9d-45dc-88ef-582f1e5fe398","video_firstquartile","nytimes.com","Hover","Middle Banner - Standard","Phone","","Peacock",1144673,"Walmart Grocery",7.4,"MDI1"
"eaa1c6fe-0d9d-45dc-88ef-582f1e5fe398","video_firstquartile","nytimes.com","Hover","Middle Banner - Standard","Phone","","Peacock",1144673,"Walmart Grocery",7.4,"MDI1"
"eaa1c6fe-0d9d-45dc-88ef-582f1e5fe398","video_firstquartile","nytimes.com","Hover","Middle Banner - Standard","Phone","","Peacock",1144673,"Walmart Grocery",7.4,"MDI1"
"be533952-48e2-47a1-b984-26367a9b01e7","video_firstquartile","nytimes.com","Breakaway","Anchor w Video Package","Phone","","",1144750,"Target",7.45,"MDI1"
"9cdce16f-19e6-4033-a3d7-fe3afd0111ec","impression","forbes.com","HighRise","Runway Premium","Computer","LG Smart TV","Pluto TV",1144673,"Walmart Grocery",7.42,"MDI1"
"73bd5215-8779-4b6d-9042-c5189a347337","click","weather.com","Runway","Middle Banner - Standard","Computer","","",1144722,"Chick-fil-A",7.44,"MDI1"
"73bd5215-8779-4b6d-9042-c5189a347337","click","weather.com","Runway","Middle Banner - Standard","Computer","","",1144722,"Chick-fil-A",7.44,"MDI1"
"bfdb819a-0bf2-4dc7-95fe-cc2b01a2d772","click","theverge.com","HighRise","Breakaway Display","Connected TV","Android TV","Peacock",1144720,"McDonalds",7.61,"MDI1"
"bfdb819a-0bf2-4dc7-95fe-cc2b01a2d772","click","theverge.com","HighRise","Breakaway Display","Connected TV","Android TV","Peacock",1144720,"McDonalds",7.61,"MDI1"
"c0cd9655-7472-436c-9dc2-27111d9b78ca","video_complete","cnn.com","HighRise","Breakaway Display","Computer","Apple TV","",1144910,"Netflix",7.39,"MDI1"
"c0cd9655-7472-436c-9dc2-27111d9b78ca","video_complete","cnn.com","HighRise","Breakaway Display","Computer","Apple TV","",1144910,"Netflix",7.39,"MDI1"
"c0cd9655-7472-436c-9dc2-27111d9b78ca","video_complete","cnn.com","HighRise","Breakaway Display","Computer","Apple TV","",1144910,"Netflix",7.39,"MDI1"
"2e7c9f27-da1e-48db-b412-298be4536f19","video_load","espn.com","Breakaway","Runway Premium","Connected TV","","",1144761,"Old Navy",7.44,"MDI1"
"72404f61-b027-49f7-8036-0bd409064fd3","video_load","people.com","Breakaway","Runway Premium","Phone","Fire TV","",1144780,"CVS",7.53,"MDI1"
"ecac2671-4b5d-4f26-87b2-ab4209126736","video_firstquartile","usatoday.com","HighRise","Middle Banner - Standard","Phone","","Peacock",1144721,"Starbucks",7.4,"MDI1"
"34ac6441-c6cd-4d07-900e-87e5979a0a85","click","weather.com","HighRise","Anchor w Video Package","Connected TV","","",1144673,"Walmart Grocery",7.45,"MDI1"
"34ac6441-c6cd-4d07-900e-87e5979a0a85","click","weather.com","HighRise","Anchor w Video Package","Connected TV","","",1144673,"Walmart Grocery",7.45,"MDI1"
"344162f5-31ab-42d5-a06e-55dac77084d3","video_complete","variety.com","HighRise","Mobile Hover","Connected TV","Apple TV","Pluto TV",1144800,"Home Depot",7.68,"MDI1"
"344162f5-31ab-42d5-a06e-55dac77084d3","video_complete","variety.com","HighRise","Mobile Hover","Connected TV","Apple TV","Pluto TV",1144800,"Home Depot",7.68,"MDI1"
"344162f5-31ab-42d5-a06e-55dac77084d3","video_complete","variety.com","HighRise","Mobile Hover","Connected TV","Apple TV","Pluto TV",1144800,"Home Depot",7.68,"MDI1"
"344162f5-31ab-42d5-a06e-55dac77084d3","video_complete","variety.com","HighRise","Mobile Hover","Connected TV","Apple TV","Pluto TV",1144800,"Home Depot",7.68,"MDI1"
"61442952-7557-4261-9d6b-db68940bf5db","video_start","tmz.com","ABA Display","Anchor w Video Package","Connected TV","Android TV","Peacock",1144800,"Home Depot",7.41,"MDI1"
"61442952-7557-4261-9d6b-db68940bf5db","video_start","tmz.com","ABA Display","Anchor w Video Package","Connected TV","Android TV","Peacock",1144800,"Home Depot",7.41,"MDI1"
"dea32c0b-28f4-41c2-8acf-2618f2163be3","video_load","forbes.com","ABA Display","Anchor w Video Package","Computer","","Fubo TV",1144673,"Walmart Grocery",7.41,"MDI1"
"d37188ba-67a9-4c97-9080-d57670437859","video_complete","nytimes.com","Runway","Runway Premium","Computer","","",1144750,"Target",7.51,"MDI1"
"d37188ba-67a9-4c97-9080-d57670437859","video_complete","nytimes.com","Runway","Runway Premium","Computer","","",1144750,"Target",7.51,"MDI1"
"d37188ba-67a9-4c97-9080-d57670437859","video_complete","nytimes.com","Runway","Runway Premium","Computer","","",1144750,"Target",7.51,"MDI1"
"8bb258a0-4ba8-4535-874e-6141479ea49b","impression","forbes.com","ABA Display","Breakaway Display","Phone","","",1144780,"CVS",7.51,"MDI1"
"8bb258a0-4ba8-4535-874e-6141479ea49b","impression","forbes.com","ABA Display","Breakaway Display","Phone","","",1144780,"CVS",7.51,"MDI1"
"311bc5df-83f6-4ff9-a53a-70e5e9be7210","impression","weather.com","Venti","CTV Venti Package","Connected TV","","Tubi",1144800,"Home Depot",7.47,"MDI1"
"9dcc011c-b556-4345-9e65-19fea7611aab","video_complete","people.com","Runway","CTV Venti Package","Connected TV","","",1144673,"Walmart Grocery",7.45,"MDI1"
"4aaa9d28-0a38-4218-89cd-2fc62c34f743","video_complete","cnn.com","Runway","CTV Venti Package","Tablet","Apple TV","Paramount+",1144800,"Home Depot",7.49,"MDI1"
"00326f27-36b5-4344-a736-7d9d52af64f9","video_load","espn.com","Hover","CTV Venti Package","Connected TV","","",1144780,"CVS",7.5,"MDI1"
"9459f502-1f8f-42e2-af75-d14f4399d037","video_start","weather.com","Breakaway","CTV Venti Package","Computer","","",1144761,"Old Navy",7.46,"MDI1"
"3ecdb3e9-f50a-4353-a0c6-d5d23764fb20","impression","cnn.com","ABA Display","Anchor w Video Package","Phone","Apple TV","",1144760,"Nike",7.39,"MDI1"
"f26b5eae-e83c-420f-a9bf-2800b383eb97","video_start","variety.com","Hover","CTV Venti Package","Tablet","","",1144673,"Walmart Grocery",7.4,"MDI1"
"7a84ca0d-cc5e-482a-b8a8-008230b6a807","impression","variety.com","Venti","CTV Venti Package","Computer","Apple TV","",1144850,"Sephora",7.39,"MDI1"
"7a84ca0d-cc5e-482a-b8a8-008230b6a807","impression","variety.com","Venti","CTV Venti Package","Computer","Apple TV","",1144850,"Sephora",7.39,"MDI1"
"7a84ca0d-cc5e-482a-b8a8-008230b6a807","impression","variety.com","Venti","CTV Venti Package","Computer","Apple TV","",1144850,"Sephora",7.39,"MDI1"
"6a6ad545-7004-473f-a2e8-b1c697167aab","video_load","weather.com","ABA Display","CTV Venti Package","Connected TV","","",1144780,"CVS",7.42,"MDI1"
"c73adcce-da90-43d7-86b8-c1c3b2379573","video_firstquartile","forbes.com","Runway","Breakaway Display","Connected TV","","",1144722,"Chick-fil-A",7.45,"MDI1"
"c73adcce-da90-43d7-86b8-c1c3b2379573","video_firstquartile","forbes.com","Runway","Breakaway Display","Connected TV","","",1144722,"Chick-fil-A",7.45,"MDI1"
"b57780f2-08c9-4ab3-9672-6c9696771372","click","variety.com","HighRise","Runway Premium","Tablet","","Fubo TV",1144673,"Walmart Grocery",7.48,"MDI1"
"b57780f2-08c9-4ab3-9672-6c9696771372","click","variety.com","HighRise","Runway Premium","Tablet","","Fubo TV",1144673,"Walmart Grocery",7.48,"MDI1"
"378e4908-e739-4867-814c-701d923a5d1c","impression","cnn.com","ABA Display","Mobile Hover","Connected TV","Fire TV","",1144673,"Walmart Grocery",7.54,"MDI1"
"378e4908-e739-4867-814c-701d923a5d1c","impression","cnn.com","ABA Display","Mobile Hover","Connected TV","Fire TV","",1144673,"Walmart Grocery",7.54,"MDI1"
"378e4908-e739-4867-814c-701d923a5d1c","impression","cnn.com","ABA Display","Mobile Hover","Connected TV","Fire TV","",1144673,"Walmart Grocery",7.54,"MDI1"
"683b8c9c-601b-46e7-97e5-1aa256c18298","impression","cnn.com","Breakaway","Anchor w Video Package","Connected TV","","",1144790,"Apple",7.46,"MDI1"
"683b8c9c-601b-46e7-97e5-1aa256c18298","impression","cnn.com","Breakaway","Anchor w Video Package","Connected TV","","",1144790,"Apple",7.46,"MDI1"
"683b8c9c-601b-46e7-97e5-1aa256c18298","impression","cnn.com","Breakaway","Anchor w Video Package","Connected TV","","",1144790,"Apple",7.46,"MDI1"
"0ffb89c2-298c-4965-8cad-bbbab7456558","impression","techcrunch.com","Runway","Middle Banner - Standard","Computer","","",1144721,"Starbucks",7.44,"MDI1"
"0ffb89c2-298c-4965-8cad-bbbab7456558","impression","techcrunch.com","Runway","Middle Banner - Standard","Computer","","",1144721,"Starbucks",7.44,"MDI1"
"0d204fbb-97db-4485-9932-e8869ea238c3","impression","people.com","Venti","Breakaway Display","Tablet","Apple TV","",1144910,"Netflix",7.49,"MDI1"
"0d204fbb-97db-4485-9932-e8869ea238c3","impression","people.com","Venti","Breakaway Display","Tablet","Apple TV","",1144910,"Netflix",7.49,"MDI1"
"0d204fbb-97db-4485-9932-e8869ea238c3","impression","people.com","Venti","Breakaway Display","Tablet","Apple TV","",1144910,"Netflix",7.49,"MDI1"
"0d204fbb-97db-4485-9932-e8869ea238c3","impression","people.com","Venti","Breakaway Display","Tablet","Apple TV","",1144910,"Netflix",7.49,"MDI1"
"69f58597-3231-4029-811c-ac10e0963c5d","video_start","nytimes.com","Venti","Middle Banner - Standard","Connected TV","","",1144750,"Target",7.44,"MDI1"
"144f51d4-7f62-44ee-a5c0-b8b2534cd72e","video_firstquartile","usatoday.com","Venti","Runway Premium","Phone","","",1144780,"CVS",7.39,"MDI1"
"742d4ced-6843-4341-8036-8e6ed55fe4a9","video_thirdquartile","theverge.com","Breakaway","Anchor w Video Package","Computer","","",1144721,"Starbucks",7.4,"MDI1"
"742d4ced-6843-4341-8036-8e6ed55fe4a9","video_thirdquartile","theverge.com","Breakaway","Anchor w Video Package","Computer","","",1144721,"Starbucks",7.4,"MDI1"
"7d4bf316-f5c3-4831-a529-2c2e002a4517","impression","weather.com","Venti","CTV Venti Package","Connected TV","","",1144910,"Netflix",7.41,"MDI1"
"7d4bf316-f5c3-4831-a529-2c2e002a4517","impression","weather.com","Venti","CTV Venti Package","Connected TV","","",1144910,"Netflix",7.41,"MDI1"
"c247855b-4c3b-45db-b2e0-13d911ce185b","video_thirdquartile","cnn.com","Runway","Mobile Hover","Phone","","",1144673,"Walmart Grocery",7.47,"MDI1"
"c38b0a95-b067-4bea-8af7-af1eb8c246a0","video_start","people.com","ABA Display","CTV Venti Package","Tablet","","Fubo TV",1144760,"Nike",7.48,"MDI1"
"09e65a33-6a4d-4cff-9157-915880e6e626","click","theverge.com","HighRise","Anchor w Video Package","Phone","LG Smart TV","",1144910,"Netflix",7.52,"MDI1"
"cbacda27-234e-47dc-994a-29da4f962f9a","impression","usatoday.com","ABA Display","Runway Premium","Computer","","",1144760,"Nike",7.39,"MDI1"
"6bc40d92-0e92-4745-a8c7-1c11e47e9298","video_thirdquartile","variety.com","Venti","Middle Banner - Standard","Connected TV","","",1144850,"Sephora",7.43,"MDI1"
"8ff86ea0-2419-406f-ba7a-dd80eb7844aa","video_thirdquartile","variety.com","Venti","Anchor w Video Package","Tablet","","",1144790,"Apple",7.43,"MDI1"
"fbd4f878-3e7a-4fa0-be50-5bffc4277e3a","video_complete","variety.com","Breakaway","Anchor w Video Package","Tablet","Roku","Fubo TV",1144850,"Sephora",7.45,"MDI1"
"fbd4f878-3e7a-4fa0-be50-5bffc4277e3a","video_complete","variety.com","Breakaway","Anchor w Video Package","Tablet","Roku","Fubo TV",1144850,"Sephora",7.45,"MDI1"
"c1555771-9405-4602-acf3-63cee85fd6ce","impression","nytimes.com","HighRise","Runway Premium","Tablet","Apple TV","Pluto TV",1144750,"Target",7.4,"MDI1"
"2b743a12-d05c-4aef-a34f-3002a2df4e9e","video_midpoint","tmz.com","Venti","Runway Premium","Phone","","",1144722,"Chick-fil-A",7.42,"MDI1"
"2b743a12-d05c-4aef-a34f-3002a2df4e9e","video_midpoint","tmz.com","Venti","Runway Premium","Phone","","",1144722,"Chick-fil-A",7.42,"MDI1"
"0d333099-4445-496a-a6ce-6e8405300ec0","impression","espn.com","Venti","Runway Premium","Connected TV","","Paramount+",1144760,"Nike",7.47,"MDI1"
"0d333099-4445-496a-a6ce-6e8405300ec0","impression","espn.com","Venti","Runway Premium","Connected TV","","Paramount+",1144760,"Nike",7.47,"MDI1"
"d7ab246d-01bd-4fc4-aa54-aca77df29aa3","video_complete","theverge.com","ABA Display","Middle Banner - Standard","Computer","","",1144720,"McDonalds",7.5,"MDI1"
"c6387ed6-b2a2-4f54-8e10-3e1a1f8ed017","video_midpoint","variety.com","Hover","Mobile Hover","Tablet","LG Smart TV","",1144722,"Chick-fil-A",7.4,"MDI1"
"c6387ed6-b2a2-4f54-8e10-3e1a1f8ed017","video_midpoint","variety.com","Hover","Mobile Hover","Tablet","LG Smart TV","",1144722,"Chick-fil-A",7.4,"MDI1"
"3dc336f8-02b6-482d-96e5-b603fa02484c","video_complete","nytimes.com","Venti","Breakaway Display","Connected TV","","Tubi",1144790,"Apple",7.58,"MDI1"
"04044423-86d4-4a39-9117-a4d6f8aa2aae","click","tmz.com","Hover","Runway Premium","Computer","","Paramount+",1144721,"Starbucks",7.5,"MDI1"
"04044423-86d4-4a39-9117-a4d6f8aa2aae","click","tmz.com","Hover","Runway Premium","Computer","","Paramount+",1144721,"Starbucks",7.5,"MDI1"
"04044423-86d4-4a39-9117-a4d6f8aa2aae","click","tmz.com","Hover","Runway Premium","Computer","","Paramount+",1144721,"Starbucks",7.5,"MDI1"
"bda0d895-8202-449c-9ea3-6e0adc552f3f","impression","forbes.com","HighRise","CTV Venti Package","Phone","","",1144760,"Nike",7.44,"MDI1"
"ccf1cf35-5cd4-4e00-bca8-be7f3567bc64","video_thirdquartile","espn.com","ABA Display","Breakaway Display","Phone","","",1144673,"Walmart Grocery",7.44,"MDI1"
"15297a54-f40f-4180-a425-944fda5af8d0","video_complete","tmz.com","ABA Display","Breakaway Display","Connected TV","","",1144760,"Nike",7.46,"MDI1"
"597228a7-1d68-4557-95e5-6c7d5cd38f01","video_start","usatoday.com","ABA Display","Breakaway Display","Connected TV","","Fubo TV",1144761,"Old Navy",7.4,"MDI1"
"0a829de5-7e05-46f0-b487-f6b7d2803b0a","video_complete","espn.com","Runway","Breakaway Display","Connected TV","","",1144673,"Walmart Grocery",7.58,"MDI1"
"2f5a5d6f-b652-4004-9afe-23c923f69db6","click","weather.com","HighRise","Middle Banner - Standard","Connected TV","Android TV","",1144720,"McDonalds",7.42,"MDI1"
"ec816b61-f30f-48ae-9fda-ca70efc7d791","video_midpoint","usatoday.com","HighRise","CTV Venti Package","Computer","Android TV","",1144750,"Target",7.48,"MDI1"
"277352c0-d600-4504-9ece-d35d3bfb3fd7","video_complete","variety.com","Runway","Anchor w Video Package","Tablet","","",1144722,"Chick-fil-A",7.39,"MDI1"
"277352c0-d600-4504-9ece-d35d3bfb3fd7","video_complete","variety.com","Runway","Anchor w Video Package","Tablet","","",1144722,"Chick-fil-A",7.39,"MDI1"
"fe9b3f59-5429-42a2-a9a0-f0f9ad654f35","video_complete","cnn.com","HighRise","Breakaway Display","Computer","LG Smart TV","",1144720,"McDonalds",7.47,"MDI1"
"cf5ecb12-e0dd-4ac6-8dfc-2105cb65076a","impression","forbes.com","Venti","CTV Venti Package","Tablet","","",1144780,"CVS",7.4,"MDI1"
"cf5ecb12-e0dd-4ac6-8dfc-2105cb65076a","impression","forbes.com","Venti","CTV Venti Package","Tablet","","",1144780,"CVS",7.4,"MDI1"
"54b35de0-c592-49e7-a7ca-27724918e229","video_midpoint","variety.com","Hover","Runway Premium","Phone","","",1144800,"Home Depot",7.49,"MDI1"
"54b35de0-c592-49e7-a7ca-27724918e229","video_midpoint","variety.com","Hover","Runway Premium","Phone","","",1144800,"Home Depot",7.49,"MDI1"
"54b35de0-c592-49e7-a7ca-27724918e229","video_midpoint","variety.com","Hover","Runway Premium","Phone","","",1144800,"Home Depot",7.49,"MDI1"
"b1553c63-1f33-4f97-b8b7-4224b02a1710","impression","espn.com","Breakaway","Anchor w Video Package","Tablet","LG Smart TV","",1144761,"Old Navy",7.51,"MDI1"
"b1553c63-1f33-4f97-b8b7-4224b02a1710","impression","espn.com","Breakaway","Anchor w Video Package","Tablet","LG Smart TV","",1144761,"Old Navy",7.51,"MDI1"
"8fbfd726-1667-423a-beab-c30498da5626","video_start","espn.com","Hover","Runway Premium","Connected TV","Roku","",1144721,"Starbucks",7.54,"MDI1"
"ecbd5c00-8a3d-44a5-b33c-0d00d7ae5435","video_thirdquartile","variety.com","Venti","Middle Banner - Standard","Phone","","",1144780,"CVS",7.51,"MDI1"
"cadcd85f-3607-4dc1-8af1-809acda02354","click","buzzfeed.com","HighRise","Breakaway Display","Tablet","","Tubi",1144750,"Target",7.41,"MDI1"
"cadcd85f-3607-4dc1-8af1-809acda02354","click","buzzfeed.com","HighRise","Breakaway Display","Tablet","","Tubi",1144750,"Target",7.41,"MDI1"
"cadcd85f-3607-4dc1-8af1-809acda02354","click","buzzfeed.com","HighRise","Breakaway Display","Tablet","","Tubi",1144750,"Target",7.41,"MDI1"
"c9cb47e7-c910-4777-8039-3586e26b5e18","impression","variety.com","Hover","Mobile Hover","Tablet","","",1144761,"Old Navy",7.48,"MDI1"
"903f8e9f-3e75-4552-bb3f-a9ac36ad8cb9","impression","tmz.com","Hover","CTV Venti Package","Phone","","",1144720,"McDonalds",7.43,"MDI1"
"903f8e9f-3e75-4552-bb3f-a9ac36ad8cb9","impression","tmz.com","Hover","CTV Venti Package","Phone","","",1144720,"McDonalds",7.43,"MDI1"
"4109c52a-1836-4d1e-a490-4e13037eed6e","impression","forbes.com","Hover","Middle Banner - Standard","Computer","","Pluto TV",1144910,"Netflix",7.46,"MDI1"
"4109c52a-1836-4d1e-a490-4e13037eed6e","impression","forbes.com","Hover","Middle Banner - Standard","Computer","","Pluto TV",1144910,"Netflix",7.46,"MDI1"
"c99476cf-7817-4b18-a30d-94f34917453c","video_complete","theverge.com","HighRise","Breakaway Display","Phone","","",1144780,"CVS",7.42,"MDI1"
"39b45330-91ba-4417-90c0-a3ca27b3e39e","impression","forbes.com","Runway","Anchor w Video Package","Phone","","",1144780,"CVS",7.48,"MDI1"
"39b45330-91ba-4417-90c0-a3ca27b3e39e","impression","forbes.com","Runway","Anchor w Video Package","Phone","","",1144780,"CVS",7.48,"MDI1"
"fcbf4e24-c69a-44eb-92ba-57179de4076b","video_load","espn.com","Venti","Anchor w Video Package","Connected TV","","",1144673,"Walmart Grocery",7.43,"MDI1"
"2c4ec076-d800-408e-b917-7ec44472afc0","video_firstquartile","variety.com","HighRise","Anchor w Video Package","Connected TV","Apple TV","",1144760,"Nike",7.55,"MDI1"
"1d198bf1-69ff-4ab2-aec5-cf1d5cd4a11d","video_complete","forbes.com","Venti","Runway Premium","Computer","","",1144850,"Sephora",7.44,"MDI1"
"f0bb9e67-7e34-42c4-97d4-0f1d2248c4cb","video_midpoint","theverge.com","HighRise","Anchor w Video Package","Phone","","Fubo TV",1144850,"Sephora",7.55,"MDI1"
"6ffa5632-828b-46f3-a99c-68b312416c71","video_thirdquartile","forbes.com","ABA Display","Breakaway Display","Tablet","","",1144800,"Home Depot",7.48,"MDI1"
"6ffa5632-828b-46f3-a99c-68b312416c71","video_thirdquartile","forbes.com","ABA Display","Breakaway Display","Tablet","","",1144800,"Home Depot",7.48,"MDI1"
"a8d36f39-eeb1-44e6-9ad4-1a430d922a87","impression","weather.com","ABA Display","Anchor w Video Package","Phone","","",1144850,"Sephora",7.45,"MDI1"
"71d44138-9c6e-47bc-ad56-89fea8f0bacc","video_midpoint","nytimes.com","Venti","Breakaway Display","Computer","","",1144760,"Nike",7.41,"MDI1"
"71d44138-9c6e-47bc-ad56-89fea8f0bacc","video_midpoint","nytimes.com","Venti","Breakaway Display","Computer","","",1144760,"Nike",7.41,"MDI1"
"1d1663de-bad1-470b-98a7-3ce4895d4cfa","video_start","espn.com","ABA Display","Anchor w Video Package","Connected TV","","",1144721,"Starbucks",7.51,"MDI1"
"0f40483d-befc-403f-b4a7-d96ba4f3aaad","impression","weather.com","ABA Display","Anchor w Video Package","Connected TV","Fire TV","",1144760,"Nike",7.59,"MDI1"
"2398cc47-cfa5-45ee-84a5-f41b01ab3b54","video_thirdquartile","usatoday.com","Breakaway","Runway Premium","Connected TV","Roku","",1144760,"Nike",7.53,"MDI1"
"2398cc47-cfa5-45ee-84a5-f41b01ab3b54","video_thirdquartile","usatoday.com","Breakaway","Runway Premium","Connected TV","Roku","",1144760,"Nike",7.53,"MDI1"
"2398cc47-cfa5-45ee-84a5-f41b01ab3b54","video_thirdquartile","usatoday.com","Breakaway","Runway Premium","Connected TV","Roku","",1144760,"Nike",7.53,"MDI1"
"2398cc47-cfa5-45ee-84a5-f41b01ab3b54","video_thirdquartile","usatoday.com","Breakaway","Runway Premium","Connected TV","Roku","",1144760,"Nike",7.53,"MDI1"
"d7b5b8da-58d9-4e39-8b09-6992930b2e1f","video_thirdquartile","theverge.com","ABA Display","Runway Premium","Phone","","",1144850,"Sephora",7.39,"MDI1"
"c3eff07a-19df-47fb-8a40-9c42002026d8","video_complete","usatoday.com","ABA Display","Anchor w Video Package","Connected TV","","",1144910,"Netflix",7.58,"MDI1"
"26faef10-669e-4690-87c7-e01685b1e020","video_complete","buzzfeed.com","Runway","CTV Venti Package","Connected TV","","",1144761,"Old Navy",7.45,"MDI1"
"26faef10-669e-4690-87c7-e01685b1e020","video_complete","buzzfeed.com","Runway","CTV Venti Package","Connected TV","","",1144761,"Old Navy",7.45,"MDI1"
"ca857202-22f1-4759-840f-3776b36f287e","video_load","people.com","Runway","Anchor w Video Package","Computer","","",1144750,"Target",7.45,"MDI1"
"ca857202-22f1-4759-840f-3776b36f287e","video_load","people.com","Runway","Anchor w Video Package","Computer","","",1144750,"Target",7.45,"MDI1"
"beadfbf9-11e0-40cb-bd60-c98c4e106118","click","forbes.com","Breakaway","Mobile Hover","Phone","Samsung TV","Tubi",1144790,"Apple",7.43,"MDI1"
"e0588ecc-9b30-4702-8e58-63928c6a3bc0","video_midpoint","buzzfeed.com","Breakaway","Middle Banner - Standard","Connected TV","","Fubo TV",1144761,"Old Navy",7.44,"MDI1"
"9441508f-76ec-409a-a6c9-5de5faccb952","video_midpoint","cnn.com","Venti","CTV Venti Package","Tablet","","",1144780,"CVS",7.4,"MDI1"
"9441508f-76ec-409a-a6c9-5de5faccb952","video_midpoint","cnn.com","Venti","CTV Venti Package","Tablet","","",1144780,"CVS",7.4,"MDI1"
"30045efc-f82a-490a-9cd1-e54bde537324","click","techcrunch.com","HighRise","Middle Banner - Standard","Phone","","",1144761,"Old Navy",7.58,"MDI1"
"4bde7c4f-48e9-4e64-9d80-b6ce21317158","click","buzzfeed.com","Hover","Mobile Hover","Connected TV","","",1144800,"Home Depot",7.58,"MDI1"
"4bde7c4f-48e9-4e64-9d80-b6ce21317158","click","buzzfeed.com","Hover","Mobile Hover","Connected TV","","",1144800,"Home Depot",7.58,"MDI1"
"4bde7c4f-48e9-4e64-9d80-b6ce21317158","click","buzzfeed.com","Hover","Mobile Hover","Connected TV","","",1144800,"Home Depot",7.58,"MDI1"
"7eac7fcf-5720-462a-a831-19ca1d248d72","video_midpoint","usatoday.com","Runway","Breakaway Display","Tablet","","",1144673,"Walmart Grocery",7.52,"MDI1"
"7eac7fcf-5720-462a-a831-19ca1d248d72","video_midpoint","usatoday.com","Runway","Breakaway Display","Tablet","","",1144673,"Walmart Grocery",7.52,"MDI1"
"c23fb6f9-4c95-4711-9d40-42dc810cf400","video_midpoint","espn.com","Runway","Mobile Hover","Tablet","Samsung TV","",1144720,"McDonalds",7.49,"MDI1"
"c23fb6f9-4c95-4711-9d40-42dc810cf400","video_midpoint","espn.com","Runway","Mobile Hover","Tablet","Samsung TV","",1144720,"McDonalds",7.49,"MDI1"
"71a80663-4c4c-4f68-8fe7-040de54e970a","impression","usatoday.com","Runway","Runway Premium","Computer","","",1144722,"Chick-fil-A",7.46,"MDI1"
"79007aa7-74e6-4dc0-9f2e-eaab62196de3","click","usatoday.com","Venti","Mobile Hover","Phone","Apple TV","",1144800,"Home Depot",7.62,"MDI1"
"79007aa7-74e6-4dc0-9f2e-eaab62196de3","click","usatoday.com","Venti","Mobile Hover","Phone","Apple TV","",1144800,"Home Depot",7.62,"MDI1"
"c8347a8a-019b-4592-b221-2d116562300c","video_start","theverge.com","Hover","Anchor w Video Package","Tablet","","",1144721,"Starbucks",7.49,"MDI1"
"fd7292d5-e86a-4044-9a9c-467402145278","video_midpoint","usatoday.com","Venti","Anchor w Video Package","Tablet","","",1144760,"Nike",7.45,"MDI1"
"57f4435d-88a4-402e-acdf-0b0d6eabb61d","video_midpoint","weather.com","Breakaway","Runway Premium","Connected TV","","",1144780,"CVS",7.42,"MDI1"
"57f4435d-88a4-402e-acdf-0b0d6eabb61d","video_midpoint","weather.com","Breakaway","Runway Premium","Connected TV","","",1144780,"CVS",7.42,"MDI1"
"011e3c70-4e45-4691-bf65-57e50ca61f82","video_midpoint","theverge.com","ABA Display","Mobile Hover","Connected TV","LG Smart TV","",1144910,"Netflix",7.6,"MDI1"
"15ff2615-bbd2-41b5-8d90-ff3549e2c4de","video_thirdquartile","nytimes.com","HighRise","Breakaway Display","Computer","","",1144721,"Starbucks",7.41,"MDI1"
"d31bdca4-6e18-49bc-8c2a-35b1cd5e9a0f","impression","nytimes.com","HighRise","Runway Premium","Phone","","",1144722,"Chick-fil-A",7.41,"MDI1"
"71477594-cfdc-43b3-92fd-98d0bcab85c5","click","variety.com","Hover","Runway Premium","Connected TV","Apple TV","",1144850,"Sephora",7.54,"MDI1"
"71477594-cfdc-43b3-92fd-98d0bcab85c5","click","variety.com","Hover","Runway Premium","Connected TV","Apple TV","",1144850,"Sephora",7.54,"MDI1"
"c6b0d97a-3020-4c83-ad3f-058fff7230a2","video_start","theverge.com","Runway","Anchor w Video Package","Connected TV","","",1144850,"Sephora",7.4,"MDI1"
"9f87ea53-2756-4c85-bd32-3d5827ecd22c","video_complete","people.com","Venti","Middle Banner - Standard","Connected TV","","Paramount+",1144760,"Nike",7.52,"MDI1"
"9f87ea53-2756-4c85-bd32-3d5827ecd22c","video_complete","people.com","Venti","Middle Banner - Standard","Connected TV","","Paramount+",1144760,"Nike",7.52,"MDI1"
"9f87ea53-2756-4c85-bd32-3d5827ecd22c","video_complete","people.com","Venti","Middle Banner - Standard","Connected TV","","Paramount+",1144760,"Nike",7.52,"MDI1"
"9f87ea53-2756-4c85-bd32-3d5827ecd22c","video_complete","people.com","Venti","Middle Banner - Standard","Connected TV","","Paramount+",1144760,"Nike",7.52,"MDI1"
"5f057f1a-d6e1-48c6-a0c0-5d9bc74427b3","video_midpoint","buzzfeed.com","Breakaway","Middle Banner - Standard","Connected TV","","",1144760,"Nike",7.47,"MDI1"
"5f057f1a-d6e1-48c6-a0c0-5d9bc74427b3","video_midpoint","buzzfeed.com","Breakaway","Middle Banner - Standard","Connected TV","","",1144760,"Nike",7.47,"MDI1"
"98bbc4f8-e0a7-49c6-ab4d-d12b8020b10c","impression","people.com","Venti","CTV Venti Package","Computer","","",1144673,"Walmart Grocery",7.42,"MDI1"
"368188bf-84a4-47d9-a111-7e7ad71e7c58","video_thirdquartile","cnn.com","ABA Display","Anchor w Video Package","Connected TV","Samsung TV","",1144800,"Home Depot",7.49,"MDI1"
"390788d7-98f1-4388-8bf1-cd769c13b45b","video_midpoint","forbes.com","Venti","Runway Premium","Tablet","","",1144790,"Apple",7.46,"MDI1"
"390788d7-98f1-4388-8bf1-cd769c13b45b","video_midpoint","forbes.com","Venti","Runway Premium","Tablet","","",1144790,"Apple",7.46,"MDI1"
"390788d7-98f1-4388-8bf1-cd769c13b45b","video_midpoint","forbes.com","Venti","Runway Premium","Tablet","","",1144790,"Apple",7.46,"MDI1"
"c06b9554-11c9-4e36-b1f9-bdbcc1ba735c","video_firstquartile","weather.com","Venti","Middle Banner - Standard","Computer","","",1144673,"Walmart Grocery",7.41,"MDI1"
"100f40f0-5637-4b6e-ad7a-d14f03a886f4","video_complete","theverge.com","Runway","CTV Venti Package","Tablet","Android TV","",1144761,"Old Navy",7.53,"MDI1"
"100f40f0-5637-4b6e-ad7a-d14f03a886f4","video_complete","theverge.com","Runway","CTV Venti Package","Tablet","Android TV","",1144761,"Old Navy",7.53,"MDI1"
"100f40f0-5637-4b6e-ad7a-d14f03a886f4","video_complete","theverge.com","Runway","CTV Venti Package","Tablet","Android TV","",1144761,"Old Navy",7.53,"MDI1"
"6096aef3-4832-453b-bc83-23f21b217fff","video_complete","techcrunch.com","Venti","Mobile Hover","Connected TV","","",1144800,"Home Depot",7.49,"MDI1"
"6096aef3-4832-453b-bc83-23f21b217fff","video_complete","techcrunch.com","Venti","Mobile Hover","Connected TV","","",1144800,"Home Depot",7.49,"MDI1"
"6096aef3-4832-453b-bc83-23f21b217fff","video_complete","techcrunch.com","Venti","Mobile Hover","Connected TV","","",1144800,"Home Depot",7.49,"MDI1"
"a3029bdc-a98a-40c3-88e7-0ec5cf862e78","impression","theverge.com","Runway","Mobile Hover","Tablet","","",1144673,"Walmart Grocery",7.4,"MDI1"
"a3029bdc-a98a-40c3-88e7-0ec5cf862e78","impression","theverge.com","Runway","Mobile Hover","Tablet","","",1144673,"Walmart Grocery",7.4,"MDI1"
"088842ad-9525-490d-836f-9e336ba2d282","video_complete","usatoday.com","Hover","Anchor w Video Package","Connected TV","","",1144721,"Starbucks",7.49,"MDI1"
"30b44568-3fb0-427b-b8a6-822ee8b4a3a3","video_midpoint","people.com","Hover","Mobile Hover","Connected TV","","",1144780,"CVS",7.45,"MDI1"
"1c473dc0-338e-4bc5-86c3-ae4e062170a1","video_firstquartile","theverge.com","Hover","Breakaway Display","Computer","","Peacock",1144722,"Chick-fil-A",7.4,"MDI1"
"0a2fc0c6-cf49-4680-b1b7-c8609fd1fc64","click","theverge.com","Venti","Mobile Hover","Tablet","","",1144720,"McDonalds",7.47,"MDI1"
"db590493-4f37-4cf8-bf3d-25bf8e0ccc2d","video_firstquartile","nytimes.com","Breakaway","CTV Venti Package","Connected TV","","",1144720,"McDonalds",7.46,"MDI1"
"db590493-4f37-4cf8-bf3d-25bf8e0ccc2d","video_firstquartile","nytimes.com","Breakaway","CTV Venti Package","Connected TV","","",1144720,"McDonalds",7.46,"MDI1"
"36947cdb-5695-4c34-934d-eb65bdd04fee","video_start","variety.com","Breakaway","Middle Banner - Standard","Phone","LG Smart TV","Paramount+",1144790,"Apple",7.45,"MDI1"
"2f997145-a5a0-4cc4-91c4-4e2b3da1ee31","video_firstquartile","cnn.com","Hover","CTV Venti Package","Phone","","",1144780,"CVS",7.4,"MDI1"
"e9e6db7f-9bfd-471d-a205-4806089d41de","impression","techcrunch.com","Breakaway","CTV Venti Package","Phone","","",1144800,"Home Depot",7.39,"MDI1"
"e9e6db7f-9bfd-471d-a205-4806089d41de","impression","techcrunch.com","Breakaway","CTV Venti Package","Phone","","",1144800,"Home Depot",7.39,"MDI1"
"1608f916-c77c-422a-a3eb-9d2a196ef263","video_complete","weather.com","Hover","Anchor w Video Package","Computer","LG Smart TV","",1144760,"Nike",7.43,"MDI1"
"1608f916-c77c-422a-a3eb-9d2a196ef263","video_complete","weather.com","Hover","Anchor w Video Package","Computer","LG Smart TV","",1144760,"Nike",7.43,"MDI1"
"b02b9641-a661-499d-8fac-c9f588dedeab","video_midpoint","cnn.com","Hover","Anchor w Video Package","Computer","","",1144780,"CVS",7.48,"MDI1"
"8ad0d89f-5543-4a56-b23f-eaeb55964630","video_start","forbes.com","Hover","Breakaway Display","Phone","","",1144850,"Sephora",7.47,"MDI1"
"8ad0d89f-5543-4a56-b23f-eaeb55964630","video_start","forbes.com","Hover","Breakaway Display","Phone","","",1144850,"Sephora",7.47,"MDI1"
"8ad0d89f-5543-4a56-b23f-eaeb55964630","video_start","forbes.com","Hover","Breakaway Display","Phone","","",1144850,"Sephora",7.47,"MDI1"
"aba2ce69-f068-4349-b88e-f63fb6bbfa45","impression","weather.com","ABA Display","Runway Premium","Phone","","",1144722,"Chick-fil-A",7.42,"MDI1"
"aba2ce69-f068-4349-b88e-f63fb6bbfa45","impression","weather.com","ABA Display","Runway Premium","Phone","","",1144722,"Chick-fil-A",7.42,"MDI1"
"3b40d7d2-d050-43ad-ac7a-c505c5305800","video_load","weather.com","Breakaway","CTV Venti Package","Connected TV","Apple TV","",1144761,"Old Navy",7.39,"MDI1"
"49912c15-e9fc-49f4-b951-923c74ac032e","impression","weather.com","Runway","Middle Banner - Standard","Connected TV","","",1144850,"Sephora",7.44,"MDI1"
"49912c15-e9fc-49f4-b951-923c74ac032e","impression","weather.com","Runway","Middle Banner - Standard","Connected TV","","",1144850,"Sephora",7.44,"MDI1"
"49912c15-e9fc-49f4-b951-923c74ac032e","impression","weather.com","Runway","Middle Banner - Standard","Connected TV","","",1144850,"Sephora",7.44,"MDI1"
"49912c15-e9fc-49f4-b951-923c74ac032e","impression","weather.com","Runway","Middle Banner - Standard","Connected TV","","",1144850,"Sephora",7.44,"MDI1"
"49912c15-e9fc-49f4-b951-923c74ac032e","impression","weather.com","Runway","Middle Banner - Standard","Connected TV","","",1144850,"Sephora",7.44,"MDI1"
"49912c15-e9fc-49f4-b951-923c74ac032e","impression","weather.com","Runway","Middle Banner - Standard","Connected TV","","",1144850,"Sephora",7.44,"MDI1"
"d42458a5-6416-41fa-8740-c170f10044de","video_start","variety.com","HighRise","Anchor w Video Package","Tablet","","",1144720,"McDonalds",7.43,"MDI1"
"81282036-1cf7-4202-a912-279820986338","impression","variety.com","Hover","CTV Venti Package","Computer","","",1144721,"Starbucks",7.42,"MDI1"
"c07d4169-7dc0-4757-ae9f-f5a4afd6b9c9","video_midpoint","weather.com","Runway","Mobile Hover","Phone","","",1144750,"Target",7.42,"MDI1"
"c07d4169-7dc0-4757-ae9f-f5a4afd6b9c9","video_midpoint","weather.com","Runway","Mobile Hover","Phone","","",1144750,"Target",7.42,"MDI1"
"9577e9cc-de19-44a6-96fd-4fa5b5525e0e","video_complete","people.com","Runway","Anchor w Video Package","Tablet","","",1144720,"McDonalds",7.39,"MDI1"
"7984f4cb-c394-4c12-8f5e-99310e3f937e","click","buzzfeed.com","HighRise","Middle Banner - Standard","Computer","","",1144721,"Starbucks",7.42,"MDI1"
"7984f4cb-c394-4c12-8f5e-99310e3f937e","click","buzzfeed.com","HighRise","Middle Banner - Standard","Computer","","",1144721,"Starbucks",7.42,"MDI1"
"7cda4854-60e3-441e-863e-c842a7e70452","click","cnn.com","Hover","Mobile Hover","Connected TV","","",1144780,"CVS",7.4,"MDI1"
"7cda4854-60e3-441e-863e-c842a7e70452","click","cnn.com","Hover","Mobile Hover","Connected TV","","",1144780,"CVS",7.4,"MDI1"
"ad4ee73e-e6ad-4355-9660-3c1b727c0949","impression","variety.com","Runway","CTV Venti Package","Computer","","Paramount+",1144721,"Starbucks",7.4,"MDI1"
"577e575d-7a51-47cb-920e-6fc21fcd862e","video_load","espn.com","Breakaway","CTV Venti Package","Phone","","",1144673,"Walmart Grocery",7.45,"MDI1"
"ef113fee-272b-4f2c-a2ed-4e01c5424c14","video_midpoint","forbes.com","Runway","CTV Venti Package","Computer","","",1144850,"Sephora",7.47,"MDI1"
"4062d570-1042-49ae-b0d1-86aa5573c600","video_midpoint","buzzfeed.com","Hover","Mobile Hover","Connected TV","","Tubi",1144721,"Starbucks",7.43,"MDI1"
"f3f16a86-9959-49b1-8c3c-8fa2fdf4cb35","video_complete","forbes.com","Breakaway","CTV Venti Package","Tablet","","",1144761,"Old Navy",7.5,"MDI1"
"a306c5f3-08a3-4206-b0f2-9337f95907d3","impression","weather.com","Venti","Breakaway Display","Phone","","",1144800,"Home Depot",7.43,"MDI1"
"a306c5f3-08a3-4206-b0f2-9337f95907d3","impression","weather.com","Venti","Breakaway Display","Phone","","",1144800,"Home Depot",7.43,"MDI1"
"44b649dd-d043-4119-9ef7-f8f2442a6d9a","video_complete","variety.com","HighRise","CTV Venti Package","Tablet","","",1144760,"Nike",7.39,"MDI1"
"c0ce2868-4325-4b6c-9070-5796c8ee71d1","impression","weather.com","ABA Display","Middle Banner - Standard","Phone","","",1144800,"Home Depot",7.49,"MDI1"
"8a3414cd-9e6e-4a0d-9107-7756d1898ea6","video_complete","espn.com","Runway","Anchor w Video Package","Tablet","LG Smart TV","",1144800,"Home Depot",7.48,"MDI1"
"d2a726de-3df7-40a6-8f0b-ee1e4687074a","impression","techcrunch.com","Hover","Anchor w Video Package","Phone","","",1144800,"Home Depot",7.4,"MDI1"
"d2a726de-3df7-40a6-8f0b-ee1e4687074a","impression","techcrunch.com","Hover","Anchor w Video Package","Phone","","",1144800,"Home Depot",7.4,"MDI1"
"a9630235-acdb-436a-96d1-75275ebbf793","impression","nytimes.com","Venti","Runway Premium","Connected TV","","",1144761,"Old Navy",7.5,"MDI1"
"a9630235-acdb-436a-96d1-75275ebbf793","impression","nytimes.com","Venti","Runway Premium","Connected TV","","",1144761,"Old Navy",7.5,"MDI1"
"a9630235-acdb-436a-96d1-75275ebbf793","impression","nytimes.com","Venti","Runway Premium","Connected TV","","",1144761,"Old Navy",7.5,"MDI1"
"07504f39-10d9-47e2-b98a-0e64edbfa9bc","video_complete","cnn.com","Breakaway","CTV Venti Package","Connected TV","","Tubi",1144790,"Apple",7.58,"MDI1"
"07504f39-10d9-47e2-b98a-0e64edbfa9bc","video_complete","cnn.com","Breakaway","CTV Venti Package","Connected TV","","Tubi",1144790,"Apple",7.58,"MDI1"
"e84ecc9d-e3e5-41c5-b3ee-d3792b3c180c","video_load","people.com","Venti","Mobile Hover","Connected TV","","",1144790,"Apple",7.41,"MDI1"
"e84ecc9d-e3e5-41c5-b3ee-d3792b3c180c","video_load","people.com","Venti","Mobile Hover","Connected TV","","",1144790,"Apple",7.41,"MDI1"
"e84ecc9d-e3e5-41c5-b3ee-d3792b3c180c","video_load","people.com","Venti","Mobile Hover","Connected TV","","",1144790,"Apple",7.41,"MDI1"
"041cfd79-eca4-441d-859a-8b0f703d354e","video_thirdquartile","theverge.com","Hover","Middle Banner - Standard","Connected TV","","Peacock",1144720,"McDonalds",7.39,"MDI1"
"041cfd79-eca4-441d-859a-8b0f703d354e","video_thirdquartile","theverge.com","Hover","Middle Banner - Standard","Connected TV","","Peacock",1144720,"McDonalds",7.39,"MDI1"
"d4cf80a7-0875-4990-a1ae-9b1d4d0ed101","impression","techcrunch.com","Runway","Mobile Hover","Phone","","Fubo TV",1144910,"Netflix",7.42,"MDI1"
"453657ef-5468-4157-b0c2-ba1dc74ad534","video_thirdquartile","techcrunch.com","HighRise","Anchor w Video Package","Connected TV","","Peacock",1144761,"Old Navy",7.48,"MDI1"
"453657ef-5468-4157-b0c2-ba1dc74ad534","video_thirdquartile","techcrunch.com","HighRise","Anchor w Video Package","Connected TV","","Peacock",1144761,"Old Navy",7.48,"MDI1"
"453657ef-5468-4157-b0c2-ba1dc74ad534","video_thirdquartile","techcrunch.com","HighRise","Anchor w Video Package","Connected TV","","Peacock",1144761,"Old Navy",7.48,"MDI1"
"3a8ac257-ab5b-4103-b45f-0dd0b4660ad8","impression","weather.com","Hover","Runway Premium","Tablet","","",1144850,"Sephora",7.42,"MDI1"
"3a8ac257-ab5b-4103-b45f-0dd0b4660ad8","impression","weather.com","Hover","Runway Premium","Tablet","","",1144850,"Sephora",7.42,"MDI1"
"bce2194d-3433-4493-a97a-23d98e31807a","video_load","theverge.com","ABA Display","Anchor w Video Package","Tablet","Apple TV","",1144720,"McDonalds",7.43,"MDI1"
"6f6ee223-7a00-4818-896a-0ee953743cc3","click","usatoday.com","Runway","Breakaway Display","Computer","Android TV","",1144910,"Netflix",7.53,"MDI1"
"fda83807-297d-43eb-bbfc-3124c027d7b5","click","forbes.com","ABA Display","Mobile Hover","Tablet","","",1144780,"CVS",7.56,"MDI1"
"0c6e181e-c3ef-4826-a89c-16c067409012","video_thirdquartile","weather.com","ABA Display","Middle Banner - Standard","Connected TV","","Pluto TV",1144910,"Netflix",7.46,"MDI1"
"83c53b1d-9a13-4a14-ace1-823b54fa4dd2","video_start","theverge.com","ABA Display","Middle Banner - Standard","Connected TV","","",1144760,"Nike",7.41,"MDI1"
"bd88178a-e047-4bbf-a71c-cb4980ed9acc","video_midpoint","weather.com","ABA Display","Runway Premium","Tablet","","Peacock",1144910,"Netflix",7.4,"MDI1"
"9139e176-514a-4a74-9a39-f2be7d96c895","video_load","theverge.com","Breakaway","Runway Premium","Phone","","",1144673,"Walmart Grocery",7.42,"MDI1"
"45b94117-0ed7-4fd0-bbea-3479dbe5b2dd","video_complete","people.com","HighRise","Breakaway Display","Tablet","LG Smart TV","",1144780,"CVS",7.45,"MDI1"
"399ef365-38bd-4a55-a724-e9aa28f221a0","impression","tmz.com","HighRise","Anchor w Video Package","Phone","","",1144910,"Netflix",7.41,"MDI1"
"399ef365-38bd-4a55-a724-e9aa28f221a0","impression","tmz.com","HighRise","Anchor w Video Package","Phone","","",1144910,"Netflix",7.41,"MDI1"
"399ef365-38bd-4a55-a724-e9aa28f221a0","impression","tmz.com","HighRise","Anchor w Video Package","Phone","","",1144910,"Netflix",7.41,"MDI1"
"3adc3cd2-cfb5-44cd-9e5a-d340ba55653c","video_firstquartile","tmz.com","HighRise","CTV Venti Package","Connected TV","","",1144673,"Walmart Grocery",7.53,"MDI1"
"3adc3cd2-cfb5-44cd-9e5a-d340ba55653c","video_firstquartile","tmz.com","HighRise","CTV Venti Package","Connected TV","","",1144673,"Walmart Grocery",7.53,"MDI1"
"b215b145-25c5-4b8f-8c65-39fc4f3494fe","video_firstquartile","theverge.com","Runway","CTV Venti Package","Phone","","",1144720,"McDonalds",7.47,"MDI1"
"6458fa8d-15b1-413c-b39d-656e43e544df","video_complete","techcrunch.com","Runway","Runway Premium","Phone","","Paramount+",1144780,"CVS",7.57,"MDI1"
"0b3a8766-820f-4fe1-90cc-b9fde53042f5","video_midpoint","usatoday.com","Venti","Mobile Hover","Phone","","",1144761,"Old Navy",7.5,"MDI1"
"38ae5a05-68dc-4028-a571-6247d1c62b15","video_midpoint","weather.com","Breakaway","CTV Venti Package","Connected TV","Android TV","",1144850,"Sephora",7.53,"MDI1"
"c99f12ce-8e5f-4186-842b-6007013374b3","click","variety.com","Hover","Anchor w Video Package","Connected TV","Samsung TV","",1144850,"Sephora",7.43,"MDI1"
"c99f12ce-8e5f-4186-842b-6007013374b3","click","variety.com","Hover","Anchor w Video Package","Connected TV","Samsung TV","",1144850,"Sephora",7.43,"MDI1"
"0d7b8d15-da68-4867-b2e1-33e47e877e7c","impression","cnn.com","HighRise","CTV Venti Package","Connected TV","","",1144800,"Home Depot",7.48,"MDI1"
"03321f8c-2405-4bf2-995b-db15d785f7da","video_load","variety.com","Runway","Mobile Hover","Tablet","","",1144722,"Chick-fil-A",7.4,"MDI1"
"03321f8c-2405-4bf2-995b-db15d785f7da","video_load","variety.com","Runway","Mobile Hover","Tablet","","",1144722,"Chick-fil-A",7.4,"MDI1"
"d1b92fa6-7530-4f21-98f9-146cd27b26d1","video_complete","nytimes.com","Hover","Runway Premium","Connected TV","","",1144850,"Sephora",7.59,"MDI1"
"d1b92fa6-7530-4f21-98f9-146cd27b26d1","video_complete","nytimes.com","Hover","Runway Premium","Connected TV","","",1144850,"Sephora",7.59,"MDI1"
"0e340cea-cfbb-4e60-b03a-993c02ac43b5","impression","buzzfeed.com","Breakaway","Runway Premium","Tablet","","Pluto TV",1144722,"Chick-fil-A",7.43,"MDI1"
"c48e2b87-328b-4ae1-9f9c-05714465f1e3","impression","forbes.com","HighRise","Mobile Hover","Tablet","","",1144790,"Apple",7.48,"MDI1"
"787076c9-48b2-46c4-b011-22cd733f65ac","click","nytimes.com","Runway","CTV Venti Package","Tablet","","Fubo TV",1144722,"Chick-fil-A",7.57,"MDI1"
"3325aecb-dcf6-4a93-81d6-7793088f754d","video_firstquartile","tmz.com","Hover","Runway Premium","Computer","Android TV","",1144790,"Apple",7.41,"MDI1"
"ab7807ca-b5a2-42d4-9a90-b332479bdeb3","video_complete","weather.com","Runway","Breakaway Display","Computer","","",1144750,"Target",7.41,"MDI1"
"782e72c1-184f-44fc-bfd6-a01f45718be8","video_load","techcrunch.com","Hover","Anchor w Video Package","Phone","","",1144673,"Walmart Grocery",7.45,"MDI1"
"450d6f4e-1f50-4c02-b554-2a9b30754718","impression","weather.com","Breakaway","Runway Premium","Tablet","","",1144850,"Sephora",7.45,"MDI1"
"bb4f3d83-22f2-4d10-aa9e-84ab0e65db90","click","forbes.com","HighRise","Anchor w Video Package","Computer","LG Smart TV","",1144790,"Apple",7.42,"MDI1"
"7fc35843-25a7-4ec8-8eb1-c87dfba3d3ff","video_midpoint","variety.com","Runway","Anchor w Video Package","Phone","","Peacock",1144850,"Sephora",7.41,"MDI1"
"fcd400a2-12af-4cd5-9db7-f342171845d0","impression","tmz.com","HighRise","Mobile Hover","Tablet","","",1144761,"Old Navy",7.4,"MDI1"
"ef382968-8ca1-4db3-906d-3587eebf4405","click","espn.com","Breakaway","Anchor w Video Package","Computer","","",1144850,"Sephora",7.43,"MDI1"
"c7fc68b9-b08c-408a-b8fa-3e0f6c606a69","impression","buzzfeed.com","Hover","Anchor w Video Package","Connected TV","","",1144760,"Nike",7.51,"MDI1"
"528865fa-0686-40fe-b70f-6fe60da1bab4","video_thirdquartile","forbes.com","HighRise","Middle Banner - Standard","Computer","Fire TV","Pluto TV",1144850,"Sephora",7.46,"MDI1"
"37cb8d86-84bb-41d0-8be9-f0c2fe8c9aca","impression","cnn.com","HighRise","Breakaway Display","Tablet","","",1144800,"Home Depot",7.39,"MDI1"
"37cb8d86-84bb-41d0-8be9-f0c2fe8c9aca","impression","cnn.com","HighRise","Breakaway Display","Tablet","","",1144800,"Home Depot",7.39,"MDI1"
"37cb8d86-84bb-41d0-8be9-f0c2fe8c9aca","impression","cnn.com","HighRise","Breakaway Display","Tablet","","",1144800,"Home Depot",7.39,"MDI1"
"c0e4c567-a460-4e95-82e2-d5f849c5f785","video_thirdquartile","variety.com","Breakaway","Middle Banner - Standard","Phone","","",1144800,"Home Depot",7.4,"MDI1"
"3d85026a-1d59-4bf6-9c24-a428fb08a880","video_complete","theverge.com","Venti","Runway Premium","Connected TV","","",1144760,"Nike",7.42,"MDI1"
"3d85026a-1d59-4bf6-9c24-a428fb08a880","video_complete","theverge.com","Venti","Runway Premium","Connected TV","","",1144760,"Nike",7.42,"MDI1"
"fa0fbd0a-d2c1-4ede-a8cd-66c9265281e4","impression","forbes.com","Runway","CTV Venti Package","Computer","Samsung TV","",1144750,"Target",7.5,"MDI1"
"fa0fbd0a-d2c1-4ede-a8cd-66c9265281e4","impression","forbes.com","Runway","CTV Venti Package","Computer","Samsung TV","",1144750,"Target",7.5,"MDI1"
"62daa642-15fa-4022-85ec-b6dedafd73ab","video_thirdquartile","buzzfeed.com","Runway","Breakaway Display","Connected TV","","",1144761,"Old Navy",7.42,"MDI1"
"62daa642-15fa-4022-85ec-b6dedafd73ab","video_thirdquartile","buzzfeed.com","Runway","Breakaway Display","Connected TV","","",1144761,"Old Navy",7.42,"MDI1"
"62daa642-15fa-4022-85ec-b6dedafd73ab","video_thirdquartile","buzzfeed.com","Runway","Breakaway Display","Connected TV","","",1144761,"Old Navy",7.42,"MDI1"
"38c11f73-3a42-495a-a76d-a5856a020843","click","usatoday.com","HighRise","CTV Venti Package","Tablet","","",1144790,"Apple",7.42,"MDI1"
"ea02579b-e41c-4ec6-8b50-8bbf33f6614f","video_complete","variety.com","Breakaway","Breakaway Display","Computer","","",1144790,"Apple",7.43,"MDI1"
"ea02579b-e41c-4ec6-8b50-8bbf33f6614f","video_complete","variety.com","Breakaway","Breakaway Display","Computer","","",1144790,"Apple",7.43,"MDI1"
"ea02579b-e41c-4ec6-8b50-8bbf33f6614f","video_complete","variety.com","Breakaway","Breakaway Display","Computer","","",1144790,"Apple",7.43,"MDI1"
"ab08a7eb-7b64-4c1b-a731-f4788eecfaa8","video_firstquartile","variety.com","ABA Display","Anchor w Video Package","Phone","","Paramount+",1144750,"Target",7.48,"MDI1"
"ab08a7eb-7b64-4c1b-a731-f4788eecfaa8","video_firstquartile","variety.com","ABA Display","Anchor w Video Package","Phone","","Paramount+",1144750,"Target",7.48,"MDI1"
"ab08a7eb-7b64-4c1b-a731-f4788eecfaa8","video_firstquartile","variety.com","ABA Display","Anchor w Video Package","Phone","","Paramount+",1144750,"Target",7.48,"MDI1"
"741936dd-d4fe-4f17-9201-aee8e654e054","video_start","espn.com","ABA Display","Runway Premium","Tablet","","Pluto TV",1144910,"Netflix",7.44,"MDI1"
"2e9c5aab-4b0f-478b-9a53-555686a62ae9","click","cnn.com","HighRise","Runway Premium","Tablet","","",1144760,"Nike",7.41,"MDI1"
"a0e38ab4-b417-45b5-bfed-333c4a9b6413","video_load","forbes.com","Venti","Runway Premium","Connected TV","","",1144673,"Walmart Grocery",7.45,"MDI1"
"2fb0bd90-71d4-4cb2-8d11-37454ea07fea","video_thirdquartile","tmz.com","Venti","Anchor w Video Package","Connected TV","","Pluto TV",1144673,"Walmart Grocery",7.49,"MDI1"
"00d92730-ed9d-46c8-bb26-6c1e7f5c13e6","video_midpoint","weather.com","Venti","Mobile Hover","Connected TV","","Paramount+",1144720,"McDonalds",7.48,"MDI1"
"30ccb431-4fdf-48fe-bdb5-830a2db47746","video_thirdquartile","buzzfeed.com","Hover","Middle Banner - Standard","Phone","LG Smart TV","",1144673,"Walmart Grocery",7.5,"MDI1"
"41fd7689-5559-4894-b68f-7841ab43743c","video_complete","usatoday.com","Hover","Anchor w Video Package","Connected TV","LG Smart TV","Paramount+",1144800,"Home Depot",7.76,"MDI1"
"4d8cbc42-acdb-48c3-9151-e150588a7ba2","video_thirdquartile","people.com","ABA Display","Anchor w Video Package","Computer","Samsung TV","",1144790,"Apple",7.46,"MDI1"
"d58b2b94-b751-4ab4-b77b-0ed6b43df7f0","impression","theverge.com","Hover","Breakaway Display","Computer","","",1144721,"Starbucks",7.45,"MDI1"
"cce14b37-3d69-4db0-ad63-59c68d8798aa","video_thirdquartile","cnn.com","Breakaway","CTV Venti Package","Connected TV","Samsung TV","",1144780,"CVS",7.59,"MDI1"
"53efd762-e485-4f6c-bba4-1f36ad2f499b","impression","forbes.com","Hover","Anchor w Video Package","Connected TV","Apple TV","",1144721,"Starbucks",7.48,"MDI1"
"35086de6-9984-4e43-84d8-f4058eab9ea9","impression","tmz.com","Runway","Runway Premium","Tablet","","",1144850,"Sephora",7.41,"MDI1"
"60bcc165-0351-4e7b-b506-9479c9168655","video_thirdquartile","variety.com","Breakaway","Mobile Hover","Tablet","","Tubi",1144673,"Walmart Grocery",7.43,"MDI1"
"2ecf5db9-0bef-4912-a874-94f8ce59c8e9","click","tmz.com","Breakaway","Mobile Hover","Tablet","","",1144720,"McDonalds",7.46,"MDI1"
"2ecf5db9-0bef-4912-a874-94f8ce59c8e9","click","tmz.com","Breakaway","Mobile Hover","Tablet","","",1144720,"McDonalds",7.46,"MDI1"
"4a5c2458-513b-4a16-9d70-cb5ce3c6b551","video_complete","forbes.com","ABA Display","CTV Venti Package","Phone","","",1144760,"Nike",7.51,"MDI1"
"ae5e6392-a7b1-4ccc-a759-3cc8f9220933","video_firstquartile","buzzfeed.com","Hover","Breakaway Display","Tablet","","",1144850,"Sephora",7.39,"MDI1"
"74a0397a-8d23-47ed-8e77-ef5cd35ea046","video_complete","usatoday.com","Venti","Breakaway Display","Phone","","",1144720,"McDonalds",7.51,"MDI1"
"74a0397a-8d23-47ed-8e77-ef5cd35ea046","video_complete","usatoday.com","Venti","Breakaway Display","Phone","","",1144720,"McDonalds",7.51,"MDI1"
"a8185f99-26cd-4505-b33e-fe9a8b69c336","video_thirdquartile","buzzfeed.com","Breakaway","Runway Premium","Phone","","",1144800,"Home Depot",7.44,"MDI1"
"a8185f99-26cd-4505-b33e-fe9a8b69c336","video_thirdquartile","buzzfeed.com","Breakaway","Runway Premium","Phone","","",1144800,"Home Depot",7.44,"MDI1"
"043154f2-947c-47d0-a38a-35a83d30ebd4","video_load","forbes.com","ABA Display","Middle Banner - Standard","Tablet","Fire TV","",1144850,"Sephora",7.4,"MDI1"
"043154f2-947c-47d0-a38a-35a83d30ebd4","video_load","forbes.com","ABA Display","Middle Banner - Standard","Tablet","Fire TV","",1144850,"Sephora",7.4,"MDI1"
"5adc71da-d668-4bed-aa74-26132d35e8ba","impression","forbes.com","Runway","Breakaway Display","Tablet","","",1144780,"CVS",7.42,"MDI1"
"c2889783-8700-4855-8258-bc72f7ab1b6b","impression","people.com","Breakaway","CTV Venti Package","Phone","Apple TV","",1144910,"Netflix",7.41,"MDI1"
"38a3e774-cfb1-490f-be00-4459046797a0","video_load","cnn.com","ABA Display","Breakaway Display","Connected TV","","",1144850,"Sephora",7.4,"MDI1"
"38a3e774-cfb1-490f-be00-4459046797a0","video_load","cnn.com","ABA Display","Breakaway Display","Connected TV","","",1144850,"Sephora",7.4,"MDI1"
"c36d3ad8-94e1-4ac7-a362-1324bcc0a985","video_load","people.com","Breakaway","Breakaway Display","Connected TV","LG Smart TV","",1144760,"Nike",7.46,"MDI1"
"c36d3ad8-94e1-4ac7-a362-1324bcc0a985","video_load","people.com","Breakaway","Breakaway Display","Connected TV","LG Smart TV","",1144760,"Nike",7.46,"MDI1"
"719c3f06-53fc-4042-9f57-b6c110972618","impression","usatoday.com","HighRise","Anchor w Video Package","Connected TV","","",1144673,"Walmart Grocery",7.41,"MDI1"
"719c3f06-53fc-4042-9f57-b6c110972618","impression","usatoday.com","HighRise","Anchor w Video Package","Connected TV","","",1144673,"Walmart Grocery",7.41,"MDI1"
"1fb7c356-12b7-456e-ac0e-b4c22411a486","click","cnn.com","Venti","Mobile Hover","Phone","","",1144850,"Sephora",7.51,"MDI1"
"d1f2dd1d-075a-42a2-8a04-5ecb009e610a","video_thirdquartile","theverge.com","Hover","Mobile Hover","Phone","","",1144850,"Sephora",7.52,"MDI1"
"c14484bc-7c49-4844-9ae8-a9ce23ea4e8b","video_thirdquartile","buzzfeed.com","Hover","Middle Banner - Standard","Computer","Fire TV","",1144790,"Apple",7.39,"MDI1"
"c14484bc-7c49-4844-9ae8-a9ce23ea4e8b","video_thirdquartile","buzzfeed.com","Hover","Middle Banner - Standard","Computer","Fire TV","",1144790,"Apple",7.39,"MDI1"
"c14484bc-7c49-4844-9ae8-a9ce23ea4e8b","video_thirdquartile","buzzfeed.com","Hover","Middle Banner - Standard","Computer","Fire TV","",1144790,"Apple",7.39,"MDI1"
"cb80accc-1925-472b-a12c-ed3531c06afa","impression","cnn.com","ABA Display","Middle Banner - Standard","Tablet","","",1144761,"Old Navy",7.49,"MDI1"
"cb80accc-1925-472b-a12c-ed3531c06afa","impression","cnn.com","ABA Display","Middle Banner - Standard","Tablet","","",1144761,"Old Navy",7.49,"MDI1"
"07164dc2-d7de-483d-a1b7-93d01ffb167c","video_firstquartile","variety.com","HighRise","Anchor w Video Package","Connected TV","","",1144721,"Starbucks",7.39,"MDI1"
"22f9ece0-a66a-4eed-a9b8-0ff5bab3a2cb","video_start","forbes.com","Runway","CTV Venti Package","Phone","","",1144910,"Netflix",7.43,"MDI1"
"22f9ece0-a66a-4eed-a9b8-0ff5bab3a2cb","video_start","forbes.com","Runway","CTV Venti Package","Phone","","",1144910,"Netflix",7.43,"MDI1"
"a4162287-9280-41e3-a5db-ee226ec38852","video_firstquartile","buzzfeed.com","ABA Display","Breakaway Display","Connected TV","","",1144760,"Nike",7.47,"MDI1"
"a4162287-9280-41e3-a5db-ee226ec38852","video_firstquartile","buzzfeed.com","ABA Display","Breakaway Display","Connected TV","","",1144760,"Nike",7.47,"MDI1"
"a4162287-9280-41e3-a5db-ee226ec38852","video_firstquartile","buzzfeed.com","ABA Display","Breakaway Display","Connected TV","","",1144760,"Nike",7.47,"MDI1"
"67436796-3c28-4ad4-9500-58bb3126e076","impression","weather.com","HighRise","Mobile Hover","Phone","Android TV","Tubi",1144761,"Old Navy",7.48,"MDI1"
"67436796-3c28-4ad4-9500-58bb3126e076","impression","weather.com","HighRise","Mobile Hover","Phone","Android TV","Tubi",1144761,"Old Navy",7.48,"MDI1"
"4447e2e0-46c7-4f8b-8398-d9f1eb73d8a4","video_midpoint","theverge.com","ABA Display","Anchor w Video Package","Connected TV","Apple TV","",1144761,"Old Navy",7.5,"MDI1"
"b26cecf9-a24d-44b6-af69-d3c1d5f90519","impression","usatoday.com","Venti","Anchor w Video Package","Phone","Apple TV","Peacock",1144721,"Starbucks",7.54,"MDI1"
"f8a9f019-46ba-48af-8120-a68eddda4c9e","video_load","usatoday.com","Venti","CTV Venti Package","Connected TV","","",1144790,"Apple",7.42,"MDI1"
"efe89d3b-cbe9-491b-b138-1f10d7b4ee3d","video_midpoint","usatoday.com","ABA Display","CTV Venti Package","Connected TV","","Tubi",1144780,"CVS",7.49,"MDI1"
"4648cfdc-0c7a-462e-a4d4-80b93a4651fc","video_firstquartile","variety.com","Hover","Runway Premium","Phone","","Peacock",1144800,"Home Depot",7.4,"MDI1"
"f07057d9-825d-451c-a95d-08d0c62a7155","video_midpoint","theverge.com","Runway","Runway Premium","Phone","","",1144722,"Chick-fil-A",7.52,"MDI1"
"f91bc24a-d4fc-4389-b028-1f786bac16d0","video_midpoint","cnn.com","Venti","Mobile Hover","Connected TV","Apple TV","",1144750,"Target",7.59,"MDI1"
"58f1a685-5a78-425a-b041-c52109850f73","impression","variety.com","Breakaway","Middle Banner - Standard","Connected TV","","",1144721,"Starbucks",7.45,"MDI1"
"58f1a685-5a78-425a-b041-c52109850f73","impression","variety.com","Breakaway","Middle Banner - Standard","Connected TV","","",1144721,"Starbucks",7.45,"MDI1"
"58f1a685-5a78-425a-b041-c52109850f73","impression","variety.com","Breakaway","Middle Banner - Standard","Connected TV","","",1144721,"Starbucks",7.45,"MDI1"
"58f1a685-5a78-425a-b041-c52109850f73","impression","variety.com","Breakaway","Middle Banner - Standard","Connected TV","","",1144721,"Starbucks",7.45,"MDI1"
"7a346d62-d4a3-44fb-9d2c-542586571b79","video_complete","people.com","HighRise","Middle Banner - Standard","Tablet","","Peacock",1144850,"Sephora",7.52,"MDI1"
"585ecfed-129a-4625-99b0-2f4925dc80c0","video_start","variety.com","HighRise","Mobile Hover","Connected TV","","",1144850,"Sephora",7.48,"MDI1"
"5102410a-9cf8-48ae-aee3-83aa1648b556","video_complete","cnn.com","Hover","Runway Premium","Connected TV","","",1144721,"Starbucks",7.43,"MDI1"
"ba2bcc5c-4128-410d-8b0c-de7819c0c39b","video_firstquartile","buzzfeed.com","HighRise","Anchor w Video Package","Phone","","",1144673,"Walmart Grocery",7.49,"MDI1"
"3aec56e2-947c-460f-9cfb-e322a28b3416","impression","buzzfeed.com","HighRise","CTV Venti Package","Tablet","","Pluto TV",1144910,"Netflix",7.39,"MDI1"
"6a3e3a7c-3cca-4375-a28f-35f55073be5d","video_thirdquartile","theverge.com","Runway","Mobile Hover","Connected TV","","",1144910,"Netflix",7.43,"MDI1"
"6a3e3a7c-3cca-4375-a28f-35f55073be5d","video_thirdquartile","theverge.com","Runway","Mobile Hover","Connected TV","","",1144910,"Netflix",7.43,"MDI1"
"16525044-fda8-44d4-a07f-ec9b3dce4cdb","video_midpoint","techcrunch.com","ABA Display","Mobile Hover","Tablet","","",1144673,"Walmart Grocery",7.45,"MDI1"
"1a96dda5-d1d4-4295-8922-41afba07e6d4","video_complete","variety.com","Runway","Anchor w Video Package","Tablet","","",1144850,"Sephora",7.5,"MDI1"
"15d3cc29-7336-4d38-aa02-991b5dd153dc","video_firstquartile","weather.com","Venti","CTV Venti Package","Connected TV","","Paramount+",1144722,"Chick-fil-A",7.42,"MDI1"
"15d3cc29-7336-4d38-aa02-991b5dd153dc","video_firstquartile","weather.com","Venti","CTV Venti Package","Connected TV","","Paramount+",1144722,"Chick-fil-A",7.42,"MDI1"
"8882583e-35dc-4279-8716-56fb583345ad","video_start","theverge.com","Hover","Mobile Hover","Connected TV","Samsung TV","",1144750,"Target",7.47,"MDI1"
"95cb914b-41d1-4c54-a1d9-99dde68a2020","video_complete","nytimes.com","Hover","Breakaway Display","Phone","","",1144760,"Nike",7.4,"MDI1"
"e40dd891-6067-4c0c-b02b-b57087da5ba4","video_firstquartile","theverge.com","Breakaway","Mobile Hover","Computer","","",1144722,"Chick-fil-A",7.41,"MDI1"
"05ae8671-78e8-452c-a1c1-30c281c3c52e","click","variety.com","HighRise","Breakaway Display","Phone","","",1144722,"Chick-fil-A",7.56,"MDI1"
"05ae8671-78e8-452c-a1c1-30c281c3c52e","click","variety.com","HighRise","Breakaway Display","Phone","","",1144722,"Chick-fil-A",7.56,"MDI1"
"dfb42036-ea9d-418b-9f85-a07179e1581a","video_complete","buzzfeed.com","ABA Display","Breakaway Display","Tablet","Fire TV","",1144720,"McDonalds",7.55,"MDI1"
"445bcb38-71ca-4295-971e-69a6a478eb1b","click","forbes.com","Hover","CTV Venti Package","Connected TV","Android TV","Pluto TV",1144673,"Walmart Grocery",7.59,"MDI1"
"14679271-2c22-4ea9-8908-731cd8d83d8b","impression","espn.com","Hover","Mobile Hover","Tablet","","Paramount+",1144720,"McDonalds",7.45,"MDI1"
"14679271-2c22-4ea9-8908-731cd8d83d8b","impression","espn.com","Hover","Mobile Hover","Tablet","","Paramount+",1144720,"McDonalds",7.45,"MDI1"
"95e437a1-7345-4408-8731-b3c5b3749ef2","impression","weather.com","Venti","Breakaway Display","Phone","","",1144780,"CVS",7.47,"MDI1"
"1e594add-7714-4832-855d-7cb7f4970e1a","video_firstquartile","forbes.com","Venti","Breakaway Display","Phone","Android TV","Peacock",1144780,"CVS",7.51,"MDI1"
"c227b5ca-115b-45c7-810e-2880469169ab","impression","buzzfeed.com","HighRise","Mobile Hover","Phone","","",1144722,"Chick-fil-A",7.47,"MDI1"
"c227b5ca-115b-45c7-810e-2880469169ab","impression","buzzfeed.com","HighRise","Mobile Hover","Phone","","",1144722,"Chick-fil-A",7.47,"MDI1"
"ec3cdd4e-b153-4b0d-ae54-2926116f72a5","video_load","techcrunch.com","Runway","Middle Banner - Standard","Phone","","",1144800,"Home Depot",7.5,"MDI1"
"7f1fb5a6-351c-4c6a-aaee-43285c94f1bf","video_load","tmz.com","HighRise","Mobile Hover","Computer","","Fubo TV",1144750,"Target",7.43,"MDI1"
"86ac1842-2a61-4869-a1aa-bb8e578c6448","impression","espn.com","Venti","Breakaway Display","Phone","","",1144750,"Target",7.39,"MDI1"
"86ac1842-2a61-4869-a1aa-bb8e578c6448","impression","espn.com","Venti","Breakaway Display","Phone","","",1144750,"Target",7.39,"MDI1"
"fed74dea-9990-4624-8356-05a5bc014315","video_firstquartile","buzzfeed.com","Venti","CTV Venti Package","Tablet","Samsung TV","",1144722,"Chick-fil-A",7.43,"MDI1"
"b465ad3b-911b-45f7-9168-f1e721425666","impression","forbes.com","Runway","Anchor w Video Package","Connected TV","Fire TV","",1144760,"Nike",7.44,"MDI1"
"b465ad3b-911b-45f7-9168-f1e721425666","impression","forbes.com","Runway","Anchor w Video Package","Connected TV","Fire TV","",1144760,"Nike",7.44,"MDI1"
"96bada8b-72b0-4fab-bd17-5c3149c34d59","video_complete","forbes.com","Venti","Breakaway Display","Computer","","",1144673,"Walmart Grocery",7.4,"MDI1"
"96bada8b-72b0-4fab-bd17-5c3149c34d59","video_complete","forbes.com","Venti","Breakaway Display","Computer","","",1144673,"Walmart Grocery",7.4,"MDI1"
"6b73e134-2adc-4f22-b425-0c0fd66ca9e9","video_load","techcrunch.com","HighRise","Middle Banner - Standard","Tablet","Apple TV","",1144761,"Old Navy",7.49,"MDI1"
"6b73e134-2adc-4f22-b425-0c0fd66ca9e9","video_load","techcrunch.com","HighRise","Middle Banner - Standard","Tablet","Apple TV","",1144761,"Old Navy",7.49,"MDI1"
"6b73e134-2adc-4f22-b425-0c0fd66ca9e9","video_load","techcrunch.com","HighRise","Middle Banner - Standard","Tablet","Apple TV","",1144761,"Old Navy",7.49,"MDI1"
"84a99a8d-1701-4712-99ff-fdb5b76ef147","video_complete","weather.com","Venti","CTV Venti Package","Tablet","","",1144790,"Apple",7.49,"MDI1"
"04848fc1-f6e5-41ad-90c9-4389bf6cb37c","click","weather.com","Breakaway","Middle Banner - Standard","Tablet","","Pluto TV",1144720,"McDonalds",7.41,"MDI1"
"04848fc1-f6e5-41ad-90c9-4389bf6cb37c","click","weather.com","Breakaway","Middle Banner - Standard","Tablet","","Pluto TV",1144720,"McDonalds",7.41,"MDI1"
"04848fc1-f6e5-41ad-90c9-4389bf6cb37c","click","weather.com","Breakaway","Middle Banner - Standard","Tablet","","Pluto TV",1144720,"McDonalds",7.41,"MDI1"
"04848fc1-f6e5-41ad-90c9-4389bf6cb37c","click","weather.com","Breakaway","Middle Banner - Standard","Tablet","","Pluto TV",1144720,"McDonalds",7.41,"MDI1"
"04848fc1-f6e5-41ad-90c9-4389bf6cb37c","click","weather.com","Breakaway","Middle Banner - Standard","Tablet","","Pluto TV",1144720,"McDonalds",7.41,"MDI1"
"04848fc1-f6e5-41ad-90c9-4389bf6cb37c","click","weather.com","Breakaway","Middle Banner - Standard","Tablet","","Pluto TV",1144720,"McDonalds",7.41,"MDI1"
"c2f2fd96-6922-4b39-ad9d-d0ca4ea42a6f","click","buzzfeed.com","Runway","Breakaway Display","Tablet","","",1144673,"Walmart Grocery",7.4,"MDI1"
"c2f2fd96-6922-4b39-ad9d-d0ca4ea42a6f","click","buzzfeed.com","Runway","Breakaway Display","Tablet","","",1144673,"Walmart Grocery",7.4,"MDI1"
"6d3f4f03-fdcb-48c6-a9e0-3cae46089c16","video_thirdquartile","techcrunch.com","ABA Display","Mobile Hover","Phone","Roku","",1144750,"Target",7.41,"MDI1"
"6d3f4f03-fdcb-48c6-a9e0-3cae46089c16","video_thirdquartile","techcrunch.com","ABA Display","Mobile Hover","Phone","Roku","",1144750,"Target",7.41,"MDI1"
"dbf09fec-edb1-4107-b370-1cecdbd05e21","video_firstquartile","usatoday.com","ABA Display","Mobile Hover","Phone","Android TV","",1144720,"McDonalds",7.51,"MDI1"
"dbf09fec-edb1-4107-b370-1cecdbd05e21","video_firstquartile","usatoday.com","ABA Display","Mobile Hover","Phone","Android TV","",1144720,"McDonalds",7.51,"MDI1"
"dbf09fec-edb1-4107-b370-1cecdbd05e21","video_firstquartile","usatoday.com","ABA Display","Mobile Hover","Phone","Android TV","",1144720,"McDonalds",7.51,"MDI1"
"49ecd196-71b9-43d5-b12a-e181a2edb380","video_midpoint","techcrunch.com","Runway","Anchor w Video Package","Tablet","","",1144850,"Sephora",7.46,"MDI1"
"96ae8b30-3563-4850-a728-beb656da8b89","video_start","variety.com","ABA Display","CTV Venti Package","Computer","Android TV","Paramount+",1144722,"Chick-fil-A",7.49,"MDI1"
"239bde6e-9c2e-43af-ae9a-c3581c1fbc6f","impression","forbes.com","Breakaway","Middle Banner - Standard","Tablet","","",1144720,"McDonalds",7.46,"MDI1"
"67071236-181d-4744-8bcc-6fbbcc21b600","impression","theverge.com","Hover","Mobile Hover","Connected TV","Android TV","",1144721,"Starbucks",7.54,"MDI1"
"67071236-181d-4744-8bcc-6fbbcc21b600","impression","theverge.com","Hover","Mobile Hover","Connected TV","Android TV","",1144721,"Starbucks",7.54,"MDI1"
"67071236-181d-4744-8bcc-6fbbcc21b600","impression","theverge.com","Hover","Mobile Hover","Connected TV","Android TV","",1144721,"Starbucks",7.54,"MDI1"
"67071236-181d-4744-8bcc-6fbbcc21b600","impression","theverge.com","Hover","Mobile Hover","Connected TV","Android TV","",1144721,"Starbucks",7.54,"MDI1"
"67071236-181d-4744-8bcc-6fbbcc21b600","impression","theverge.com","Hover","Mobile Hover","Connected TV","Android TV","",1144721,"Starbucks",7.54,"MDI1"
"5eb29b00-f663-4318-9c78-9fa94cf2a5f5","video_firstquartile","weather.com","Breakaway","Anchor w Video Package","Connected TV","","",1144720,"McDonalds",7.47,"MDI1"
"5eb29b00-f663-4318-9c78-9fa94cf2a5f5","video_firstquartile","weather.com","Breakaway","Anchor w Video Package","Connected TV","","",1144720,"McDonalds",7.47,"MDI1"
"ff374b41-c734-476b-8b97-39b3cc59f19f","impression","buzzfeed.com","Hover","Mobile Hover","Phone","","",1144850,"Sephora",7.51,"MDI1"
"e30099f0-3766-4962-a689-cb2d93882db5","video_start","nytimes.com","ABA Display","Anchor w Video Package","Connected TV","","Paramount+",1144761,"Old Navy",7.45,"MDI1"
"d3eda3c9-1080-48a8-87d9-2ec78b94e038","impression","people.com","ABA Display","CTV Venti Package","Connected TV","Fire TV","",1144800,"Home Depot",7.53,"MDI1"
"5bc4e97f-dcc1-4274-b5d1-e3a113fc6b4a","video_load","techcrunch.com","ABA Display","Breakaway Display","Tablet","","",1144760,"Nike",7.44,"MDI1"
"5bc4e97f-dcc1-4274-b5d1-e3a113fc6b4a","video_load","techcrunch.com","ABA Display","Breakaway Display","Tablet","","",1144760,"Nike",7.44,"MDI1"
"5bc4e97f-dcc1-4274-b5d1-e3a113fc6b4a","video_load","techcrunch.com","ABA Display","Breakaway Display","Tablet","","",1144760,"Nike",7.44,"MDI1"
"5bc4e97f-dcc1-4274-b5d1-e3a113fc6b4a","video_load","techcrunch.com","ABA Display","Breakaway Display","Tablet","","",1144760,"Nike",7.44,"MDI1"
"f7ce1fc3-7f81-48b5-9186-af761d8e1a88","impression","weather.com","Runway","Mobile Hover","Connected TV","","",1144780,"CVS",7.47,"MDI1"
"f6ac74e1-beaa-4e19-81c1-a46019665796","video_thirdquartile","forbes.com","Venti","Breakaway Display","Connected TV","Samsung TV","",1144760,"Nike",7.44,"MDI1"
"f6ac74e1-beaa-4e19-81c1-a46019665796","video_thirdquartile","forbes.com","Venti","Breakaway Display","Connected TV","Samsung TV","",1144760,"Nike",7.44,"MDI1"
"3c40de14-3d3e-40fa-b9c5-bfb0a5324d13","video_start","variety.com","Runway","Middle Banner - Standard","Connected TV","","Pluto TV",1144760,"Nike",7.5,"MDI1"
"fc803de4-a6cc-447c-a0b3-f2fa8d46bcef","click","tmz.com","Hover","Runway Premium","Connected TV","","",1144722,"Chick-fil-A",7.63,"MDI1"
"1c917d18-b568-4dc2-be94-c48af2c5c2e7","video_midpoint","usatoday.com","HighRise","Runway Premium","Phone","","",1144780,"CVS",7.46,"MDI1"
"be5847cf-fef3-4613-827f-42bd0a2834a4","video_firstquartile","usatoday.com","Hover","Anchor w Video Package","Connected TV","Samsung TV","",1144910,"Netflix",7.58,"MDI1"
"f44d47b7-7c4d-405d-9620-df1fdbcd86f3","video_midpoint","buzzfeed.com","HighRise","Runway Premium","Connected TV","Android TV","",1144800,"Home Depot",7.57,"MDI1"
"58b5fc25-91d1-43d2-817a-b8fa22aa1c61","video_complete","tmz.com","Runway","Runway Premium","Computer","","",1144760,"Nike",7.43,"MDI1"
"58b5fc25-91d1-43d2-817a-b8fa22aa1c61","video_complete","tmz.com","Runway","Runway Premium","Computer","","",1144760,"Nike",7.43,"MDI1"
"a5a54191-614d-4d34-9ba5-a358228f5b53","impression","espn.com","Venti","Breakaway Display","Phone","","",1144720,"McDonalds",7.51,"MDI1"
"77a7716f-3597-442a-b9f6-59eceaede198","video_complete","buzzfeed.com","ABA Display","CTV Venti Package","Phone","","",1144722,"Chick-fil-A",7.41,"MDI1"
"b3cbf804-f9c9-4a60-9a4f-f557a0af3b2b","video_load","espn.com","ABA Display","Runway Premium","Tablet","Samsung TV","",1144760,"Nike",7.51,"MDI1"
"b3cbf804-f9c9-4a60-9a4f-f557a0af3b2b","video_load","espn.com","ABA Display","Runway Premium","Tablet","Samsung TV","",1144760,"Nike",7.51,"MDI1"
"5c014bc6-68e5-4016-99fb-f061aeddea49","impression","forbes.com","Breakaway","Anchor w Video Package","Connected TV","","",1144750,"Target",7.49,"MDI1"
"5c014bc6-68e5-4016-99fb-f061aeddea49","impression","forbes.com","Breakaway","Anchor w Video Package","Connected TV","","",1144750,"Target",7.49,"MDI1"
"6ecfba05-4d98-4b2a-8762-02dd3fde6233","video_midpoint","cnn.com","HighRise","CTV Venti Package","Connected TV","","",1144761,"Old Navy",7.54,"MDI1"
"26d84df2-59c3-492c-81da-3b75064dfaee","click","espn.com","Venti","CTV Venti Package","Phone","","",1144761,"Old Navy",7.41,"MDI1"
"26d84df2-59c3-492c-81da-3b75064dfaee","click","espn.com","Venti","CTV Venti Package","Phone","","",1144761,"Old Navy",7.41,"MDI1"
"d053f0f8-fc59-43dd-8be0-06554217fe67","video_start","theverge.com","Venti","Middle Banner - Standard","Phone","Fire TV","Paramount+",1144721,"Starbucks",7.46,"MDI1"
"70ba3416-429b-435f-83e4-8a9df5476003","video_start","people.com","Hover","Anchor w Video Package","Tablet","","",1144910,"Netflix",7.45,"MDI1"
"a0167024-6472-41e3-8073-11d19d479ed2","impression","variety.com","Runway","Mobile Hover","Connected TV","Fire TV","",1144910,"Netflix",7.4,"MDI1"
"a0167024-6472-41e3-8073-11d19d479ed2","impression","variety.com","Runway","Mobile Hover","Connected TV","Fire TV","",1144910,"Netflix",7.4,"MDI1"
"a0167024-6472-41e3-8073-11d19d479ed2","impression","variety.com","Runway","Mobile Hover","Connected TV","Fire TV","",1144910,"Netflix",7.4,"MDI1"
"ea953383-46fa-46dd-a982-2bfa7b40a0a5","video_thirdquartile","weather.com","Venti","Mobile Hover","Tablet","","",1144750,"Target",7.4,"MDI1"
"21d1c7ad-ff2e-440c-aa9c-48d98dac8168","video_complete","espn.com","Runway","Breakaway Display","Phone","","",1144910,"Netflix",7.52,"MDI1"
"21d1c7ad-ff2e-440c-aa9c-48d98dac8168","video_complete","espn.com","Runway","Breakaway Display","Phone","","",1144910,"Netflix",7.52,"MDI1"
"910515f7-743d-48eb-a6eb-3034c2c92651","impression","espn.com","Runway","CTV Venti Package","Connected TV","Roku","",1144722,"Chick-fil-A",7.56,"MDI1"
"910515f7-743d-48eb-a6eb-3034c2c92651","impression","espn.com","Runway","CTV Venti Package","Connected TV","Roku","",1144722,"Chick-fil-A",7.56,"MDI1"
"dd5402bb-62e1-4491-a449-c22d0b60f0cd","video_load","cnn.com","HighRise","Mobile Hover","Phone","","",1144800,"Home Depot",7.47,"MDI1"
"043d31ea-4c5a-44c3-9992-5d752cbc4e45","video_complete","usatoday.com","Runway","Anchor w Video Package","Connected TV","","",1144721,"Starbucks",7.56,"MDI1"
"cd42edb5-7a84-43b3-8be0-15bcd6dcca14","video_thirdquartile","weather.com","Venti","Runway Premium","Connected TV","LG Smart TV","",1144761,"Old Navy",7.44,"MDI1"
"96965bcb-1082-4aa3-919f-6287ca5dacf0","video_thirdquartile","tmz.com","Runway","Runway Premium","Computer","Android TV","",1144761,"Old Navy",7.39,"MDI1"
"ebaee344-e6f1-4399-9d61-66615d5399e0","video_firstquartile","techcrunch.com","HighRise","Anchor w Video Package","Phone","","",1144790,"Apple",7.43,"MDI1"
"629b7aba-f603-4271-848c-25cda863fb5c","click","forbes.com","Venti","Mobile Hover","Tablet","","",1144910,"Netflix",7.56,"MDI1"
"6e7f634f-4a77-4897-924c-ed9ab2fad097","video_midpoint","cnn.com","ABA Display","Breakaway Display","Computer","","",1144850,"Sephora",7.46,"MDI1"
"f918793f-7514-4a49-87bb-aa4bfd242571","video_thirdquartile","variety.com","Breakaway","Runway Premium","Tablet","","",1144780,"CVS",7.4,"MDI1"
"1202e911-b4e8-4215-9490-6ea86b0a6325","video_load","cnn.com","Venti","Breakaway Display","Connected TV","","",1144750,"Target",7.47,"MDI1"
"1202e911-b4e8-4215-9490-6ea86b0a6325","video_load","cnn.com","Venti","Breakaway Display","Connected TV","","",1144750,"Target",7.47,"MDI1"
"4856ff8c-25bd-42ff-b925-1d7a64c1fb10","video_start","techcrunch.com","Venti","Middle Banner - Standard","Phone","","Tubi",1144673,"Walmart Grocery",7.47,"MDI1"
"4856ff8c-25bd-42ff-b925-1d7a64c1fb10","video_start","techcrunch.com","Venti","Middle Banner - Standard","Phone","","Tubi",1144673,"Walmart Grocery",7.47,"MDI1"
"2478ae3f-4099-4d10-8544-c27ea7635fd0","video_load","variety.com","Breakaway","Anchor w Video Package","Connected TV","","",1144722,"Chick-fil-A",7.51,"MDI1"
"660cb06f-5d41-4613-889e-09c797425935","impression","tmz.com","Breakaway","CTV Venti Package","Connected TV","","",1144850,"Sephora",7.45,"MDI1"
"6d6a69c3-9023-4b14-8782-b4934370e2f1","video_thirdquartile","usatoday.com","Venti","CTV Venti Package","Computer","","",1144800,"Home Depot",7.44,"MDI1"
"eed1ca2b-b9c0-4cb9-b0b9-d69091cf7118","impression","techcrunch.com","Runway","Runway Premium","Connected TV","","",1144750,"Target",7.47,"MDI1"
"cfd23f79-4554-4ecd-992a-88f1ec2f18be","video_midpoint","forbes.com","Breakaway","Anchor w Video Package","Connected TV","","",1144760,"Nike",7.45,"MDI1"
"7540c505-cd64-440c-98f3-46643b183053","video_firstquartile","theverge.com","Hover","Anchor w Video Package","Computer","Fire TV","Tubi",1144721,"Starbucks",7.39,"MDI1"
"f57b527b-f6a4-4570-b946-d2d8b95e2252","video_complete","weather.com","HighRise","CTV Venti Package","Computer","Apple TV","",1144721,"Starbucks",7.49,"MDI1"
"f57b527b-f6a4-4570-b946-d2d8b95e2252","video_complete","weather.com","HighRise","CTV Venti Package","Computer","Apple TV","",1144721,"Starbucks",7.49,"MDI1"
"560dc4f2-9150-492c-a57c-3fb3e15b7c52","video_start","cnn.com","HighRise","Anchor w Video Package","Phone","LG Smart TV","",1144673,"Walmart Grocery",7.54,"MDI1"
"b071f8d0-e1c0-45db-94fe-e39d7c011919","impression","forbes.com","Hover","Runway Premium","Connected TV","","",1144910,"Netflix",7.51,"MDI1"
"902046af-7fe7-4fb1-8d11-fa6aaab8aa22","video_load","techcrunch.com","HighRise","Mobile Hover","Connected TV","Samsung TV","",1144720,"McDonalds",7.5,"MDI1"
"902046af-7fe7-4fb1-8d11-fa6aaab8aa22","video_load","techcrunch.com","HighRise","Mobile Hover","Connected TV","Samsung TV","",1144720,"McDonalds",7.5,"MDI1"
"902046af-7fe7-4fb1-8d11-fa6aaab8aa22","video_load","techcrunch.com","HighRise","Mobile Hover","Connected TV","Samsung TV","",1144720,"McDonalds",7.5,"MDI1"
"902046af-7fe7-4fb1-8d11-fa6aaab8aa22","video_load","techcrunch.com","HighRise","Mobile Hover","Connected TV","Samsung TV","",1144720,"McDonalds",7.5,"MDI1"
"32413d7f-0b99-45de-beae-4b9b0f59e0a2","video_start","nytimes.com","Breakaway","Runway Premium","Phone","","Paramount+",1144760,"Nike",7.39,"MDI1"
"32413d7f-0b99-45de-beae-4b9b0f59e0a2","video_start","nytimes.com","Breakaway","Runway Premium","Phone","","Paramount+",1144760,"Nike",7.39,"MDI1"
"50a36ebe-4362-48df-9fe6-af111d2facfb","video_thirdquartile","weather.com","HighRise","Middle Banner - Standard","Tablet","","Pluto TV",1144850,"Sephora",7.48,"MDI1"
"5f4a6d04-67e9-4271-84c7-f109ec37e0cb","video_complete","techcrunch.com","Venti","Mobile Hover","Connected TV","","Fubo TV",1144750,"Target",7.57,"MDI1"
"fd00149d-8f63-4334-9d9f-30e9540c3c62","video_complete","nytimes.com","Venti","Breakaway Display","Phone","","",1144800,"Home Depot",7.53,"MDI1"
"ef7849f5-19c1-4f4e-8834-15bfada4a7da","click","usatoday.com","Breakaway","Middle Banner - Standard","Tablet","LG Smart TV","",1144750,"Target",7.55,"MDI1"
"ef7849f5-19c1-4f4e-8834-15bfada4a7da","click","usatoday.com","Breakaway","Middle Banner - Standard","Tablet","LG Smart TV","",1144750,"Target",7.55,"MDI1"
"ef7849f5-19c1-4f4e-8834-15bfada4a7da","click","usatoday.com","Breakaway","Middle Banner - Standard","Tablet","LG Smart TV","",1144750,"Target",7.55,"MDI1"
"ef7849f5-19c1-4f4e-8834-15bfada4a7da","click","usatoday.com","Breakaway","Middle Banner - Standard","Tablet","LG Smart TV","",1144750,"Target",7.55,"MDI1"
"9c394a67-884e-4abf-8691-6a1647d906cb","impression","usatoday.com","Hover","Middle Banner - Standard","Computer","","",1144750,"Target",7.39,"MDI1"
"9c394a67-884e-4abf-8691-6a1647d906cb","impression","usatoday.com","Hover","Middle Banner - Standard","Computer","","",1144750,"Target",7.39,"MDI1"
"fd216bf1-d925-498d-b6b6-dc1d2ef05a25","impression","tmz.com","HighRise","CTV Venti Package","Phone","Apple TV","",1144722,"Chick-fil-A",7.51,"MDI1"
"ea473563-c3df-43b4-bf68-0429387810fd","video_midpoint","theverge.com","Runway","Breakaway Display","Phone","","",1144761,"Old Navy",7.53,"MDI1"
"ea473563-c3df-43b4-bf68-0429387810fd","video_midpoint","theverge.com","Runway","Breakaway Display","Phone","","",1144761,"Old Navy",7.53,"MDI1"
"ea473563-c3df-43b4-bf68-0429387810fd","video_midpoint","theverge.com","Runway","Breakaway Display","Phone","","",1144761,"Old Navy",7.53,"MDI1"
"5c566a85-5fff-4a73-883d-993e0c369197","video_complete","forbes.com","Venti","Breakaway Display","Tablet","Apple TV","",1144761,"Old Navy",7.42,"MDI1"
"3f1f6f77-4a27-4538-b976-7d2012278c4d","impression","buzzfeed.com","Venti","Breakaway Display","Connected TV","","Fubo TV",1144720,"McDonalds",7.45,"MDI1"
"3f1f6f77-4a27-4538-b976-7d2012278c4d","impression","buzzfeed.com","Venti","Breakaway Display","Connected TV","","Fubo TV",1144720,"McDonalds",7.45,"MDI1"
"87fcfa21-be42-422e-b2ec-429aa9e5157f","video_load","people.com","HighRise","Mobile Hover","Tablet","","",1144800,"Home Depot",7.44,"MDI1"
"87fcfa21-be42-422e-b2ec-429aa9e5157f","video_load","people.com","HighRise","Mobile Hover","Tablet","","",1144800,"Home Depot",7.44,"MDI1"
"8be3016b-a1da-4bc1-ab8d-26f1c34199af","video_start","nytimes.com","Venti","Anchor w Video Package","Connected TV","","",1144720,"McDonalds",7.42,"MDI1"
"1e222896-0d53-4251-8d92-206bafceacb5","video_firstquartile","nytimes.com","ABA Display","Middle Banner - Standard","Phone","","",1144721,"Starbucks",7.47,"MDI1"
"b21d717f-4264-4cc2-b589-6a3e87a7f444","video_complete","usatoday.com","Venti","CTV Venti Package","Computer","Samsung TV","Fubo TV",1144761,"Old Navy",7.4,"MDI1"
"88a61923-c6d4-42a2-bbe8-d02395821172","video_complete","cnn.com","Venti","Middle Banner - Standard","Connected TV","","Pluto TV",1144720,"McDonalds",7.61,"MDI1"
"ce8204a7-fa92-4306-adea-43e4b74ec78e","click","buzzfeed.com","Venti","Breakaway Display","Connected TV","","",1144850,"Sephora",7.61,"MDI1"
"ce8204a7-fa92-4306-adea-43e4b74ec78e","click","buzzfeed.com","Venti","Breakaway Display","Connected TV","","",1144850,"Sephora",7.61,"MDI1"
"b12f41d8-e15b-4b21-a711-ed1b6bf85843","video_load","people.com","Hover","Middle Banner - Standard","Connected TV","","Pluto TV",1144720,"McDonalds",7.54,"MDI1"
"b12f41d8-e15b-4b21-a711-ed1b6bf85843","video_load","people.com","Hover","Middle Banner - Standard","Connected TV","","Pluto TV",1144720,"McDonalds",7.54,"MDI1"
"b12f41d8-e15b-4b21-a711-ed1b6bf85843","video_load","people.com","Hover","Middle Banner - Standard","Connected TV","","Pluto TV",1144720,"McDonalds",7.54,"MDI1"
"0dfb597a-b1f0-42ae-9a3e-c9e70ff2cc16","video_firstquartile","people.com","Breakaway","Anchor w Video Package","Phone","","",1144761,"Old Navy",7.47,"MDI1"
"e11eda93-8f4c-43b0-b2e8-cab334004ca7","video_firstquartile","theverge.com","Breakaway","Mobile Hover","Tablet","","",1144673,"Walmart Grocery",7.42,"MDI1"
"8b8446b8-babe-4431-be64-cfa12267c687","video_firstquartile","buzzfeed.com","Breakaway","Middle Banner - Standard","Connected TV","","",1144850,"Sephora",7.47,"MDI1"
"77304604-c380-4588-8c33-3f96e5016696","video_complete","espn.com","ABA Display","CTV Venti Package","Connected TV","","",1144760,"Nike",7.55,"MDI1"
"52b25836-805c-4815-b0c7-f23de10d6f8d","video_complete","tmz.com","Hover","Runway Premium","Tablet","","",1144721,"Starbucks",7.39,"MDI1"
"52b25836-805c-4815-b0c7-f23de10d6f8d","video_complete","tmz.com","Hover","Runway Premium","Tablet","","",1144721,"Starbucks",7.39,"MDI1"
"cdb9c9a4-8479-4bf9-bcea-7ab16543bc3c","impression","people.com","Venti","Breakaway Display","Computer","Fire TV","",1144722,"Chick-fil-A",7.5,"MDI1"
"cdb9c9a4-8479-4bf9-bcea-7ab16543bc3c","impression","people.com","Venti","Breakaway Display","Computer","Fire TV","",1144722,"Chick-fil-A",7.5,"MDI1"
"51788951-5468-4d41-9fdd-1be1b098d8bf","video_midpoint","variety.com","Venti","Runway Premium","Tablet","","",1144722,"Chick-fil-A",7.44,"MDI1"
"51788951-5468-4d41-9fdd-1be1b098d8bf","video_midpoint","variety.com","Venti","Runway Premium","Tablet","","",1144722,"Chick-fil-A",7.44,"MDI1"
"ea4a1722-ea6b-4d19-8647-4ae1d42e83fe","impression","variety.com","Venti","Middle Banner - Standard","Tablet","","",1144750,"Target",7.39,"MDI1"
"ea4a1722-ea6b-4d19-8647-4ae1d42e83fe","impression","variety.com","Venti","Middle Banner - Standard","Tablet","","",1144750,"Target",7.39,"MDI1"
"ea4a1722-ea6b-4d19-8647-4ae1d42e83fe","impression","variety.com","Venti","Middle Banner - Standard","Tablet","","",1144750,"Target",7.39,"MDI1"
"ea4a1722-ea6b-4d19-8647-4ae1d42e83fe","impression","variety.com","Venti","Middle Banner - Standard","Tablet","","",1144750,"Target",7.39,"MDI1"
"ea4a1722-ea6b-4d19-8647-4ae1d42e83fe","impression","variety.com","Venti","Middle Banner - Standard","Tablet","","",1144750,"Target",7.39,"MDI1"
"ea4a1722-ea6b-4d19-8647-4ae1d42e83fe","impression","variety.com","Venti","Middle Banner - Standard","Tablet","","",1144750,"Target",7.39,"MDI1"
"11a85bab-b935-4a0d-89dd-aed45734ef7a","impression","people.com","Breakaway","Runway Premium","Phone","","Pluto TV",1144780,"CVS",7.43,"MDI1"
"11a85bab-b935-4a0d-89dd-aed45734ef7a","impression","people.com","Breakaway","Runway Premium","Phone","","Pluto TV",1144780,"CVS",7.43,"MDI1"
"11a85bab-b935-4a0d-89dd-aed45734ef7a","impression","people.com","Breakaway","Runway Premium","Phone","","Pluto TV",1144780,"CVS",7.43,"MDI1"
"844090fa-af22-41de-bf36-b46890b7cc38","video_load","cnn.com","Runway","Middle Banner - Standard","Connected TV","","",1144910,"Netflix",7.46,"MDI1"
"844090fa-af22-41de-bf36-b46890b7cc38","video_load","cnn.com","Runway","Middle Banner - Standard","Connected TV","","",1144910,"Netflix",7.46,"MDI1"
"844090fa-af22-41de-bf36-b46890b7cc38","video_load","cnn.com","Runway","Middle Banner - Standard","Connected TV","","",1144910,"Netflix",7.46,"MDI1"
"2b50f82f-2de9-4f40-8fb6-f2b8dd62eafe","impression","espn.com","HighRise","Mobile Hover","Connected TV","","",1144850,"Sephora",7.46,"MDI1"
"bf9a71da-408a-4e62-acda-432b55aab1e2","video_complete","techcrunch.com","Breakaway","Mobile Hover","Computer","Fire TV","",1144760,"Nike",7.51,"MDI1"
"bf9a71da-408a-4e62-acda-432b55aab1e2","video_complete","techcrunch.com","Breakaway","Mobile Hover","Computer","Fire TV","",1144760,"Nike",7.51,"MDI1"
"bf9a71da-408a-4e62-acda-432b55aab1e2","video_complete","techcrunch.com","Breakaway","Mobile Hover","Computer","Fire TV","",1144760,"Nike",7.51,"MDI1"
"81664d8b-8103-4e89-82ae-4e65e98f868c","impression","espn.com","Venti","Breakaway Display","Phone","Apple TV","",1144760,"Nike",7.56,"MDI1"
"81664d8b-8103-4e89-82ae-4e65e98f868c","impression","espn.com","Venti","Breakaway Display","Phone","Apple TV","",1144760,"Nike",7.56,"MDI1"
"81664d8b-8103-4e89-82ae-4e65e98f868c","impression","espn.com","Venti","Breakaway Display","Phone","Apple TV","",1144760,"Nike",7.56,"MDI1"
"7ae3ae39-bd9e-45e5-8bbf-ca3d4e5d3774","video_midpoint","tmz.com","Breakaway","CTV Venti Package","Connected TV","","",1144800,"Home Depot",7.49,"MDI1"
"7ae3ae39-bd9e-45e5-8bbf-ca3d4e5d3774","video_midpoint","tmz.com","Breakaway","CTV Venti Package","Connected TV","","",1144800,"Home Depot",7.49,"MDI1"
"6adeca45-da31-4181-acd3-26fc0a89a8ed","video_start","people.com","Runway","CTV Venti Package","Connected TV","","",1144760,"Nike",7.51,"MDI1"
"6adeca45-da31-4181-acd3-26fc0a89a8ed","video_start","people.com","Runway","CTV Venti Package","Connected TV","","",1144760,"Nike",7.51,"MDI1"
"3c8893c0-2c2e-4e58-8c0a-465fbc160cc0","video_thirdquartile","people.com","Hover","Anchor w Video Package","Tablet","Apple TV","",1144760,"Nike",7.42,"MDI1"
"3c8893c0-2c2e-4e58-8c0a-465fbc160cc0","video_thirdquartile","people.com","Hover","Anchor w Video Package","Tablet","Apple TV","",1144760,"Nike",7.42,"MDI1"
"4ef3c288-ee71-475a-a975-0f5b03545fce","video_thirdquartile","buzzfeed.com","Venti","Anchor w Video Package","Computer","","",1144760,"Nike",7.46,"MDI1"
"25c6af91-24d4-4382-9e36-448a2962099f","video_thirdquartile","forbes.com","Breakaway","Breakaway Display","Computer","","Pluto TV",1144800,"Home Depot",7.42,"MDI1"
"25c6af91-24d4-4382-9e36-448a2962099f","video_thirdquartile","forbes.com","Breakaway","Breakaway Display","Computer","","Pluto TV",1144800,"Home Depot",7.42,"MDI1"
"21932e5a-1af9-465c-94a8-784202c71581","video_load","variety.com","Breakaway","Breakaway Display","Connected TV","","",1144790,"Apple",7.43,"MDI1"
"d79107b9-194d-48f6-ad6a-0630cd16e37e","impression","variety.com","HighRise","Runway Premium","Computer","Fire TV","",1144673,"Walmart Grocery",7.4,"MDI1"
"4c53e20e-fbea-450c-bf9f-a2c9985bd4df","click","espn.com","Breakaway","Mobile Hover","Phone","Apple TV","",1144910,"Netflix",7.44,"MDI1"
"4895995a-0c7a-4e13-bfa2-070da0353e48","click","weather.com","Venti","Breakaway Display","Connected TV","","",1144850,"Sephora",7.6,"MDI1"
"03bfbd0a-c128-4e4a-81e8-d032a6b0ccfd","video_load","nytimes.com","Runway","Mobile Hover","Phone","","",1144721,"Starbucks",7.43,"MDI1"
"fb59c8a8-fddf-4a1f-b3af-e65f4b1f93ab","impression","usatoday.com","Runway","Middle Banner - Standard","Tablet","","",1144790,"Apple",7.48,"MDI1"
"a4f42cc7-e0af-46d8-8967-240db9df87cc","impression","tmz.com","Venti","Runway Premium","Computer","","",1144673,"Walmart Grocery",7.45,"MDI1"
"a4f42cc7-e0af-46d8-8967-240db9df87cc","impression","tmz.com","Venti","Runway Premium","Computer","","",1144673,"Walmart Grocery",7.45,"MDI1"
"c6d3f3d9-b7ea-43f6-ba90-5135cd6ddb02","impression","techcrunch.com","Venti","Mobile Hover","Connected TV","","Paramount+",1144722,"Chick-fil-A",7.53,"MDI1"
"c6d3f3d9-b7ea-43f6-ba90-5135cd6ddb02","impression","techcrunch.com","Venti","Mobile Hover","Connected TV","","Paramount+",1144722,"Chick-fil-A",7.53,"MDI1"
"67b9edeb-26f7-41d0-b123-10635fb82b22","video_firstquartile","variety.com","Venti","Runway Premium","Tablet","","",1144760,"Nike",7.39,"MDI1"
"a0cb09f9-c9c2-4189-b09b-8ffc78c0eeb8","video_complete","weather.com","HighRise","Runway Premium","Computer","","",1144750,"Target",7.47,"MDI1"
"a0cb09f9-c9c2-4189-b09b-8ffc78c0eeb8","video_complete","weather.com","HighRise","Runway Premium","Computer","","",1144750,"Target",7.47,"MDI1"
"a0cb09f9-c9c2-4189-b09b-8ffc78c0eeb8","video_complete","weather.com","HighRise","Runway Premium","Computer","","",1144750,"Target",7.47,"MDI1"
"1d5b6fc7-5a40-4c20-b479-5826a11823fa","impression","cnn.com","Hover","Breakaway Display","Computer","Fire TV","",1144850,"Sephora",7.45,"MDI1"
"1d5b6fc7-5a40-4c20-b479-5826a11823fa","impression","cnn.com","Hover","Breakaway Display","Computer","Fire TV","",1144850,"Sephora",7.45,"MDI1"
"d7c150cb-649d-4b51-a8dd-a2924d0f0dd9","click","theverge.com","ABA Display","Mobile Hover","Tablet","LG Smart TV","",1144721,"Starbucks",7.53,"MDI1"
"41342f1d-1dd2-4ba0-8b24-3825d992e00d","video_complete","buzzfeed.com","ABA Display","CTV Venti Package","Phone","","",1144761,"Old Navy",7.56,"MDI1"
"c21718d9-8856-490c-963e-6f0e882e469c","impression","people.com","Runway","Breakaway Display","Phone","Android TV","Tubi",1144910,"Netflix",7.45,"MDI1"
"c21718d9-8856-490c-963e-6f0e882e469c","impression","people.com","Runway","Breakaway Display","Phone","Android TV","Tubi",1144910,"Netflix",7.45,"MDI1"
"c21718d9-8856-490c-963e-6f0e882e469c","impression","people.com","Runway","Breakaway Display","Phone","Android TV","Tubi",1144910,"Netflix",7.45,"MDI1"
"c21718d9-8856-490c-963e-6f0e882e469c","impression","people.com","Runway","Breakaway Display","Phone","Android TV","Tubi",1144910,"Netflix",7.45,"MDI1"
"3dc336f8-02b6-482d-96e5-b603fa02484c","video_complete","nytimes.com","Venti","Breakaway Display","Connected TV","","Tubi",1144790,"Apple",7.58,"MDI1"
"402cb648-b603-44cd-9f37-e18ad62e7e89","video_complete","theverge.com","Breakaway","Middle Banner - Standard","Connected TV","","",1144673,"Walmart Grocery",7.39,"MDI1"
"402cb648-b603-44cd-9f37-e18ad62e7e89","video_complete","theverge.com","Breakaway","Middle Banner - Standard","Connected TV","","",1144673,"Walmart Grocery",7.39,"MDI1"
"93414959-8039-4a93-afdf-010e873c3121","video_start","techcrunch.com","Runway","Anchor w Video Package","Connected TV","","",1144750,"Target",7.51,"MDI1"
"f000d44b-f254-4342-a4c9-ad6f69feae5f","impression","nytimes.com","ABA Display","Middle Banner - Standard","Computer","","",1144720,"McDonalds",7.4,"MDI1"
"ede3e879-2dc8-4fdd-b899-dccecaebfe2c","video_start","nytimes.com","ABA Display","CTV Venti Package","Phone","Roku","",1144673,"Walmart Grocery",7.52,"MDI1"
"6155db46-9e65-4b57-b6f2-6099c272b4e1","video_start","variety.com","Hover","CTV Venti Package","Computer","","",1144761,"Old Navy",7.4,"MDI1"
"6155db46-9e65-4b57-b6f2-6099c272b4e1","video_start","variety.com","Hover","CTV Venti Package","Computer","","",1144761,"Old Navy",7.4,"MDI1"
"218eb46c-cfbd-49c2-8ce7-362eaf739668","click","theverge.com","Hover","Mobile Hover","Phone","","Paramount+",1144800,"Home Depot",7.51,"MDI1"
"7c7370b3-6768-4bbe-b404-e345b46d87dc","click","tmz.com","HighRise","Middle Banner - Standard","Tablet","Apple TV","",1144760,"Nike",7.57,"MDI1"
"7c7370b3-6768-4bbe-b404-e345b46d87dc","click","tmz.com","HighRise","Middle Banner - Standard","Tablet","Apple TV","",1144760,"Nike",7.57,"MDI1"
"07ad1905-fcab-4339-b21f-01ce99ea9ba7","video_load","tmz.com","Breakaway","Breakaway Display","Computer","","Tubi",1144790,"Apple",7.46,"MDI1"
"8459d307-5a98-4df5-bdf4-55032f5848bc","video_complete","techcrunch.com","Breakaway","Middle Banner - Standard","Connected TV","Fire TV","",1144800,"Home Depot",7.56,"MDI1"
"6ac1d82c-4394-494a-8632-010465ef38d8","video_complete","variety.com","Venti","Breakaway Display","Phone","","",1144780,"CVS",7.57,"MDI1"
"6ac1d82c-4394-494a-8632-010465ef38d8","video_complete","variety.com","Venti","Breakaway Display","Phone","","",1144780,"CVS",7.57,"MDI1"
"53238e7c-2dd0-4914-b066-d7b44a0dadbb","impression","forbes.com","Venti","Runway Premium","Tablet","","Peacock",1144750,"Target",7.4,"MDI1"
"c8249981-6435-4bff-baf3-8b2874d62fc4","video_thirdquartile","techcrunch.com","Runway","Anchor w Video Package","Phone","Android TV","",1144780,"CVS",7.47,"MDI1"
"cf49e605-55e9-4536-9a8d-ea8c67ae4c42","video_complete","variety.com","Hover","CTV Venti Package","Connected TV","","Paramount+",1144800,"Home Depot",7.53,"MDI1"
"537b97f1-a722-4215-95e5-c69bc6d5e33d","click","buzzfeed.com","Venti","CTV Venti Package","Connected TV","","Tubi",1144800,"Home Depot",7.47,"MDI1"
"537b97f1-a722-4215-95e5-c69bc6d5e33d","click","buzzfeed.com","Venti","CTV Venti Package","Connected TV","","Tubi",1144800,"Home Depot",7.47,"MDI1"
"d798a00b-895d-469f-92f8-87e3c26c01f6","video_midpoint","techcrunch.com","ABA Display","Breakaway Display","Phone","","Paramount+",1144800,"Home Depot",7.41,"MDI1"
"59eaee0c-0019-44f7-91de-bfb072b3a631","click","nytimes.com","Runway","Breakaway Display","Connected TV","","",1144673,"Walmart Grocery",7.41,"MDI1"
"8168b7d6-cc5d-4aa7-a613-0fb0cb758fb8","video_complete","techcrunch.com","Breakaway","Runway Premium","Phone","","",1144910,"Netflix",7.53,"MDI1"
"8168b7d6-cc5d-4aa7-a613-0fb0cb758fb8","video_complete","techcrunch.com","Breakaway","Runway Premium","Phone","","",1144910,"Netflix",7.53,"MDI1"
"cf06cdb3-9fbd-4529-8e04-997933eee899","impression","cnn.com","Breakaway","Mobile Hover","Phone","","Tubi",1144721,"Starbucks",7.51,"MDI1"
"cf06cdb3-9fbd-4529-8e04-997933eee899","impression","cnn.com","Breakaway","Mobile Hover","Phone","","Tubi",1144721,"Starbucks",7.51,"MDI1"
"6640c322-49fe-4061-affb-a398c7e8dc0a","video_firstquartile","tmz.com","Hover","Runway Premium","Connected TV","LG Smart TV","",1144850,"Sephora",7.4,"MDI1"
"6640c322-49fe-4061-affb-a398c7e8dc0a","video_firstquartile","tmz.com","Hover","Runway Premium","Connected TV","LG Smart TV","",1144850,"Sephora",7.4,"MDI1"
"8ac09a30-0f77-4da8-9004-9e08ee9c7808","video_firstquartile","weather.com","Breakaway","Mobile Hover","Phone","","",1144910,"Netflix",7.46,"MDI1"
"8ac09a30-0f77-4da8-9004-9e08ee9c7808","video_firstquartile","weather.com","Breakaway","Mobile Hover","Phone","","",1144910,"Netflix",7.46,"MDI1"
"17a69126-493d-4d30-897a-2176976e3dd9","impression","forbes.com","Venti","Breakaway Display","Connected TV","","",1144790,"Apple",7.52,"MDI1"
"17a69126-493d-4d30-897a-2176976e3dd9","impression","forbes.com","Venti","Breakaway Display","Connected TV","","",1144790,"Apple",7.52,"MDI1"
"49439823-9a24-48ab-81bb-f08ed608c8bb","video_complete","espn.com","Runway","Anchor w Video Package","Connected TV","","",1144722,"Chick-fil-A",7.53,"MDI1"
"da398898-8a51-4e64-a86a-d6a7c389c1a3","video_load","variety.com","HighRise","Middle Banner - Standard","Computer","","",1144673,"Walmart Grocery",7.39,"MDI1"
"da398898-8a51-4e64-a86a-d6a7c389c1a3","video_load","variety.com","HighRise","Middle Banner - Standard","Computer","","",1144673,"Walmart Grocery",7.39,"MDI1"
"7d0156fe-bc58-4cc6-9df4-101fd47643be","impression","cnn.com","ABA Display","Runway Premium","Phone","LG Smart TV","Pluto TV",1144761,"Old Navy",7.42,"MDI1"
"b09a80c9-64ad-481d-8b5e-1a9f1bd97d86","impression","nytimes.com","Runway","Anchor w Video Package","Tablet","","Paramount+",1144750,"Target",7.47,"MDI1"
"9f8672a9-88cc-47ae-8936-bd88da7f59f8","click","forbes.com","HighRise","Mobile Hover","Connected TV","","",1144780,"CVS",7.42,"MDI1"
"9f8672a9-88cc-47ae-8936-bd88da7f59f8","click","forbes.com","HighRise","Mobile Hover","Connected TV","","",1144780,"CVS",7.42,"MDI1"
"9f8672a9-88cc-47ae-8936-bd88da7f59f8","click","forbes.com","HighRise","Mobile Hover","Connected TV","","",1144780,"CVS",7.42,"MDI1"
"9f8672a9-88cc-47ae-8936-bd88da7f59f8","click","forbes.com","HighRise","Mobile Hover","Connected TV","","",1144780,"CVS",7.42,"MDI1"
"69d77103-edd6-4e4a-9123-5a81dcc5a323","video_complete","nytimes.com","Runway","Runway Premium","Phone","","",1144721,"Starbucks",7.6,"MDI1"
"69d77103-edd6-4e4a-9123-5a81dcc5a323","video_complete","nytimes.com","Runway","Runway Premium","Phone","","",1144721,"Starbucks",7.6,"MDI1"
"69d77103-edd6-4e4a-9123-5a81dcc5a323","video_complete","nytimes.com","Runway","Runway Premium","Phone","","",1144721,"Starbucks",7.6,"MDI1"
"ffd1654e-9e09-47a9-a368-0ce9cfca45fa","click","nytimes.com","ABA Display","Middle Banner - Standard","Tablet","","",1144910,"Netflix",7.39,"MDI1"
"39a70360-140a-4757-86f8-75e5c81b3664","video_load","buzzfeed.com","ABA Display","Mobile Hover","Computer","Roku","",1144720,"McDonalds",7.47,"MDI1"
"39a70360-140a-4757-86f8-75e5c81b3664","video_load","buzzfeed.com","ABA Display","Mobile Hover","Computer","Roku","",1144720,"McDonalds",7.47,"MDI1"
"a92648ec-a216-4669-9e8b-cc59b6564ee0","video_complete","espn.com","Breakaway","Anchor w Video Package","Connected TV","","",1144780,"CVS",7.52,"MDI1"
"f9eaf788-bedb-46b3-b7b4-4d65573e0827","impression","theverge.com","ABA Display","Runway Premium","Phone","","",1144720,"McDonalds",7.42,"MDI1"
"a4447342-3261-4a1b-9841-d94ccd422bd5","video_thirdquartile","people.com","Hover","Mobile Hover","Phone","Fire TV","Fubo TV",1144760,"Nike",7.4,"MDI1"
"eac4790b-97d1-45be-ba56-1144e83db3ad","video_complete","techcrunch.com","HighRise","Anchor w Video Package","Tablet","Fire TV","",1144750,"Target",7.58,"MDI1"
"80ddad39-2425-42bc-965a-48a9429139d8","impression","tmz.com","Venti","Anchor w Video Package","Connected TV","","",1144721,"Starbucks",7.45,"MDI1"
"80ddad39-2425-42bc-965a-48a9429139d8","impression","tmz.com","Venti","Anchor w Video Package","Connected TV","","",1144721,"Starbucks",7.45,"MDI1"
"80ddad39-2425-42bc-965a-48a9429139d8","impression","tmz.com","Venti","Anchor w Video Package","Connected TV","","",1144721,"Starbucks",7.45,"MDI1"
"eb1cf045-f6a4-4b04-ba97-2a6549b02128","video_start","cnn.com","ABA Display","Runway Premium","Computer","Samsung TV","Fubo TV",1144800,"Home Depot",7.41,"MDI1"
"11a20a8b-47df-4078-ad6d-a7631b316e7b","impression","usatoday.com","Runway","Breakaway Display","Tablet","","",1144673,"Walmart Grocery",7.43,"MDI1"
"11a20a8b-47df-4078-ad6d-a7631b316e7b","impression","usatoday.com","Runway","Breakaway Display","Tablet","","",1144673,"Walmart Grocery",7.43,"MDI1"
"75d05873-6e44-4378-87bc-47a827f02513","video_midpoint","usatoday.com","Breakaway","Breakaway Display","Connected TV","","",1144720,"McDonalds",7.51,"MDI1"
"75d05873-6e44-4378-87bc-47a827f02513","video_midpoint","usatoday.com","Breakaway","Breakaway Display","Connected TV","","",1144720,"McDonalds",7.51,"MDI1"
"2a91692c-d4de-4c62-9ffc-1913ed670242","impression","variety.com","Breakaway","Breakaway Display","Connected TV","","",1144673,"Walmart Grocery",7.4,"MDI1"
"2a91692c-d4de-4c62-9ffc-1913ed670242","impression","variety.com","Breakaway","Breakaway Display","Connected TV","","",1144673,"Walmart Grocery",7.4,"MDI1"
"2a91692c-d4de-4c62-9ffc-1913ed670242","impression","variety.com","Breakaway","Breakaway Display","Connected TV","","",1144673,"Walmart Grocery",7.4,"MDI1"
"2a91692c-d4de-4c62-9ffc-1913ed670242","impression","variety.com","Breakaway","Breakaway Display","Connected TV","","",1144673,"Walmart Grocery",7.4,"MDI1"
"67e6fc12-df58-42d4-93cf-5cecb8f3bf40","impression","buzzfeed.com","Breakaway","Anchor w Video Package","Phone","Android TV","",1144721,"Starbucks",7.41,"MDI1"
"67e6fc12-df58-42d4-93cf-5cecb8f3bf40","impression","buzzfeed.com","Breakaway","Anchor w Video Package","Phone","Android TV","",1144721,"Starbucks",7.41,"MDI1"
"e1284bae-8b37-4bc4-9be4-af722b5ca0ab","impression","variety.com","ABA Display","Runway Premium","Tablet","","",1144722,"Chick-fil-A",7.45,"MDI1"
"1e8e4048-03ac-40f4-b4bc-0fba81b9b416","video_start","forbes.com","Breakaway","Anchor w Video Package","Computer","","",1144720,"McDonalds",7.46,"MDI1"
"dd10919c-a7b6-402d-a153-a90bd8fc6c78","impression","cnn.com","Runway","Mobile Hover","Connected TV","","",1144720,"McDonalds",7.47,"MDI1"
"9ee18b7c-9a13-460c-8a3c-b3060814bb03","video_midpoint","tmz.com","HighRise","CTV Venti Package","Phone","Roku","Peacock",1144790,"Apple",7.58,"MDI1"
"9ee18b7c-9a13-460c-8a3c-b3060814bb03","video_midpoint","tmz.com","HighRise","CTV Venti Package","Phone","Roku","Peacock",1144790,"Apple",7.58,"MDI1"
"1804c627-b662-4363-9628-47a6853feb97","impression","cnn.com","ABA Display","CTV Venti Package","Connected TV","","",1144720,"McDonalds",7.42,"MDI1"
"740961c2-307b-4a44-858f-32b33859da89","video_midpoint","people.com","Venti","CTV Venti Package","Phone","","",1144761,"Old Navy",7.46,"MDI1"
"740961c2-307b-4a44-858f-32b33859da89","video_midpoint","people.com","Venti","CTV Venti Package","Phone","","",1144761,"Old Navy",7.46,"MDI1"
"bf796ef5-17de-4088-b3bd-28d4d525fe8b","click","tmz.com","ABA Display","Mobile Hover","Phone","","",1144721,"Starbucks",7.47,"MDI1"
"08d54f90-0815-4945-ac48-7dfa425cb11a","impression","nytimes.com","Hover","Anchor w Video Package","Connected TV","","",1144850,"Sephora",7.49,"MDI1"
"08d54f90-0815-4945-ac48-7dfa425cb11a","impression","nytimes.com","Hover","Anchor w Video Package","Connected TV","","",1144850,"Sephora",7.49,"MDI1"
"024a314d-4864-4cec-8f35-9e2295be8cc4","video_load","espn.com","Breakaway","Breakaway Display","Phone","","Peacock",1144761,"Old Navy",7.45,"MDI1"
"024a314d-4864-4cec-8f35-9e2295be8cc4","video_load","espn.com","Breakaway","Breakaway Display","Phone","","Peacock",1144761,"Old Navy",7.45,"MDI1"
"024a314d-4864-4cec-8f35-9e2295be8cc4","video_load","espn.com","Breakaway","Breakaway Display","Phone","","Peacock",1144761,"Old Navy",7.45,"MDI1"
"c0635c2c-8599-4982-a717-ab473c175b66","video_firstquartile","espn.com","Venti","Anchor w Video Package","Tablet","","",1144790,"Apple",7.4,"MDI1"
"c0635c2c-8599-4982-a717-ab473c175b66","video_firstquartile","espn.com","Venti","Anchor w Video Package","Tablet","","",1144790,"Apple",7.4,"MDI1"
"1ce86326-bc05-4053-a0af-235527e77c71","video_firstquartile","tmz.com","Hover","Runway Premium","Computer","","",1144850,"Sephora",7.42,"MDI1"
"eccf61bd-5b7f-4be2-a77f-09bfcc683b96","video_load","buzzfeed.com","HighRise","Middle Banner - Standard","Phone","","",1144790,"Apple",7.41,"MDI1"
"a97bece8-120b-4763-a564-84041715ca59","video_complete","espn.com","Hover","Anchor w Video Package","Phone","LG Smart TV","Fubo TV",1144780,"CVS",7.49,"MDI1"
"4248b1dc-b4d3-4bfe-b52a-14564f285731","impression","tmz.com","Runway","Middle Banner - Standard","Connected TV","","",1144760,"Nike",7.48,"MDI1"
"80e8c134-b2db-403a-9409-f2b1ce12a01b","impression","theverge.com","Runway","Anchor w Video Package","Tablet","","",1144750,"Target",7.4,"MDI1"
"80e8c134-b2db-403a-9409-f2b1ce12a01b","impression","theverge.com","Runway","Anchor w Video Package","Tablet","","",1144750,"Target",7.4,"MDI1"
"80e8c134-b2db-403a-9409-f2b1ce12a01b","impression","theverge.com","Runway","Anchor w Video Package","Tablet","","",1144750,"Target",7.4,"MDI1"
"68e3ac3a-2ae0-4e5c-8c76-5ac5889d9c13","video_firstquartile","nytimes.com","Breakaway","Mobile Hover","Phone","LG Smart TV","Fubo TV",1144673,"Walmart Grocery",7.39,"MDI1"
"9cc05697-9ae8-4e1d-9066-75ae5c48348a","impression","theverge.com","HighRise","Breakaway Display","Connected TV","","",1144673,"Walmart Grocery",7.48,"MDI1"
"9cc05697-9ae8-4e1d-9066-75ae5c48348a","impression","theverge.com","HighRise","Breakaway Display","Connected TV","","",1144673,"Walmart Grocery",7.48,"MDI1"
"9cc05697-9ae8-4e1d-9066-75ae5c48348a","impression","theverge.com","HighRise","Breakaway Display","Connected TV","","",1144673,"Walmart Grocery",7.48,"MDI1"
"8acb3e2d-2a84-49f4-a688-7548db3e79b5","impression","espn.com","Breakaway","Middle Banner - Standard","Computer","","",1144721,"Starbucks",7.39,"MDI1"
"73cd3106-f90f-47cd-b4ee-3930ed994b19","video_thirdquartile","espn.com","HighRise","Breakaway Display","Tablet","Samsung TV","",1144790,"Apple",7.42,"MDI1"
"73cd3106-f90f-47cd-b4ee-3930ed994b19","video_thirdquartile","espn.com","HighRise","Breakaway Display","Tablet","Samsung TV","",1144790,"Apple",7.42,"MDI1"
"275990b3-5995-4620-bdc3-fcc6c3bb37a5","video_firstquartile","techcrunch.com","Hover","Runway Premium","Phone","","",1144750,"Target",7.42,"MDI1"
"7e9c2c59-59d5-40e4-823e-0384e328e821","click","weather.com","Venti","Runway Premium","Phone","Apple TV","",1144761,"Old Navy",7.59,"MDI1"
"1ead9501-cd1a-47fa-a67f-54b5c9ae55c5","click","variety.com","Breakaway","CTV Venti Package","Tablet","","",1144722,"Chick-fil-A",7.54,"MDI1"
"8a356616-8bb2-4f2f-a5c2-c33e75aff188","video_midpoint","techcrunch.com","Breakaway","Breakaway Display","Phone","","",1144910,"Netflix",7.43,"MDI1"
"8a356616-8bb2-4f2f-a5c2-c33e75aff188","video_midpoint","techcrunch.com","Breakaway","Breakaway Display","Phone","","",1144910,"Netflix",7.43,"MDI1"
"8a356616-8bb2-4f2f-a5c2-c33e75aff188","video_midpoint","techcrunch.com","Breakaway","Breakaway Display","Phone","","",1144910,"Netflix",7.43,"MDI1"
"ff52fa26-266d-493d-8835-ed61563a8c67","impression","techcrunch.com","Runway","Runway Premium","Phone","Samsung TV","",1144760,"Nike",7.5,"MDI1"
"094790e7-ea3d-44b9-a143-37904ad544eb","video_firstquartile","variety.com","Venti","CTV Venti Package","Phone","","",1144720,"McDonalds",7.43,"MDI1"
"aab48d46-c1a3-46ea-a367-645aadcde8a6","video_start","variety.com","Breakaway","CTV Venti Package","Connected TV","","",1144721,"Starbucks",7.44,"MDI1"
"aab48d46-c1a3-46ea-a367-645aadcde8a6","video_start","variety.com","Breakaway","CTV Venti Package","Connected TV","","",1144721,"Starbucks",7.44,"MDI1"
"df1cec5c-d067-4637-9e18-3653bada7a83","video_midpoint","weather.com","HighRise","CTV Venti Package","Computer","Fire TV","",1144750,"Target",7.47,"MDI1"
"40b1397e-8e5c-4a8c-8cc6-defe6fbfbf46","video_midpoint","techcrunch.com","Hover","Middle Banner - Standard","Phone","Android TV","",1144800,"Home Depot",7.52,"MDI1"
"462eb72e-e2e1-4fa2-aa7e-f4724c691534","video_start","tmz.com","Runway","Runway Premium","Computer","","",1144722,"Chick-fil-A",7.46,"MDI1"
"ee77b0e8-bc40-4c7c-9495-07f478f8a3d9","impression","buzzfeed.com","Breakaway","Mobile Hover","Phone","LG Smart TV","",1144721,"Starbucks",7.41,"MDI1"
"ee77b0e8-bc40-4c7c-9495-07f478f8a3d9","impression","buzzfeed.com","Breakaway","Mobile Hover","Phone","LG Smart TV","",1144721,"Starbucks",7.41,"MDI1"
"be0d0b16-0ef2-4831-9507-b51b0a521de0","impression","people.com","Breakaway","CTV Venti Package","Connected TV","","",1144722,"Chick-fil-A",7.51,"MDI1"
"426896bb-bf7d-43bf-9175-ca9d24a6a4a7","video_firstquartile","tmz.com","Breakaway","CTV Venti Package","Phone","","",1144850,"Sephora",7.45,"MDI1"
"eda850b2-6e5a-48e5-9736-0fa43de59da5","video_firstquartile","weather.com","Hover","Breakaway Display","Phone","","",1144760,"Nike",7.42,"MDI1"
"7bfada2d-12fe-4000-82d3-6b9c79cc606f","video_load","tmz.com","Hover","Breakaway Display","Connected TV","","",1144780,"CVS",7.44,"MDI1"
"99323071-cf99-466b-87ba-1100a9b800ef","impression","tmz.com","Venti","Mobile Hover","Connected TV","","",1144722,"Chick-fil-A",7.44,"MDI1"
"99323071-cf99-466b-87ba-1100a9b800ef","impression","tmz.com","Venti","Mobile Hover","Connected TV","","",1144722,"Chick-fil-A",7.44,"MDI1"
"14647b8b-7593-4817-acf2-62d834ef9609","click","techcrunch.com","HighRise","Anchor w Video Package","Computer","","",1144761,"Old Navy",7.39,"MDI1"
"14647b8b-7593-4817-acf2-62d834ef9609","click","techcrunch.com","HighRise","Anchor w Video Package","Computer","","",1144761,"Old Navy",7.39,"MDI1"
"85e2f26f-82a7-4ab3-86fd-9d00fdeca3d1","impression","espn.com","Venti","Anchor w Video Package","Connected TV","","",1144850,"Sephora",7.43,"MDI1"
"4761c23c-1aaa-47c6-9a10-905363c2059a","video_load","weather.com","Runway","Runway Premium","Phone","","",1144721,"Starbucks",7.48,"MDI1"
"79b9c81f-7d54-4b3d-bc55-e7354f9939fa","video_firstquartile","people.com","Breakaway","CTV Venti Package","Phone","","",1144721,"Starbucks",7.43,"MDI1"
"e7b6fba6-43f4-4ea3-9a9e-e25bfc2947e9","video_complete","espn.com","Venti","Breakaway Display","Tablet","Roku","",1144721,"Starbucks",7.52,"MDI1"
"cd2a98fe-52cd-47bb-9ee1-8c9d71d3f5d1","video_start","espn.com","ABA Display","Anchor w Video Package","Connected TV","","Peacock",1144720,"McDonalds",7.43,"MDI1"
"cd2a98fe-52cd-47bb-9ee1-8c9d71d3f5d1","video_start","espn.com","ABA Display","Anchor w Video Package","Connected TV","","Peacock",1144720,"McDonalds",7.43,"MDI1"
"eac7c705-f84b-41cc-a20a-7429a9b668ea","video_start","weather.com","Runway","Mobile Hover","Connected TV","","",1144850,"Sephora",7.44,"MDI1"
"72b4d539-c479-47f1-a5a2-f65593c27a5b","video_load","buzzfeed.com","Venti","Anchor w Video Package","Computer","","",1144722,"Chick-fil-A",7.42,"MDI1"
"72b4d539-c479-47f1-a5a2-f65593c27a5b","video_load","buzzfeed.com","Venti","Anchor w Video Package","Computer","","",1144722,"Chick-fil-A",7.42,"MDI1"
"68e8117f-84d9-4ac4-9b59-0d7cc6cf7ea8","impression","theverge.com","Runway","CTV Venti Package","Phone","","",1144780,"CVS",7.41,"MDI1"
"68e8117f-84d9-4ac4-9b59-0d7cc6cf7ea8","impression","theverge.com","Runway","CTV Venti Package","Phone","","",1144780,"CVS",7.41,"MDI1"
"89ee82ad-5bb8-457a-98ea-ce9012ff68c9","video_start","forbes.com","Venti","Breakaway Display","Tablet","","",1144790,"Apple",7.4,"MDI1"
"b0911aca-34b8-497d-9f0d-ad05acd78237","video_start","theverge.com","Hover","Runway Premium","Tablet","","",1144760,"Nike",7.4,"MDI1"
"54b33b9a-82e0-41a6-8bc0-64bae5db1571","video_complete","nytimes.com","Runway","CTV Venti Package","Tablet","LG Smart TV","",1144760,"Nike",7.5,"MDI1"
"84ba52bd-fc7f-47db-a150-cf52bffed9f9","video_thirdquartile","forbes.com","ABA Display","Anchor w Video Package","Connected TV","","Peacock",1144910,"Netflix",7.41,"MDI1"
"84ba52bd-fc7f-47db-a150-cf52bffed9f9","video_thirdquartile","forbes.com","ABA Display","Anchor w Video Package","Connected TV","","Peacock",1144910,"Netflix",7.41,"MDI1"
"bf4075fd-6ef3-4d3c-a60c-8cb6cd7a7fbf","impression","usatoday.com","Runway","Middle Banner - Standard","Phone","","",1144720,"McDonalds",7.4,"MDI1"
"5f3182fc-033c-42b2-87e2-5853e6e3769e","video_start","tmz.com","Venti","Runway Premium","Tablet","Apple TV","",1144780,"CVS",7.42,"MDI1"
"5e85d215-306e-4db7-b429-b2072c135edd","video_midpoint","theverge.com","Breakaway","Runway Premium","Computer","Samsung TV","Pluto TV",1144720,"McDonalds",7.45,"MDI1"
"edd4d69d-c669-4e3f-9cbc-71578410bb7e","video_firstquartile","tmz.com","Venti","Anchor w Video Package","Phone","","Peacock",1144720,"McDonalds",7.48,"MDI1"
"eedcca29-4c2a-41af-8490-a7b3a2feb949","impression","weather.com","HighRise","Mobile Hover","Tablet","","",1144760,"Nike",7.46,"MDI1"
"2cc1f87e-674a-45b8-a969-37ad2475d027","impression","forbes.com","Breakaway","CTV Venti Package","Phone","","Tubi",1144760,"Nike",7.46,"MDI1"
"2cc1f87e-674a-45b8-a969-37ad2475d027","impression","forbes.com","Breakaway","CTV Venti Package","Phone","","Tubi",1144760,"Nike",7.46,"MDI1"
"4ddaf26f-40bd-4fe4-b972-c41de83b6243","impression","forbes.com","Venti","Mobile Hover","Connected TV","","",1144790,"Apple",7.44,"MDI1"
"9af0f5ca-c75c-49d3-ae39-ac959e916de3","video_start","buzzfeed.com","ABA Display","Anchor w Video Package","Phone","","",1144722,"Chick-fil-A",7.42,"MDI1"
"9af0f5ca-c75c-49d3-ae39-ac959e916de3","video_start","buzzfeed.com","ABA Display","Anchor w Video Package","Phone","","",1144722,"Chick-fil-A",7.42,"MDI1"
"9af0f5ca-c75c-49d3-ae39-ac959e916de3","video_start","buzzfeed.com","ABA Display","Anchor w Video Package","Phone","","",1144722,"Chick-fil-A",7.42,"MDI1"
"dd8867ab-ccc1-4e94-8054-b8817c96898c","video_midpoint","techcrunch.com","HighRise","Middle Banner - Standard","Connected TV","","",1144790,"Apple",7.48,"MDI1"
"786aa98f-a953-4d5b-9de4-54aa7fb6cf13","video_start","theverge.com","ABA Display","Middle Banner - Standard","Tablet","","",1144780,"CVS",7.45,"MDI1"
"786aa98f-a953-4d5b-9de4-54aa7fb6cf13","video_start","theverge.com","ABA Display","Middle Banner - Standard","Tablet","","",1144780,"CVS",7.45,"MDI1"
"786aa98f-a953-4d5b-9de4-54aa7fb6cf13","video_start","theverge.com","ABA Display","Middle Banner - Standard","Tablet","","",1144780,"CVS",7.45,"MDI1"
"cd41fb8b-9326-40ad-adb3-1c7ee49779a7","video_firstquartile","weather.com","HighRise","Mobile Hover","Phone","Apple TV","Fubo TV",1144750,"Target",7.5,"MDI1"
"db9fee2b-f20e-418b-a60a-3346c8a282d8","video_start","nytimes.com","Breakaway","Anchor w Video Package","Connected TV","Android TV","",1144800,"Home Depot",7.52,"MDI1"
"df265447-3cab-4e38-a75b-0c4de639ce47","video_firstquartile","weather.com","HighRise","CTV Venti Package","Connected TV","","",1144722,"Chick-fil-A",7.46,"MDI1"
"ab09cb8c-5a23-48af-86f4-414b725e3d03","video_firstquartile","tmz.com","Hover","Mobile Hover","Computer","Fire TV","",1144850,"Sephora",7.47,"MDI1"
"ab09cb8c-5a23-48af-86f4-414b725e3d03","video_firstquartile","tmz.com","Hover","Mobile Hover","Computer","Fire TV","",1144850,"Sephora",7.47,"MDI1"
"d411a428-9e57-4a4e-8b3f-9f84b3260443","video_complete","nytimes.com","HighRise","Runway Premium","Phone","","",1144761,"Old Navy",7.51,"MDI1"
"26a8b80c-3265-4b12-a084-0c3ee62b4ba2","video_thirdquartile","espn.com","Runway","Anchor w Video Package","Computer","","",1144760,"Nike",7.43,"MDI1"
"86d3a4be-09c8-42e4-ae28-9cbd0a1a26ba","impression","forbes.com","Hover","Anchor w Video Package","Computer","","",1144721,"Starbucks",7.41,"MDI1"
"86d3a4be-09c8-42e4-ae28-9cbd0a1a26ba","impression","forbes.com","Hover","Anchor w Video Package","Computer","","",1144721,"Starbucks",7.41,"MDI1"
"3fbdb654-9d8f-42c1-a02e-6be8d8a10dae","video_thirdquartile","nytimes.com","Breakaway","Runway Premium","Connected TV","","",1144760,"Nike",7.51,"MDI1"
"246cf54c-c7c1-42db-873e-1b1cb28de344","video_complete","techcrunch.com","Runway","Mobile Hover","Computer","Samsung TV","",1144761,"Old Navy",7.39,"MDI1"
"cc5140c4-bc27-4e4b-8d64-bb8f54333b20","video_thirdquartile","nytimes.com","Breakaway","Runway Premium","Connected TV","Samsung TV","Peacock",1144760,"Nike",7.57,"MDI1"
"cc5140c4-bc27-4e4b-8d64-bb8f54333b20","video_thirdquartile","nytimes.com","Breakaway","Runway Premium","Connected TV","Samsung TV","Peacock",1144760,"Nike",7.57,"MDI1"
"23ef6288-89c8-46d6-9514-e0e2e7d01598","video_complete","buzzfeed.com","HighRise","Runway Premium","Phone","","Pluto TV",1144790,"Apple",7.44,"MDI1"
"23ef6288-89c8-46d6-9514-e0e2e7d01598","video_complete","buzzfeed.com","HighRise","Runway Premium","Phone","","Pluto TV",1144790,"Apple",7.44,"MDI1"
"a235adbc-ff44-418c-8b70-437b87841dcf","video_load","usatoday.com","Venti","Middle Banner - Standard","Computer","","Tubi",1144780,"CVS",7.44,"MDI1"
"4275300c-1755-4d80-a922-bfbadd83033e","video_midpoint","espn.com","HighRise","CTV Venti Package","Phone","","",1144721,"Starbucks",7.41,"MDI1"
"9f9b074e-6bb5-4947-a7e2-0797ff448cff","impression","techcrunch.com","Breakaway","Breakaway Display","Connected TV","","",1144800,"Home Depot",7.49,"MDI1"
"edd94a83-f734-4ae9-89ed-6f5730176383","click","espn.com","ABA Display","Middle Banner - Standard","Phone","Android TV","",1144721,"Starbucks",7.54,"MDI1"
"4fa562c7-4315-4005-b133-5f298a7dd39d","video_firstquartile","variety.com","ABA Display","Anchor w Video Package","Tablet","","",1144722,"Chick-fil-A",7.46,"MDI1"
"4fa562c7-4315-4005-b133-5f298a7dd39d","video_firstquartile","variety.com","ABA Display","Anchor w Video Package","Tablet","","",1144722,"Chick-fil-A",7.46,"MDI1"
"4fa562c7-4315-4005-b133-5f298a7dd39d","video_firstquartile","variety.com","ABA Display","Anchor w Video Package","Tablet","","",1144722,"Chick-fil-A",7.46,"MDI1"
"a5f9b720-89d9-41c5-9b19-8e1296ee9842","video_start","theverge.com","Venti","Middle Banner - Standard","Tablet","","",1144760,"Nike",7.43,"MDI1"
"e31c06a5-742b-4c2d-a769-cab84ef27a71","video_load","techcrunch.com","Hover","Anchor w Video Package","Computer","Roku","",1144761,"Old Navy",7.45,"MDI1"
"b070bc02-c0a3-4da3-baa7-0f2bb9cd369d","impression","espn.com","Breakaway","Runway Premium","Tablet","","",1144910,"Netflix",7.45,"MDI1"
"61bb0cc8-5fd0-4d1c-885e-210c1e35d742","video_load","variety.com","Runway","Runway Premium","Tablet","","",1144910,"Netflix",7.48,"MDI1"
"d4c66239-6143-4a8f-ad75-996cd0a1ecf1","video_midpoint","variety.com","Venti","Middle Banner - Standard","Connected TV","","",1144760,"Nike",7.49,"MDI1"
"f31acd50-69c6-4a27-9a21-2a8b76c5e9ab","video_thirdquartile","espn.com","Hover","Middle Banner - Standard","Computer","","Tubi",1144722,"Chick-fil-A",7.4,"MDI1"
"f31acd50-69c6-4a27-9a21-2a8b76c5e9ab","video_thirdquartile","espn.com","Hover","Middle Banner - Standard","Computer","","Tubi",1144722,"Chick-fil-A",7.4,"MDI1"
"e24f7a0f-067e-4a94-aef4-a6ab4acf11c7","impression","buzzfeed.com","HighRise","Breakaway Display","Computer","Roku","",1144800,"Home Depot",7.47,"MDI1"
"4b58273a-fdd9-4e17-bf62-81c56706cd82","video_complete","people.com","Runway","Runway Premium","Computer","","Paramount+",1144673,"Walmart Grocery",7.46,"MDI1"
"4b58273a-fdd9-4e17-bf62-81c56706cd82","video_complete","people.com","Runway","Runway Premium","Computer","","Paramount+",1144673,"Walmart Grocery",7.46,"MDI1"
"4b58273a-fdd9-4e17-bf62-81c56706cd82","video_complete","people.com","Runway","Runway Premium","Computer","","Paramount+",1144673,"Walmart Grocery",7.46,"MDI1"
"9c07c33c-dd16-4078-81d4-81d8705e5ea7","impression","buzzfeed.com","Runway","Runway Premium","Computer","","",1144750,"Target",7.44,"MDI1"
"0a2090b3-8e55-496b-8a27-7ca2aa3d81f0","impression","people.com","Runway","CTV Venti Package","Tablet","","Tubi",1144761,"Old Navy",7.44,"MDI1"
"cfcc5fad-223d-4a6a-881c-0d558761c323","impression","espn.com","Hover","Mobile Hover","Connected TV","LG Smart TV","",1144790,"Apple",7.4,"MDI1"
"cfcc5fad-223d-4a6a-881c-0d558761c323","impression","espn.com","Hover","Mobile Hover","Connected TV","LG Smart TV","",1144790,"Apple",7.4,"MDI1"
"d64a8d56-6496-4663-ad3b-e5ee8f306ef7","impression","buzzfeed.com","Runway","Breakaway Display","Phone","","",1144722,"Chick-fil-A",7.42,"MDI1"
"d64a8d56-6496-4663-ad3b-e5ee8f306ef7","impression","buzzfeed.com","Runway","Breakaway Display","Phone","","",1144722,"Chick-fil-A",7.42,"MDI1"
"d64a8d56-6496-4663-ad3b-e5ee8f306ef7","impression","buzzfeed.com","Runway","Breakaway Display","Phone","","",1144722,"Chick-fil-A",7.42,"MDI1"
"a067167b-285a-4f3a-b8e4-aeade7f69f4d","impression","buzzfeed.com","ABA Display","Mobile Hover","Tablet","Samsung TV","",1144722,"Chick-fil-A",7.39,"MDI1"
"a25ef039-5c8b-4f10-80d9-4c896f9249a5","video_complete","people.com","Breakaway","Mobile Hover","Computer","","Peacock",1144800,"Home Depot",7.41,"MDI1"
"a25ef039-5c8b-4f10-80d9-4c896f9249a5","video_complete","people.com","Breakaway","Mobile Hover","Computer","","Peacock",1144800,"Home Depot",7.41,"MDI1"
"409d7157-c427-4b1a-a56f-52b313dbc739","video_start","nytimes.com","Venti","Runway Premium","Connected TV","","",1144800,"Home Depot",7.49,"MDI1"
"409d7157-c427-4b1a-a56f-52b313dbc739","video_start","nytimes.com","Venti","Runway Premium","Connected TV","","",1144800,"Home Depot",7.49,"MDI1"
"8189865d-db55-4763-9b1f-de3f9aa679ac","video_start","theverge.com","ABA Display","Breakaway Display","Tablet","Android TV","",1144850,"Sephora",7.45,"MDI1"
"e3219e08-4d2c-4bf2-b83f-5c9769d17e80","video_complete","nytimes.com","Venti","Middle Banner - Standard","Connected TV","","Pluto TV",1144750,"Target",7.52,"MDI1"
"e3219e08-4d2c-4bf2-b83f-5c9769d17e80","video_complete","nytimes.com","Venti","Middle Banner - Standard","Connected TV","","Pluto TV",1144750,"Target",7.52,"MDI1"
"e3219e08-4d2c-4bf2-b83f-5c9769d17e80","video_complete","nytimes.com","Venti","Middle Banner - Standard","Connected TV","","Pluto TV",1144750,"Target",7.52,"MDI1"
"e3219e08-4d2c-4bf2-b83f-5c9769d17e80","video_complete","nytimes.com","Venti","Middle Banner - Standard","Connected TV","","Pluto TV",1144750,"Target",7.52,"MDI1"
"e12e5d61-bad9-4f32-8ab6-1e7327b6ca07","video_start","variety.com","Runway","Mobile Hover","Phone","","",1144720,"McDonalds",7.5,"MDI1"
"27d20019-826f-42dc-9a53-034d68f99539","video_complete","weather.com","Breakaway","Mobile Hover","Tablet","LG Smart TV","Fubo TV",1144722,"Chick-fil-A",7.42,"MDI1"
"33fa7820-5fa0-47d3-be3b-ad3f674924b6","video_complete","people.com","ABA Display","Middle Banner - Standard","Computer","","",1144722,"Chick-fil-A",7.45,"MDI1"
"9ce65ce5-018d-41a8-b0b2-b732d344c9f1","video_start","theverge.com","Breakaway","Breakaway Display","Connected TV","","",1144720,"McDonalds",7.44,"MDI1"
"9ce65ce5-018d-41a8-b0b2-b732d344c9f1","video_start","theverge.com","Breakaway","Breakaway Display","Connected TV","","",1144720,"McDonalds",7.44,"MDI1"
"eb6bf821-4b56-4460-b8f3-4763328f1335","video_load","techcrunch.com","Hover","Runway Premium","Phone","","",1144761,"Old Navy",7.44,"MDI1"
"54e82dfb-c7fa-499a-adf7-276a2df707fe","video_start","people.com","Venti","Runway Premium","Phone","","",1144760,"Nike",7.45,"MDI1"
"54e82dfb-c7fa-499a-adf7-276a2df707fe","video_start","people.com","Venti","Runway Premium","Phone","","",1144760,"Nike",7.45,"MDI1"
"f115c3b3-26f6-4c5e-bdaf-28da7fc6783c","impression","forbes.com","Runway","Middle Banner - Standard","Connected TV","Android TV","",1144673,"Walmart Grocery",7.54,"MDI1"
"37dd3da8-a6e7-4daa-a82e-a5960ace7fa0","impression","espn.com","Breakaway","Middle Banner - Standard","Computer","","",1144720,"McDonalds",7.46,"MDI1"
"37dd3da8-a6e7-4daa-a82e-a5960ace7fa0","impression","espn.com","Breakaway","Middle Banner - Standard","Computer","","",1144720,"McDonalds",7.46,"MDI1"
"73639299-05d6-4a5d-8948-f2045114112f","video_load","espn.com","Venti","Middle Banner - Standard","Computer","","",1144800,"Home Depot",7.44,"MDI1"
"f33b26cd-c68e-44db-bf7c-5dd395d3760f","video_midpoint","usatoday.com","Runway","Anchor w Video Package","Phone","","",1144790,"Apple",7.53,"MDI1"
"f33b26cd-c68e-44db-bf7c-5dd395d3760f","video_midpoint","usatoday.com","Runway","Anchor w Video Package","Phone","","",1144790,"Apple",7.53,"MDI1"
"f33b26cd-c68e-44db-bf7c-5dd395d3760f","video_midpoint","usatoday.com","Runway","Anchor w Video Package","Phone","","",1144790,"Apple",7.53,"MDI1"
"340e0d81-a37d-42b3-97d9-0cfc2efc9a1b","video_thirdquartile","weather.com","Venti","Breakaway Display","Phone","Roku","",1144760,"Nike",7.56,"MDI1"
"340e0d81-a37d-42b3-97d9-0cfc2efc9a1b","video_thirdquartile","weather.com","Venti","Breakaway Display","Phone","Roku","",1144760,"Nike",7.56,"MDI1"
"d5f8fd63-259d-458e-bf92-b975b382c543","click","forbes.com","ABA Display","Mobile Hover","Phone","Samsung TV","Fubo TV",1144790,"Apple",7.4,"MDI1"
"7cc31702-6148-406f-87a7-5dd77ef156c6","impression","theverge.com","HighRise","Anchor w Video Package","Tablet","","Pluto TV",1144673,"Walmart Grocery",7.48,"MDI1"
"7cc31702-6148-406f-87a7-5dd77ef156c6","impression","theverge.com","HighRise","Anchor w Video Package","Tablet","","Pluto TV",1144673,"Walmart Grocery",7.48,"MDI1"
"795f81d5-3b1f-4d5e-8298-fece702458fe","video_midpoint","nytimes.com","Breakaway","Runway Premium","Connected TV","Fire TV","",1144790,"Apple",7.45,"MDI1"
"09c94f8a-97d2-42a0-bbe6-32aca523fb9c","impression","variety.com","Breakaway","Anchor w Video Package","Phone","","",1144721,"Starbucks",7.39,"MDI1"
"09c94f8a-97d2-42a0-bbe6-32aca523fb9c","impression","variety.com","Breakaway","Anchor w Video Package","Phone","","",1144721,"Starbucks",7.39,"MDI1"
"09c94f8a-97d2-42a0-bbe6-32aca523fb9c","impression","variety.com","Breakaway","Anchor w Video Package","Phone","","",1144721,"Starbucks",7.39,"MDI1"
"09c94f8a-97d2-42a0-bbe6-32aca523fb9c","impression","variety.com","Breakaway","Anchor w Video Package","Phone","","",1144721,"Starbucks",7.39,"MDI1"
"09c94f8a-97d2-42a0-bbe6-32aca523fb9c","impression","variety.com","Breakaway","Anchor w Video Package","Phone","","",1144721,"Starbucks",7.39,"MDI1"
"12df1657-2c2b-444e-b03d-b0790a2ba0f7","video_complete","theverge.com","ABA Display","Anchor w Video Package","Connected TV","Roku","Peacock",1144850,"Sephora",7.65,"MDI1"
"12df1657-2c2b-444e-b03d-b0790a2ba0f7","video_complete","theverge.com","ABA Display","Anchor w Video Package","Connected TV","Roku","Peacock",1144850,"Sephora",7.65,"MDI1"
"12df1657-2c2b-444e-b03d-b0790a2ba0f7","video_complete","theverge.com","ABA Display","Anchor w Video Package","Connected TV","Roku","Peacock",1144850,"Sephora",7.65,"MDI1"
"f18a57bb-956f-441b-93a4-0ba9a39eb084","impression","cnn.com","Venti","Mobile Hover","Tablet","","",1144721,"Starbucks",7.45,"MDI1"
"d33bb77f-3729-4744-9a5b-7a1aa1fb4d1a","impression","usatoday.com","Runway","Breakaway Display","Tablet","Roku","",1144750,"Target",7.46,"MDI1"
"8cd2efb7-0e7f-44c5-8ebf-044dfabf4c90","video_firstquartile","tmz.com","Runway","Runway Premium","Computer","Apple TV","",1144722,"Chick-fil-A",7.46,"MDI1"
"f0a1c7c2-7b9e-4944-ab4e-cfa74444b936","video_firstquartile","espn.com","HighRise","Mobile Hover","Tablet","Apple TV","",1144720,"McDonalds",7.42,"MDI1"
"0315dda1-3792-43d1-8061-77a7b9f6685d","video_complete","nytimes.com","HighRise","Runway Premium","Connected TV","","Paramount+",1144673,"Walmart Grocery",7.49,"MDI1"
"0315dda1-3792-43d1-8061-77a7b9f6685d","video_complete","nytimes.com","HighRise","Runway Premium","Connected TV","","Paramount+",1144673,"Walmart Grocery",7.49,"MDI1"
"d6a3dcee-b511-4c4c-9a9e-d13b990fd33f","impression","tmz.com","Runway","Breakaway Display","Tablet","Roku","",1144673,"Walmart Grocery",7.46,"MDI1"
"bb654f86-d4ac-41bc-9dc6-979f6fe2fc64","video_load","cnn.com","Runway","CTV Venti Package","Connected TV","","",1144760,"Nike",7.52,"MDI1"
"a0eda97c-0105-4365-8ade-4681a0522baa","video_load","buzzfeed.com","Breakaway","Runway Premium","Connected TV","Samsung TV","",1144760,"Nike",7.46,"MDI1"
"69e4fddd-bd48-4d45-b53f-869d73518234","click","forbes.com","Hover","CTV Venti Package","Phone","","",1144760,"Nike",7.5,"MDI1"
"69e4fddd-bd48-4d45-b53f-869d73518234","click","forbes.com","Hover","CTV Venti Package","Phone","","",1144760,"Nike",7.5,"MDI1"
"69e4fddd-bd48-4d45-b53f-869d73518234","click","forbes.com","Hover","CTV Venti Package","Phone","","",1144760,"Nike",7.5,"MDI1"
"feb27514-1ba6-4462-b108-af7b00240ae6","video_load","tmz.com","Runway","Runway Premium","Computer","","",1144800,"Home Depot",7.41,"MDI1"
"b8a9a41f-b871-4052-82ed-e7f81e1e3db5","click","variety.com","ABA Display","CTV Venti Package","Tablet","","",1144910,"Netflix",7.54,"MDI1"
"b8a9a41f-b871-4052-82ed-e7f81e1e3db5","click","variety.com","ABA Display","CTV Venti Package","Tablet","","",1144910,"Netflix",7.54,"MDI1"
"d7f0d68b-0ce9-4ff4-9d78-fcdb0bec8156","impression","tmz.com","Venti","Mobile Hover","Connected TV","","",1144720,"McDonalds",7.41,"MDI1"
"7b8a2db9-0b89-4154-bd67-43122963ef52","video_midpoint","forbes.com","HighRise","Mobile Hover","Phone","","",1144910,"Netflix",7.41,"MDI1"
"d7bfe12c-5499-4722-966d-328e24612b9a","impression","forbes.com","Hover","Breakaway Display","Connected TV","","Pluto TV",1144673,"Walmart Grocery",7.42,"MDI1"
"d7bfe12c-5499-4722-966d-328e24612b9a","impression","forbes.com","Hover","Breakaway Display","Connected TV","","Pluto TV",1144673,"Walmart Grocery",7.42,"MDI1"
"11076cae-2bb0-4ed6-a844-500cc07a7bca","video_start","weather.com","Breakaway","Breakaway Display","Connected TV","","",1144760,"Nike",7.5,"MDI1"
"209dc709-0517-49d1-88eb-67b4ebcf6518","video_start","people.com","HighRise","CTV Venti Package","Computer","Android TV","",1144721,"Starbucks",7.44,"MDI1"
"87589920-c5a2-4620-b54d-8e639ee9cdc5","video_midpoint","people.com","Venti","Breakaway Display","Connected TV","Android TV","",1144790,"Apple",7.42,"MDI1"
"73440636-6da2-4b9e-8911-8e0de1769832","video_midpoint","cnn.com","Venti","Mobile Hover","Connected TV","","",1144720,"McDonalds",7.44,"MDI1"
"09ccf8b6-43df-41c3-8a7f-6940c3ab76b2","video_complete","people.com","Venti","Anchor w Video Package","Tablet","","",1144720,"McDonalds",7.45,"MDI1"
"b6369359-cc61-47cc-9d23-d4dae7a8a842","video_load","weather.com","Venti","Breakaway Display","Tablet","","Peacock",1144760,"Nike",7.42,"MDI1"
"dc60fda8-da5e-4d6f-b672-e3aa499981e8","impression","weather.com","HighRise","Breakaway Display","Computer","Apple TV","",1144790,"Apple",7.4,"MDI1"
"4c9167e2-321d-4d51-8010-0c1f073d01bd","video_firstquartile","nytimes.com","Breakaway","Mobile Hover","Connected TV","","",1144760,"Nike",7.43,"MDI1"
"30dc60d1-3cfc-4a0d-b43a-dcaf93e7119b","impression","forbes.com","ABA Display","Mobile Hover","Phone","","",1144790,"Apple",7.41,"MDI1"
"d7f74146-e205-4cc0-9e1e-a9b14a225f5e","video_midpoint","variety.com","ABA Display","CTV Venti Package","Phone","","",1144780,"CVS",7.42,"MDI1"
"d7f74146-e205-4cc0-9e1e-a9b14a225f5e","video_midpoint","variety.com","ABA Display","CTV Venti Package","Phone","","",1144780,"CVS",7.42,"MDI1"
"d7f74146-e205-4cc0-9e1e-a9b14a225f5e","video_midpoint","variety.com","ABA Display","CTV Venti Package","Phone","","",1144780,"CVS",7.42,"MDI1"
"59677d10-e4f4-46a7-91ad-a7689f7db411","impression","nytimes.com","HighRise","Breakaway Display","Connected TV","","Paramount+",1144761,"Old Navy",7.45,"MDI1"
"59677d10-e4f4-46a7-91ad-a7689f7db411","impression","nytimes.com","HighRise","Breakaway Display","Connected TV","","Paramount+",1144761,"Old Navy",7.45,"MDI1"
"27f30d53-8383-4563-8efd-213d3e8fdc56","impression","buzzfeed.com","Breakaway","CTV Venti Package","Tablet","Android TV","",1144760,"Nike",7.39,"MDI1"
"27f30d53-8383-4563-8efd-213d3e8fdc56","impression","buzzfeed.com","Breakaway","CTV Venti Package","Tablet","Android TV","",1144760,"Nike",7.39,"MDI1"
"1a5b791e-4232-4e95-97ae-e227af76c640","video_midpoint","forbes.com","HighRise","Mobile Hover","Connected TV","","",1144910,"Netflix",7.49,"MDI1"
"2a0aac69-cd0f-40d0-bbda-d833a2ee25ee","video_firstquartile","theverge.com","Venti","Anchor w Video Package","Computer","","Paramount+",1144722,"Chick-fil-A",7.45,"MDI1"
"ab06d43f-3194-4e9a-886e-e440a2d8e695","click","cnn.com","ABA Display","Mobile Hover","Phone","LG Smart TV","Tubi",1144761,"Old Navy",7.64,"MDI1"
"ab06d43f-3194-4e9a-886e-e440a2d8e695","click","cnn.com","ABA Display","Mobile Hover","Phone","LG Smart TV","Tubi",1144761,"Old Navy",7.64,"MDI1"
"ab06d43f-3194-4e9a-886e-e440a2d8e695","click","cnn.com","ABA Display","Mobile Hover","Phone","LG Smart TV","Tubi",1144761,"Old Navy",7.64,"MDI1"
"818bae2f-2881-476e-95ad-6a48a7c70dee","video_thirdquartile","people.com","Hover","Runway Premium","Phone","","",1144760,"Nike",7.45,"MDI1"
"818bae2f-2881-476e-95ad-6a48a7c70dee","video_thirdquartile","people.com","Hover","Runway Premium","Phone","","",1144760,"Nike",7.45,"MDI1"
"818bae2f-2881-476e-95ad-6a48a7c70dee","video_thirdquartile","people.com","Hover","Runway Premium","Phone","","",1144760,"Nike",7.45,"MDI1"
"afd065cb-43bb-4716-830c-5912718ed705","impression","forbes.com","Runway","CTV Venti Package","Tablet","","",1144722,"Chick-fil-A",7.49,"MDI1"
"afd065cb-43bb-4716-830c-5912718ed705","impression","forbes.com","Runway","CTV Venti Package","Tablet","","",1144722,"Chick-fil-A",7.49,"MDI1"
"0f69ed5f-3015-4838-954a-13df58f7e410","video_start","weather.com","HighRise","CTV Venti Package","Phone","","",1144761,"Old Navy",7.39,"MDI1"
"f6c3ca22-6688-4a3d-821d-d37301ec2178","click","techcrunch.com","Hover","Anchor w Video Package","Connected TV","","",1144910,"Netflix",7.58,"MDI1"
"19014c67-a8f1-4e11-82cd-737bb27dac03","video_start","tmz.com","Breakaway","Breakaway Display","Connected TV","","",1144722,"Chick-fil-A",7.45,"MDI1"
"539d0534-91f4-4b9f-a47a-8c61c471edc3","video_thirdquartile","variety.com","ABA Display","Breakaway Display","Tablet","","Fubo TV",1144910,"Netflix",7.47,"MDI1"
"73f4b735-895a-4bb6-ab6e-4824fd70ab7b","click","forbes.com","Breakaway","Middle Banner - Standard","Computer","Samsung TV","",1144800,"Home Depot",7.5,"MDI1"
"7e8dfb83-33af-4f28-af03-a9451154efa8","video_complete","buzzfeed.com","ABA Display","Middle Banner - Standard","Connected TV","Roku","",1144910,"Netflix",7.58,"MDI1"
"625a06d2-27dc-4b66-bf73-990b134979a0","impression","variety.com","Runway","Middle Banner - Standard","Connected TV","","",1144910,"Netflix",7.5,"MDI1"
"625a06d2-27dc-4b66-bf73-990b134979a0","impression","variety.com","Runway","Middle Banner - Standard","Connected TV","","",1144910,"Netflix",7.5,"MDI1"
"2593c8c5-c8c7-4e0f-8afd-a90db1b2e9c9","video_firstquartile","usatoday.com","ABA Display","Breakaway Display","Phone","","",1144720,"McDonalds",7.5,"MDI1"
"2593c8c5-c8c7-4e0f-8afd-a90db1b2e9c9","video_firstquartile","usatoday.com","ABA Display","Breakaway Display","Phone","","",1144720,"McDonalds",7.5,"MDI1"
"408a8a30-5d93-4fbf-83ca-f6050f4cba8b","video_midpoint","theverge.com","HighRise","Middle Banner - Standard","Computer","","",1144750,"Target",7.46,"MDI1"
"9caed6f9-bbe8-4d50-9622-07d294f2d981","click","techcrunch.com","HighRise","Breakaway Display","Phone","Fire TV","Paramount+",1144800,"Home Depot",7.61,"MDI1"
"9caed6f9-bbe8-4d50-9622-07d294f2d981","click","techcrunch.com","HighRise","Breakaway Display","Phone","Fire TV","Paramount+",1144800,"Home Depot",7.61,"MDI1"
"87bb66db-7055-40f5-995d-e098e0f433fc","video_firstquartile","buzzfeed.com","ABA Display","Runway Premium","Tablet","Samsung TV","",1144910,"Netflix",7.4,"MDI1"
"0c45581b-3c79-47b1-a7e7-4e7a1803b533","impression","weather.com","Breakaway","Breakaway Display","Phone","","",1144910,"Netflix",7.51,"MDI1"
"634c012f-5609-48d5-954b-d6209dd582ec","video_thirdquartile","theverge.com","Hover","Breakaway Display","Connected TV","","",1144780,"CVS",7.42,"MDI1"
"a692ad9f-661e-4a6f-a03b-35839cf54758","video_start","forbes.com","HighRise","Middle Banner - Standard","Phone","","Pluto TV",1144910,"Netflix",7.42,"MDI1"
"dfb42036-ea9d-418b-9f85-a07179e1581a","video_complete","buzzfeed.com","ABA Display","Breakaway Display","Tablet","Fire TV","",1144720,"McDonalds",7.55,"MDI1"
"dfb42036-ea9d-418b-9f85-a07179e1581a","video_complete","buzzfeed.com","ABA Display","Breakaway Display","Tablet","Fire TV","",1144720,"McDonalds",7.55,"MDI1"
"10633136-4f38-4a58-a0ee-76e76d749822","video_midpoint","variety.com","HighRise","CTV Venti Package","Connected TV","","Pluto TV",1144760,"Nike",7.44,"MDI1"
"d3171808-610f-429c-9b57-d7e6ab99dabf","impression","variety.com","ABA Display","CTV Venti Package","Tablet","","",1144800,"Home Depot",7.41,"MDI1"
"10d8017c-69ce-4405-8515-ab20d49f845f","video_complete","buzzfeed.com","Venti","Anchor w Video Package","Connected TV","Samsung TV","",1144750,"Target",7.62,"MDI1"
"10d8017c-69ce-4405-8515-ab20d49f845f","video_complete","buzzfeed.com","Venti","Anchor w Video Package","Connected TV","Samsung TV","",1144750,"Target",7.62,"MDI1"
"62a8d6e5-d477-4ebc-a559-e66aa9d14abe","video_complete","buzzfeed.com","Venti","Breakaway Display","Connected TV","","",1144721,"Starbucks",7.62,"MDI1"
"62a8d6e5-d477-4ebc-a559-e66aa9d14abe","video_complete","buzzfeed.com","Venti","Breakaway Display","Connected TV","","",1144721,"Starbucks",7.62,"MDI1"
"e6ab790c-f12c-4f6b-bd8c-f63c51748a0e","click","buzzfeed.com","Hover","Anchor w Video Package","Phone","","",1144761,"Old Navy",7.39,"MDI1"
"464b6213-6733-45f4-a66d-2510b4dd117e","video_firstquartile","weather.com","Breakaway","CTV Venti Package","Tablet","","",1144720,"McDonalds",7.49,"MDI1"
"75e63cee-1828-47f1-818b-dcbf24d345c6","video_load","usatoday.com","Runway","Mobile Hover","Phone","","",1144800,"Home Depot",7.49,"MDI1"
"75e63cee-1828-47f1-818b-dcbf24d345c6","video_load","usatoday.com","Runway","Mobile Hover","Phone","","",1144800,"Home Depot",7.49,"MDI1"
"75e63cee-1828-47f1-818b-dcbf24d345c6","video_load","usatoday.com","Runway","Mobile Hover","Phone","","",1144800,"Home Depot",7.49,"MDI1"
"9d627b0c-5cd2-4257-806d-a725f7528066","video_firstquartile","weather.com","ABA Display","CTV Venti Package","Connected TV","Roku","",1144673,"Walmart Grocery",7.56,"MDI1"
"3224b139-c9f4-4a2e-8d49-871e84a5bf11","video_firstquartile","variety.com","ABA Display","Middle Banner - Standard","Tablet","","Fubo TV",1144790,"Apple",7.41,"MDI1"
"90a5e4a3-3c19-4114-9e2c-a01b1a45761c","impression","nytimes.com","Hover","Middle Banner - Standard","Connected TV","","",1144850,"Sephora",7.49,"MDI1"
"8fcfe4d0-f4e1-4fd0-819f-27d84e1d3ea7","video_complete","cnn.com","HighRise","Breakaway Display","Phone","Samsung TV","",1144720,"McDonalds",7.62,"MDI1"
"44bc4480-f041-4bc0-a3e0-9ed0c5801877","video_thirdquartile","buzzfeed.com","Venti","Runway Premium","Computer","","",1144850,"Sephora",7.45,"MDI1"
"44bc4480-f041-4bc0-a3e0-9ed0c5801877","video_thirdquartile","buzzfeed.com","Venti","Runway Premium","Computer","","",1144850,"Sephora",7.45,"MDI1"
"328756bd-2c7f-4dbb-840f-e93a447e15b4","click","tmz.com","Breakaway","Runway Premium","Computer","Samsung TV","",1144790,"Apple",7.5,"MDI1"
"328756bd-2c7f-4dbb-840f-e93a447e15b4","click","tmz.com","Breakaway","Runway Premium","Computer","Samsung TV","",1144790,"Apple",7.5,"MDI1"
"bc81db03-02bc-4061-b340-6e95d8280ec1","impression","people.com","Runway","Breakaway Display","Connected TV","","",1144780,"CVS",7.41,"MDI1"
"bc81db03-02bc-4061-b340-6e95d8280ec1","impression","people.com","Runway","Breakaway Display","Connected TV","","",1144780,"CVS",7.41,"MDI1"
"bc81db03-02bc-4061-b340-6e95d8280ec1","impression","people.com","Runway","Breakaway Display","Connected TV","","",1144780,"CVS",7.41,"MDI1"
"5545fc18-b5d5-4547-b1c9-86d224003e5f","video_load","cnn.com","HighRise","CTV Venti Package","Connected TV","Apple TV","",1144790,"Apple",7.49,"MDI1"
"5545fc18-b5d5-4547-b1c9-86d224003e5f","video_load","cnn.com","HighRise","CTV Venti Package","Connected TV","Apple TV","",1144790,"Apple",7.49,"MDI1"
"a1382b64-f870-4b31-add2-8bded406c063","video_midpoint","forbes.com","Venti","Anchor w Video Package","Connected TV","","",1144800,"Home Depot",7.57,"MDI1"
"a1382b64-f870-4b31-add2-8bded406c063","video_midpoint","forbes.com","Venti","Anchor w Video Package","Connected TV","","",1144800,"Home Depot",7.57,"MDI1"
"1f43cd6b-cbc0-4b89-92b4-52ec08c14698","impression","espn.com","ABA Display","Middle Banner - Standard","Connected TV","LG Smart TV","",1144780,"CVS",7.47,"MDI1"
"897db655-847a-461c-8068-4b8a824df7d1","impression","variety.com","ABA Display","Runway Premium","Computer","Samsung TV","Pluto TV",1144790,"Apple",7.48,"MDI1"
"2acf4f36-8d81-428d-95fe-f8bdf7513a6d","video_midpoint","people.com","Runway","Runway Premium","Tablet","Roku","",1144760,"Nike",7.4,"MDI1"
"35002c5b-b56a-47d5-8894-7b281e378459","click","forbes.com","HighRise","Anchor w Video Package","Connected TV","Roku","",1144790,"Apple",7.45,"MDI1"
"35002c5b-b56a-47d5-8894-7b281e378459","click","forbes.com","HighRise","Anchor w Video Package","Connected TV","Roku","",1144790,"Apple",7.45,"MDI1"
"71f97e8c-455e-4ae7-9ad4-903325d58167","impression","cnn.com","ABA Display","CTV Venti Package","Phone","Apple TV","",1144722,"Chick-fil-A",7.54,"MDI1"
"863910df-86c8-424a-91b1-1d8cd990b0db","impression","cnn.com","Venti","Mobile Hover","Connected TV","LG Smart TV","",1144720,"McDonalds",7.52,"MDI1"
"65961005-a893-4bf1-8922-87893be5ef88","impression","usatoday.com","ABA Display","CTV Venti Package","Phone","","",1144673,"Walmart Grocery",7.44,"MDI1"
"65961005-a893-4bf1-8922-87893be5ef88","impression","usatoday.com","ABA Display","CTV Venti Package","Phone","","",1144673,"Walmart Grocery",7.44,"MDI1"
"65961005-a893-4bf1-8922-87893be5ef88","impression","usatoday.com","ABA Display","CTV Venti Package","Phone","","",1144673,"Walmart Grocery",7.44,"MDI1"
"65961005-a893-4bf1-8922-87893be5ef88","impression","usatoday.com","ABA Display","CTV Venti Package","Phone","","",1144673,"Walmart Grocery",7.44,"MDI1"
"65961005-a893-4bf1-8922-87893be5ef88","impression","usatoday.com","ABA Display","CTV Venti Package","Phone","","",1144673,"Walmart Grocery",7.44,"MDI1"
"e49bcbb9-04e7-41e8-beed-07e4d0366c9d","video_start","espn.com","Hover","Breakaway Display","Computer","Samsung TV","",1144850,"Sephora",7.46,"MDI1"
"e49bcbb9-04e7-41e8-beed-07e4d0366c9d","video_start","espn.com","Hover","Breakaway Display","Computer","Samsung TV","",1144850,"Sephora",7.46,"MDI1"
"efdc4b4d-3759-4fc2-8129-b03e9c8637b1","video_complete","tmz.com","Breakaway","Runway Premium","Phone","","",1144720,"McDonalds",7.59,"MDI1"
"efdc4b4d-3759-4fc2-8129-b03e9c8637b1","video_complete","tmz.com","Breakaway","Runway Premium","Phone","","",1144720,"McDonalds",7.59,"MDI1"
"8b4f0a26-d099-4ea2-9a8d-d2ca0cc22947","impression","weather.com","Runway","Mobile Hover","Tablet","Android TV","Paramount+",1144780,"CVS",7.49,"MDI1"
"8b4f0a26-d099-4ea2-9a8d-d2ca0cc22947","impression","weather.com","Runway","Mobile Hover","Tablet","Android TV","Paramount+",1144780,"CVS",7.49,"MDI1"
"8b4f0a26-d099-4ea2-9a8d-d2ca0cc22947","impression","weather.com","Runway","Mobile Hover","Tablet","Android TV","Paramount+",1144780,"CVS",7.49,"MDI1"
"c5cfb83d-5933-4946-9b2f-38b082606914","video_load","espn.com","Breakaway","Anchor w Video Package","Tablet","","",1144780,"CVS",7.44,"MDI1"
"808fbf8a-9a9b-490c-b6c1-eecd766e9b06","video_complete","usatoday.com","Venti","Breakaway Display","Tablet","","",1144673,"Walmart Grocery",7.52,"MDI1"
"a3d14ce5-6008-472e-b92e-d94341d4acc0","impression","variety.com","Venti","Breakaway Display","Phone","","",1144800,"Home Depot",7.41,"MDI1"
"01802826-a0d2-43ca-a67d-aa43fb1e6e85","video_midpoint","techcrunch.com","Hover","Mobile Hover","Tablet","","",1144790,"Apple",7.43,"MDI1"
"c3dd6234-3828-4691-9c3c-ef0e52d93056","video_start","usatoday.com","HighRise","Mobile Hover","Tablet","Apple TV","",1144673,"Walmart Grocery",7.47,"MDI1"
"c3dd6234-3828-4691-9c3c-ef0e52d93056","video_start","usatoday.com","HighRise","Mobile Hover","Tablet","Apple TV","",1144673,"Walmart Grocery",7.47,"MDI1"
"c3dd6234-3828-4691-9c3c-ef0e52d93056","video_start","usatoday.com","HighRise","Mobile Hover","Tablet","Apple TV","",1144673,"Walmart Grocery",7.47,"MDI1"
"c3dd6234-3828-4691-9c3c-ef0e52d93056","video_start","usatoday.com","HighRise","Mobile Hover","Tablet","Apple TV","",1144673,"Walmart Grocery",7.47,"MDI1"
"0bcc22d7-e1b3-4867-a205-58fbeafe55d8","impression","usatoday.com","ABA Display","Anchor w Video Package","Phone","","",1144850,"Sephora",7.5,"MDI1"
"0bcc22d7-e1b3-4867-a205-58fbeafe55d8","impression","usatoday.com","ABA Display","Anchor w Video Package","Phone","","",1144850,"Sephora",7.5,"MDI1"
"36bf7cf1-9d11-4354-97f2-f6105ed60e27","impression","nytimes.com","HighRise","Middle Banner - Standard","Connected TV","","",1144721,"Starbucks",7.53,"MDI1"
"36bf7cf1-9d11-4354-97f2-f6105ed60e27","impression","nytimes.com","HighRise","Middle Banner - Standard","Connected TV","","",1144721,"Starbucks",7.53,"MDI1"
"6f46add7-93c3-4a22-90b9-6b6b71d68233","video_midpoint","usatoday.com","HighRise","Middle Banner - Standard","Connected TV","","",1144910,"Netflix",7.47,"MDI1"
"9aaf3804-4ad3-4914-bc6b-00677f8048d8","impression","usatoday.com","HighRise","Anchor w Video Package","Connected TV","","",1144721,"Starbucks",7.39,"MDI1"
"9aaf3804-4ad3-4914-bc6b-00677f8048d8","impression","usatoday.com","HighRise","Anchor w Video Package","Connected TV","","",1144721,"Starbucks",7.39,"MDI1"
"60122812-bcc3-4259-832d-753b45776d35","video_thirdquartile","tmz.com","Hover","CTV Venti Package","Connected TV","LG Smart TV","",1144720,"McDonalds",7.53,"MDI1"
"60122812-bcc3-4259-832d-753b45776d35","video_thirdquartile","tmz.com","Hover","CTV Venti Package","Connected TV","LG Smart TV","",1144720,"McDonalds",7.53,"MDI1"
"60122812-bcc3-4259-832d-753b45776d35","video_thirdquartile","tmz.com","Hover","CTV Venti Package","Connected TV","LG Smart TV","",1144720,"McDonalds",7.53,"MDI1"
"fdcefd0e-af82-45c0-a9bb-1f92dff728e6","impression","espn.com","Breakaway","CTV Venti Package","Phone","Samsung TV","",1144673,"Walmart Grocery",7.46,"MDI1"
"acf67914-3c55-4783-83ae-f427f4cb6e72","video_start","nytimes.com","ABA Display","CTV Venti Package","Connected TV","","",1144722,"Chick-fil-A",7.52,"MDI1"
"eac6922d-98f5-4380-a564-c145e24a54e1","impression","weather.com","Hover","Mobile Hover","Tablet","Samsung TV","",1144850,"Sephora",7.44,"MDI1"
"538c8849-df93-4e92-8dda-33512d872fa7","video_thirdquartile","weather.com","HighRise","Mobile Hover","Connected TV","Samsung TV","",1144910,"Netflix",7.53,"MDI1"
"8477b4cd-3116-44f8-bc95-b73e2a60b743","click","buzzfeed.com","Runway","Runway Premium","Computer","Android TV","",1144800,"Home Depot",7.52,"MDI1"
"31683033-5351-4d2c-bfa6-3d2f45542cd6","video_complete","people.com","ABA Display","Mobile Hover","Computer","Apple TV","",1144761,"Old Navy",7.5,"MDI1"
"5c4787cf-715e-41e3-b4e3-db1439f9b0b3","click","people.com","ABA Display","Runway Premium","Phone","","",1144850,"Sephora",7.44,"MDI1"
"5c4787cf-715e-41e3-b4e3-db1439f9b0b3","click","people.com","ABA Display","Runway Premium","Phone","","",1144850,"Sephora",7.44,"MDI1"
"dbc95a87-8aa2-4eea-8dec-bf54dd7888a3","video_complete","buzzfeed.com","Breakaway","Runway Premium","Computer","","",1144760,"Nike",7.46,"MDI1"
"dbc95a87-8aa2-4eea-8dec-bf54dd7888a3","video_complete","buzzfeed.com","Breakaway","Runway Premium","Computer","","",1144760,"Nike",7.46,"MDI1"
"dbf6b107-77d6-4552-8f56-d0fd4582c4b4","video_complete","theverge.com","Runway","Anchor w Video Package","Computer","","",1144800,"Home Depot",7.44,"MDI1"
"dbf6b107-77d6-4552-8f56-d0fd4582c4b4","video_complete","theverge.com","Runway","Anchor w Video Package","Computer","","",1144800,"Home Depot",7.44,"MDI1"
"cbd1deff-e629-48f8-b732-be28bc7699b9","impression","variety.com","Hover","Anchor w Video Package","Connected TV","","",1144910,"Netflix",7.52,"MDI1"
"cbd1deff-e629-48f8-b732-be28bc7699b9","impression","variety.com","Hover","Anchor w Video Package","Connected TV","","",1144910,"Netflix",7.52,"MDI1"
"cac1e9d8-0166-4499-b59c-352045dcabc8","video_complete","forbes.com","Runway","Runway Premium","Tablet","","",1144790,"Apple",7.58,"MDI1"
"cac1e9d8-0166-4499-b59c-352045dcabc8","video_complete","forbes.com","Runway","Runway Premium","Tablet","","",1144790,"Apple",7.58,"MDI1"
"922b9997-8ea9-44c4-8287-e4d29c142ff0","video_complete","espn.com","Hover","Breakaway Display","Phone","Apple TV","",1144800,"Home Depot",7.44,"MDI1"
"066c03cc-4432-46bb-b2e4-950521b5ea14","video_complete","theverge.com","Breakaway","Breakaway Display","Tablet","Samsung TV","",1144750,"Target",7.59,"MDI1"
"a2c24748-03c9-42b3-9671-103a30665416","click","cnn.com","Hover","Mobile Hover","Connected TV","","",1144790,"Apple",7.41,"MDI1"
"f8f03b5e-f031-4977-b23e-e9d5a4d654ec","video_firstquartile","people.com","ABA Display","Anchor w Video Package","Connected TV","","",1144722,"Chick-fil-A",7.46,"MDI1"
"c9e12eff-f16d-465c-a056-138fcf829f66","video_start","theverge.com","Breakaway","Runway Premium","Phone","","Tubi",1144761,"Old Navy",7.41,"MDI1"
"c9e12eff-f16d-465c-a056-138fcf829f66","video_start","theverge.com","Breakaway","Runway Premium","Phone","","Tubi",1144761,"Old Navy",7.41,"MDI1"
"1a84e9d3-e16f-4371-b8c7-6036bf8c247c","video_thirdquartile","cnn.com","ABA Display","Middle Banner - Standard","Connected TV","","",1144720,"McDonalds",7.43,"MDI1"
"1a84e9d3-e16f-4371-b8c7-6036bf8c247c","video_thirdquartile","cnn.com","ABA Display","Middle Banner - Standard","Connected TV","","",1144720,"McDonalds",7.43,"MDI1"
"ff31fd44-4ae5-43b7-b0ff-cb501ba314a3","impression","techcrunch.com","Venti","Anchor w Video Package","Phone","Fire TV","",1144722,"Chick-fil-A",7.5,"MDI1"
"ff31fd44-4ae5-43b7-b0ff-cb501ba314a3","impression","techcrunch.com","Venti","Anchor w Video Package","Phone","Fire TV","",1144722,"Chick-fil-A",7.5,"MDI1"
"94b9925d-9979-4765-bd8b-b6de45a0911f","click","forbes.com","Runway","Anchor w Video Package","Tablet","","",1144850,"Sephora",7.42,"MDI1"
"1bbad6b7-504a-4a27-9223-1780bd1b9b67","video_start","tmz.com","Venti","Runway Premium","Computer","Fire TV","Fubo TV",1144761,"Old Navy",7.39,"MDI1"
"ffb9a159-2a82-49a6-94c8-0f4c1aa40cc3","video_thirdquartile","weather.com","Breakaway","Mobile Hover","Connected TV","Fire TV","",1144673,"Walmart Grocery",7.48,"MDI1"
"cd967c91-0b31-497c-8b77-4a363cd8adec","impression","buzzfeed.com","Hover","Breakaway Display","Phone","","",1144800,"Home Depot",7.51,"MDI1"
"30bab235-80be-418e-b6cb-21883cc43ebc","video_start","espn.com","Hover","Runway Premium","Computer","","Tubi",1144673,"Walmart Grocery",7.42,"MDI1"
"eaf58743-bb03-44dd-aae9-7a01ddd2a6f6","impression","cnn.com","Venti","CTV Venti Package","Connected TV","","",1144790,"Apple",7.54,"MDI1"
"eaf58743-bb03-44dd-aae9-7a01ddd2a6f6","impression","cnn.com","Venti","CTV Venti Package","Connected TV","","",1144790,"Apple",7.54,"MDI1"
"16bbb9d7-051b-442d-9ab0-7e716a89e284","click","weather.com","ABA Display","Mobile Hover","Computer","","",1144750,"Target",7.46,"MDI1"
"ac2c1d5a-9222-438e-9da9-4035684d8502","impression","buzzfeed.com","ABA Display","Anchor w Video Package","Computer","","Fubo TV",1144910,"Netflix",7.41,"MDI1"
"fd488b40-d76f-48d0-90fd-e5ab6e6754f8","video_complete","usatoday.com","Runway","Anchor w Video Package","Tablet","LG Smart TV","",1144673,"Walmart Grocery",7.65,"MDI1"
"c867de06-2b4a-40aa-9613-a2896cbedc4a","impression","buzzfeed.com","Runway","Anchor w Video Package","Computer","","Paramount+",1144850,"Sephora",7.46,"MDI1"
"c867de06-2b4a-40aa-9613-a2896cbedc4a","impression","buzzfeed.com","Runway","Anchor w Video Package","Computer","","Paramount+",1144850,"Sephora",7.46,"MDI1"
"d6ce4ba1-c06c-4d1a-abab-6533e878373c","video_start","variety.com","HighRise","Mobile Hover","Connected TV","","",1144780,"CVS",7.41,"MDI1"
"f8fb60da-4cd6-4c08-ae87-3896786e6bbf","video_load","weather.com","Breakaway","CTV Venti Package","Tablet","","",1144720,"McDonalds",7.48,"MDI1"
"f8fb60da-4cd6-4c08-ae87-3896786e6bbf","video_load","weather.com","Breakaway","CTV Venti Package","Tablet","","",1144720,"McDonalds",7.48,"MDI1"
"f6067e9d-0fb5-42f9-a58a-853ee81b2ba0","video_thirdquartile","buzzfeed.com","ABA Display","Mobile Hover","Computer","","Pluto TV",1144722,"Chick-fil-A",7.44,"MDI1"
"f6067e9d-0fb5-42f9-a58a-853ee81b2ba0","video_thirdquartile","buzzfeed.com","ABA Display","Mobile Hover","Computer","","Pluto TV",1144722,"Chick-fil-A",7.44,"MDI1"
"f6067e9d-0fb5-42f9-a58a-853ee81b2ba0","video_thirdquartile","buzzfeed.com","ABA Display","Mobile Hover","Computer","","Pluto TV",1144722,"Chick-fil-A",7.44,"MDI1"
"f6067e9d-0fb5-42f9-a58a-853ee81b2ba0","video_thirdquartile","buzzfeed.com","ABA Display","Mobile Hover","Computer","","Pluto TV",1144722,"Chick-fil-A",7.44,"MDI1"
"21b63d27-dc4d-4880-bb44-64c1f238c4ef","impression","variety.com","Runway","Runway Premium","Tablet","Samsung TV","",1144850,"Sephora",7.46,"MDI1"
"289e2bbe-7c68-441b-b2e1-32543399054b","video_start","nytimes.com","Runway","CTV Venti Package","Phone","","",1144750,"Target",7.48,"MDI1"
"a88eceba-7940-4f3c-82a3-490029182636","impression","cnn.com","HighRise","Mobile Hover","Computer","","",1144761,"Old Navy",7.45,"MDI1"
"56944a50-9ab5-4e43-8141-0ad72aa25833","click","theverge.com","Breakaway","Mobile Hover","Tablet","","",1144722,"Chick-fil-A",7.42,"MDI1"
"56944a50-9ab5-4e43-8141-0ad72aa25833","click","theverge.com","Breakaway","Mobile Hover","Tablet","","",1144722,"Chick-fil-A",7.42,"MDI1"
"56944a50-9ab5-4e43-8141-0ad72aa25833","click","theverge.com","Breakaway","Mobile Hover","Tablet","","",1144722,"Chick-fil-A",7.42,"MDI1"
"08012088-4fd2-4ed6-a271-d645b120579d","impression","usatoday.com","Breakaway","Runway Premium","Tablet","Roku","",1144673,"Walmart Grocery",7.52,"MDI1"
"08012088-4fd2-4ed6-a271-d645b120579d","impression","usatoday.com","Breakaway","Runway Premium","Tablet","Roku","",1144673,"Walmart Grocery",7.52,"MDI1"
"f2e8ecf6-4c2c-455c-8b93-330f217f920a","video_thirdquartile","people.com","Venti","Breakaway Display","Tablet","","",1144800,"Home Depot",7.49,"MDI1"
"0653a3ef-3c47-42da-8529-aaaba471f971","video_load","buzzfeed.com","Runway","Mobile Hover","Phone","","",1144850,"Sephora",7.43,"MDI1"
"0653a3ef-3c47-42da-8529-aaaba471f971","video_load","buzzfeed.com","Runway","Mobile Hover","Phone","","",1144850,"Sephora",7.43,"MDI1"
"0653a3ef-3c47-42da-8529-aaaba471f971","video_load","buzzfeed.com","Runway","Mobile Hover","Phone","","",1144850,"Sephora",7.43,"MDI1"
"0653a3ef-3c47-42da-8529-aaaba471f971","video_load","buzzfeed.com","Runway","Mobile Hover","Phone","","",1144850,"Sephora",7.43,"MDI1"
"0653a3ef-3c47-42da-8529-aaaba471f971","video_load","buzzfeed.com","Runway","Mobile Hover","Phone","","",1144850,"Sephora",7.43,"MDI1"
"0653a3ef-3c47-42da-8529-aaaba471f971","video_load","buzzfeed.com","Runway","Mobile Hover","Phone","","",1144850,"Sephora",7.43,"MDI1"
"4ac53b29-6892-498b-a049-7ae79bdc13d3","video_thirdquartile","nytimes.com","Runway","Runway Premium","Connected TV","","Peacock",1144790,"Apple",7.4,"MDI1"
"4ac53b29-6892-498b-a049-7ae79bdc13d3","video_thirdquartile","nytimes.com","Runway","Runway Premium","Connected TV","","Peacock",1144790,"Apple",7.4,"MDI1"
"999032e3-e58a-4166-887e-005d2c244590","video_load","nytimes.com","Hover","CTV Venti Package","Tablet","","Tubi",1144910,"Netflix",7.49,"MDI1"
"e0ecbf0c-92cb-4b5a-8f39-75922d63528e","video_start","techcrunch.com","HighRise","Breakaway Display","Computer","","Peacock",1144673,"Walmart Grocery",7.4,"MDI1"
"0d35d4da-e4fd-487f-a9f7-b2ff638b110b","impression","espn.com","Runway","Breakaway Display","Phone","","Fubo TV",1144850,"Sephora",7.45,"MDI1"
"3ecca192-b2e5-48c0-a6bc-e6906273df7f","video_complete","espn.com","Hover","Middle Banner - Standard","Tablet","Android TV","",1144750,"Target",7.62,"MDI1"
"3bc7942f-e110-42eb-afcf-868244b4916a","impression","techcrunch.com","HighRise","Anchor w Video Package","Connected TV","","",1144761,"Old Navy",7.51,"MDI1"
"3bc7942f-e110-42eb-afcf-868244b4916a","impression","techcrunch.com","HighRise","Anchor w Video Package","Connected TV","","",1144761,"Old Navy",7.51,"MDI1"
"3bc7942f-e110-42eb-afcf-868244b4916a","impression","techcrunch.com","HighRise","Anchor w Video Package","Connected TV","","",1144761,"Old Navy",7.51,"MDI1"
"26e1d057-c6a5-4438-ac03-4952450ff5a8","impression","tmz.com","HighRise","Breakaway Display","Phone","","",1144790,"Apple",7.44,"MDI1"
"9e7661f4-b758-4eeb-b6a8-15b3cedeeadc","video_complete","people.com","Breakaway","Breakaway Display","Connected TV","","",1144673,"Walmart Grocery",7.5,"MDI1"
"9e7661f4-b758-4eeb-b6a8-15b3cedeeadc","video_complete","people.com","Breakaway","Breakaway Display","Connected TV","","",1144673,"Walmart Grocery",7.5,"MDI1"
"9e7661f4-b758-4eeb-b6a8-15b3cedeeadc","video_complete","people.com","Breakaway","Breakaway Display","Connected TV","","",1144673,"Walmart Grocery",7.5,"MDI1"
"9e7661f4-b758-4eeb-b6a8-15b3cedeeadc","video_complete","people.com","Breakaway","Breakaway Display","Connected TV","","",1144673,"Walmart Grocery",7.5,"MDI1"
"10d9cebc-de9c-497c-8fab-e3dac467b103","video_load","forbes.com","Venti","Runway Premium","Connected TV","","",1144673,"Walmart Grocery",7.39,"MDI1"
"7cdbffd3-0815-4a4c-b1aa-e9d57e538c51","video_thirdquartile","theverge.com","Breakaway","Breakaway Display","Connected TV","","",1144722,"Chick-fil-A",7.46,"MDI1"
"229dbbbe-530c-487e-a1b4-d64677d8107e","video_complete","usatoday.com","HighRise","Anchor w Video Package","Connected TV","Apple TV","Paramount+",1144790,"Apple",7.6,"MDI1"
"229dbbbe-530c-487e-a1b4-d64677d8107e","video_complete","usatoday.com","HighRise","Anchor w Video Package","Connected TV","Apple TV","Paramount+",1144790,"Apple",7.6,"MDI1"
"2ea58039-cd47-4dbf-8a7b-26d6cf8096e4","video_thirdquartile","forbes.com","Breakaway","Middle Banner - Standard","Phone","Apple TV","Fubo TV",1144790,"Apple",7.41,"MDI1"
"73602327-fd56-49aa-b418-c1ec39c60fb2","video_complete","tmz.com","Runway","Breakaway Display","Phone","","",1144800,"Home Depot",7.5,"MDI1"
"0a3b8ab8-a5b3-4c6a-a3b7-67a08b929ad7","video_midpoint","forbes.com","ABA Display","Runway Premium","Connected TV","","",1144780,"CVS",7.49,"MDI1"
"4a66e514-c3a9-4f3f-bd94-b72b22e53fe5","impression","tmz.com","Breakaway","Mobile Hover","Phone","","Fubo TV",1144761,"Old Navy",7.49,"MDI1"
"80c324db-0916-4fdf-b0f6-cf21b1da9381","video_midpoint","forbes.com","HighRise","Anchor w Video Package","Phone","","Tubi",1144800,"Home Depot",7.43,"MDI1"
"80c324db-0916-4fdf-b0f6-cf21b1da9381","video_midpoint","forbes.com","HighRise","Anchor w Video Package","Phone","","Tubi",1144800,"Home Depot",7.43,"MDI1"
"ca85627e-af99-4c54-be82-1a9704bb07e8","video_load","techcrunch.com","ABA Display","Mobile Hover","Connected TV","","",1144673,"Walmart Grocery",7.4,"MDI1"
"ca85627e-af99-4c54-be82-1a9704bb07e8","video_load","techcrunch.com","ABA Display","Mobile Hover","Connected TV","","",1144673,"Walmart Grocery",7.4,"MDI1"
"ca85627e-af99-4c54-be82-1a9704bb07e8","video_load","techcrunch.com","ABA Display","Mobile Hover","Connected TV","","",1144673,"Walmart Grocery",7.4,"MDI1"
"20886ee0-82da-4c0f-9159-b436617fde39","click","tmz.com","Venti","CTV Venti Package","Connected TV","","",1144850,"Sephora",7.59,"MDI1"
"d590c177-5e5d-43d5-ad2c-9b41d22e24c5","click","tmz.com","Runway","Runway Premium","Phone","","Peacock",1144761,"Old Navy",7.4,"MDI1"
"d590c177-5e5d-43d5-ad2c-9b41d22e24c5","click","tmz.com","Runway","Runway Premium","Phone","","Peacock",1144761,"Old Navy",7.4,"MDI1"
"2dbc6141-1e1e-466f-bfa6-035f16bae6c5","video_load","people.com","Venti","Anchor w Video Package","Phone","","",1144910,"Netflix",7.45,"MDI1"
"6e6f6f07-100c-4bf0-9b7c-d3f12c591f81","impression","usatoday.com","Hover","Breakaway Display","Phone","","",1144910,"Netflix",7.43,"MDI1"
"f35ad635-147a-47d3-8ab7-83bdf2572c7d","impression","techcrunch.com","Hover","Mobile Hover","Computer","","",1144750,"Target",7.4,"MDI1"
"354dbb97-7339-4a0f-a603-a2e24338b874","impression","variety.com","Venti","Runway Premium","Phone","","",1144673,"Walmart Grocery",7.45,"MDI1"
"354dbb97-7339-4a0f-a603-a2e24338b874","impression","variety.com","Venti","Runway Premium","Phone","","",1144673,"Walmart Grocery",7.45,"MDI1"
"398f9623-3dfc-4617-8ea7-2753c5c149b5","impression","tmz.com","Breakaway","Runway Premium","Connected TV","","",1144850,"Sephora",7.48,"MDI1"
"dff15a9b-92cb-4ac1-9a68-9e3bb3d59198","impression","variety.com","HighRise","Middle Banner - Standard","Phone","Apple TV","",1144761,"Old Navy",7.44,"MDI1"
"dff15a9b-92cb-4ac1-9a68-9e3bb3d59198","impression","variety.com","HighRise","Middle Banner - Standard","Phone","Apple TV","",1144761,"Old Navy",7.44,"MDI1"
"dff15a9b-92cb-4ac1-9a68-9e3bb3d59198","impression","variety.com","HighRise","Middle Banner - Standard","Phone","Apple TV","",1144761,"Old Navy",7.44,"MDI1"
"6a0b1669-32be-43a7-9345-4cfd4060af02","impression","weather.com","Breakaway","CTV Venti Package","Computer","LG Smart TV","",1144673,"Walmart Grocery",7.48,"MDI1"
"1a7578e3-6d0b-4301-96fb-af30adf72333","video_thirdquartile","forbes.com","Hover","Middle Banner - Standard","Tablet","","",1144761,"Old Navy",7.39,"MDI1"
"a29e04e8-f1a4-411b-adf8-f66519cd0d1a","impression","theverge.com","Hover","Anchor w Video Package","Tablet","Android TV","",1144722,"Chick-fil-A",7.43,"MDI1"
"47bde3b2-19b8-453c-b8a0-e8aab97db7ad","impression","people.com","Hover","Mobile Hover","Phone","","",1144760,"Nike",7.42,"MDI1"
"47bde3b2-19b8-453c-b8a0-e8aab97db7ad","impression","people.com","Hover","Mobile Hover","Phone","","",1144760,"Nike",7.42,"MDI1"
"618d2010-7e70-4507-b980-ca3c37abbf11","impression","buzzfeed.com","ABA Display","Middle Banner - Standard","Connected TV","","",1144780,"CVS",7.42,"MDI1"
"618d2010-7e70-4507-b980-ca3c37abbf11","impression","buzzfeed.com","ABA Display","Middle Banner - Standard","Connected TV","","",1144780,"CVS",7.42,"MDI1"
"e088bb23-e07b-4003-a565-fc8fd321de74","video_midpoint","tmz.com","HighRise","Runway Premium","Computer","Android TV","",1144761,"Old Navy",7.46,"MDI1"
"e088bb23-e07b-4003-a565-fc8fd321de74","video_midpoint","tmz.com","HighRise","Runway Premium","Computer","Android TV","",1144761,"Old Navy",7.46,"MDI1"
"41aac49e-ac68-4961-b74b-678edee181b7","video_complete","usatoday.com","Breakaway","Mobile Hover","Tablet","","",1144722,"Chick-fil-A",7.39,"MDI1"
"baf11c47-9cb6-4ffb-b97d-193dfe46ae0a","video_midpoint","techcrunch.com","Hover","Breakaway Display","Connected TV","","Pluto TV",1144721,"Starbucks",7.54,"MDI1"
"baf11c47-9cb6-4ffb-b97d-193dfe46ae0a","video_midpoint","techcrunch.com","Hover","Breakaway Display","Connected TV","","Pluto TV",1144721,"Starbucks",7.54,"MDI1"
"be9f8b95-56d3-4c5a-9eec-639633bfea2c","video_start","variety.com","Breakaway","Middle Banner - Standard","Connected TV","Roku","",1144850,"Sephora",7.56,"MDI1"
"6090e1a8-8783-44c2-a78b-2e7a65f58a72","video_firstquartile","buzzfeed.com","Breakaway","Breakaway Display","Connected TV","Fire TV","",1144910,"Netflix",7.54,"MDI1"
"73efe5a3-962b-43e2-bf57-dae1addc6719","video_thirdquartile","people.com","Runway","Runway Premium","Connected TV","","",1144673,"Walmart Grocery",7.41,"MDI1"
"73efe5a3-962b-43e2-bf57-dae1addc6719","video_thirdquartile","people.com","Runway","Runway Premium","Connected TV","","",1144673,"Walmart Grocery",7.41,"MDI1"
"73efe5a3-962b-43e2-bf57-dae1addc6719","video_thirdquartile","people.com","Runway","Runway Premium","Connected TV","","",1144673,"Walmart Grocery",7.41,"MDI1"
"aaac7cd9-3b68-474d-a686-f9106a438418","video_start","forbes.com","Venti","Breakaway Display","Phone","","",1144721,"Starbucks",7.46,"MDI1"
"aaac7cd9-3b68-474d-a686-f9106a438418","video_start","forbes.com","Venti","Breakaway Display","Phone","","",1144721,"Starbucks",7.46,"MDI1"
"0fb9cdd9-4912-47c2-9dec-389c11164ec8","video_load","buzzfeed.com","ABA Display","Middle Banner - Standard","Connected TV","Roku","",1144790,"Apple",7.53,"MDI1"
"e0239de4-14c5-49e7-b8a9-7b7cff834efb","video_start","people.com","HighRise","Mobile Hover","Phone","Android TV","Peacock",1144673,"Walmart Grocery",7.41,"MDI1"
"37015bbd-88ab-4b2f-ab71-8672cb00e210","video_firstquartile","theverge.com","ABA Display","Mobile Hover","Tablet","","",1144760,"Nike",7.48,"MDI1"
"37015bbd-88ab-4b2f-ab71-8672cb00e210","video_firstquartile","theverge.com","ABA Display","Mobile Hover","Tablet","","",1144760,"Nike",7.48,"MDI1"
"b934553f-f69b-43c2-bee9-6e5137bd81fc","impression","cnn.com","Hover","Runway Premium","Phone","","",1144800,"Home Depot",7.43,"MDI1"
"e550e56e-941d-46b6-a024-b30b4a5bcde2","impression","people.com","Runway","Middle Banner - Standard","Computer","","",1144750,"Target",7.47,"MDI1"
"e550e56e-941d-46b6-a024-b30b4a5bcde2","impression","people.com","Runway","Middle Banner - Standard","Computer","","",1144750,"Target",7.47,"MDI1"
"e550e56e-941d-46b6-a024-b30b4a5bcde2","impression","people.com","Runway","Middle Banner - Standard","Computer","","",1144750,"Target",7.47,"MDI1"
"fed99754-161b-44ba-827d-649325d0c053","video_complete","buzzfeed.com","ABA Display","Breakaway Display","Connected TV","Fire TV","",1144800,"Home Depot",7.42,"MDI1"
"9c4c01a2-db88-4795-85cc-dd45f8481d36","impression","weather.com","Runway","Mobile Hover","Tablet","Fire TV","",1144750,"Target",7.39,"MDI1"
"a5cc4a34-0021-4139-a3ea-6c8817444102","video_firstquartile","cnn.com","Breakaway","Middle Banner - Standard","Tablet","","",1144750,"Target",7.41,"MDI1"
"d476c277-cd94-430f-b166-17858c502ce3","video_start","people.com","HighRise","Breakaway Display","Phone","LG Smart TV","Tubi",1144722,"Chick-fil-A",7.55,"MDI1"
"804faff0-e6fe-4082-ac5c-a8c4d4e5515e","video_midpoint","espn.com","Hover","Mobile Hover","Connected TV","","",1144720,"McDonalds",7.51,"MDI1"
"804faff0-e6fe-4082-ac5c-a8c4d4e5515e","video_midpoint","espn.com","Hover","Mobile Hover","Connected TV","","",1144720,"McDonalds",7.51,"MDI1"
"804faff0-e6fe-4082-ac5c-a8c4d4e5515e","video_midpoint","espn.com","Hover","Mobile Hover","Connected TV","","",1144720,"McDonalds",7.51,"MDI1"
"804faff0-e6fe-4082-ac5c-a8c4d4e5515e","video_midpoint","espn.com","Hover","Mobile Hover","Connected TV","","",1144720,"McDonalds",7.51,"MDI1"
"9e9d83a2-265c-40c8-98d3-23d6531fd775","impression","espn.com","Venti","Anchor w Video Package","Tablet","","",1144722,"Chick-fil-A",7.44,"MDI1"
"9e9d83a2-265c-40c8-98d3-23d6531fd775","impression","espn.com","Venti","Anchor w Video Package","Tablet","","",1144722,"Chick-fil-A",7.44,"MDI1"
"b51aaea5-c52a-4afd-b4fc-8c0e92d0c473","video_load","people.com","Runway","Mobile Hover","Tablet","","",1144910,"Netflix",7.43,"MDI1"
"64fd8fe5-a6c6-4816-956d-c2ee5797a105","video_start","forbes.com","ABA Display","Middle Banner - Standard","Connected TV","","",1144850,"Sephora",7.47,"MDI1"
"df12eb8f-7928-44a0-88fc-6626a29f9a6f","video_complete","people.com","ABA Display","Middle Banner - Standard","Connected TV","","Fubo TV",1144780,"CVS",7.56,"MDI1"
"fad387e3-a94a-481a-a277-42aaca1929d7","video_firstquartile","nytimes.com","Breakaway","Breakaway Display","Computer","","",1144790,"Apple",7.4,"MDI1"
"7fe33364-edc5-4a21-ae6a-9394316ef283","video_start","people.com","Breakaway","Mobile Hover","Connected TV","","",1144800,"Home Depot",7.43,"MDI1"
"c30fef0c-3a4b-4770-9780-781c0206d5cf","click","theverge.com","Runway","Breakaway Display","Connected TV","","",1144780,"CVS",7.44,"MDI1"
"316d1f9d-7821-4568-bfd4-fa3cb3641b73","click","tmz.com","Hover","Runway Premium","Tablet","","",1144761,"Old Navy",7.42,"MDI1"
"316d1f9d-7821-4568-bfd4-fa3cb3641b73","click","tmz.com","Hover","Runway Premium","Tablet","","",1144761,"Old Navy",7.42,"MDI1"
"88426471-a53f-415d-9896-9f20ab533ed7","video_thirdquartile","espn.com","Breakaway","CTV Venti Package","Computer","Android TV","",1144910,"Netflix",7.44,"MDI1"
"88426471-a53f-415d-9896-9f20ab533ed7","video_thirdquartile","espn.com","Breakaway","CTV Venti Package","Computer","Android TV","",1144910,"Netflix",7.44,"MDI1"
"54c2bcc5-54ae-49ad-8331-58e3016e2dbb","impression","theverge.com","HighRise","Mobile Hover","Connected TV","","Fubo TV",1144780,"CVS",7.46,"MDI1"
"54c2bcc5-54ae-49ad-8331-58e3016e2dbb","impression","theverge.com","HighRise","Mobile Hover","Connected TV","","Fubo TV",1144780,"CVS",7.46,"MDI1"
"d29dbefd-cb6e-43b8-9596-19cbd75ee4d8","video_start","nytimes.com","HighRise","Middle Banner - Standard","Connected TV","","",1144850,"Sephora",7.41,"MDI1"
"efa63aed-e080-4f89-99d3-51cc38c2c37b","video_thirdquartile","cnn.com","HighRise","CTV Venti Package","Connected TV","","",1144850,"Sephora",7.44,"MDI1"
"fa61b746-eb5d-4012-8bce-2f0e85fc706b","impression","forbes.com","Hover","Anchor w Video Package","Phone","Android TV","Pluto TV",1144790,"Apple",7.56,"MDI1"
"ecab2183-6150-4428-9388-42ada6894290","video_complete","nytimes.com","Breakaway","Mobile Hover","Computer","Apple TV","Peacock",1144673,"Walmart Grocery",7.56,"MDI1"
"ecab2183-6150-4428-9388-42ada6894290","video_complete","nytimes.com","Breakaway","Mobile Hover","Computer","Apple TV","Peacock",1144673,"Walmart Grocery",7.56,"MDI1"
"cd7f6091-0878-400b-9a75-0b9acf253702","video_load","tmz.com","HighRise","Anchor w Video Package","Connected TV","","",1144760,"Nike",7.51,"MDI1"
"cd7f6091-0878-400b-9a75-0b9acf253702","video_load","tmz.com","HighRise","Anchor w Video Package","Connected TV","","",1144760,"Nike",7.51,"MDI1"
"4a5e6062-9dc9-4d7b-bcb2-cded7e4669ae","video_complete","theverge.com","HighRise","Breakaway Display","Connected TV","","",1144720,"McDonalds",7.4,"MDI1"
"4a5e6062-9dc9-4d7b-bcb2-cded7e4669ae","video_complete","theverge.com","HighRise","Breakaway Display","Connected TV","","",1144720,"McDonalds",7.4,"MDI1"
"4a5e6062-9dc9-4d7b-bcb2-cded7e4669ae","video_complete","theverge.com","HighRise","Breakaway Display","Connected TV","","",1144720,"McDonalds",7.4,"MDI1"
"5d48b0d2-7599-4507-855f-33aa90d63410","video_complete","theverge.com","Hover","Anchor w Video Package","Connected TV","Android TV","",1144800,"Home Depot",7.4,"MDI1"
"5d48b0d2-7599-4507-855f-33aa90d63410","video_complete","theverge.com","Hover","Anchor w Video Package","Connected TV","Android TV","",1144800,"Home Depot",7.4,"MDI1"
"5d48b0d2-7599-4507-855f-33aa90d63410","video_complete","theverge.com","Hover","Anchor w Video Package","Connected TV","Android TV","",1144800,"Home Depot",7.4,"MDI1"
"e4223a12-2f23-4900-aaad-df9b3aeab87e","impression","techcrunch.com","Hover","CTV Venti Package","Computer","","",1144721,"Starbucks",7.42,"MDI1"
"e4223a12-2f23-4900-aaad-df9b3aeab87e","impression","techcrunch.com","Hover","CTV Venti Package","Computer","","",1144721,"Starbucks",7.42,"MDI1"
"262dc06b-f3e5-49f4-89d4-7689727661d5","click","usatoday.com","ABA Display","Anchor w Video Package","Connected TV","","",1144750,"Target",7.56,"MDI1"
"262dc06b-f3e5-49f4-89d4-7689727661d5","click","usatoday.com","ABA Display","Anchor w Video Package","Connected TV","","",1144750,"Target",7.56,"MDI1"
"262dc06b-f3e5-49f4-89d4-7689727661d5","click","usatoday.com","ABA Display","Anchor w Video Package","Connected TV","","",1144750,"Target",7.56,"MDI1"
"262dc06b-f3e5-49f4-89d4-7689727661d5","click","usatoday.com","ABA Display","Anchor w Video Package","Connected TV","","",1144750,"Target",7.56,"MDI1"
"098ad7c4-442b-4335-9688-43b040266264","video_midpoint","forbes.com","Venti","Middle Banner - Standard","Phone","","",1144850,"Sephora",7.4,"MDI1"
"15864442-dde6-419c-a3c1-6829c3625639","video_start","techcrunch.com","Hover","CTV Venti Package","Computer","","Pluto TV",1144720,"McDonalds",7.41,"MDI1"
"15864442-dde6-419c-a3c1-6829c3625639","video_start","techcrunch.com","Hover","CTV Venti Package","Computer","","Pluto TV",1144720,"McDonalds",7.41,"MDI1"
"93dbfe64-bfb6-4bbe-8184-0bb7f95d9286","click","theverge.com","Hover","Middle Banner - Standard","Connected TV","Android TV","",1144800,"Home Depot",7.48,"MDI1"
"86d018a7-51d3-4e8d-b641-4d7170adad95","video_start","nytimes.com","Venti","Middle Banner - Standard","Phone","","",1144721,"Starbucks",7.48,"MDI1"
"189e88e9-6b57-4242-9755-7eb1ca736eb7","impression","theverge.com","Runway","Mobile Hover","Phone","","",1144761,"Old Navy",7.4,"MDI1"
"189e88e9-6b57-4242-9755-7eb1ca736eb7","impression","theverge.com","Runway","Mobile Hover","Phone","","",1144761,"Old Navy",7.4,"MDI1"
"db3bb5e6-83cc-42ef-a3a3-f48342ea4293","video_complete","buzzfeed.com","Hover","Breakaway Display","Connected TV","Roku","",1144760,"Nike",7.71,"MDI1"
"0322951a-b56e-4a52-8f96-97ea8d81e835","impression","tmz.com","Runway","Runway Premium","Phone","LG Smart TV","",1144720,"McDonalds",7.47,"MDI1"
"b762e5d9-b4fb-443f-8390-f6982060ff3a","video_midpoint","weather.com","HighRise","Middle Banner - Standard","Connected TV","","",1144721,"Starbucks",7.54,"MDI1"
"17aa2ae7-df7f-46d1-ab92-1766cc095158","video_complete","forbes.com","HighRise","Mobile Hover","Tablet","","",1144750,"Target",7.42,"MDI1"
"414b3ff9-0fcf-418f-b4c4-3ffafea9226c","video_complete","usatoday.com","Breakaway","CTV Venti Package","Phone","","",1144720,"McDonalds",7.39,"MDI1"
"93338d56-e467-4d4d-9b1f-8dacf5c6e20d","video_firstquartile","tmz.com","Venti","Breakaway Display","Phone","Samsung TV","",1144761,"Old Navy",7.45,"MDI1"
"9879e315-6e27-4333-92c3-6ddcba6ac0ff","click","espn.com","ABA Display","Runway Premium","Phone","Android TV","",1144910,"Netflix",7.56,"MDI1"
"e70b7601-82a1-4080-b1dc-975c2c6f496f","video_thirdquartile","variety.com","HighRise","Breakaway Display","Connected TV","","",1144761,"Old Navy",7.41,"MDI1"
"5b4fd836-01fb-4d37-99b4-ffaa4bed12a7","video_load","techcrunch.com","Venti","CTV Venti Package","Tablet","","",1144850,"Sephora",7.46,"MDI1"
"fb681f86-5896-473f-80b2-307601198821","video_complete","people.com","Runway","Breakaway Display","Connected TV","Apple TV","",1144850,"Sephora",7.41,"MDI1"
"d9791f9f-13a1-4e92-8c01-a539427e256a","click","theverge.com","Breakaway","Breakaway Display","Connected TV","","",1144750,"Target",7.43,"MDI1"
"d9791f9f-13a1-4e92-8c01-a539427e256a","click","theverge.com","Breakaway","Breakaway Display","Connected TV","","",1144750,"Target",7.43,"MDI1"
"f6972baa-c3ca-468c-904e-123758ddf975","video_firstquartile","espn.com","Runway","Breakaway Display","Phone","","Peacock",1144760,"Nike",7.51,"MDI1"
"3b780e78-8664-4f0b-bb91-193c2766273f","video_start","forbes.com","ABA Display","CTV Venti Package","Connected TV","","Peacock",1144761,"Old Navy",7.5,"MDI1"
"f08f4eb3-a2b9-4b2e-97dc-914c8462b0c8","video_start","forbes.com","Breakaway","Anchor w Video Package","Phone","","",1144761,"Old Navy",7.44,"MDI1"
"f08f4eb3-a2b9-4b2e-97dc-914c8462b0c8","video_start","forbes.com","Breakaway","Anchor w Video Package","Phone","","",1144761,"Old Navy",7.44,"MDI1"
"f08f4eb3-a2b9-4b2e-97dc-914c8462b0c8","video_start","forbes.com","Breakaway","Anchor w Video Package","Phone","","",1144761,"Old Navy",7.44,"MDI1"
"b97a5654-2b96-415f-bdf8-6c8265361f18","impression","tmz.com","ABA Display","Anchor w Video Package","Connected TV","","Fubo TV",1144790,"Apple",7.44,"MDI1"
"7fff0558-49a7-4e82-babd-91e23a7f44c7","video_midpoint","espn.com","Hover","Anchor w Video Package","Connected TV","","Fubo TV",1144760,"Nike",7.55,"MDI1"
"c26739b5-5a4a-42fe-ba68-91fd8d3ac056","impression","variety.com","Runway","CTV Venti Package","Phone","Apple TV","",1144722,"Chick-fil-A",7.56,"MDI1"
"c26739b5-5a4a-42fe-ba68-91fd8d3ac056","impression","variety.com","Runway","CTV Venti Package","Phone","Apple TV","",1144722,"Chick-fil-A",7.56,"MDI1"
"762c6cbd-50af-4555-8114-626ea70cfdc9","impression","nytimes.com","Hover","Runway Premium","Connected TV","","",1144800,"Home Depot",7.48,"MDI1"
"71a8b9a0-69d8-4dd3-927c-c007ba6c993d","click","nytimes.com","ABA Display","Anchor w Video Package","Tablet","","",1144800,"Home Depot",7.44,"MDI1"
"71a8b9a0-69d8-4dd3-927c-c007ba6c993d","click","nytimes.com","ABA Display","Anchor w Video Package","Tablet","","",1144800,"Home Depot",7.44,"MDI1"
"bc5f4755-7975-41cb-ba89-f3b46556f587","video_load","theverge.com","Breakaway","Mobile Hover","Connected TV","","",1144721,"Starbucks",7.45,"MDI1"
"6f7ef908-44f5-4536-a7c9-bc1c3f1f92ac","impression","cnn.com","Venti","Mobile Hover","Phone","","",1144750,"Target",7.51,"MDI1"
"c6684b00-184e-4a4c-92a0-10cf143f78e9","impression","buzzfeed.com","ABA Display","Anchor w Video Package","Computer","","",1144800,"Home Depot",7.45,"MDI1"
"c6684b00-184e-4a4c-92a0-10cf143f78e9","impression","buzzfeed.com","ABA Display","Anchor w Video Package","Computer","","",1144800,"Home Depot",7.45,"MDI1"
"a6f0e51e-0c90-4b75-bd50-8aec88550904","impression","forbes.com","HighRise","Mobile Hover","Phone","","",1144780,"CVS",7.4,"MDI1"
"a6f0e51e-0c90-4b75-bd50-8aec88550904","impression","forbes.com","HighRise","Mobile Hover","Phone","","",1144780,"CVS",7.4,"MDI1"
"a6f0e51e-0c90-4b75-bd50-8aec88550904","impression","forbes.com","HighRise","Mobile Hover","Phone","","",1144780,"CVS",7.4,"MDI1"
"2d181c26-ff71-452e-9636-17725e35ac70","click","espn.com","Breakaway","Breakaway Display","Connected TV","","",1144721,"Starbucks",7.55,"MDI1"
"2d181c26-ff71-452e-9636-17725e35ac70","click","espn.com","Breakaway","Breakaway Display","Connected TV","","",1144721,"Starbucks",7.55,"MDI1"
"e0a88ef1-2caf-488c-ae61-4c3694d3a61c","video_complete","cnn.com","HighRise","Breakaway Display","Tablet","","",1144721,"Starbucks",7.45,"MDI1"
"e0a88ef1-2caf-488c-ae61-4c3694d3a61c","video_complete","cnn.com","HighRise","Breakaway Display","Tablet","","",1144721,"Starbucks",7.45,"MDI1"
"e0a88ef1-2caf-488c-ae61-4c3694d3a61c","video_complete","cnn.com","HighRise","Breakaway Display","Tablet","","",1144721,"Starbucks",7.45,"MDI1"
"3156ef45-92d6-44fe-a871-1375eda65620","click","espn.com","Venti","Runway Premium","Connected TV","Roku","",1144760,"Nike",7.48,"MDI1"
"3156ef45-92d6-44fe-a871-1375eda65620","click","espn.com","Venti","Runway Premium","Connected TV","Roku","",1144760,"Nike",7.48,"MDI1"
"27705915-59ba-44af-8985-8f7b3f4af42e","impression","buzzfeed.com","Venti","Middle Banner - Standard","Connected TV","Roku","",1144750,"Target",7.5,"MDI1"
"1ac70730-452e-4a4f-96f6-62883166d17c","click","espn.com","ABA Display","Runway Premium","Computer","","Fubo TV",1144673,"Walmart Grocery",7.44,"MDI1"
"ff9a5067-a460-4908-bbb9-c2139e469902","video_thirdquartile","cnn.com","HighRise","CTV Venti Package","Tablet","Roku","",1144780,"CVS",7.4,"MDI1"
"ff9a5067-a460-4908-bbb9-c2139e469902","video_thirdquartile","cnn.com","HighRise","CTV Venti Package","Tablet","Roku","",1144780,"CVS",7.4,"MDI1"
"79113b15-fd0c-46a9-a2a8-461c1bbb2cc3","impression","weather.com","ABA Display","Mobile Hover","Connected TV","","",1144850,"Sephora",7.44,"MDI1"
"79113b15-fd0c-46a9-a2a8-461c1bbb2cc3","impression","weather.com","ABA Display","Mobile Hover","Connected TV","","",1144850,"Sephora",7.44,"MDI1"
"cdc7a0ac-8da2-431b-83cd-203a459cb8ab","impression","forbes.com","Breakaway","Breakaway Display","Phone","","",1144720,"McDonalds",7.45,"MDI1"
"8afac0c2-2a95-493e-b786-19c5f684c085","video_start","theverge.com","ABA Display","Mobile Hover","Connected TV","","",1144721,"Starbucks",7.47,"MDI1"
"8afac0c2-2a95-493e-b786-19c5f684c085","video_start","theverge.com","ABA Display","Mobile Hover","Connected TV","","",1144721,"Starbucks",7.47,"MDI1"
"8afac0c2-2a95-493e-b786-19c5f684c085","video_start","theverge.com","ABA Display","Mobile Hover","Connected TV","","",1144721,"Starbucks",7.47,"MDI1"
"37bd8672-eddc-470b-ac7d-aafbe4e38a9e","click","techcrunch.com","HighRise","CTV Venti Package","Computer","Apple TV","",1144721,"Starbucks",7.53,"MDI1"
"20ca3052-928e-489c-aafe-4a63de9d6786","impression","espn.com","Hover","Anchor w Video Package","Computer","","",1144780,"CVS",7.44,"MDI1"
"20ca3052-928e-489c-aafe-4a63de9d6786","impression","espn.com","Hover","Anchor w Video Package","Computer","","",1144780,"CVS",7.44,"MDI1"
"d0165102-6f3e-41db-ae97-270744a05b62","video_thirdquartile","nytimes.com","Runway","Mobile Hover","Phone","","",1144721,"Starbucks",7.51,"MDI1"
"d0165102-6f3e-41db-ae97-270744a05b62","video_thirdquartile","nytimes.com","Runway","Mobile Hover","Phone","","",1144721,"Starbucks",7.51,"MDI1"
"fcd400a2-12af-4cd5-9db7-f342171845d0","impression","tmz.com","HighRise","Mobile Hover","Tablet","","",1144761,"Old Navy",7.4,"MDI1"
"8af1b724-5aac-49b7-a487-3eb5a5c6b091","click","variety.com","HighRise","Anchor w Video Package","Phone","","",1144760,"Nike",7.45,"MDI1"
"800d91d7-2890-4224-b391-6a80e5f2e905","video_start","nytimes.com","Hover","Breakaway Display","Computer","","",1144780,"CVS",7.47,"MDI1"
"e2223975-6b3d-4f84-bf4f-be12b422910d","video_thirdquartile","weather.com","Venti","Runway Premium","Connected TV","","",1144722,"Chick-fil-A",7.43,"MDI1"
"8e5a5d70-878d-4019-8bc7-42f356f2ca5c","video_thirdquartile","nytimes.com","HighRise","Middle Banner - Standard","Phone","","",1144780,"CVS",7.46,"MDI1"
"8e5a5d70-878d-4019-8bc7-42f356f2ca5c","video_thirdquartile","nytimes.com","HighRise","Middle Banner - Standard","Phone","","",1144780,"CVS",7.46,"MDI1"
"def7dd8b-c49b-4970-8bc4-5370aadd5358","video_midpoint","forbes.com","Breakaway","Breakaway Display","Tablet","Apple TV","Paramount+",1144850,"Sephora",7.42,"MDI1"
"def7dd8b-c49b-4970-8bc4-5370aadd5358","video_midpoint","forbes.com","Breakaway","Breakaway Display","Tablet","Apple TV","Paramount+",1144850,"Sephora",7.42,"MDI1"
"89b6a828-cb7b-43d8-aff0-3fd8117c587f","video_midpoint","buzzfeed.com","Runway","Middle Banner - Standard","Connected TV","","Pluto TV",1144910,"Netflix",7.54,"MDI1"
"89b6a828-cb7b-43d8-aff0-3fd8117c587f","video_midpoint","buzzfeed.com","Runway","Middle Banner - Standard","Connected TV","","Pluto TV",1144910,"Netflix",7.54,"MDI1"
"58698fdc-4b22-4f76-8cd8-497c6b7c8081","impression","usatoday.com","HighRise","Anchor w Video Package","Connected TV","","Peacock",1144673,"Walmart Grocery",7.41,"MDI1"
"b61dc948-756d-4f67-b599-656f25e05227","impression","techcrunch.com","Runway","Mobile Hover","Computer","","",1144722,"Chick-fil-A",7.44,"MDI1"
"b61dc948-756d-4f67-b599-656f25e05227","impression","techcrunch.com","Runway","Mobile Hover","Computer","","",1144722,"Chick-fil-A",7.44,"MDI1"
"d7ec59a0-e4b9-47fa-937e-d19ac7e7a4be","video_start","espn.com","HighRise","Breakaway Display","Tablet","","",1144760,"Nike",7.44,"MDI1"
"d7ec59a0-e4b9-47fa-937e-d19ac7e7a4be","video_start","espn.com","HighRise","Breakaway Display","Tablet","","",1144760,"Nike",7.44,"MDI1"
"80604179-5b1f-44eb-b7de-c3e93125506c","click","usatoday.com","Venti","Anchor w Video Package","Computer","","",1144721,"Starbucks",7.46,"MDI1"
"80604179-5b1f-44eb-b7de-c3e93125506c","click","usatoday.com","Venti","Anchor w Video Package","Computer","","",1144721,"Starbucks",7.46,"MDI1"
"80604179-5b1f-44eb-b7de-c3e93125506c","click","usatoday.com","Venti","Anchor w Video Package","Computer","","",1144721,"Starbucks",7.46,"MDI1"
"80604179-5b1f-44eb-b7de-c3e93125506c","click","usatoday.com","Venti","Anchor w Video Package","Computer","","",1144721,"Starbucks",7.46,"MDI1"
"c0ddefba-2794-4a6d-a950-5553e6135274","video_complete","weather.com","Venti","Mobile Hover","Connected TV","","Peacock",1144720,"McDonalds",7.58,"MDI1"
"da23d873-90c2-4997-a297-04102ab26a86","video_thirdquartile","tmz.com","ABA Display","CTV Venti Package","Phone","","",1144910,"Netflix",7.4,"MDI1"
"20e3c502-e4de-4738-a5f9-b6378edf9ee0","video_start","theverge.com","Runway","CTV Venti Package","Tablet","","",1144761,"Old Navy",7.42,"MDI1"
"288ce359-1a6e-4e86-993e-b01b13e07762","video_load","variety.com","ABA Display","Mobile Hover","Connected TV","","",1144800,"Home Depot",7.45,"MDI1"
"288ce359-1a6e-4e86-993e-b01b13e07762","video_load","variety.com","ABA Display","Mobile Hover","Connected TV","","",1144800,"Home Depot",7.45,"MDI1"
"288ce359-1a6e-4e86-993e-b01b13e07762","video_load","variety.com","ABA Display","Mobile Hover","Connected TV","","",1144800,"Home Depot",7.45,"MDI1"
"491fd549-e8e0-4a3e-a54a-b46202f1aa78","impression","nytimes.com","HighRise","CTV Venti Package","Phone","","",1144850,"Sephora",7.5,"MDI1"
"288f9c67-0acc-4749-b61c-a9fd19d08b9c","impression","forbes.com","HighRise","Anchor w Video Package","Phone","","Tubi",1144673,"Walmart Grocery",7.4,"MDI1"
"288f9c67-0acc-4749-b61c-a9fd19d08b9c","impression","forbes.com","HighRise","Anchor w Video Package","Phone","","Tubi",1144673,"Walmart Grocery",7.4,"MDI1"
"288f9c67-0acc-4749-b61c-a9fd19d08b9c","impression","forbes.com","HighRise","Anchor w Video Package","Phone","","Tubi",1144673,"Walmart Grocery",7.4,"MDI1"
"5341ff66-b636-401a-8dd1-46aab450cb74","video_start","buzzfeed.com","Breakaway","Breakaway Display","Phone","Roku","Paramount+",1144721,"Starbucks",7.5,"MDI1"
"187dfad0-8438-4041-b49c-fec48b0bacab","video_complete","forbes.com","Hover","Anchor w Video Package","Tablet","Android TV","",1144750,"Target",7.39,"MDI1"
"14bf22c5-fc9b-4981-b4c5-4dc0669c232f","video_load","buzzfeed.com","Breakaway","Anchor w Video Package","Connected TV","","Peacock",1144720,"McDonalds",7.44,"MDI1"
"a967e1e2-cf7a-4f5d-ac51-da87923eeff6","video_complete","weather.com","Venti","Mobile Hover","Tablet","","Paramount+",1144800,"Home Depot",7.44,"MDI1"
"a967e1e2-cf7a-4f5d-ac51-da87923eeff6","video_complete","weather.com","Venti","Mobile Hover","Tablet","","Paramount+",1144800,"Home Depot",7.44,"MDI1"
"bed87cd5-e2ce-4a4b-be19-b41fe8e89e6e","impression","buzzfeed.com","Venti","Middle Banner - Standard","Phone","","Pluto TV",1144850,"Sephora",7.4,"MDI1"
"bed87cd5-e2ce-4a4b-be19-b41fe8e89e6e","impression","buzzfeed.com","Venti","Middle Banner - Standard","Phone","","Pluto TV",1144850,"Sephora",7.4,"MDI1"
"90b4fef0-6b79-4a3a-b1e1-4d540c1fbe04","video_thirdquartile","people.com","Hover","Runway Premium","Connected TV","","Tubi",1144850,"Sephora",7.51,"MDI1"
"d14acd96-c484-4684-aef2-3159ed24cd25","click","nytimes.com","Venti","Middle Banner - Standard","Computer","Roku","",1144790,"Apple",7.42,"MDI1"
"fdce582e-4e9c-4d81-87ea-13e9fcab8823","impression","nytimes.com","Runway","Anchor w Video Package","Tablet","Roku","",1144722,"Chick-fil-A",7.41,"MDI1"
"a8deecf9-be29-43ee-b566-f48527ecb1b8","click","usatoday.com","Runway","CTV Venti Package","Phone","","",1144673,"Walmart Grocery",7.59,"MDI1"
"c6ed9ae1-f2ba-4196-a7ce-716501c36309","impression","cnn.com","Runway","Mobile Hover","Computer","","",1144722,"Chick-fil-A",7.4,"MDI1"
"c6ed9ae1-f2ba-4196-a7ce-716501c36309","impression","cnn.com","Runway","Mobile Hover","Computer","","",1144722,"Chick-fil-A",7.4,"MDI1"
"533de8f7-6d9c-48d2-9efb-1afed41df29e","video_load","theverge.com","Runway","CTV Venti Package","Connected TV","","",1144721,"Starbucks",7.43,"MDI1"
"6b76d5a2-1eba-4152-9cf8-fedb5416100e","video_midpoint","nytimes.com","ABA Display","CTV Venti Package","Connected TV","Apple TV","",1144790,"Apple",7.43,"MDI1"
"6b76d5a2-1eba-4152-9cf8-fedb5416100e","video_midpoint","nytimes.com","ABA Display","CTV Venti Package","Connected TV","Apple TV","",1144790,"Apple",7.43,"MDI1"
"eaf0108d-761b-4ee0-8322-0c0aada55d1f","video_firstquartile","buzzfeed.com","Runway","CTV Venti Package","Tablet","","",1144722,"Chick-fil-A",7.42,"MDI1"
"eaf0108d-761b-4ee0-8322-0c0aada55d1f","video_firstquartile","buzzfeed.com","Runway","CTV Venti Package","Tablet","","",1144722,"Chick-fil-A",7.42,"MDI1"
"a4d5dfdb-2bb8-4dca-ae76-9c1af34948d5","video_start","usatoday.com","Breakaway","CTV Venti Package","Phone","","",1144910,"Netflix",7.49,"MDI1"
"1b4fcd65-7dea-4002-aff9-83a5ac11860d","video_load","people.com","Breakaway","Anchor w Video Package","Connected TV","Android TV","",1144750,"Target",7.4,"MDI1"
"17efc720-b7df-4671-8dd6-1011f7868f0f","video_firstquartile","usatoday.com","Breakaway","Runway Premium","Phone","","",1144673,"Walmart Grocery",7.42,"MDI1"
"93df4e5b-221f-460d-b7f1-5b8433b48906","video_complete","tmz.com","Runway","Mobile Hover","Phone","","",1144721,"Starbucks",7.51,"MDI1"
"b56e4d91-d142-41f3-a10d-f872c11ca6d3","video_load","usatoday.com","Venti","Middle Banner - Standard","Phone","","",1144800,"Home Depot",7.41,"MDI1"
"1d4e5666-10ff-442d-b7f9-177f8a1f6dfe","video_complete","variety.com","Breakaway","Mobile Hover","Tablet","","Peacock",1144790,"Apple",7.45,"MDI1"
"1d4e5666-10ff-442d-b7f9-177f8a1f6dfe","video_complete","variety.com","Breakaway","Mobile Hover","Tablet","","Peacock",1144790,"Apple",7.45,"MDI1"
"1f5f85b6-73fb-43ad-b86a-33f2ad97283b","click","espn.com","ABA Display","Mobile Hover","Tablet","","",1144721,"Starbucks",7.5,"MDI1"
"74f7b657-133b-4426-a822-091a2da6e0fc","video_firstquartile","forbes.com","Venti","Breakaway Display","Tablet","Android TV","",1144910,"Netflix",7.52,"MDI1"
"74f7b657-133b-4426-a822-091a2da6e0fc","video_firstquartile","forbes.com","Venti","Breakaway Display","Tablet","Android TV","",1144910,"Netflix",7.52,"MDI1"
"ca5586f8-1f9e-48b0-9741-efe81bd224fc","click","techcrunch.com","ABA Display","Middle Banner - Standard","Connected TV","Roku","",1144790,"Apple",7.59,"MDI1"
"d28f1fe1-5fe6-4b9d-9488-c1cce5ff11c0","click","usatoday.com","Breakaway","Breakaway Display","Computer","Apple TV","Peacock",1144780,"CVS",7.47,"MDI1"
"d28f1fe1-5fe6-4b9d-9488-c1cce5ff11c0","click","usatoday.com","Breakaway","Breakaway Display","Computer","Apple TV","Peacock",1144780,"CVS",7.47,"MDI1"
"7e72a81c-00c1-47c9-adbd-d472974e4092","video_thirdquartile","variety.com","Breakaway","CTV Venti Package","Tablet","","",1144750,"Target",7.41,"MDI1"
"566f251b-0ceb-4212-8fd7-401987744ae5","impression","espn.com","Hover","Runway Premium","Phone","","",1144721,"Starbucks",7.4,"MDI1"
"869bc23e-bfd5-4db4-8a6e-123e3dc8cdf5","video_start","variety.com","ABA Display","Anchor w Video Package","Tablet","","",1144780,"CVS",7.43,"MDI1"
"869bc23e-bfd5-4db4-8a6e-123e3dc8cdf5","video_start","variety.com","ABA Display","Anchor w Video Package","Tablet","","",1144780,"CVS",7.43,"MDI1"
"3b399b76-7d8b-4ef8-bb03-7e60777fe89a","video_load","usatoday.com","HighRise","Runway Premium","Tablet","","",1144750,"Target",7.44,"MDI1"
"fce48655-89a4-48cb-a71d-aaaa01249337","video_thirdquartile","techcrunch.com","HighRise","Runway Premium","Computer","","",1144760,"Nike",7.42,"MDI1"
"afc55e99-8071-4fb2-a195-9392ffe6ce85","impression","buzzfeed.com","Runway","Mobile Hover","Connected TV","","",1144790,"Apple",7.43,"MDI1"
"afc55e99-8071-4fb2-a195-9392ffe6ce85","impression","buzzfeed.com","Runway","Mobile Hover","Connected TV","","",1144790,"Apple",7.43,"MDI1"
"afc55e99-8071-4fb2-a195-9392ffe6ce85","impression","buzzfeed.com","Runway","Mobile Hover","Connected TV","","",1144790,"Apple",7.43,"MDI1"
"7ed6bce5-0ef4-4816-a2d6-c528c0707371","click","forbes.com","ABA Display","Breakaway Display","Tablet","Android TV","",1144790,"Apple",7.5,"MDI1"
"5e01d111-19ac-45f4-8dc5-479bb328f015","video_firstquartile","weather.com","Hover","CTV Venti Package","Tablet","Roku","",1144721,"Starbucks",7.53,"MDI1"
"1ec3c56a-90b9-49ae-af9c-bad83f524160","video_load","people.com","ABA Display","Mobile Hover","Phone","Fire TV","",1144800,"Home Depot",7.47,"MDI1"
"1ec3c56a-90b9-49ae-af9c-bad83f524160","video_load","people.com","ABA Display","Mobile Hover","Phone","Fire TV","",1144800,"Home Depot",7.47,"MDI1"
"3a907cc6-ce57-4082-b921-89d3e8290d48","video_thirdquartile","people.com","Breakaway","CTV Venti Package","Connected TV","","",1144780,"CVS",7.42,"MDI1"
"3a907cc6-ce57-4082-b921-89d3e8290d48","video_thirdquartile","people.com","Breakaway","CTV Venti Package","Connected TV","","",1144780,"CVS",7.42,"MDI1"
"3a907cc6-ce57-4082-b921-89d3e8290d48","video_thirdquartile","people.com","Breakaway","CTV Venti Package","Connected TV","","",1144780,"CVS",7.42,"MDI1"
"b5a25a8a-fa7e-42fe-8d93-14bb8e47cf90","video_start","espn.com","Hover","Anchor w Video Package","Phone","Apple TV","",1144722,"Chick-fil-A",7.39,"MDI1"
"b5a25a8a-fa7e-42fe-8d93-14bb8e47cf90","video_start","espn.com","Hover","Anchor w Video Package","Phone","Apple TV","",1144722,"Chick-fil-A",7.39,"MDI1"
"a7d3f881-bce8-4662-8529-261ea1bbddcd","video_thirdquartile","techcrunch.com","ABA Display","Middle Banner - Standard","Computer","","",1144750,"Target",7.41,"MDI1"
"4e1737c6-7237-4faa-9e80-b5e4c2ccb4b8","video_complete","tmz.com","Breakaway","CTV Venti Package","Computer","","",1144720,"McDonalds",7.41,"MDI1"
"a8b83ec4-6df0-433b-975f-a6b8c3381c8d","video_start","buzzfeed.com","Hover","Middle Banner - Standard","Computer","Fire TV","",1144910,"Netflix",7.44,"MDI1"
"0bcd08ea-a925-4630-bac2-bfa2639e7c0a","video_firstquartile","variety.com","HighRise","Anchor w Video Package","Computer","","",1144761,"Old Navy",7.42,"MDI1"
"0bcd08ea-a925-4630-bac2-bfa2639e7c0a","video_firstquartile","variety.com","HighRise","Anchor w Video Package","Computer","","",1144761,"Old Navy",7.42,"MDI1"
"14f58be2-cfc0-488e-b873-07e4eac05055","impression","nytimes.com","HighRise","Breakaway Display","Connected TV","","",1144790,"Apple",7.4,"MDI1"
"00227a3f-2ead-4d22-97c9-34e7028b199b","video_start","techcrunch.com","ABA Display","Middle Banner - Standard","Phone","","",1144760,"Nike",7.44,"MDI1"
"00227a3f-2ead-4d22-97c9-34e7028b199b","video_start","techcrunch.com","ABA Display","Middle Banner - Standard","Phone","","",1144760,"Nike",7.44,"MDI1"
"cb3e7dcf-629f-4dad-9366-5c3c23fb0264","video_thirdquartile","variety.com","Breakaway","Runway Premium","Tablet","","",1144750,"Target",7.47,"MDI1"
"e414fbfe-6484-4191-af98-ddcee891c087","video_thirdquartile","variety.com","Venti","Anchor w Video Package","Computer","","",1144910,"Netflix",7.45,"MDI1"
"afef8311-3b81-4eaf-b440-1620a2cc19cc","video_load","nytimes.com","Breakaway","Runway Premium","Computer","","",1144720,"McDonalds",7.42,"MDI1"
"62abe144-e900-49cb-8cd0-bf8f8fa362ad","impression","techcrunch.com","Venti","Runway Premium","Connected TV","","",1144760,"Nike",7.52,"MDI1"
"e4d75d8c-ca47-441c-830f-dc0ef441597c","video_start","weather.com","HighRise","Breakaway Display","Tablet","Android TV","",1144720,"McDonalds",7.49,"MDI1"
"1585dfef-9809-412a-82e2-ad07628c1915","video_start","espn.com","HighRise","Breakaway Display","Phone","Roku","",1144910,"Netflix",7.54,"MDI1"
"1585dfef-9809-412a-82e2-ad07628c1915","video_start","espn.com","HighRise","Breakaway Display","Phone","Roku","",1144910,"Netflix",7.54,"MDI1"
"1c290102-c599-4044-bced-bdea32b2611f","video_complete","espn.com","Venti","Breakaway Display","Phone","","",1144780,"CVS",7.53,"MDI1"
"156f1b66-71f3-4d72-a6e4-43d75d3b1560","impression","espn.com","Hover","Middle Banner - Standard","Tablet","","Peacock",1144720,"McDonalds",7.46,"MDI1"
"43992f36-3222-4a5a-8eac-1eaa64e3d588","impression","weather.com","Runway","Breakaway Display","Phone","Apple TV","",1144721,"Starbucks",7.45,"MDI1"
"43992f36-3222-4a5a-8eac-1eaa64e3d588","impression","weather.com","Runway","Breakaway Display","Phone","Apple TV","",1144721,"Starbucks",7.45,"MDI1"
"458d6d03-f2d3-4160-853f-9ba3316ea91a","impression","people.com","ABA Display","CTV Venti Package","Phone","LG Smart TV","",1144750,"Target",7.54,"MDI1"
"e0e3b317-1d1f-4f3f-a1e6-3b91606930c5","impression","theverge.com","Runway","Anchor w Video Package","Phone","Roku","",1144760,"Nike",7.56,"MDI1"
"6eb5023c-95ea-48b9-8f4b-68f7ebb9c562","impression","espn.com","ABA Display","Mobile Hover","Connected TV","","",1144780,"CVS",7.42,"MDI1"
"8a37e59b-8cfb-427b-98d6-51d40693b5c2","video_midpoint","people.com","Breakaway","CTV Venti Package","Phone","Apple TV","",1144720,"McDonalds",7.43,"MDI1"
"aa34c32c-832b-4928-9fe4-a1a0040ed8d7","video_complete","cnn.com","ABA Display","Runway Premium","Phone","","Fubo TV",1144850,"Sephora",7.39,"MDI1"
"c4cc820c-d11b-44d7-a55b-4a70876642c6","video_load","variety.com","HighRise","Anchor w Video Package","Tablet","Android TV","",1144760,"Nike",7.47,"MDI1"
"c4cc820c-d11b-44d7-a55b-4a70876642c6","video_load","variety.com","HighRise","Anchor w Video Package","Tablet","Android TV","",1144760,"Nike",7.47,"MDI1"
"407f65e8-8466-45b4-98eb-5e3d73ac8e14","video_complete","buzzfeed.com","Runway","Anchor w Video Package","Phone","Samsung TV","",1144780,"CVS",7.53,"MDI1"
"3db847b8-7051-4e9d-b664-41648c233618","video_firstquartile","forbes.com","HighRise","Middle Banner - Standard","Tablet","","",1144850,"Sephora",7.41,"MDI1"
"7ef1930f-d49a-414a-8c37-44c80043f5cb","impression","tmz.com","Runway","Middle Banner - Standard","Phone","","",1144850,"Sephora",7.42,"MDI1"
"7ef1930f-d49a-414a-8c37-44c80043f5cb","impression","tmz.com","Runway","Middle Banner - Standard","Phone","","",1144850,"Sephora",7.42,"MDI1"
"3144a343-9d6f-4745-a138-f19890436bca","video_midpoint","people.com","Breakaway","CTV Venti Package","Phone","","Peacock",1144760,"Nike",7.54,"MDI1"
"3144a343-9d6f-4745-a138-f19890436bca","video_midpoint","people.com","Breakaway","CTV Venti Package","Phone","","Peacock",1144760,"Nike",7.54,"MDI1"
"3144a343-9d6f-4745-a138-f19890436bca","video_midpoint","people.com","Breakaway","CTV Venti Package","Phone","","Peacock",1144760,"Nike",7.54,"MDI1"
"3144a343-9d6f-4745-a138-f19890436bca","video_midpoint","people.com","Breakaway","CTV Venti Package","Phone","","Peacock",1144760,"Nike",7.54,"MDI1"
"4551128d-eeff-4904-8b9d-b874a1a3f2ed","impression","forbes.com","Venti","Breakaway Display","Connected TV","","",1144721,"Starbucks",7.48,"MDI1"
"4551128d-eeff-4904-8b9d-b874a1a3f2ed","impression","forbes.com","Venti","Breakaway Display","Connected TV","","",1144721,"Starbucks",7.48,"MDI1"
"1469e050-b5e8-400d-9795-0e99890339d3","click","espn.com","Venti","Breakaway Display","Computer","","",1144910,"Netflix",7.46,"MDI1"
"1469e050-b5e8-400d-9795-0e99890339d3","click","espn.com","Venti","Breakaway Display","Computer","","",1144910,"Netflix",7.46,"MDI1"
"635f400c-1b01-4d9e-9707-04947632993f","video_complete","espn.com","Hover","Anchor w Video Package","Computer","LG Smart TV","",1144720,"McDonalds",7.42,"MDI1"
"d28bdb79-5b78-4582-9af9-4bff99863d3f","impression","tmz.com","Venti","Mobile Hover","Computer","","",1144850,"Sephora",7.41,"MDI1"
"d28bdb79-5b78-4582-9af9-4bff99863d3f","impression","tmz.com","Venti","Mobile Hover","Computer","","",1144850,"Sephora",7.41,"MDI1"
"3b2be2fd-680c-42e1-8ab6-2ceb19a181fd","video_thirdquartile","forbes.com","ABA Display","Runway Premium","Connected TV","","",1144760,"Nike",7.44,"MDI1"
"5c82e7c4-a3ae-4752-bfaa-d22b6d3692c2","video_start","people.com","HighRise","Runway Premium","Tablet","","",1144910,"Netflix",7.47,"MDI1"
"5c82e7c4-a3ae-4752-bfaa-d22b6d3692c2","video_start","people.com","HighRise","Runway Premium","Tablet","","",1144910,"Netflix",7.47,"MDI1"
"dc9af3fb-fc4c-4be5-b14b-6cc24bb27f8e","impression","espn.com","Runway","Breakaway Display","Phone","","",1144750,"Target",7.47,"MDI1"
"eaabd33e-1dc1-44e7-b760-8037bf5ea1cf","video_complete","weather.com","Hover","Anchor w Video Package","Computer","","Peacock",1144673,"Walmart Grocery",7.44,"MDI1"
"eaabd33e-1dc1-44e7-b760-8037bf5ea1cf","video_complete","weather.com","Hover","Anchor w Video Package","Computer","","Peacock",1144673,"Walmart Grocery",7.44,"MDI1"
"6c72dbd2-0cc7-4cee-9a28-2cf6506e0da2","video_complete","tmz.com","HighRise","Mobile Hover","Connected TV","","",1144850,"Sephora",7.4,"MDI1"
"13bf19a3-65df-40ce-bd07-aa70bf0119ea","video_midpoint","variety.com","Breakaway","Runway Premium","Computer","","",1144720,"McDonalds",7.44,"MDI1"
"081719f5-e40f-4133-80e2-e30b40817b8b","video_start","buzzfeed.com","Breakaway","Middle Banner - Standard","Phone","LG Smart TV","",1144910,"Netflix",7.49,"MDI1"
"6024d920-1271-45c3-a79d-c70e091b90c2","video_start","nytimes.com","Venti","Middle Banner - Standard","Tablet","","Tubi",1144750,"Target",7.41,"MDI1"
"540a76c6-e60a-4d6f-a32c-7bebd6938894","video_thirdquartile","theverge.com","ABA Display","Breakaway Display","Connected TV","","",1144760,"Nike",7.5,"MDI1"
"91be3554-69a8-4726-828c-32e35c6410bc","video_load","nytimes.com","Runway","Anchor w Video Package","Connected TV","","",1144800,"Home Depot",7.51,"MDI1"
"91be3554-69a8-4726-828c-32e35c6410bc","video_load","nytimes.com","Runway","Anchor w Video Package","Connected TV","","",1144800,"Home Depot",7.51,"MDI1"
"12184fcb-609d-476e-b77f-6c51a01d83e9","video_load","weather.com","Hover","Middle Banner - Standard","Connected TV","","",1144850,"Sephora",7.52,"MDI1"
"12184fcb-609d-476e-b77f-6c51a01d83e9","video_load","weather.com","Hover","Middle Banner - Standard","Connected TV","","",1144850,"Sephora",7.52,"MDI1"
"12184fcb-609d-476e-b77f-6c51a01d83e9","video_load","weather.com","Hover","Middle Banner - Standard","Connected TV","","",1144850,"Sephora",7.52,"MDI1"
"c0527690-db60-46bb-9bc7-d2c88e4244a3","impression","nytimes.com","Breakaway","Runway Premium","Phone","","",1144720,"McDonalds",7.44,"MDI1"
"6762344c-25f1-42fb-9c4e-4f920a774f03","video_complete","tmz.com","Breakaway","Middle Banner - Standard","Phone","","",1144780,"CVS",7.59,"MDI1"
"a4ffeb9b-c3e6-478d-a68c-9d32206c3d49","impression","tmz.com","HighRise","Middle Banner - Standard","Tablet","Roku","",1144850,"Sephora",7.41,"MDI1"
"a4ffeb9b-c3e6-478d-a68c-9d32206c3d49","impression","tmz.com","HighRise","Middle Banner - Standard","Tablet","Roku","",1144850,"Sephora",7.41,"MDI1"
"987f5bc3-fef9-4966-aea2-baf95d244552","impression","cnn.com","HighRise","Runway Premium","Computer","","",1144761,"Old Navy",7.4,"MDI1"
"987f5bc3-fef9-4966-aea2-baf95d244552","impression","cnn.com","HighRise","Runway Premium","Computer","","",1144761,"Old Navy",7.4,"MDI1"
"987f5bc3-fef9-4966-aea2-baf95d244552","impression","cnn.com","HighRise","Runway Premium","Computer","","",1144761,"Old Navy",7.4,"MDI1"
"987f5bc3-fef9-4966-aea2-baf95d244552","impression","cnn.com","HighRise","Runway Premium","Computer","","",1144761,"Old Navy",7.4,"MDI1"
"779422ba-4ce0-4423-8065-d01f9ca5858c","video_midpoint","theverge.com","HighRise","CTV Venti Package","Connected TV","","",1144790,"Apple",7.57,"MDI1"
"30273c60-446d-4a31-b0e2-255244f8c758","video_firstquartile","cnn.com","Runway","Runway Premium","Connected TV","","Paramount+",1144750,"Target",7.42,"MDI1"
"025dbd80-3fbe-4421-b4bf-a09384338a82","click","cnn.com","Hover","Runway Premium","Connected TV","","",1144761,"Old Navy",7.45,"MDI1"
"03fa49f1-7243-430d-a5d2-e260c1bfb1e2","impression","nytimes.com","Venti","CTV Venti Package","Computer","LG Smart TV","Peacock",1144780,"CVS",7.41,"MDI1"
"18d299fb-f955-44d2-b68e-036dadcf7107","video_midpoint","variety.com","Venti","Breakaway Display","Connected TV","","",1144750,"Target",7.55,"MDI1"
"66bd13f4-c54c-4c81-94cd-215577c1cf5a","video_complete","cnn.com","Hover","Anchor w Video Package","Tablet","","",1144790,"Apple",7.42,"MDI1"
"21d13812-3949-4e8b-b9c2-06d1abc68953","video_firstquartile","nytimes.com","Breakaway","Breakaway Display","Connected TV","","Fubo TV",1144790,"Apple",7.46,"MDI1"
"21d13812-3949-4e8b-b9c2-06d1abc68953","video_firstquartile","nytimes.com","Breakaway","Breakaway Display","Connected TV","","Fubo TV",1144790,"Apple",7.46,"MDI1"
"21d13812-3949-4e8b-b9c2-06d1abc68953","video_firstquartile","nytimes.com","Breakaway","Breakaway Display","Connected TV","","Fubo TV",1144790,"Apple",7.46,"MDI1"
"21d13812-3949-4e8b-b9c2-06d1abc68953","video_firstquartile","nytimes.com","Breakaway","Breakaway Display","Connected TV","","Fubo TV",1144790,"Apple",7.46,"MDI1"
"21d13812-3949-4e8b-b9c2-06d1abc68953","video_firstquartile","nytimes.com","Breakaway","Breakaway Display","Connected TV","","Fubo TV",1144790,"Apple",7.46,"MDI1"
"76ca300c-c9a2-404a-a395-bbabf9b7e558","click","weather.com","Hover","Anchor w Video Package","Phone","","",1144910,"Netflix",7.57,"MDI1"
"76ca300c-c9a2-404a-a395-bbabf9b7e558","click","weather.com","Hover","Anchor w Video Package","Phone","","",1144910,"Netflix",7.57,"MDI1"
"76ca300c-c9a2-404a-a395-bbabf9b7e558","click","weather.com","Hover","Anchor w Video Package","Phone","","",1144910,"Netflix",7.57,"MDI1"
"76ca300c-c9a2-404a-a395-bbabf9b7e558","click","weather.com","Hover","Anchor w Video Package","Phone","","",1144910,"Netflix",7.57,"MDI1"
"137e05c0-1374-42e2-9bc5-93cf659d9d50","click","weather.com","Venti","Breakaway Display","Tablet","","Tubi",1144722,"Chick-fil-A",7.42,"MDI1"
"7c2c36bb-0fec-4204-866d-62ac1f3c1d06","impression","buzzfeed.com","Breakaway","CTV Venti Package","Connected TV","","Pluto TV",1144720,"McDonalds",7.43,"MDI1"
"7c2c36bb-0fec-4204-866d-62ac1f3c1d06","impression","buzzfeed.com","Breakaway","CTV Venti Package","Connected TV","","Pluto TV",1144720,"McDonalds",7.43,"MDI1"
"83e348a4-1fbf-4d84-b0ca-209b95d1fece","video_midpoint","people.com","Venti","Middle Banner - Standard","Connected TV","","",1144800,"Home Depot",7.46,"MDI1"
"83e348a4-1fbf-4d84-b0ca-209b95d1fece","video_midpoint","people.com","Venti","Middle Banner - Standard","Connected TV","","",1144800,"Home Depot",7.46,"MDI1"
"83e348a4-1fbf-4d84-b0ca-209b95d1fece","video_midpoint","people.com","Venti","Middle Banner - Standard","Connected TV","","",1144800,"Home Depot",7.46,"MDI1"
"8d150101-4ce8-41d8-86f2-8ca5ce32520f","click","theverge.com","Runway","CTV Venti Package","Connected TV","","",1144720,"McDonalds",7.53,"MDI1"
"020ceeaa-a5b6-4b62-b499-93a807f3ff7b","impression","techcrunch.com","Hover","Middle Banner - Standard","Connected TV","","Paramount+",1144910,"Netflix",7.42,"MDI1"
"020ceeaa-a5b6-4b62-b499-93a807f3ff7b","impression","techcrunch.com","Hover","Middle Banner - Standard","Connected TV","","Paramount+",1144910,"Netflix",7.42,"MDI1"
"3b82e2b8-90c8-44a5-9f82-0c17abd6035c","video_start","buzzfeed.com","Runway","CTV Venti Package","Connected TV","","",1144780,"CVS",7.47,"MDI1"
"178b61a9-00fd-468a-988e-aca2990da9d4","impression","people.com","Breakaway","Breakaway Display","Phone","","",1144761,"Old Navy",7.5,"MDI1"
"5375f04e-ca94-4e5c-b7b7-4ccb71b7cc4f","video_load","theverge.com","Runway","Mobile Hover","Tablet","Apple TV","",1144761,"Old Navy",7.47,"MDI1"
"ea44818f-5d7e-4f4c-86e1-a9cc8e01e1e8","video_midpoint","usatoday.com","HighRise","Anchor w Video Package","Connected TV","","",1144721,"Starbucks",7.39,"MDI1"
"511e6c64-7c40-49f1-923c-fea0027410dc","video_complete","forbes.com","Breakaway","Mobile Hover","Connected TV","","Pluto TV",1144780,"CVS",7.52,"MDI1"
"511e6c64-7c40-49f1-923c-fea0027410dc","video_complete","forbes.com","Breakaway","Mobile Hover","Connected TV","","Pluto TV",1144780,"CVS",7.52,"MDI1"
"970cd511-76a9-47d3-80fc-4b975df81125","video_thirdquartile","techcrunch.com","ABA Display","Middle Banner - Standard","Connected TV","","",1144721,"Starbucks",7.53,"MDI1"
"309e9971-6759-45fc-b770-112fbd4fdb1b","click","cnn.com","HighRise","CTV Venti Package","Computer","Apple TV","",1144910,"Netflix",7.39,"MDI1"
"309e9971-6759-45fc-b770-112fbd4fdb1b","click","cnn.com","HighRise","CTV Venti Package","Computer","Apple TV","",1144910,"Netflix",7.39,"MDI1"
"309e9971-6759-45fc-b770-112fbd4fdb1b","click","cnn.com","HighRise","CTV Venti Package","Computer","Apple TV","",1144910,"Netflix",7.39,"MDI1"
"490c0a22-5e33-48b3-8e8e-935e9e3af4bf","impression","forbes.com","Runway","Mobile Hover","Computer","Roku","",1144760,"Nike",7.41,"MDI1"
"490c0a22-5e33-48b3-8e8e-935e9e3af4bf","impression","forbes.com","Runway","Mobile Hover","Computer","Roku","",1144760,"Nike",7.41,"MDI1"
"6f18f7d6-979a-44e7-9099-d92929c61405","video_midpoint","techcrunch.com","Hover","Breakaway Display","Connected TV","Apple TV","",1144780,"CVS",7.43,"MDI1"
"225e0de6-3ee6-4609-82ea-7f0c6b85b603","impression","theverge.com","Breakaway","Middle Banner - Standard","Phone","","",1144780,"CVS",7.47,"MDI1"
"225e0de6-3ee6-4609-82ea-7f0c6b85b603","impression","theverge.com","Breakaway","Middle Banner - Standard","Phone","","",1144780,"CVS",7.47,"MDI1"
"225e0de6-3ee6-4609-82ea-7f0c6b85b603","impression","theverge.com","Breakaway","Middle Banner - Standard","Phone","","",1144780,"CVS",7.47,"MDI1"
"fedda7c7-1eef-4ada-b375-f7727c9f90ed","click","nytimes.com","Breakaway","CTV Venti Package","Computer","Roku","",1144780,"CVS",7.42,"MDI1"
"f370a24f-71a3-41ee-bdbe-51643f74eaa3","video_thirdquartile","variety.com","Venti","Middle Banner - Standard","Tablet","","",1144673,"Walmart Grocery",7.5,"MDI1"
"f370a24f-71a3-41ee-bdbe-51643f74eaa3","video_thirdquartile","variety.com","Venti","Middle Banner - Standard","Tablet","","",1144673,"Walmart Grocery",7.5,"MDI1"
"d2621fa9-f848-4eaf-aa85-c432085090ec","video_midpoint","variety.com","HighRise","Runway Premium","Phone","","",1144910,"Netflix",7.48,"MDI1"
"d2621fa9-f848-4eaf-aa85-c432085090ec","video_midpoint","variety.com","HighRise","Runway Premium","Phone","","",1144910,"Netflix",7.48,"MDI1"
"fe0ef06d-bceb-44cb-92d0-23b8fcf200f3","video_firstquartile","weather.com","Hover","Middle Banner - Standard","Phone","Fire TV","",1144800,"Home Depot",7.52,"MDI1"
"9a677dc1-1e8a-4c7b-b19a-6895b97555db","impression","weather.com","ABA Display","Middle Banner - Standard","Phone","Android TV","",1144800,"Home Depot",7.56,"MDI1"
"41a8a66b-c057-4363-afba-a644c42a416a","video_start","variety.com","Runway","Anchor w Video Package","Connected TV","","",1144760,"Nike",7.46,"MDI1"
"41a8a66b-c057-4363-afba-a644c42a416a","video_start","variety.com","Runway","Anchor w Video Package","Connected TV","","",1144760,"Nike",7.46,"MDI1"
"41a8a66b-c057-4363-afba-a644c42a416a","video_start","variety.com","Runway","Anchor w Video Package","Connected TV","","",1144760,"Nike",7.46,"MDI1"
"de7b223c-a5b8-47e6-a7ea-99466e3ac38b","impression","buzzfeed.com","Hover","CTV Venti Package","Tablet","LG Smart TV","",1144721,"Starbucks",7.54,"MDI1"
"448ddc95-4c11-4607-a64c-e537e44e3580","click","forbes.com","Breakaway","Anchor w Video Package","Phone","","",1144850,"Sephora",7.46,"MDI1"
"804d8e7d-fe08-4566-b3a9-75ae91147772","video_complete","theverge.com","Runway","Mobile Hover","Connected TV","Apple TV","Peacock",1144673,"Walmart Grocery",7.43,"MDI1"
"e5cb5cfe-1d6f-4b02-bc41-c8345ad716df","click","nytimes.com","Breakaway","Middle Banner - Standard","Connected TV","","Fubo TV",1144800,"Home Depot",7.53,"MDI1"
"6a76f817-9068-4da3-abdd-a2413f8c8fdb","video_start","buzzfeed.com","Hover","CTV Venti Package","Phone","","",1144800,"Home Depot",7.5,"MDI1"
"6a76f817-9068-4da3-abdd-a2413f8c8fdb","video_start","buzzfeed.com","Hover","CTV Venti Package","Phone","","",1144800,"Home Depot",7.5,"MDI1"
"128bbb4f-ef86-4a1b-9574-d2b37aa0820f","video_start","buzzfeed.com","ABA Display","Breakaway Display","Phone","","Tubi",1144673,"Walmart Grocery",7.41,"MDI1"
"128bbb4f-ef86-4a1b-9574-d2b37aa0820f","video_start","buzzfeed.com","ABA Display","Breakaway Display","Phone","","Tubi",1144673,"Walmart Grocery",7.41,"MDI1"
"6cba03d3-5b30-4523-afef-9b3fdaf7dcdc","video_complete","tmz.com","HighRise","CTV Venti Package","Tablet","","Fubo TV",1144722,"Chick-fil-A",7.39,"MDI1"
"42f297bf-7411-406d-b06f-5932f35b4056","video_firstquartile","theverge.com","Breakaway","Breakaway Display","Connected TV","","",1144720,"McDonalds",7.43,"MDI1"
"42f297bf-7411-406d-b06f-5932f35b4056","video_firstquartile","theverge.com","Breakaway","Breakaway Display","Connected TV","","",1144720,"McDonalds",7.43,"MDI1"
"42f297bf-7411-406d-b06f-5932f35b4056","video_firstquartile","theverge.com","Breakaway","Breakaway Display","Connected TV","","",1144720,"McDonalds",7.43,"MDI1"
"93ab4ca6-cdf5-4be7-a593-d76a54e0b396","video_midpoint","variety.com","Breakaway","Breakaway Display","Connected TV","","",1144722,"Chick-fil-A",7.55,"MDI1"
"93ab4ca6-cdf5-4be7-a593-d76a54e0b396","video_midpoint","variety.com","Breakaway","Breakaway Display","Connected TV","","",1144722,"Chick-fil-A",7.55,"MDI1"
"88928a2e-beb9-47e6-8434-f76f3a55fb91","video_load","variety.com","Runway","Mobile Hover","Tablet","","",1144760,"Nike",7.39,"MDI1"
"88928a2e-beb9-47e6-8434-f76f3a55fb91","video_load","variety.com","Runway","Mobile Hover","Tablet","","",1144760,"Nike",7.39,"MDI1"
"43c73100-71a2-42f4-a311-d62e0ac6cea3","video_start","cnn.com","Runway","Breakaway Display","Connected TV","Fire TV","",1144721,"Starbucks",7.47,"MDI1"
"43c73100-71a2-42f4-a311-d62e0ac6cea3","video_start","cnn.com","Runway","Breakaway Display","Connected TV","Fire TV","",1144721,"Starbucks",7.47,"MDI1"
"c91c429b-b5e2-4bce-b132-84e5939b1819","click","cnn.com","Hover","Middle Banner - Standard","Phone","Roku","",1144780,"CVS",7.65,"MDI1"
"7a2eabab-0e2f-4cd1-8a9d-d86e42280863","video_start","cnn.com","HighRise","Runway Premium","Phone","Apple TV","",1144790,"Apple",7.55,"MDI1"
"7a2eabab-0e2f-4cd1-8a9d-d86e42280863","video_start","cnn.com","HighRise","Runway Premium","Phone","Apple TV","",1144790,"Apple",7.55,"MDI1"
"a118552a-439b-4ab6-87b4-5abf5914e31b","video_complete","nytimes.com","Hover","Mobile Hover","Connected TV","","Pluto TV",1144750,"Target",7.56,"MDI1"
"a118552a-439b-4ab6-87b4-5abf5914e31b","video_complete","nytimes.com","Hover","Mobile Hover","Connected TV","","Pluto TV",1144750,"Target",7.56,"MDI1"
"ed5ddeda-7a9f-47ad-b332-f7b58b305927","video_firstquartile","cnn.com","Runway","Runway Premium","Phone","Roku","",1144722,"Chick-fil-A",7.53,"MDI1"
"ed5ddeda-7a9f-47ad-b332-f7b58b305927","video_firstquartile","cnn.com","Runway","Runway Premium","Phone","Roku","",1144722,"Chick-fil-A",7.53,"MDI1"
"c5ded696-239e-4664-8739-fdb56e023bc7","video_firstquartile","cnn.com","Breakaway","CTV Venti Package","Connected TV","","",1144750,"Target",7.43,"MDI1"
"c5ded696-239e-4664-8739-fdb56e023bc7","video_firstquartile","cnn.com","Breakaway","CTV Venti Package","Connected TV","","",1144750,"Target",7.43,"MDI1"
"c5ded696-239e-4664-8739-fdb56e023bc7","video_firstquartile","cnn.com","Breakaway","CTV Venti Package","Connected TV","","",1144750,"Target",7.43,"MDI1"
"f510bef7-fc46-4761-9ec3-09a379d0e5e8","video_load","buzzfeed.com","ABA Display","Mobile Hover","Connected TV","","",1144720,"McDonalds",7.41,"MDI1"
"f510bef7-fc46-4761-9ec3-09a379d0e5e8","video_load","buzzfeed.com","ABA Display","Mobile Hover","Connected TV","","",1144720,"McDonalds",7.41,"MDI1"
"f510bef7-fc46-4761-9ec3-09a379d0e5e8","video_load","buzzfeed.com","ABA Display","Mobile Hover","Connected TV","","",1144720,"McDonalds",7.41,"MDI1"
"c8bfca0c-346f-4884-b505-e8c14c405607","video_load","variety.com","Runway","Anchor w Video Package","Computer","Android TV","",1144720,"McDonalds",7.41,"MDI1"
"c8bfca0c-346f-4884-b505-e8c14c405607","video_load","variety.com","Runway","Anchor w Video Package","Computer","Android TV","",1144720,"McDonalds",7.41,"MDI1"
"1d7ae4de-4f8b-46ee-931a-d4516f111b0d","video_complete","cnn.com","Venti","Breakaway Display","Computer","Roku","",1144721,"Starbucks",7.47,"MDI1"
"1d7ae4de-4f8b-46ee-931a-d4516f111b0d","video_complete","cnn.com","Venti","Breakaway Display","Computer","Roku","",1144721,"Starbucks",7.47,"MDI1"
"95759206-03f1-47b3-a757-67cc2e24df35","video_firstquartile","forbes.com","HighRise","Mobile Hover","Computer","","",1144780,"CVS",7.43,"MDI1"
"95759206-03f1-47b3-a757-67cc2e24df35","video_firstquartile","forbes.com","HighRise","Mobile Hover","Computer","","",1144780,"CVS",7.43,"MDI1"
"95759206-03f1-47b3-a757-67cc2e24df35","video_firstquartile","forbes.com","HighRise","Mobile Hover","Computer","","",1144780,"CVS",7.43,"MDI1"
"9a754017-168d-4a27-a0d3-56fac655ab1d","video_complete","tmz.com","Breakaway","Middle Banner - Standard","Connected TV","Samsung TV","Tubi",1144761,"Old Navy",7.43,"MDI1"
"e5e52dd1-89a9-4b12-9aa0-bde942eddd11","video_load","tmz.com","ABA Display","Breakaway Display","Connected TV","","",1144722,"Chick-fil-A",7.41,"MDI1"
"925cd82d-eaf3-4856-85d1-38890b0ba7bb","video_midpoint","variety.com","HighRise","Breakaway Display","Phone","","",1144910,"Netflix",7.44,"MDI1"
"925cd82d-eaf3-4856-85d1-38890b0ba7bb","video_midpoint","variety.com","HighRise","Breakaway Display","Phone","","",1144910,"Netflix",7.44,"MDI1"
"925cd82d-eaf3-4856-85d1-38890b0ba7bb","video_midpoint","variety.com","HighRise","Breakaway Display","Phone","","",1144910,"Netflix",7.44,"MDI1"
"4cba9587-4692-454c-b737-9ed630765fb9","impression","people.com","Runway","Mobile Hover","Computer","Apple TV","",1144800,"Home Depot",7.42,"MDI1"
"4cba9587-4692-454c-b737-9ed630765fb9","impression","people.com","Runway","Mobile Hover","Computer","Apple TV","",1144800,"Home Depot",7.42,"MDI1"
"70072b04-d313-4934-a669-4c34de5201a6","impression","techcrunch.com","HighRise","Middle Banner - Standard","Connected TV","Roku","",1144720,"McDonalds",7.46,"MDI1"
"6b12333f-dd47-4dd7-9c8d-4caa44928385","impression","usatoday.com","Venti","CTV Venti Package","Connected TV","","",1144722,"Chick-fil-A",7.47,"MDI1"
"6b12333f-dd47-4dd7-9c8d-4caa44928385","impression","usatoday.com","Venti","CTV Venti Package","Connected TV","","",1144722,"Chick-fil-A",7.47,"MDI1"
"16af4726-332e-4681-a878-ca6bdec0a5ab","impression","weather.com","Runway","CTV Venti Package","Tablet","","",1144850,"Sephora",7.39,"MDI1"
"76e70fe0-5359-4633-8e06-de05b07c5d13","video_complete","people.com","Venti","Breakaway Display","Computer","","Peacock",1144761,"Old Navy",7.43,"MDI1"
"76e70fe0-5359-4633-8e06-de05b07c5d13","video_complete","people.com","Venti","Breakaway Display","Computer","","Peacock",1144761,"Old Navy",7.43,"MDI1"
"76e70fe0-5359-4633-8e06-de05b07c5d13","video_complete","people.com","Venti","Breakaway Display","Computer","","Peacock",1144761,"Old Navy",7.43,"MDI1"
"20aa5162-fc2e-4948-ba59-63097629e840","video_complete","usatoday.com","Runway","Runway Premium","Phone","LG Smart TV","",1144721,"Starbucks",7.69,"MDI1"
"36cf6f30-a9d9-4b6c-9c22-7b44e694727d","impression","techcrunch.com","ABA Display","Breakaway Display","Phone","","",1144910,"Netflix",7.46,"MDI1"
"36cf6f30-a9d9-4b6c-9c22-7b44e694727d","impression","techcrunch.com","ABA Display","Breakaway Display","Phone","","",1144910,"Netflix",7.46,"MDI1"
"b616ac89-3536-4655-97c6-9c0f6e2ee09a","video_thirdquartile","buzzfeed.com","HighRise","Breakaway Display","Computer","","",1144800,"Home Depot",7.44,"MDI1"
"dd0fb848-f8a6-44ab-ae06-4c603a6ae5a4","click","weather.com","HighRise","Mobile Hover","Connected TV","","Paramount+",1144761,"Old Navy",7.55,"MDI1"
"6dbd0232-7580-4506-8331-81ac513653f4","click","espn.com","HighRise","CTV Venti Package","Phone","LG Smart TV","",1144760,"Nike",7.66,"MDI1"
"1892ba7c-24df-4d0a-9ed1-8155cdb4921a","video_complete","weather.com","HighRise","Middle Banner - Standard","Connected TV","","",1144760,"Nike",7.5,"MDI1"
"1892ba7c-24df-4d0a-9ed1-8155cdb4921a","video_complete","weather.com","HighRise","Middle Banner - Standard","Connected TV","","",1144760,"Nike",7.5,"MDI1"
"e0f05c28-d368-4cf2-a357-8ab4823ba1e2","video_midpoint","forbes.com","Runway","Mobile Hover","Tablet","","",1144760,"Nike",7.43,"MDI1"
"e0f05c28-d368-4cf2-a357-8ab4823ba1e2","video_midpoint","forbes.com","Runway","Mobile Hover","Tablet","","",1144760,"Nike",7.43,"MDI1"
"61fe4bd0-d962-431e-b23f-f848f00d98ac","video_load","weather.com","ABA Display","Middle Banner - Standard","Phone","","",1144780,"CVS",7.44,"MDI1"
"35fb50bc-eca8-4e43-89f0-2431c6bb5eb8","video_start","espn.com","HighRise","CTV Venti Package","Connected TV","","",1144761,"Old Navy",7.53,"MDI1"
"35fb50bc-eca8-4e43-89f0-2431c6bb5eb8","video_start","espn.com","HighRise","CTV Venti Package","Connected TV","","",1144761,"Old Navy",7.53,"MDI1"
"c161ae0b-b1a0-4691-87bd-48511379c2a6","video_firstquartile","cnn.com","HighRise","Runway Premium","Phone","","",1144750,"Target",7.49,"MDI1"
"885036dd-6b95-42c8-ad9c-3f506fec0170","impression","usatoday.com","ABA Display","Breakaway Display","Phone","","Peacock",1144720,"McDonalds",7.48,"MDI1"
"885036dd-6b95-42c8-ad9c-3f506fec0170","impression","usatoday.com","ABA Display","Breakaway Display","Phone","","Peacock",1144720,"McDonalds",7.48,"MDI1"
"6f49b01e-6fc3-4049-9d7f-a6148758496a","video_load","tmz.com","Hover","CTV Venti Package","Tablet","","Fubo TV",1144910,"Netflix",7.48,"MDI1"
"484e5b1c-18f2-42d8-be9d-ff5770c72567","video_start","usatoday.com","HighRise","Mobile Hover","Connected TV","Samsung TV","",1144673,"Walmart Grocery",7.43,"MDI1"
"484e5b1c-18f2-42d8-be9d-ff5770c72567","video_start","usatoday.com","HighRise","Mobile Hover","Connected TV","Samsung TV","",1144673,"Walmart Grocery",7.43,"MDI1"
"6db02b28-fa78-4b98-b85b-bee891486b79","click","usatoday.com","Runway","Anchor w Video Package","Tablet","","",1144673,"Walmart Grocery",7.5,"MDI1"
"79604f2b-9ea8-4a92-b1e1-b1664846c38c","video_complete","cnn.com","ABA Display","Mobile Hover","Tablet","","",1144720,"McDonalds",7.4,"MDI1"
"79604f2b-9ea8-4a92-b1e1-b1664846c38c","video_complete","cnn.com","ABA Display","Mobile Hover","Tablet","","",1144720,"McDonalds",7.4,"MDI1"
"79604f2b-9ea8-4a92-b1e1-b1664846c38c","video_complete","cnn.com","ABA Display","Mobile Hover","Tablet","","",1144720,"McDonalds",7.4,"MDI1"
"9d7f6659-0941-4f0d-93d1-fc484ae95c4f","video_complete","nytimes.com","HighRise","Anchor w Video Package","Connected TV","","",1144910,"Netflix",7.42,"MDI1"
"c1615ba6-0849-4562-adb8-18e2c8b49a73","click","cnn.com","ABA Display","Runway Premium","Phone","","",1144750,"Target",7.53,"MDI1"
"c1615ba6-0849-4562-adb8-18e2c8b49a73","click","cnn.com","ABA Display","Runway Premium","Phone","","",1144750,"Target",7.53,"MDI1"
"fc74154a-d706-4021-b557-42772bab9a19","video_load","espn.com","Runway","Anchor w Video Package","Phone","","",1144750,"Target",7.47,"MDI1"
"53e75bc4-fc42-4a68-97cf-794e51adbd33","video_complete","techcrunch.com","ABA Display","CTV Venti Package","Phone","Samsung TV","",1144761,"Old Navy",7.57,"MDI1"
"4b5b1ab6-01eb-41b1-8126-b7622d366163","impression","buzzfeed.com","Breakaway","Runway Premium","Connected TV","","",1144720,"McDonalds",7.42,"MDI1"
"0d980193-49d1-4a0d-be21-aa38cf7953b9","impression","people.com","Venti","Runway Premium","Tablet","","",1144720,"McDonalds",7.45,"MDI1"
"0d980193-49d1-4a0d-be21-aa38cf7953b9","impression","people.com","Venti","Runway Premium","Tablet","","",1144720,"McDonalds",7.45,"MDI1"
"6cbd277d-6237-42f1-876e-8112f7af1abc","video_complete","forbes.com","Runway","Middle Banner - Standard","Connected TV","Android TV","",1144761,"Old Navy",7.52,"MDI1"
"6cbd277d-6237-42f1-876e-8112f7af1abc","video_complete","forbes.com","Runway","Middle Banner - Standard","Connected TV","Android TV","",1144761,"Old Navy",7.52,"MDI1"
"4a3320ab-2ac9-4a8f-b5fb-230abef1d855","impression","buzzfeed.com","ABA Display","Breakaway Display","Phone","","",1144780,"CVS",7.43,"MDI1"
"6a6ef2cd-11f4-445d-931d-6c8805fbe688","click","buzzfeed.com","Hover","Anchor w Video Package","Tablet","","",1144750,"Target",7.5,"MDI1"
"6a6ef2cd-11f4-445d-931d-6c8805fbe688","click","buzzfeed.com","Hover","Anchor w Video Package","Tablet","","",1144750,"Target",7.5,"MDI1"
"6a6ef2cd-11f4-445d-931d-6c8805fbe688","click","buzzfeed.com","Hover","Anchor w Video Package","Tablet","","",1144750,"Target",7.5,"MDI1"
"6a6ef2cd-11f4-445d-931d-6c8805fbe688","click","buzzfeed.com","Hover","Anchor w Video Package","Tablet","","",1144750,"Target",7.5,"MDI1"
"032681f4-4325-49fd-bb2f-448d09715626","impression","people.com","Breakaway","Runway Premium","Computer","","Paramount+",1144910,"Netflix",7.42,"MDI1"
"032681f4-4325-49fd-bb2f-448d09715626","impression","people.com","Breakaway","Runway Premium","Computer","","Paramount+",1144910,"Netflix",7.42,"MDI1"
"032681f4-4325-49fd-bb2f-448d09715626","impression","people.com","Breakaway","Runway Premium","Computer","","Paramount+",1144910,"Netflix",7.42,"MDI1"
"7276275a-6d78-422c-8868-d78bc17468ac","video_midpoint","variety.com","HighRise","Middle Banner - Standard","Computer","","",1144790,"Apple",7.48,"MDI1"
"7276275a-6d78-422c-8868-d78bc17468ac","video_midpoint","variety.com","HighRise","Middle Banner - Standard","Computer","","",1144790,"Apple",7.48,"MDI1"
"09a4cff1-f2f8-4426-9846-1d26eec833e0","video_thirdquartile","theverge.com","Venti","CTV Venti Package","Connected TV","","",1144760,"Nike",7.4,"MDI1"
"612e2d8a-499d-4031-9ddd-79b986a8302a","impression","tmz.com","Runway","Anchor w Video Package","Phone","Android TV","",1144722,"Chick-fil-A",7.4,"MDI1"
"612e2d8a-499d-4031-9ddd-79b986a8302a","impression","tmz.com","Runway","Anchor w Video Package","Phone","Android TV","",1144722,"Chick-fil-A",7.4,"MDI1"
"b625c580-e130-4fb7-96be-1f5e74edce30","video_start","techcrunch.com","Breakaway","Anchor w Video Package","Connected TV","","",1144721,"Starbucks",7.45,"MDI1"
"d6f7530e-4529-4f45-8741-91181fd6fd70","video_firstquartile","techcrunch.com","Venti","CTV Venti Package","Tablet","Roku","",1144790,"Apple",7.49,"MDI1"
"6ef88cfd-0af3-4ae9-8add-fe79d8b9128e","video_start","weather.com","Runway","CTV Venti Package","Tablet","","",1144761,"Old Navy",7.39,"MDI1"
"6da8327f-2bb8-420d-bea8-b17aa56fa17f","click","theverge.com","Breakaway","Middle Banner - Standard","Tablet","","",1144910,"Netflix",7.43,"MDI1"
"110cb3fc-3404-45b0-983f-00f77e83cb47","impression","techcrunch.com","HighRise","CTV Venti Package","Phone","","",1144760,"Nike",7.45,"MDI1"
"110cb3fc-3404-45b0-983f-00f77e83cb47","impression","techcrunch.com","HighRise","CTV Venti Package","Phone","","",1144760,"Nike",7.45,"MDI1"
"110cb3fc-3404-45b0-983f-00f77e83cb47","impression","techcrunch.com","HighRise","CTV Venti Package","Phone","","",1144760,"Nike",7.45,"MDI1"
"110cb3fc-3404-45b0-983f-00f77e83cb47","impression","techcrunch.com","HighRise","CTV Venti Package","Phone","","",1144760,"Nike",7.45,"MDI1"
"db31aa05-b846-4f2d-b8fc-a97ff675e072","video_midpoint","forbes.com","ABA Display","Breakaway Display","Phone","","",1144761,"Old Navy",7.45,"MDI1"
"779c73ed-5f55-4a6e-aece-7e5b84d4eb0f","video_load","tmz.com","Runway","CTV Venti Package","Phone","","Fubo TV",1144760,"Nike",7.47,"MDI1"
"779c73ed-5f55-4a6e-aece-7e5b84d4eb0f","video_load","tmz.com","Runway","CTV Venti Package","Phone","","Fubo TV",1144760,"Nike",7.47,"MDI1"
"0e34cc16-f9fd-48f4-83c2-d6e6a0c899d9","video_load","espn.com","ABA Display","Anchor w Video Package","Tablet","Fire TV","Fubo TV",1144722,"Chick-fil-A",7.48,"MDI1"
"cc97e791-255f-400c-b698-209345963a59","impression","people.com","Venti","Runway Premium","Phone","","",1144800,"Home Depot",7.48,"MDI1"
"cc97e791-255f-400c-b698-209345963a59","impression","people.com","Venti","Runway Premium","Phone","","",1144800,"Home Depot",7.48,"MDI1"
"ca9b0180-e755-4ecb-86a7-2396c1179e7f","video_complete","weather.com","Hover","Anchor w Video Package","Tablet","","Peacock",1144850,"Sephora",7.5,"MDI1"
"9a84ade9-214b-4b8e-a7c5-0453dd714783","video_start","espn.com","HighRise","CTV Venti Package","Tablet","","",1144780,"CVS",7.44,"MDI1"
"9a84ade9-214b-4b8e-a7c5-0453dd714783","video_start","espn.com","HighRise","CTV Venti Package","Tablet","","",1144780,"CVS",7.44,"MDI1"
"ef3a0ca5-b13a-4400-aa24-7569dc82150e","video_midpoint","techcrunch.com","Venti","Anchor w Video Package","Tablet","","Tubi",1144790,"Apple",7.41,"MDI1"
"ef3a0ca5-b13a-4400-aa24-7569dc82150e","video_midpoint","techcrunch.com","Venti","Anchor w Video Package","Tablet","","Tubi",1144790,"Apple",7.41,"MDI1"
"f02dc7f7-67d3-44f4-871f-72dfcfc6fef1","impression","techcrunch.com","Runway","Runway Premium","Phone","","",1144800,"Home Depot",7.47,"MDI1"
"f02dc7f7-67d3-44f4-871f-72dfcfc6fef1","impression","techcrunch.com","Runway","Runway Premium","Phone","","",1144800,"Home Depot",7.47,"MDI1"
"f9670266-b2aa-42ae-957b-2dfba31f4b95","video_complete","buzzfeed.com","Hover","Breakaway Display","Tablet","","",1144850,"Sephora",7.55,"MDI1"
"f9670266-b2aa-42ae-957b-2dfba31f4b95","video_complete","buzzfeed.com","Hover","Breakaway Display","Tablet","","",1144850,"Sephora",7.55,"MDI1"
"e82252bc-894f-4c7b-98cd-b9c195ac413b","impression","variety.com","HighRise","CTV Venti Package","Connected TV","","",1144780,"CVS",7.5,"MDI1"
"e111875c-1ade-425a-8399-8d1211e12b11","impression","usatoday.com","Venti","Middle Banner - Standard","Computer","Samsung TV","",1144722,"Chick-fil-A",7.39,"MDI1"
"e111875c-1ade-425a-8399-8d1211e12b11","impression","usatoday.com","Venti","Middle Banner - Standard","Computer","Samsung TV","",1144722,"Chick-fil-A",7.39,"MDI1"
"cbd04003-8691-40db-9e94-ef563789259c","video_complete","theverge.com","Breakaway","Runway Premium","Tablet","","Pluto TV",1144673,"Walmart Grocery",7.44,"MDI1"
"cbd04003-8691-40db-9e94-ef563789259c","video_complete","theverge.com","Breakaway","Runway Premium","Tablet","","Pluto TV",1144673,"Walmart Grocery",7.44,"MDI1"
"7fd133d9-755c-4854-a5b2-d594bd87c5d6","click","variety.com","Hover","Breakaway Display","Connected TV","","",1144750,"Target",7.48,"MDI1"
"e5da25a8-bb5f-4d25-b0c0-24f6a1a95b8f","impression","buzzfeed.com","Runway","Runway Premium","Phone","","",1144800,"Home Depot",7.41,"MDI1"
"304a7a3f-6bdc-4f3d-8778-c7cf867c4b8a","click","weather.com","Hover","Anchor w Video Package","Tablet","Android TV","Peacock",1144673,"Walmart Grocery",7.51,"MDI1"
"304a7a3f-6bdc-4f3d-8778-c7cf867c4b8a","click","weather.com","Hover","Anchor w Video Package","Tablet","Android TV","Peacock",1144673,"Walmart Grocery",7.51,"MDI1"
"3677e846-0021-4d11-bb93-f7d3b555f1db","impression","forbes.com","HighRise","Middle Banner - Standard","Phone","","",1144790,"Apple",7.41,"MDI1"
"e2701320-0f5e-4e9f-9b9e-30a51fe444cd","video_complete","buzzfeed.com","HighRise","Breakaway Display","Connected TV","LG Smart TV","Pluto TV",1144800,"Home Depot",7.65,"MDI1"
"be597109-ffbb-458b-bd22-c3e3ca5899b5","video_load","espn.com","Venti","Mobile Hover","Computer","","",1144800,"Home Depot",7.39,"MDI1"
"be597109-ffbb-458b-bd22-c3e3ca5899b5","video_load","espn.com","Venti","Mobile Hover","Computer","","",1144800,"Home Depot",7.39,"MDI1"
"e3e6e924-31f3-41ab-b9fe-bb89caad864d","impression","weather.com","ABA Display","Middle Banner - Standard","Phone","","",1144721,"Starbucks",7.4,"MDI1"
"5673545f-de7a-41ee-81e3-e867569ae21a","click","theverge.com","HighRise","Middle Banner - Standard","Connected TV","","",1144721,"Starbucks",7.55,"MDI1"
"debfc6a2-f432-41ab-9485-d7c907cdda91","video_complete","people.com","Runway","Breakaway Display","Computer","","",1144673,"Walmart Grocery",7.51,"MDI1"
"0213143f-4fb4-432a-b03b-20b8fdee6830","video_start","variety.com","HighRise","Breakaway Display","Connected TV","","",1144673,"Walmart Grocery",7.54,"MDI1"
"0213143f-4fb4-432a-b03b-20b8fdee6830","video_start","variety.com","HighRise","Breakaway Display","Connected TV","","",1144673,"Walmart Grocery",7.54,"MDI1"
"6a255ac8-7518-40d8-980d-0ab88cc4dd04","video_start","buzzfeed.com","Venti","CTV Venti Package","Phone","Roku","Tubi",1144721,"Starbucks",7.48,"MDI1"
"fa82195e-24f9-4b85-86fc-86f55df2e9d4","video_firstquartile","theverge.com","ABA Display","Anchor w Video Package","Connected TV","","Tubi",1144761,"Old Navy",7.42,"MDI1"
"fa82195e-24f9-4b85-86fc-86f55df2e9d4","video_firstquartile","theverge.com","ABA Display","Anchor w Video Package","Connected TV","","Tubi",1144761,"Old Navy",7.42,"MDI1"
"fa82195e-24f9-4b85-86fc-86f55df2e9d4","video_firstquartile","theverge.com","ABA Display","Anchor w Video Package","Connected TV","","Tubi",1144761,"Old Navy",7.42,"MDI1"
"b7d50249-0a8d-45f0-a0da-3943c74880f6","video_complete","forbes.com","Runway","Runway Premium","Connected TV","","",1144721,"Starbucks",7.47,"MDI1"
"06cf8602-9f0e-4a09-aa83-8b6944508bda","video_thirdquartile","theverge.com","Breakaway","Mobile Hover","Tablet","","",1144750,"Target",7.44,"MDI1"
"d63c7def-9636-433a-a492-eb54a9a5b5c1","video_firstquartile","weather.com","HighRise","Mobile Hover","Connected TV","","",1144780,"CVS",7.53,"MDI1"
"d63c7def-9636-433a-a492-eb54a9a5b5c1","video_firstquartile","weather.com","HighRise","Mobile Hover","Connected TV","","",1144780,"CVS",7.53,"MDI1"
"389d5f10-5ffc-4f3d-8264-1ad8856b3a54","video_midpoint","theverge.com","Hover","Anchor w Video Package","Tablet","","",1144850,"Sephora",7.47,"MDI1"
"389d5f10-5ffc-4f3d-8264-1ad8856b3a54","video_midpoint","theverge.com","Hover","Anchor w Video Package","Tablet","","",1144850,"Sephora",7.47,"MDI1"
"389d5f10-5ffc-4f3d-8264-1ad8856b3a54","video_midpoint","theverge.com","Hover","Anchor w Video Package","Tablet","","",1144850,"Sephora",7.47,"MDI1"
"5a76e03b-4562-4e27-9bf5-090b44b36a44","video_midpoint","usatoday.com","ABA Display","Runway Premium","Tablet","Roku","",1144720,"McDonalds",7.55,"MDI1"
"a7083b85-0cd4-47d2-8635-ef75a0318acf","video_load","cnn.com","Runway","Breakaway Display","Connected TV","Android TV","Fubo TV",1144721,"Starbucks",7.59,"MDI1"
"a7083b85-0cd4-47d2-8635-ef75a0318acf","video_load","cnn.com","Runway","Breakaway Display","Connected TV","Android TV","Fubo TV",1144721,"Starbucks",7.59,"MDI1"
"a7083b85-0cd4-47d2-8635-ef75a0318acf","video_load","cnn.com","Runway","Breakaway Display","Connected TV","Android TV","Fubo TV",1144721,"Starbucks",7.59,"MDI1"
"3b683f0a-58e0-478e-a153-92f65fbfdc48","video_complete","usatoday.com","Breakaway","Middle Banner - Standard","Connected TV","","",1144790,"Apple",7.4,"MDI1"
"3b683f0a-58e0-478e-a153-92f65fbfdc48","video_complete","usatoday.com","Breakaway","Middle Banner - Standard","Connected TV","","",1144790,"Apple",7.4,"MDI1"
"940907c2-9d7a-4ce6-8ee7-f5fd5bb5ac37","video_midpoint","variety.com","Venti","CTV Venti Package","Computer","","",1144721,"Starbucks",7.48,"MDI1"
"940907c2-9d7a-4ce6-8ee7-f5fd5bb5ac37","video_midpoint","variety.com","Venti","CTV Venti Package","Computer","","",1144721,"Starbucks",7.48,"MDI1"
"af22ce12-7d2a-4101-9b69-695939056dae","video_thirdquartile","usatoday.com","Venti","Mobile Hover","Computer","","Paramount+",1144673,"Walmart Grocery",7.45,"MDI1"
"96a63ea0-2206-4f35-b952-00fd11869724","video_complete","cnn.com","ABA Display","Anchor w Video Package","Connected TV","","Peacock",1144780,"CVS",7.43,"MDI1"
"51bf83bc-47d2-49e7-a51a-61469fe3dea0","video_complete","usatoday.com","Venti","Anchor w Video Package","Connected TV","","Peacock",1144760,"Nike",7.5,"MDI1"
"a22d98e5-01bb-44bb-a65b-b52b50ca25d3","video_midpoint","espn.com","Venti","Anchor w Video Package","Phone","","Pluto TV",1144780,"CVS",7.53,"MDI1"
"a22d98e5-01bb-44bb-a65b-b52b50ca25d3","video_midpoint","espn.com","Venti","Anchor w Video Package","Phone","","Pluto TV",1144780,"CVS",7.53,"MDI1"
"5d2f2ea1-4438-413e-a29b-cd3a60c08092","video_thirdquartile","theverge.com","Venti","CTV Venti Package","Connected TV","","",1144673,"Walmart Grocery",7.47,"MDI1"
"6fca4a02-f809-4464-8243-a864ee9c9c5e","video_firstquartile","usatoday.com","Breakaway","Middle Banner - Standard","Computer","","",1144790,"Apple",7.42,"MDI1"
"6fca4a02-f809-4464-8243-a864ee9c9c5e","video_firstquartile","usatoday.com","Breakaway","Middle Banner - Standard","Computer","","",1144790,"Apple",7.42,"MDI1"
"75106a21-a573-44b5-a122-9470e4efde84","video_complete","theverge.com","Runway","Middle Banner - Standard","Connected TV","","",1144780,"CVS",7.56,"MDI1"
"1bae14d3-9e4d-4ce0-85a8-92e2d6630d28","impression","theverge.com","Hover","Runway Premium","Phone","","",1144790,"Apple",7.43,"MDI1"
"1bae14d3-9e4d-4ce0-85a8-92e2d6630d28","impression","theverge.com","Hover","Runway Premium","Phone","","",1144790,"Apple",7.43,"MDI1"
"2671a647-085a-4b0d-b221-c8bd8eac9bda","video_complete","tmz.com","ABA Display","Runway Premium","Phone","","",1144800,"Home Depot",7.48,"MDI1"
"2671a647-085a-4b0d-b221-c8bd8eac9bda","video_complete","tmz.com","ABA Display","Runway Premium","Phone","","",1144800,"Home Depot",7.48,"MDI1"
"78281ce8-ddc8-49b0-9b6e-b0eac723fa0e","video_start","people.com","ABA Display","Runway Premium","Phone","","",1144761,"Old Navy",7.41,"MDI1"
"cbde7142-20b2-4e4c-818e-5a9a2153c078","video_firstquartile","theverge.com","ABA Display","Middle Banner - Standard","Phone","","",1144800,"Home Depot",7.42,"MDI1"
"832aa3ec-ef1b-4fdf-a5af-823b1d90d7b7","video_start","forbes.com","Breakaway","Middle Banner - Standard","Phone","","",1144761,"Old Navy",7.4,"MDI1"
"084fa44d-5816-4485-9594-3d688d4535b0","video_thirdquartile","tmz.com","HighRise","Breakaway Display","Connected TV","","",1144800,"Home Depot",7.49,"MDI1"
"ffa29ff8-4bb5-48f0-bef2-393b61830928","video_start","theverge.com","Runway","CTV Venti Package","Computer","","",1144800,"Home Depot",7.44,"MDI1"
"56140b17-c4d4-40ad-9d36-009e38184846","video_load","variety.com","Runway","Breakaway Display","Phone","","",1144721,"Starbucks",7.49,"MDI1"
"57f71daa-2f55-46c7-8685-7ef74544a365","video_thirdquartile","weather.com","HighRise","Breakaway Display","Phone","","",1144721,"Starbucks",7.4,"MDI1"
"9a8d72a1-522d-4d62-b2ae-f8e387543ce5","click","weather.com","HighRise","Mobile Hover","Computer","","",1144673,"Walmart Grocery",7.49,"MDI1"
"2de6f196-2a23-43a2-8d41-d7e37817cd69","video_thirdquartile","espn.com","Runway","Anchor w Video Package","Tablet","","",1144800,"Home Depot",7.41,"MDI1"
"2de6f196-2a23-43a2-8d41-d7e37817cd69","video_thirdquartile","espn.com","Runway","Anchor w Video Package","Tablet","","",1144800,"Home Depot",7.41,"MDI1"
"2de6f196-2a23-43a2-8d41-d7e37817cd69","video_thirdquartile","espn.com","Runway","Anchor w Video Package","Tablet","","",1144800,"Home Depot",7.41,"MDI1"
"2de6f196-2a23-43a2-8d41-d7e37817cd69","video_thirdquartile","espn.com","Runway","Anchor w Video Package","Tablet","","",1144800,"Home Depot",7.41,"MDI1"
"e280a77a-4396-43a0-99d9-5bdad7e464d5","impression","theverge.com","ABA Display","Mobile Hover","Tablet","","",1144720,"McDonalds",7.42,"MDI1"
"7964e71c-5366-4fb5-ae3d-851cf3450601","impression","cnn.com","Hover","Mobile Hover","Computer","","Tubi",1144760,"Nike",7.44,"MDI1"
"7964e71c-5366-4fb5-ae3d-851cf3450601","impression","cnn.com","Hover","Mobile Hover","Computer","","Tubi",1144760,"Nike",7.44,"MDI1"
"e75f1fda-5ef0-4caa-9df7-50c51a1fb0ef","click","usatoday.com","Hover","Mobile Hover","Computer","","",1144760,"Nike",7.45,"MDI1"
"e75f1fda-5ef0-4caa-9df7-50c51a1fb0ef","click","usatoday.com","Hover","Mobile Hover","Computer","","",1144760,"Nike",7.45,"MDI1"
"3820edc8-584d-4518-b712-a5a550a34455","click","theverge.com","HighRise","Anchor w Video Package","Phone","","",1144673,"Walmart Grocery",7.52,"MDI1"
"c78878e4-6016-459d-9c57-8cbcfbae7205","impression","forbes.com","Venti","Anchor w Video Package","Phone","","",1144750,"Target",7.39,"MDI1"
"c78878e4-6016-459d-9c57-8cbcfbae7205","impression","forbes.com","Venti","Anchor w Video Package","Phone","","",1144750,"Target",7.39,"MDI1"
"56f5fe6a-bf0b-455e-9d1f-44cdc0ee666e","video_midpoint","techcrunch.com","Runway","Anchor w Video Package","Computer","","",1144800,"Home Depot",7.41,"MDI1"
"56f5fe6a-bf0b-455e-9d1f-44cdc0ee666e","video_midpoint","techcrunch.com","Runway","Anchor w Video Package","Computer","","",1144800,"Home Depot",7.41,"MDI1"
"e0661111-c1f4-46e4-8172-eab46ae62787","video_thirdquartile","buzzfeed.com","Breakaway","Runway Premium","Phone","","",1144722,"Chick-fil-A",7.45,"MDI1"
"aab57286-322d-4315-97f7-9405781e4315","impression","forbes.com","Runway","Runway Premium","Connected TV","","Pluto TV",1144720,"McDonalds",7.47,"MDI1"
"aab57286-322d-4315-97f7-9405781e4315","impression","forbes.com","Runway","Runway Premium","Connected TV","","Pluto TV",1144720,"McDonalds",7.47,"MDI1"
"80ff2bb2-2864-451a-aff1-3f4ca264b792","video_start","forbes.com","ABA Display","Mobile Hover","Connected TV","","",1144721,"Starbucks",7.42,"MDI1"
"b16dc9b8-ff4f-4a9a-aacf-88aa698ecaf1","video_midpoint","theverge.com","Hover","Anchor w Video Package","Connected TV","Android TV","",1144721,"Starbucks",7.46,"MDI1"
"d546cccf-b43d-4c0b-a111-344b571d7b45","click","nytimes.com","Venti","Mobile Hover","Phone","Fire TV","",1144721,"Starbucks",7.68,"MDI1"
"1c86e59f-37f0-4f0b-a20f-0e6cb7f910c4","video_complete","buzzfeed.com","Runway","Anchor w Video Package","Computer","","",1144760,"Nike",7.42,"MDI1"
"1c86e59f-37f0-4f0b-a20f-0e6cb7f910c4","video_complete","buzzfeed.com","Runway","Anchor w Video Package","Computer","","",1144760,"Nike",7.42,"MDI1"
"1c86e59f-37f0-4f0b-a20f-0e6cb7f910c4","video_complete","buzzfeed.com","Runway","Anchor w Video Package","Computer","","",1144760,"Nike",7.42,"MDI1"
"1c86e59f-37f0-4f0b-a20f-0e6cb7f910c4","video_complete","buzzfeed.com","Runway","Anchor w Video Package","Computer","","",1144760,"Nike",7.42,"MDI1"
"25b9292a-f68a-4390-b242-fe628894b3e5","impression","buzzfeed.com","ABA Display","Mobile Hover","Phone","Android TV","",1144673,"Walmart Grocery",7.54,"MDI1"
"ecc46c76-12b1-4cab-9704-698840bf265d","video_firstquartile","buzzfeed.com","ABA Display","Mobile Hover","Tablet","","",1144761,"Old Navy",7.39,"MDI1"
"9c6dc7fc-6aaf-4a2e-a829-7a3c13f49721","video_start","theverge.com","Venti","Mobile Hover","Connected TV","","",1144761,"Old Navy",7.4,"MDI1"
"505b5588-4143-4032-abff-373237d71d63","video_complete","weather.com","Venti","Anchor w Video Package","Phone","","",1144790,"Apple",7.44,"MDI1"
"b022d1b8-cf67-4e3f-86e9-96ee3677c9dc","impression","usatoday.com","Venti","CTV Venti Package","Phone","","",1144761,"Old Navy",7.41,"MDI1"
"cb7b893b-38f0-44e3-a400-35e2913a187a","video_complete","buzzfeed.com","Runway","Breakaway Display","Connected TV","Samsung TV","Tubi",1144790,"Apple",7.39,"MDI1"
"cb7b893b-38f0-44e3-a400-35e2913a187a","video_complete","buzzfeed.com","Runway","Breakaway Display","Connected TV","Samsung TV","Tubi",1144790,"Apple",7.39,"MDI1"
"9fbf8330-0434-472a-9501-ac0840c50869","video_start","nytimes.com","ABA Display","CTV Venti Package","Computer","","Peacock",1144760,"Nike",7.41,"MDI1"
"1da24124-8c11-4add-8f9a-6092ac3fee69","video_load","techcrunch.com","Runway","CTV Venti Package","Connected TV","","",1144850,"Sephora",7.48,"MDI1"
"086bf384-6fb8-4cd1-8a39-c6f01177a13d","video_complete","weather.com","Runway","CTV Venti Package","Phone","Roku","",1144760,"Nike",7.54,"MDI1"
"fc9108f4-fde0-4fa9-9c67-682178e1c75d","video_load","usatoday.com","Breakaway","Breakaway Display","Computer","","",1144760,"Nike",7.42,"MDI1"
"59fcca81-c70f-4ad3-aef6-6964ded8c688","video_thirdquartile","weather.com","Hover","Runway Premium","Tablet","","",1144761,"Old Navy",7.44,"MDI1"
"59fcca81-c70f-4ad3-aef6-6964ded8c688","video_thirdquartile","weather.com","Hover","Runway Premium","Tablet","","",1144761,"Old Navy",7.44,"MDI1"
"985fd76c-fdde-4d16-9031-5f5231b3aacb","impression","nytimes.com","Venti","Runway Premium","Computer","","",1144800,"Home Depot",7.39,"MDI1"
"985fd76c-fdde-4d16-9031-5f5231b3aacb","impression","nytimes.com","Venti","Runway Premium","Computer","","",1144800,"Home Depot",7.39,"MDI1"
"95b72877-0b91-4da6-b998-e961e9394aee","video_complete","tmz.com","Hover","CTV Venti Package","Phone","","Peacock",1144673,"Walmart Grocery",7.41,"MDI1"
"95b72877-0b91-4da6-b998-e961e9394aee","video_complete","tmz.com","Hover","CTV Venti Package","Phone","","Peacock",1144673,"Walmart Grocery",7.41,"MDI1"
"95b72877-0b91-4da6-b998-e961e9394aee","video_complete","tmz.com","Hover","CTV Venti Package","Phone","","Peacock",1144673,"Walmart Grocery",7.41,"MDI1"
"14b242f9-f5db-4600-b642-2d04dc2c9542","impression","usatoday.com","Venti","Mobile Hover","Tablet","","Pluto TV",1144722,"Chick-fil-A",7.41,"MDI1"
"14b242f9-f5db-4600-b642-2d04dc2c9542","impression","usatoday.com","Venti","Mobile Hover","Tablet","","Pluto TV",1144722,"Chick-fil-A",7.41,"MDI1"
"edad457d-5b37-40c3-92f8-5d1a634a6683","video_firstquartile","weather.com","HighRise","Anchor w Video Package","Connected TV","","",1144800,"Home Depot",7.44,"MDI1"
"edad457d-5b37-40c3-92f8-5d1a634a6683","video_firstquartile","weather.com","HighRise","Anchor w Video Package","Connected TV","","",1144800,"Home Depot",7.44,"MDI1"
"cedf772b-1691-4e40-9057-677c3734c556","video_complete","usatoday.com","Venti","Breakaway Display","Phone","","Paramount+",1144910,"Netflix",7.55,"MDI1"
"a726b2c6-e629-4423-85d3-414fcbb7cc6a","video_firstquartile","variety.com","Runway","Breakaway Display","Phone","Apple TV","",1144760,"Nike",7.47,"MDI1"
"373d933e-63fd-4c35-8ea4-ea36ac76f2af","video_load","tmz.com","HighRise","Runway Premium","Connected TV","Apple TV","Fubo TV",1144910,"Netflix",7.51,"MDI1"
"d853ecf4-e753-4416-8075-4569d01f24bc","click","variety.com","HighRise","CTV Venti Package","Tablet","","Peacock",1144720,"McDonalds",7.42,"MDI1"
"2d46bfb6-9a98-4e20-ac67-43b93748eef3","video_thirdquartile","cnn.com","Venti","Breakaway Display","Tablet","","Peacock",1144760,"Nike",7.49,"MDI1"
"96c76f08-e6c9-4ecd-b422-9490789499f7","video_firstquartile","buzzfeed.com","Breakaway","Middle Banner - Standard","Phone","Roku","Tubi",1144910,"Netflix",7.53,"MDI1"
"96c76f08-e6c9-4ecd-b422-9490789499f7","video_firstquartile","buzzfeed.com","Breakaway","Middle Banner - Standard","Phone","Roku","Tubi",1144910,"Netflix",7.53,"MDI1"
"e3cb6902-21d3-4016-b48e-b23b2ef7d82e","video_complete","variety.com","ABA Display","CTV Venti Package","Connected TV","","",1144760,"Nike",7.56,"MDI1"
"85d8dad3-cd64-41f4-a66e-1690d2e13856","click","tmz.com","HighRise","Mobile Hover","Phone","","",1144721,"Starbucks",7.49,"MDI1"
"85d8dad3-cd64-41f4-a66e-1690d2e13856","click","tmz.com","HighRise","Mobile Hover","Phone","","",1144721,"Starbucks",7.49,"MDI1"
"d026b6e3-9ccb-49fc-8ede-461ffbdae456","video_firstquartile","forbes.com","HighRise","Breakaway Display","Tablet","","Fubo TV",1144721,"Starbucks",7.46,"MDI1"
"d026b6e3-9ccb-49fc-8ede-461ffbdae456","video_firstquartile","forbes.com","HighRise","Breakaway Display","Tablet","","Fubo TV",1144721,"Starbucks",7.46,"MDI1"
"d026b6e3-9ccb-49fc-8ede-461ffbdae456","video_firstquartile","forbes.com","HighRise","Breakaway Display","Tablet","","Fubo TV",1144721,"Starbucks",7.46,"MDI1"
"d026b6e3-9ccb-49fc-8ede-461ffbdae456","video_firstquartile","forbes.com","HighRise","Breakaway Display","Tablet","","Fubo TV",1144721,"Starbucks",7.46,"MDI1"
"49fa62b7-b174-427e-a2c2-3e0a291e363f","video_midpoint","buzzfeed.com","Venti","Mobile Hover","Connected TV","","Pluto TV",1144780,"CVS",7.48,"MDI1"
"49fa62b7-b174-427e-a2c2-3e0a291e363f","video_midpoint","buzzfeed.com","Venti","Mobile Hover","Connected TV","","Pluto TV",1144780,"CVS",7.48,"MDI1"
"dc698bf1-303f-487f-ab9a-fb9d104948e3","click","people.com","Runway","Runway Premium","Connected TV","","",1144790,"Apple",7.43,"MDI1"
"dc698bf1-303f-487f-ab9a-fb9d104948e3","click","people.com","Runway","Runway Premium","Connected TV","","",1144790,"Apple",7.43,"MDI1"
"84165fed-e6c6-4ab9-8980-fa34800d0c01","video_midpoint","weather.com","Hover","Middle Banner - Standard","Phone","","Fubo TV",1144761,"Old Navy",7.55,"MDI1"
"8d0cdf07-885b-4cdf-a72a-a1f891b15d3d","video_complete","weather.com","Venti","CTV Venti Package","Connected TV","Apple TV","",1144780,"CVS",7.64,"MDI1"
"f875066f-c532-466c-b2be-6e71691fa25b","click","variety.com","Venti","CTV Venti Package","Connected TV","","",1144750,"Target",7.57,"MDI1"
"f875066f-c532-466c-b2be-6e71691fa25b","click","variety.com","Venti","CTV Venti Package","Connected TV","","",1144750,"Target",7.57,"MDI1"
"5ae3f0a0-51fb-4ca9-a59d-e340995da7ed","impression","variety.com","Hover","Mobile Hover","Phone","","",1144790,"Apple",7.41,"MDI1"
"cdf2eab3-37ba-4291-8662-718c838b9dcc","video_firstquartile","people.com","Hover","Middle Banner - Standard","Connected TV","","",1144722,"Chick-fil-A",7.44,"MDI1"
"1602722c-98be-4ad1-a4bd-44a894491824","impression","forbes.com","Hover","Mobile Hover","Connected TV","Android TV","",1144780,"CVS",7.52,"MDI1"
"41e78ad0-f5fa-493f-aa4b-e4489443cdb6","video_complete","espn.com","Venti","Breakaway Display","Connected TV","","",1144800,"Home Depot",7.45,"MDI1"
"41e78ad0-f5fa-493f-aa4b-e4489443cdb6","video_complete","espn.com","Venti","Breakaway Display","Connected TV","","",1144800,"Home Depot",7.45,"MDI1"
"589b030b-186a-4705-b7f6-533825e1ba22","impression","variety.com","Venti","Anchor w Video Package","Computer","","",1144673,"Walmart Grocery",7.41,"MDI1"
"220cd461-ea23-4d69-9911-97511d4bc359","click","theverge.com","Venti","Middle Banner - Standard","Connected TV","","Fubo TV",1144780,"CVS",7.5,"MDI1"
"386d2ec4-4289-40ec-9c4d-5e07398e6d13","video_firstquartile","cnn.com","Hover","Mobile Hover","Computer","","Peacock",1144720,"McDonalds",7.44,"MDI1"
"2f3e9d4a-6ba5-4e5c-8b28-952ce6e5c603","video_load","tmz.com","Hover","Runway Premium","Phone","","",1144910,"Netflix",7.52,"MDI1"
"5b5dad5c-1616-4ae1-b409-af2306aad971","video_firstquartile","buzzfeed.com","Runway","Runway Premium","Phone","Apple TV","",1144750,"Target",7.44,"MDI1"
"5b5dad5c-1616-4ae1-b409-af2306aad971","video_firstquartile","buzzfeed.com","Runway","Runway Premium","Phone","Apple TV","",1144750,"Target",7.44,"MDI1"
"b54d3700-29bc-40a5-ae80-88525001e392","video_start","cnn.com","ABA Display","Runway Premium","Computer","","",1144800,"Home Depot",7.42,"MDI1"
"408a9b21-3631-4211-9adf-b49d17d30aac","click","people.com","ABA Display","Middle Banner - Standard","Tablet","","",1144850,"Sephora",7.48,"MDI1"
"f7bab7ee-f4c9-4427-bd18-8fd1ef445c0c","video_complete","cnn.com","ABA Display","Middle Banner - Standard","Tablet","","",1144910,"Netflix",7.5,"MDI1"
"ae2c4b48-255f-436d-9919-4e389ba1db0f","click","cnn.com","ABA Display","Anchor w Video Package","Phone","Roku","",1144790,"Apple",7.41,"MDI1"
"c805c22d-82da-496a-8a26-9ecff672d5df","video_thirdquartile","nytimes.com","HighRise","Middle Banner - Standard","Connected TV","Android TV","",1144800,"Home Depot",7.59,"MDI1"
"71e7bf76-7835-40d1-b4bd-704a819cacbe","video_start","espn.com","HighRise","Anchor w Video Package","Computer","","",1144850,"Sephora",7.4,"MDI1"
"71e7bf76-7835-40d1-b4bd-704a819cacbe","video_start","espn.com","HighRise","Anchor w Video Package","Computer","","",1144850,"Sephora",7.4,"MDI1"
"71e7bf76-7835-40d1-b4bd-704a819cacbe","video_start","espn.com","HighRise","Anchor w Video Package","Computer","","",1144850,"Sephora",7.4,"MDI1"
"c83daefd-eb41-440e-a13e-c834dbe69a73","video_start","cnn.com","ABA Display","Runway Premium","Connected TV","Android TV","",1144761,"Old Navy",7.51,"MDI1"
"c83daefd-eb41-440e-a13e-c834dbe69a73","video_start","cnn.com","ABA Display","Runway Premium","Connected TV","Android TV","",1144761,"Old Navy",7.51,"MDI1"
"dc3c0cdc-6ba9-4745-861d-e6c655b55c8b","video_start","tmz.com","HighRise","Middle Banner - Standard","Connected TV","","",1144780,"CVS",7.44,"MDI1"
"dc3c0cdc-6ba9-4745-861d-e6c655b55c8b","video_start","tmz.com","HighRise","Middle Banner - Standard","Connected TV","","",1144780,"CVS",7.44,"MDI1"
"dc3c0cdc-6ba9-4745-861d-e6c655b55c8b","video_start","tmz.com","HighRise","Middle Banner - Standard","Connected TV","","",1144780,"CVS",7.44,"MDI1"
"dc3c0cdc-6ba9-4745-861d-e6c655b55c8b","video_start","tmz.com","HighRise","Middle Banner - Standard","Connected TV","","",1144780,"CVS",7.44,"MDI1"
"429386c9-07ae-430b-b2dc-cc3b82322d20","video_start","weather.com","HighRise","CTV Venti Package","Computer","","",1144760,"Nike",7.4,"MDI1"
"022e1a51-a6b6-46c5-a732-6b086d46618b","video_midpoint","nytimes.com","ABA Display","Runway Premium","Connected TV","","",1144790,"Apple",7.4,"MDI1"
"022e1a51-a6b6-46c5-a732-6b086d46618b","video_midpoint","nytimes.com","ABA Display","Runway Premium","Connected TV","","",1144790,"Apple",7.4,"MDI1"
"1a99cc82-ce32-4cfb-bb6b-2300703adea7","impression","forbes.com","HighRise","Middle Banner - Standard","Tablet","","",1144790,"Apple",7.46,"MDI1"
"5340a7ad-80c8-4e36-bd23-15873e21a87b","video_thirdquartile","people.com","Breakaway","Anchor w Video Package","Connected TV","Roku","",1144780,"CVS",7.46,"MDI1"
"5340a7ad-80c8-4e36-bd23-15873e21a87b","video_thirdquartile","people.com","Breakaway","Anchor w Video Package","Connected TV","Roku","",1144780,"CVS",7.46,"MDI1"
"902f5ebb-eb71-46fe-8a8a-f3bee8926ee9","impression","techcrunch.com","ABA Display","Mobile Hover","Tablet","","",1144721,"Starbucks",7.48,"MDI1"
"902f5ebb-eb71-46fe-8a8a-f3bee8926ee9","impression","techcrunch.com","ABA Display","Mobile Hover","Tablet","","",1144721,"Starbucks",7.48,"MDI1"
"902f5ebb-eb71-46fe-8a8a-f3bee8926ee9","impression","techcrunch.com","ABA Display","Mobile Hover","Tablet","","",1144721,"Starbucks",7.48,"MDI1"
"902f5ebb-eb71-46fe-8a8a-f3bee8926ee9","impression","techcrunch.com","ABA Display","Mobile Hover","Tablet","","",1144721,"Starbucks",7.48,"MDI1"
"3acb785e-b59b-499a-ad57-488a626576ae","video_midpoint","theverge.com","ABA Display","Mobile Hover","Computer","","",1144910,"Netflix",7.43,"MDI1"
"3acb785e-b59b-499a-ad57-488a626576ae","video_midpoint","theverge.com","ABA Display","Mobile Hover","Computer","","",1144910,"Netflix",7.43,"MDI1"
"fde5c6e9-ecd8-4a4c-8bd0-7072961dcc24","video_complete","usatoday.com","ABA Display","Middle Banner - Standard","Tablet","","",1144721,"Starbucks",7.47,"MDI1"
"111d88ac-625c-44ab-a04c-e0de8d8e16a9","video_start","cnn.com","Hover","Middle Banner - Standard","Connected TV","","",1144780,"CVS",7.5,"MDI1"
"473a1e6d-754a-48a0-a135-980edad64015","video_complete","forbes.com","HighRise","Anchor w Video Package","Phone","","",1144761,"Old Navy",7.46,"MDI1"
"c0bcd1e1-eee2-45b9-99d5-00b344273bca","impression","people.com","Venti","Middle Banner - Standard","Connected TV","","Fubo TV",1144750,"Target",7.49,"MDI1"
"c0bcd1e1-eee2-45b9-99d5-00b344273bca","impression","people.com","Venti","Middle Banner - Standard","Connected TV","","Fubo TV",1144750,"Target",7.49,"MDI1"
"c0bcd1e1-eee2-45b9-99d5-00b344273bca","impression","people.com","Venti","Middle Banner - Standard","Connected TV","","Fubo TV",1144750,"Target",7.49,"MDI1"
"49dc011b-86bd-48b7-86b7-f0b35627410c","click","usatoday.com","Breakaway","Mobile Hover","Phone","","",1144780,"CVS",7.47,"MDI1"
"e2aa096f-9803-4c90-a90d-e0214c07640c","video_midpoint","forbes.com","Hover","Runway Premium","Tablet","","",1144800,"Home Depot",7.44,"MDI1"
"e2aa096f-9803-4c90-a90d-e0214c07640c","video_midpoint","forbes.com","Hover","Runway Premium","Tablet","","",1144800,"Home Depot",7.44,"MDI1"
"95b67c86-e564-4cb0-b91f-cda78c5cf98e","impression","tmz.com","Breakaway","Anchor w Video Package","Connected TV","","",1144721,"Starbucks",7.48,"MDI1"
"95b67c86-e564-4cb0-b91f-cda78c5cf98e","impression","tmz.com","Breakaway","Anchor w Video Package","Connected TV","","",1144721,"Starbucks",7.48,"MDI1"
"95b67c86-e564-4cb0-b91f-cda78c5cf98e","impression","tmz.com","Breakaway","Anchor w Video Package","Connected TV","","",1144721,"Starbucks",7.48,"MDI1"
"1e2a19f9-776e-4ebf-9a30-f63f8d3d723a","video_complete","nytimes.com","Breakaway","Anchor w Video Package","Computer","Android TV","",1144910,"Netflix",7.43,"MDI1"
"1e2a19f9-776e-4ebf-9a30-f63f8d3d723a","video_complete","nytimes.com","Breakaway","Anchor w Video Package","Computer","Android TV","",1144910,"Netflix",7.43,"MDI1"
"69472545-9530-475c-9057-c804b48e6860","video_thirdquartile","techcrunch.com","Hover","Middle Banner - Standard","Computer","","",1144722,"Chick-fil-A",7.42,"MDI1"
"bcd2e3db-4e46-442b-8f46-bbb41c588814","click","usatoday.com","ABA Display","Runway Premium","Computer","","",1144720,"McDonalds",7.41,"MDI1"
"3a0e3f7b-a761-411d-93f3-b1af3a3205e4","click","people.com","Breakaway","Breakaway Display","Phone","LG Smart TV","",1144760,"Nike",7.65,"MDI1"
"3a0e3f7b-a761-411d-93f3-b1af3a3205e4","click","people.com","Breakaway","Breakaway Display","Phone","LG Smart TV","",1144760,"Nike",7.65,"MDI1"
"3a0e3f7b-a761-411d-93f3-b1af3a3205e4","click","people.com","Breakaway","Breakaway Display","Phone","LG Smart TV","",1144760,"Nike",7.65,"MDI1"
"1c8d74af-b29f-495f-a745-4b185c11dbc1","video_midpoint","forbes.com","HighRise","CTV Venti Package","Phone","","",1144780,"CVS",7.44,"MDI1"
"ab2f8dd6-cd15-4850-b4fd-3bc9faaa1821","video_thirdquartile","forbes.com","Venti","Anchor w Video Package","Tablet","","",1144780,"CVS",7.41,"MDI1"
"ab2f8dd6-cd15-4850-b4fd-3bc9faaa1821","video_thirdquartile","forbes.com","Venti","Anchor w Video Package","Tablet","","",1144780,"CVS",7.41,"MDI1"
"ab2f8dd6-cd15-4850-b4fd-3bc9faaa1821","video_thirdquartile","forbes.com","Venti","Anchor w Video Package","Tablet","","",1144780,"CVS",7.41,"MDI1"
"ab2f8dd6-cd15-4850-b4fd-3bc9faaa1821","video_thirdquartile","forbes.com","Venti","Anchor w Video Package","Tablet","","",1144780,"CVS",7.41,"MDI1"
"df74e7ef-0c89-490f-833e-5c75ba2828d6","video_start","techcrunch.com","ABA Display","Mobile Hover","Connected TV","","",1144673,"Walmart Grocery",7.48,"MDI1"
"df74e7ef-0c89-490f-833e-5c75ba2828d6","video_start","techcrunch.com","ABA Display","Mobile Hover","Connected TV","","",1144673,"Walmart Grocery",7.48,"MDI1"
"3417abea-5ef5-4189-bdf0-838d461da6fb","video_complete","people.com","HighRise","CTV Venti Package","Phone","","Tubi",1144720,"McDonalds",7.46,"MDI1"
"41e6f56b-dca2-4025-832d-bf0f0b84ad33","click","theverge.com","Breakaway","Mobile Hover","Computer","Apple TV","",1144673,"Walmart Grocery",7.41,"MDI1"
"41e6f56b-dca2-4025-832d-bf0f0b84ad33","click","theverge.com","Breakaway","Mobile Hover","Computer","Apple TV","",1144673,"Walmart Grocery",7.41,"MDI1"
"fde12cf6-eaee-4851-921e-68a1eb4880b1","video_thirdquartile","forbes.com","Runway","CTV Venti Package","Phone","Fire TV","Fubo TV",1144780,"CVS",7.4,"MDI1"
"e94ee3e3-2b5e-42f9-bf66-b8efe9d47d80","video_midpoint","variety.com","Venti","Middle Banner - Standard","Connected TV","","",1144780,"CVS",7.54,"MDI1"
"db70ab73-aeb7-429b-b684-dc4e964042f0","video_complete","theverge.com","HighRise","Mobile Hover","Tablet","","",1144750,"Target",7.42,"MDI1"
"f4469d4a-1635-4b60-8863-eb6cd327d3dc","click","variety.com","ABA Display","Mobile Hover","Tablet","","",1144722,"Chick-fil-A",7.45,"MDI1"
"f4469d4a-1635-4b60-8863-eb6cd327d3dc","click","variety.com","ABA Display","Mobile Hover","Tablet","","",1144722,"Chick-fil-A",7.45,"MDI1"
"e4170d52-2e36-4ee3-8f46-6d2ebf05eef0","click","people.com","Venti","Anchor w Video Package","Tablet","","",1144800,"Home Depot",7.53,"MDI1"
"020e3304-0a9a-47c5-8182-292866edad5f","video_start","espn.com","Runway","Breakaway Display","Phone","Android TV","Paramount+",1144800,"Home Depot",7.42,"MDI1"
"ac93b1a3-27c0-4ae6-a4a4-2f916d8893c4","video_start","techcrunch.com","HighRise","Anchor w Video Package","Tablet","","Paramount+",1144750,"Target",7.42,"MDI1"
"5c1f4845-c942-461c-8385-701c8c630d68","impression","techcrunch.com","HighRise","Mobile Hover","Connected TV","","",1144720,"McDonalds",7.5,"MDI1"
"5c1f4845-c942-461c-8385-701c8c630d68","impression","techcrunch.com","HighRise","Mobile Hover","Connected TV","","",1144720,"McDonalds",7.5,"MDI1"
"6583933a-56c3-4754-afeb-6989aceb59eb","video_midpoint","nytimes.com","HighRise","Runway Premium","Connected TV","","Paramount+",1144722,"Chick-fil-A",7.41,"MDI1"
"5d004b0d-cfc7-494b-a6fc-0ea0d8b1d1a0","video_load","theverge.com","Hover","CTV Venti Package","Connected TV","","",1144720,"McDonalds",7.53,"MDI1"
"f104a892-01e0-4013-a26d-eb06e3e4b005","click","nytimes.com","Hover","Runway Premium","Connected TV","","",1144721,"Starbucks",7.51,"MDI1"
"3272d63c-9fe9-485c-82a2-ac3a56765c16","video_midpoint","cnn.com","HighRise","CTV Venti Package","Connected TV","","",1144790,"Apple",7.55,"MDI1"
"3272d63c-9fe9-485c-82a2-ac3a56765c16","video_midpoint","cnn.com","HighRise","CTV Venti Package","Connected TV","","",1144790,"Apple",7.55,"MDI1"
"aa109e2a-68de-4046-88a3-1784b469b393","impression","weather.com","Breakaway","Middle Banner - Standard","Tablet","","",1144790,"Apple",7.4,"MDI1"
"07d2a4eb-43d8-4217-ba9d-85b12f420566","video_load","usatoday.com","Venti","Middle Banner - Standard","Computer","","",1144750,"Target",7.4,"MDI1"
"67b8d929-1fb7-4061-afac-80f217a422cb","video_start","tmz.com","Runway","Breakaway Display","Phone","","",1144722,"Chick-fil-A",7.48,"MDI1"
"67b8d929-1fb7-4061-afac-80f217a422cb","video_start","tmz.com","Runway","Breakaway Display","Phone","","",1144722,"Chick-fil-A",7.48,"MDI1"
"1868f1be-2f83-4053-8cbc-a4c08f905446","video_complete","usatoday.com","Venti","Anchor w Video Package","Phone","","Paramount+",1144910,"Netflix",7.42,"MDI1"
"2dcea101-8375-4ad0-b7c9-aa17804c54b7","video_complete","weather.com","Breakaway","CTV Venti Package","Connected TV","","Peacock",1144760,"Nike",7.53,"MDI1"
"2dcea101-8375-4ad0-b7c9-aa17804c54b7","video_complete","weather.com","Breakaway","CTV Venti Package","Connected TV","","Peacock",1144760,"Nike",7.53,"MDI1"
"2dcea101-8375-4ad0-b7c9-aa17804c54b7","video_complete","weather.com","Breakaway","CTV Venti Package","Connected TV","","Peacock",1144760,"Nike",7.53,"MDI1"
"f534867c-77b1-43b5-9a51-25d2414f56b9","video_thirdquartile","weather.com","Runway","CTV Venti Package","Computer","","Peacock",1144760,"Nike",7.45,"MDI1"
"d0308702-2377-472e-a7c3-7b156f46b6df","video_complete","cnn.com","Runway","CTV Venti Package","Tablet","","",1144673,"Walmart Grocery",7.43,"MDI1"
"768e97e4-5232-4937-a4cc-cc593cff8a07","video_complete","buzzfeed.com","Breakaway","Middle Banner - Standard","Phone","","",1144800,"Home Depot",7.54,"MDI1"
"768e97e4-5232-4937-a4cc-cc593cff8a07","video_complete","buzzfeed.com","Breakaway","Middle Banner - Standard","Phone","","",1144800,"Home Depot",7.54,"MDI1"
"768e97e4-5232-4937-a4cc-cc593cff8a07","video_complete","buzzfeed.com","Breakaway","Middle Banner - Standard","Phone","","",1144800,"Home Depot",7.54,"MDI1"
"19f9994f-db72-4118-8d03-3301962d565e","video_midpoint","espn.com","Hover","Runway Premium","Phone","","",1144761,"Old Navy",7.44,"MDI1"
"19f9994f-db72-4118-8d03-3301962d565e","video_midpoint","espn.com","Hover","Runway Premium","Phone","","",1144761,"Old Navy",7.44,"MDI1"
"19f9994f-db72-4118-8d03-3301962d565e","video_midpoint","espn.com","Hover","Runway Premium","Phone","","",1144761,"Old Navy",7.44,"MDI1"
"19f9994f-db72-4118-8d03-3301962d565e","video_midpoint","espn.com","Hover","Runway Premium","Phone","","",1144761,"Old Navy",7.44,"MDI1"
"59435611-aea8-4d64-8477-31f429c3afb8","video_thirdquartile","techcrunch.com","Breakaway","Anchor w Video Package","Phone","Android TV","Fubo TV",1144790,"Apple",7.4,"MDI1"
"59435611-aea8-4d64-8477-31f429c3afb8","video_thirdquartile","techcrunch.com","Breakaway","Anchor w Video Package","Phone","Android TV","Fubo TV",1144790,"Apple",7.4,"MDI1"
"48171e4b-4fd1-4e40-ac78-35f7a44e9967","video_complete","people.com","Venti","CTV Venti Package","Phone","","",1144850,"Sephora",7.57,"MDI1"
"48171e4b-4fd1-4e40-ac78-35f7a44e9967","video_complete","people.com","Venti","CTV Venti Package","Phone","","",1144850,"Sephora",7.57,"MDI1"
"48171e4b-4fd1-4e40-ac78-35f7a44e9967","video_complete","people.com","Venti","CTV Venti Package","Phone","","",1144850,"Sephora",7.57,"MDI1"
"385735cd-6122-4491-9d46-aa7488409148","impression","nytimes.com","Venti","Mobile Hover","Connected TV","","",1144673,"Walmart Grocery",7.41,"MDI1"
"a68bf9be-229d-480a-997c-8531260cd897","video_complete","people.com","Hover","Runway Premium","Tablet","","",1144721,"Starbucks",7.5,"MDI1"
"5f6a64f4-21d9-48cc-bf74-5c35a6f13cf3","click","techcrunch.com","Breakaway","Runway Premium","Tablet","","Tubi",1144722,"Chick-fil-A",7.44,"MDI1"
"5f6a64f4-21d9-48cc-bf74-5c35a6f13cf3","click","techcrunch.com","Breakaway","Runway Premium","Tablet","","Tubi",1144722,"Chick-fil-A",7.44,"MDI1"
"5f6a64f4-21d9-48cc-bf74-5c35a6f13cf3","click","techcrunch.com","Breakaway","Runway Premium","Tablet","","Tubi",1144722,"Chick-fil-A",7.44,"MDI1"
"5f6a64f4-21d9-48cc-bf74-5c35a6f13cf3","click","techcrunch.com","Breakaway","Runway Premium","Tablet","","Tubi",1144722,"Chick-fil-A",7.44,"MDI1"
"bc5fd928-7fba-4ac6-ab53-97fa0305e32f","video_thirdquartile","variety.com","HighRise","Breakaway Display","Connected TV","","",1144780,"CVS",7.52,"MDI1"
"f0244602-f0d2-4a66-8ed6-87c517bd3b83","click","variety.com","Venti","Runway Premium","Phone","","",1144721,"Starbucks",7.58,"MDI1"
"f0244602-f0d2-4a66-8ed6-87c517bd3b83","click","variety.com","Venti","Runway Premium","Phone","","",1144721,"Starbucks",7.58,"MDI1"
"afe7c9bc-e0d2-410d-92fa-2b77d2a28c4b","video_complete","cnn.com","Runway","Breakaway Display","Connected TV","","",1144910,"Netflix",7.47,"MDI1"
"09656bdc-b8d0-40ee-9020-8c621b0bfb1f","video_thirdquartile","techcrunch.com","Breakaway","Breakaway Display","Connected TV","LG Smart TV","",1144780,"CVS",7.46,"MDI1"
"1911c45b-8c7d-460b-ae8a-c6d96bbfd21a","video_load","cnn.com","ABA Display","Mobile Hover","Phone","","",1144761,"Old Navy",7.46,"MDI1"
"1911c45b-8c7d-460b-ae8a-c6d96bbfd21a","video_load","cnn.com","ABA Display","Mobile Hover","Phone","","",1144761,"Old Navy",7.46,"MDI1"
"1911c45b-8c7d-460b-ae8a-c6d96bbfd21a","video_load","cnn.com","ABA Display","Mobile Hover","Phone","","",1144761,"Old Navy",7.46,"MDI1"
"c804fb8e-1dfa-4745-a4dc-7f9d6e142230","impression","cnn.com","Venti","Breakaway Display","Computer","","",1144721,"Starbucks",7.46,"MDI1"
"f46e9627-1a02-4dec-8f71-b36f3187a439","video_load","forbes.com","Hover","Middle Banner - Standard","Connected TV","","",1144721,"Starbucks",7.46,"MDI1"
"f46e9627-1a02-4dec-8f71-b36f3187a439","video_load","forbes.com","Hover","Middle Banner - Standard","Connected TV","","",1144721,"Starbucks",7.46,"MDI1"
"03cd1159-c4c1-45f0-9c95-3f89696ce6f0","video_firstquartile","forbes.com","Breakaway","Anchor w Video Package","Phone","","Fubo TV",1144750,"Target",7.44,"MDI1"
"089872bb-17ad-455f-a9a0-58e78dd11bcd","video_start","buzzfeed.com","Runway","Runway Premium","Connected TV","","",1144750,"Target",7.43,"MDI1"
"089872bb-17ad-455f-a9a0-58e78dd11bcd","video_start","buzzfeed.com","Runway","Runway Premium","Connected TV","","",1144750,"Target",7.43,"MDI1"
"3fb8914d-f15a-495f-b4e3-c97e7a8c9899","video_load","variety.com","Runway","Mobile Hover","Phone","","",1144720,"McDonalds",7.47,"MDI1"
"d62447e9-d752-4556-9724-1fda70e40ed6","video_complete","tmz.com","Runway","Runway Premium","Phone","","",1144761,"Old Navy",7.53,"MDI1"
"d62447e9-d752-4556-9724-1fda70e40ed6","video_complete","tmz.com","Runway","Runway Premium","Phone","","",1144761,"Old Navy",7.53,"MDI1"
"cf238359-6a6a-42e5-a566-bf4787e17925","video_midpoint","buzzfeed.com","HighRise","Runway Premium","Connected TV","","",1144790,"Apple",7.45,"MDI1"
"a85ed998-1d6d-4e23-ba9f-e76d1fa717e4","video_complete","weather.com","Runway","Breakaway Display","Connected TV","","",1144721,"Starbucks",7.4,"MDI1"
"3d68de5e-e512-4864-b912-0490d5f529ee","click","people.com","ABA Display","Runway Premium","Connected TV","LG Smart TV","Paramount+",1144673,"Walmart Grocery",7.4,"MDI1"
"98597e21-b832-4500-a61d-7973aaa96f8d","video_start","theverge.com","Venti","Breakaway Display","Connected TV","","Peacock",1144722,"Chick-fil-A",7.39,"MDI1"
"6f97194e-faaf-414c-9ca9-d0e8999727dc","click","buzzfeed.com","Hover","Breakaway Display","Tablet","","",1144800,"Home Depot",7.44,"MDI1"
"6f97194e-faaf-414c-9ca9-d0e8999727dc","click","buzzfeed.com","Hover","Breakaway Display","Tablet","","",1144800,"Home Depot",7.44,"MDI1"
"c8e904cf-94ea-461b-828c-a14328ffc86a","click","variety.com","Hover","Anchor w Video Package","Connected TV","","",1144910,"Netflix",7.55,"MDI1"
"16b1b870-74b9-4385-ba62-7d9c636f56e3","click","tmz.com","Venti","Middle Banner - Standard","Computer","","",1144721,"Starbucks",7.4,"MDI1"
"e5b2e609-7cb7-46fb-88da-ce91a9911ca5","click","theverge.com","ABA Display","Runway Premium","Phone","","",1144721,"Starbucks",7.41,"MDI1"
"e5b2e609-7cb7-46fb-88da-ce91a9911ca5","click","theverge.com","ABA Display","Runway Premium","Phone","","",1144721,"Starbucks",7.41,"MDI1"
"e5b2e609-7cb7-46fb-88da-ce91a9911ca5","click","theverge.com","ABA Display","Runway Premium","Phone","","",1144721,"Starbucks",7.41,"MDI1"
"fd1a3330-bc5e-4fdc-afd2-b31adab3f57b","impression","usatoday.com","Breakaway","Middle Banner - Standard","Phone","","Paramount+",1144790,"Apple",7.44,"MDI1"
"8df60533-2dcb-43df-9407-71e0dd368b30","impression","espn.com","Runway","Anchor w Video Package","Connected TV","","",1144910,"Netflix",7.46,"MDI1"
"63cfdc64-a02b-4d8e-8c08-06be020cc536","video_midpoint","cnn.com","HighRise","Runway Premium","Connected TV","","",1144721,"Starbucks",7.45,"MDI1"
"800355ac-2096-4964-ad54-336a19004982","video_complete","buzzfeed.com","ABA Display","Runway Premium","Phone","","Tubi",1144800,"Home Depot",7.43,"MDI1"
"52e0e6a5-7ab5-4314-bd2c-d81e17f91434","video_start","forbes.com","Hover","Mobile Hover","Connected TV","Apple TV","Tubi",1144790,"Apple",7.53,"MDI1"
"931c61e5-2910-48e3-95ec-3ecfac33f2e4","video_thirdquartile","forbes.com","HighRise","CTV Venti Package","Computer","","",1144722,"Chick-fil-A",7.39,"MDI1"
"676792da-9131-4585-8d9b-89e7c79b5d84","impression","tmz.com","Hover","Anchor w Video Package","Tablet","","",1144750,"Target",7.42,"MDI1"
"9d7aef56-8ebc-498c-84d4-986a9961fa05","video_start","usatoday.com","ABA Display","CTV Venti Package","Phone","","",1144780,"CVS",7.45,"MDI1"
"9d7aef56-8ebc-498c-84d4-986a9961fa05","video_start","usatoday.com","ABA Display","CTV Venti Package","Phone","","",1144780,"CVS",7.45,"MDI1"
"f78eec15-0760-440f-8d95-5e5b7fc9e8e0","click","usatoday.com","Venti","Breakaway Display","Phone","","",1144721,"Starbucks",7.55,"MDI1"
"b859cf07-2246-4f9f-a1d0-d29afe491a66","video_firstquartile","weather.com","ABA Display","CTV Venti Package","Connected TV","","",1144910,"Netflix",7.46,"MDI1"
"b859cf07-2246-4f9f-a1d0-d29afe491a66","video_firstquartile","weather.com","ABA Display","CTV Venti Package","Connected TV","","",1144910,"Netflix",7.46,"MDI1"
"e5b6fc2a-b8f8-4ee8-9b5b-31ab0c7f5b37","click","people.com","Breakaway","Breakaway Display","Connected TV","","",1144850,"Sephora",7.55,"MDI1"
"c183bba8-f9f5-40f8-8008-498f0119a79e","video_midpoint","nytimes.com","HighRise","Middle Banner - Standard","Connected TV","","",1144720,"McDonalds",7.53,"MDI1"
"af121292-fca8-4923-9604-862b7ab8a370","impression","buzzfeed.com","Hover","Runway Premium","Connected TV","","",1144720,"McDonalds",7.46,"MDI1"
"af121292-fca8-4923-9604-862b7ab8a370","impression","buzzfeed.com","Hover","Runway Premium","Connected TV","","",1144720,"McDonalds",7.46,"MDI1"
"af121292-fca8-4923-9604-862b7ab8a370","impression","buzzfeed.com","Hover","Runway Premium","Connected TV","","",1144720,"McDonalds",7.46,"MDI1"
"3a3c282e-cbd6-47ed-86a2-5fcce05549a2","video_complete","weather.com","Breakaway","Runway Premium","Connected TV","Android TV","",1144722,"Chick-fil-A",7.7,"MDI1"
"94137038-102b-4341-979d-4a373ef8eb08","video_thirdquartile","espn.com","Runway","Runway Premium","Connected TV","","",1144850,"Sephora",7.43,"MDI1"
"d60ea478-753b-4641-933a-1780f43be180","impression","variety.com","Venti","Middle Banner - Standard","Phone","Apple TV","",1144761,"Old Navy",7.42,"MDI1"
"4391f1ac-4c45-4c9c-a61b-4c2fb5f2facc","video_start","tmz.com","Breakaway","Anchor w Video Package","Computer","","",1144800,"Home Depot",7.4,"MDI1"
"807ab147-0c81-486e-9ed1-4de448d6baee","video_complete","forbes.com","Breakaway","Breakaway Display","Connected TV","","",1144722,"Chick-fil-A",7.43,"MDI1"
"5a6ca32e-f559-4ead-b68d-2e89ce4af1a4","impression","espn.com","ABA Display","Anchor w Video Package","Tablet","","Fubo TV",1144790,"Apple",7.49,"MDI1"
"746f4c6b-dde6-4fcc-bbb7-19a77c7b99cf","impression","weather.com","Hover","Anchor w Video Package","Phone","","",1144720,"McDonalds",7.5,"MDI1"
"3fbb94c5-04b6-470b-ac6e-3d0828622071","impression","usatoday.com","Venti","Anchor w Video Package","Tablet","","",1144721,"Starbucks",7.46,"MDI1"
"3fbb94c5-04b6-470b-ac6e-3d0828622071","impression","usatoday.com","Venti","Anchor w Video Package","Tablet","","",1144721,"Starbucks",7.46,"MDI1"
"55cf3ece-8e12-4f37-a7a8-c05ebd858881","click","tmz.com","Runway","CTV Venti Package","Connected TV","","",1144850,"Sephora",7.39,"MDI1"
"55cf3ece-8e12-4f37-a7a8-c05ebd858881","click","tmz.com","Runway","CTV Venti Package","Connected TV","","",1144850,"Sephora",7.39,"MDI1"
"0798d068-ef27-4110-93bf-298e755084dd","impression","variety.com","Venti","Anchor w Video Package","Phone","","",1144780,"CVS",7.41,"MDI1"
"d0b46873-0d51-4a7f-9384-34c297370ed4","impression","tmz.com","Runway","Runway Premium","Computer","","",1144760,"Nike",7.42,"MDI1"
"25358c4b-fa46-4220-b44d-6fbd0097d796","video_midpoint","usatoday.com","Breakaway","Middle Banner - Standard","Computer","Fire TV","",1144760,"Nike",7.43,"MDI1"
"25358c4b-fa46-4220-b44d-6fbd0097d796","video_midpoint","usatoday.com","Breakaway","Middle Banner - Standard","Computer","Fire TV","",1144760,"Nike",7.43,"MDI1"
"25358c4b-fa46-4220-b44d-6fbd0097d796","video_midpoint","usatoday.com","Breakaway","Middle Banner - Standard","Computer","Fire TV","",1144760,"Nike",7.43,"MDI1"
"f129cd86-b03e-4107-885d-824988cb8287","impression","techcrunch.com","Breakaway","Anchor w Video Package","Connected TV","Android TV","Tubi",1144761,"Old Navy",7.4,"MDI1"
"034dd42f-557c-46e9-8f53-ec559b9f29a8","video_thirdquartile","cnn.com","Runway","Runway Premium","Connected TV","","",1144750,"Target",7.43,"MDI1"
"b4329179-d64f-4f80-9b4b-94ed80211b4e","video_start","people.com","Hover","CTV Venti Package","Phone","","",1144722,"Chick-fil-A",7.42,"MDI1"
"b4329179-d64f-4f80-9b4b-94ed80211b4e","video_start","people.com","Hover","CTV Venti Package","Phone","","",1144722,"Chick-fil-A",7.42,"MDI1"
"b4329179-d64f-4f80-9b4b-94ed80211b4e","video_start","people.com","Hover","CTV Venti Package","Phone","","",1144722,"Chick-fil-A",7.42,"MDI1"
"95976369-368b-4c22-a6b8-3f51ba3d420c","video_complete","theverge.com","HighRise","Anchor w Video Package","Phone","Samsung TV","",1144850,"Sephora",7.59,"MDI1"
"4c897c36-1715-4846-8400-c712194fc012","video_load","forbes.com","Hover","Middle Banner - Standard","Tablet","","",1144760,"Nike",7.45,"MDI1"
"f2a1e1bd-fd9a-45ea-8c8f-f2d507c12040","impression","cnn.com","Runway","Runway Premium","Phone","","",1144720,"McDonalds",7.39,"MDI1"
"e4f7fef9-3cee-405c-ab94-e1435a9a9bed","video_complete","buzzfeed.com","Venti","CTV Venti Package","Connected TV","","",1144910,"Netflix",7.62,"MDI1"
"e4f7fef9-3cee-405c-ab94-e1435a9a9bed","video_complete","buzzfeed.com","Venti","CTV Venti Package","Connected TV","","",1144910,"Netflix",7.62,"MDI1"
"e4f7fef9-3cee-405c-ab94-e1435a9a9bed","video_complete","buzzfeed.com","Venti","CTV Venti Package","Connected TV","","",1144910,"Netflix",7.62,"MDI1"
"d04a452c-a5ea-4b1c-9c6b-0523d937a8f5","video_midpoint","variety.com","ABA Display","Mobile Hover","Computer","","",1144750,"Target",7.41,"MDI1"
"d04a452c-a5ea-4b1c-9c6b-0523d937a8f5","video_midpoint","variety.com","ABA Display","Mobile Hover","Computer","","",1144750,"Target",7.41,"MDI1"
"d35af359-7760-4f54-b851-f7233061792e","impression","usatoday.com","Runway","CTV Venti Package","Tablet","LG Smart TV","",1144673,"Walmart Grocery",7.53,"MDI1"
"95eb4fbe-57d7-4161-ac19-d3d529596adb","video_firstquartile","cnn.com","Venti","Mobile Hover","Computer","","",1144720,"McDonalds",7.46,"MDI1"
"555776b4-10ef-4415-a470-a24dbff6171b","video_complete","nytimes.com","Hover","Breakaway Display","Phone","","",1144780,"CVS",7.48,"MDI1"
"555776b4-10ef-4415-a470-a24dbff6171b","video_complete","nytimes.com","Hover","Breakaway Display","Phone","","",1144780,"CVS",7.48,"MDI1"
"51740707-48c6-454f-8bd0-79acefd0dd31","impression","weather.com","Hover","Runway Premium","Phone","Samsung TV","",1144720,"McDonalds",7.43,"MDI1"
"a828ad43-9a33-4d90-a831-a09538e79b3b","impression","people.com","Hover","CTV Venti Package","Connected TV","","",1144750,"Target",7.41,"MDI1"
"a828ad43-9a33-4d90-a831-a09538e79b3b","impression","people.com","Hover","CTV Venti Package","Connected TV","","",1144750,"Target",7.41,"MDI1"
"b64b295f-8089-4fc1-8288-71650d9aebc1","video_load","nytimes.com","HighRise","Breakaway Display","Connected TV","","",1144761,"Old Navy",7.4,"MDI1"
"8b3088b7-52b3-4ccb-af85-aeb36dcc9b68","video_load","espn.com","Venti","Breakaway Display","Connected TV","","Pluto TV",1144910,"Netflix",7.44,"MDI1"
"68bbb5a3-1ee6-49e3-9d2a-387bb1a0c94b","impression","espn.com","Breakaway","Anchor w Video Package","Tablet","Apple TV","",1144850,"Sephora",7.39,"MDI1"
"68bbb5a3-1ee6-49e3-9d2a-387bb1a0c94b","impression","espn.com","Breakaway","Anchor w Video Package","Tablet","Apple TV","",1144850,"Sephora",7.39,"MDI1"
"68bbb5a3-1ee6-49e3-9d2a-387bb1a0c94b","impression","espn.com","Breakaway","Anchor w Video Package","Tablet","Apple TV","",1144850,"Sephora",7.39,"MDI1"
"ab945162-68e0-481e-8159-076d4903dd5d","click","techcrunch.com","Runway","Anchor w Video Package","Tablet","","",1144790,"Apple",7.42,"MDI1"
"bd781145-70bc-4e6f-bcbc-b35f0b1d71a5","video_midpoint","variety.com","HighRise","Runway Premium","Phone","","Paramount+",1144722,"Chick-fil-A",7.45,"MDI1"
"bd781145-70bc-4e6f-bcbc-b35f0b1d71a5","video_midpoint","variety.com","HighRise","Runway Premium","Phone","","Paramount+",1144722,"Chick-fil-A",7.45,"MDI1"
"20fa2082-9a66-4a2e-957d-47f2acbb2e29","click","forbes.com","Breakaway","Anchor w Video Package","Connected TV","Fire TV","",1144720,"McDonalds",7.57,"MDI1"
"648f5ebc-b463-4d67-afbf-705368263f22","video_complete","espn.com","Venti","Mobile Hover","Tablet","Fire TV","",1144800,"Home Depot",7.54,"MDI1"
"648f5ebc-b463-4d67-afbf-705368263f22","video_complete","espn.com","Venti","Mobile Hover","Tablet","Fire TV","",1144800,"Home Depot",7.54,"MDI1"
"cf7e9718-a0ad-4ba1-9bd0-5e78b2cb2ec2","impression","nytimes.com","HighRise","Anchor w Video Package","Connected TV","","Pluto TV",1144760,"Nike",7.46,"MDI1"
"cf7e9718-a0ad-4ba1-9bd0-5e78b2cb2ec2","impression","nytimes.com","HighRise","Anchor w Video Package","Connected TV","","Pluto TV",1144760,"Nike",7.46,"MDI1"
"cf7e9718-a0ad-4ba1-9bd0-5e78b2cb2ec2","impression","nytimes.com","HighRise","Anchor w Video Package","Connected TV","","Pluto TV",1144760,"Nike",7.46,"MDI1"
"43cd00a3-8c83-4981-b6eb-1fa14bd9bad3","click","forbes.com","Venti","CTV Venti Package","Tablet","","",1144721,"Starbucks",7.4,"MDI1"
"a7c8c878-39cf-4653-8069-f12d4d2000d2","click","espn.com","Hover","Middle Banner - Standard","Tablet","","",1144750,"Target",7.44,"MDI1"
"a7c8c878-39cf-4653-8069-f12d4d2000d2","click","espn.com","Hover","Middle Banner - Standard","Tablet","","",1144750,"Target",7.44,"MDI1"
"2a10beea-ef67-4584-9321-6b09d4952c7c","impression","buzzfeed.com","Runway","Middle Banner - Standard","Tablet","Samsung TV","Pluto TV",1144800,"Home Depot",7.52,"MDI1"
"2a10beea-ef67-4584-9321-6b09d4952c7c","impression","buzzfeed.com","Runway","Middle Banner - Standard","Tablet","Samsung TV","Pluto TV",1144800,"Home Depot",7.52,"MDI1"
"77970fe7-c733-4537-8dc4-78e7ba0da9c0","impression","techcrunch.com","HighRise","Breakaway Display","Phone","Android TV","",1144722,"Chick-fil-A",7.56,"MDI1"
"ccc02340-dc53-44e6-a4cf-396112925562","video_complete","tmz.com","Venti","Middle Banner - Standard","Connected TV","","Fubo TV",1144761,"Old Navy",7.56,"MDI1"
"65ecfdf6-357d-4645-85d4-a71dd891f43f","video_firstquartile","usatoday.com","Venti","CTV Venti Package","Computer","","",1144721,"Starbucks",7.4,"MDI1"
"dc302291-e11a-480d-a107-aa706e18a729","video_load","variety.com","Venti","Mobile Hover","Phone","","",1144790,"Apple",7.4,"MDI1"
"e3ea2685-e4ad-4636-9f48-4eb5f7e3512a","impression","tmz.com","ABA Display","Anchor w Video Package","Connected TV","","",1144673,"Walmart Grocery",7.45,"MDI1"
"e3ea2685-e4ad-4636-9f48-4eb5f7e3512a","impression","tmz.com","ABA Display","Anchor w Video Package","Connected TV","","",1144673,"Walmart Grocery",7.45,"MDI1"
"e3ea2685-e4ad-4636-9f48-4eb5f7e3512a","impression","tmz.com","ABA Display","Anchor w Video Package","Connected TV","","",1144673,"Walmart Grocery",7.45,"MDI1"
"b04a39b2-edbe-4706-b491-3031cf0ae72f","video_thirdquartile","cnn.com","Venti","CTV Venti Package","Computer","","",1144721,"Starbucks",7.4,"MDI1"
"2944a343-5716-4e2f-a88a-ef8b2fd63b55","video_firstquartile","variety.com","Venti","Runway Premium","Tablet","","",1144790,"Apple",7.43,"MDI1"
"fb670bef-e898-4fbd-8c21-9a6def6169b2","video_complete","people.com","Venti","Anchor w Video Package","Tablet","","",1144673,"Walmart Grocery",7.44,"MDI1"
"fb670bef-e898-4fbd-8c21-9a6def6169b2","video_complete","people.com","Venti","Anchor w Video Package","Tablet","","",1144673,"Walmart Grocery",7.44,"MDI1"
"0f8a4475-58d0-45c5-bf85-cdd19e096780","video_thirdquartile","nytimes.com","HighRise","Breakaway Display","Phone","Roku","Fubo TV",1144910,"Netflix",7.42,"MDI1"
"0f8a4475-58d0-45c5-bf85-cdd19e096780","video_thirdquartile","nytimes.com","HighRise","Breakaway Display","Phone","Roku","Fubo TV",1144910,"Netflix",7.42,"MDI1"
"83db93b3-01d1-4ca7-80c2-e21e5a037c31","impression","buzzfeed.com","Hover","Anchor w Video Package","Connected TV","","",1144722,"Chick-fil-A",7.43,"MDI1"
"ad2102f6-9e8d-4c09-9a71-c6f2d173e1fa","video_complete","tmz.com","Runway","Runway Premium","Connected TV","Roku","",1144760,"Nike",7.5,"MDI1"
"1bf39871-c483-4989-979f-6f6cb05a62aa","video_complete","theverge.com","Hover","CTV Venti Package","Connected TV","","",1144761,"Old Navy",7.43,"MDI1"
"cb52193f-c643-4a61-b093-2dcfb0c53d20","video_start","forbes.com","Breakaway","Middle Banner - Standard","Connected TV","","",1144800,"Home Depot",7.39,"MDI1"
"70b84029-0d8a-4692-99c1-65a150759900","click","theverge.com","Hover","CTV Venti Package","Connected TV","Android TV","",1144720,"McDonalds",7.43,"MDI1"
"70b84029-0d8a-4692-99c1-65a150759900","click","theverge.com","Hover","CTV Venti Package","Connected TV","Android TV","",1144720,"McDonalds",7.43,"MDI1"
"f529df64-29e6-42a8-9468-4d121f8db77a","video_firstquartile","espn.com","Venti","Middle Banner - Standard","Tablet","Samsung TV","",1144721,"Starbucks",7.47,"MDI1"
"43064f2f-101f-4d63-b27c-8adb870e145f","video_load","tmz.com","Breakaway","Breakaway Display","Tablet","","Fubo TV",1144790,"Apple",7.43,"MDI1"
"43064f2f-101f-4d63-b27c-8adb870e145f","video_load","tmz.com","Breakaway","Breakaway Display","Tablet","","Fubo TV",1144790,"Apple",7.43,"MDI1"
"109877e4-1327-4280-9e51-1ec9dffabcdc","click","forbes.com","Hover","Anchor w Video Package","Tablet","Roku","",1144721,"Starbucks",7.46,"MDI1"
"109877e4-1327-4280-9e51-1ec9dffabcdc","click","forbes.com","Hover","Anchor w Video Package","Tablet","Roku","",1144721,"Starbucks",7.46,"MDI1"
"1cef3454-e06b-4d4d-8c0f-715ccc61ed58","video_load","buzzfeed.com","Runway","Middle Banner - Standard","Tablet","Apple TV","",1144790,"Apple",7.55,"MDI1"
"1cef3454-e06b-4d4d-8c0f-715ccc61ed58","video_load","buzzfeed.com","Runway","Middle Banner - Standard","Tablet","Apple TV","",1144790,"Apple",7.55,"MDI1"
"f05502dd-57da-4be5-973f-693cf2be1e88","video_complete","tmz.com","Hover","Mobile Hover","Tablet","","",1144790,"Apple",7.45,"MDI1"
"f05502dd-57da-4be5-973f-693cf2be1e88","video_complete","tmz.com","Hover","Mobile Hover","Tablet","","",1144790,"Apple",7.45,"MDI1"
"62858fb2-c766-4180-9fe5-bcbc3bcb2504","video_start","variety.com","Hover","Anchor w Video Package","Computer","","",1144761,"Old Navy",7.41,"MDI1"
"62858fb2-c766-4180-9fe5-bcbc3bcb2504","video_start","variety.com","Hover","Anchor w Video Package","Computer","","",1144761,"Old Navy",7.41,"MDI1"
"b2ff8deb-8ffc-4b77-b6fd-ba9bcba92d0c","video_complete","theverge.com","HighRise","Mobile Hover","Computer","","Paramount+",1144722,"Chick-fil-A",7.46,"MDI1"
"b6485a34-2214-4292-ac8b-c4da3de8c286","click","usatoday.com","HighRise","Breakaway Display","Phone","Roku","",1144800,"Home Depot",7.43,"MDI1"
"b6485a34-2214-4292-ac8b-c4da3de8c286","click","usatoday.com","HighRise","Breakaway Display","Phone","Roku","",1144800,"Home Depot",7.43,"MDI1"
"995858b1-2750-491e-8ce0-9d9220e1786d","video_firstquartile","techcrunch.com","Runway","Breakaway Display","Connected TV","Samsung TV","",1144910,"Netflix",7.42,"MDI1"
"995858b1-2750-491e-8ce0-9d9220e1786d","video_firstquartile","techcrunch.com","Runway","Breakaway Display","Connected TV","Samsung TV","",1144910,"Netflix",7.42,"MDI1"
"409d7157-c427-4b1a-a56f-52b313dbc739","video_start","nytimes.com","Venti","Runway Premium","Connected TV","","",1144800,"Home Depot",7.49,"MDI1"
"36d6d7a7-ff14-4d7f-a366-98d44abfa600","impression","techcrunch.com","Venti","Anchor w Video Package","Computer","","",1144800,"Home Depot",7.43,"MDI1"
"9ae613ce-c9c1-41a0-be11-e8541a7a3691","video_firstquartile","cnn.com","Hover","Mobile Hover","Tablet","","Peacock",1144761,"Old Navy",7.49,"MDI1"
"bc15c1e0-a28d-46ab-a878-0df3da09e1ee","video_midpoint","buzzfeed.com","HighRise","Anchor w Video Package","Phone","","",1144910,"Netflix",7.43,"MDI1"
"bc15c1e0-a28d-46ab-a878-0df3da09e1ee","video_midpoint","buzzfeed.com","HighRise","Anchor w Video Package","Phone","","",1144910,"Netflix",7.43,"MDI1"
"02bdfe6e-d952-4920-a332-fb652988eaeb","click","theverge.com","ABA Display","Middle Banner - Standard","Connected TV","Android TV","",1144790,"Apple",7.56,"MDI1"
"07450606-5026-49f2-a61b-f047e997e39b","impression","espn.com","Hover","Middle Banner - Standard","Connected TV","","",1144761,"Old Navy",7.52,"MDI1"
"2667b8e7-942a-451b-8113-6c79fcf732a9","impression","theverge.com","Runway","Middle Banner - Standard","Phone","Samsung TV","",1144790,"Apple",7.42,"MDI1"
"6ffdc6fc-336f-4ba6-b419-8f3fffc0dfdc","click","tmz.com","Breakaway","CTV Venti Package","Tablet","","",1144910,"Netflix",7.43,"MDI1"
"70bc043c-1cb2-4969-bbe9-b0f221fb5e45","video_complete","people.com","ABA Display","CTV Venti Package","Phone","","Peacock",1144800,"Home Depot",7.6,"MDI1"
"2655ea73-11c5-426c-ad29-561670a037cf","video_start","people.com","ABA Display","Middle Banner - Standard","Phone","","Pluto TV",1144850,"Sephora",7.44,"MDI1"
"c7200aea-9eb9-46b2-a2c6-866e5206708a","video_thirdquartile","usatoday.com","Venti","Breakaway Display","Tablet","","",1144673,"Walmart Grocery",7.46,"MDI1"
"db9d412a-90c0-43bb-b160-318271990ef9","video_load","buzzfeed.com","Hover","Middle Banner - Standard","Connected TV","Android TV","",1144761,"Old Navy",7.55,"MDI1"
"8dd04bdc-8ac4-4b3c-a960-55d334085741","impression","weather.com","Runway","Mobile Hover","Tablet","","",1144910,"Netflix",7.44,"MDI1"
"04f6782e-276a-4cb2-9410-88f3a1ca1bea","video_complete","nytimes.com","Hover","Mobile Hover","Connected TV","","",1144750,"Target",7.42,"MDI1"
"d870b83f-948e-4011-a1d3-9f483c9fd99a","impression","nytimes.com","HighRise","Middle Banner - Standard","Connected TV","","",1144750,"Target",7.46,"MDI1"
"d870b83f-948e-4011-a1d3-9f483c9fd99a","impression","nytimes.com","HighRise","Middle Banner - Standard","Connected TV","","",1144750,"Target",7.46,"MDI1"
"859609d5-b3c6-4245-9670-b2fef6cc7274","video_complete","forbes.com","ABA Display","Anchor w Video Package","Phone","","",1144800,"Home Depot",7.4,"MDI1"
"b15a30b1-990a-49cc-8b49-8b819141bd0f","click","cnn.com","Runway","Breakaway Display","Connected TV","","",1144761,"Old Navy",7.4,"MDI1"
"b15a30b1-990a-49cc-8b49-8b819141bd0f","click","cnn.com","Runway","Breakaway Display","Connected TV","","",1144761,"Old Navy",7.4,"MDI1"
"b15a30b1-990a-49cc-8b49-8b819141bd0f","click","cnn.com","Runway","Breakaway Display","Connected TV","","",1144761,"Old Navy",7.4,"MDI1"
"c6ceb43d-5158-4597-be23-cb5f0eb627c9","click","tmz.com","HighRise","Mobile Hover","Tablet","","",1144721,"Starbucks",7.42,"MDI1"
"c6ceb43d-5158-4597-be23-cb5f0eb627c9","click","tmz.com","HighRise","Mobile Hover","Tablet","","",1144721,"Starbucks",7.42,"MDI1"
"684086aa-bad8-48e4-b6e5-143e4e894dc0","video_firstquartile","theverge.com","Hover","CTV Venti Package","Tablet","","",1144673,"Walmart Grocery",7.44,"MDI1"
"684086aa-bad8-48e4-b6e5-143e4e894dc0","video_firstquartile","theverge.com","Hover","CTV Venti Package","Tablet","","",1144673,"Walmart Grocery",7.44,"MDI1"
"684086aa-bad8-48e4-b6e5-143e4e894dc0","video_firstquartile","theverge.com","Hover","CTV Venti Package","Tablet","","",1144673,"Walmart Grocery",7.44,"MDI1"
"684086aa-bad8-48e4-b6e5-143e4e894dc0","video_firstquartile","theverge.com","Hover","CTV Venti Package","Tablet","","",1144673,"Walmart Grocery",7.44,"MDI1"
"684086aa-bad8-48e4-b6e5-143e4e894dc0","video_firstquartile","theverge.com","Hover","CTV Venti Package","Tablet","","",1144673,"Walmart Grocery",7.44,"MDI1"
"684086aa-bad8-48e4-b6e5-143e4e894dc0","video_firstquartile","theverge.com","Hover","CTV Venti Package","Tablet","","",1144673,"Walmart Grocery",7.44,"MDI1"
"47df07fa-923c-41e9-9123-5722235b7909","video_start","variety.com","Runway","Breakaway Display","Connected TV","","",1144760,"Nike",7.46,"MDI1"
"4dbf6a72-2406-48b2-99c3-eccbb0b633c5","video_complete","espn.com","Breakaway","Runway Premium","Computer","","Tubi",1144800,"Home Depot",7.4,"MDI1"
"a28d04ca-c478-4628-80c4-09db5d6fe588","video_complete","techcrunch.com","ABA Display","Middle Banner - Standard","Phone","Fire TV","",1144780,"CVS",7.55,"MDI1"
"a28d04ca-c478-4628-80c4-09db5d6fe588","video_complete","techcrunch.com","ABA Display","Middle Banner - Standard","Phone","Fire TV","",1144780,"CVS",7.55,"MDI1"
"a54d247d-79ca-48d5-8852-6d87e8b75648","video_thirdquartile","buzzfeed.com","Breakaway","Mobile Hover","Computer","","",1144673,"Walmart Grocery",7.4,"MDI1"
"146a130d-b2e6-4e64-99bd-cb8e68e20dab","video_complete","theverge.com","Runway","CTV Venti Package","Connected TV","LG Smart TV","",1144910,"Netflix",7.45,"MDI1"
"146a130d-b2e6-4e64-99bd-cb8e68e20dab","video_complete","theverge.com","Runway","CTV Venti Package","Connected TV","LG Smart TV","",1144910,"Netflix",7.45,"MDI1"
"2dec5322-7d93-4b78-adfe-5982a6cc3742","video_firstquartile","buzzfeed.com","HighRise","Middle Banner - Standard","Tablet","Fire TV","",1144673,"Walmart Grocery",7.41,"MDI1"
"2dec5322-7d93-4b78-adfe-5982a6cc3742","video_firstquartile","buzzfeed.com","HighRise","Middle Banner - Standard","Tablet","Fire TV","",1144673,"Walmart Grocery",7.41,"MDI1"
"b24a7e73-af33-444a-85fb-1ef27ad9dba5","video_thirdquartile","tmz.com","Runway","CTV Venti Package","Connected TV","Roku","",1144780,"CVS",7.47,"MDI1"
"3c0e8dd0-63a6-4bde-b437-e776f0f265ec","video_complete","espn.com","ABA Display","Mobile Hover","Computer","","",1144721,"Starbucks",7.52,"MDI1"
"3c0e8dd0-63a6-4bde-b437-e776f0f265ec","video_complete","espn.com","ABA Display","Mobile Hover","Computer","","",1144721,"Starbucks",7.52,"MDI1"
"28c77f80-dcc4-44a1-b8af-1d067da864a7","click","espn.com","Hover","Anchor w Video Package","Phone","Roku","",1144850,"Sephora",7.66,"MDI1"
"d08d27e6-55fd-49b0-8397-710bb80441d1","video_firstquartile","usatoday.com","Hover","Breakaway Display","Connected TV","","",1144722,"Chick-fil-A",7.46,"MDI1"
"d08d27e6-55fd-49b0-8397-710bb80441d1","video_firstquartile","usatoday.com","Hover","Breakaway Display","Connected TV","","",1144722,"Chick-fil-A",7.46,"MDI1"
"f1909f32-cba8-46a3-b706-68187e82d99c","video_thirdquartile","people.com","Hover","Middle Banner - Standard","Connected TV","","Paramount+",1144800,"Home Depot",7.49,"MDI1"
"b022882e-b19f-4277-85fe-579c56c2fa6b","video_complete","forbes.com","ABA Display","CTV Venti Package","Phone","","Tubi",1144790,"Apple",7.48,"MDI1"
"9a4f3b2a-5ff2-49e5-9bc8-9c9cef81ec7c","video_load","nytimes.com","HighRise","Middle Banner - Standard","Connected TV","Samsung TV","",1144761,"Old Navy",7.48,"MDI1"
"7e21397d-5723-4e3f-8f89-1e2a9680c520","video_firstquartile","nytimes.com","ABA Display","Runway Premium","Computer","","",1144673,"Walmart Grocery",7.44,"MDI1"
"cf5c7229-fc22-47d6-9efe-7915790a6fb4","video_midpoint","nytimes.com","Hover","Anchor w Video Package","Computer","","",1144673,"Walmart Grocery",7.44,"MDI1"
"cf5c7229-fc22-47d6-9efe-7915790a6fb4","video_midpoint","nytimes.com","Hover","Anchor w Video Package","Computer","","",1144673,"Walmart Grocery",7.44,"MDI1"
"2de70e8c-e6e3-4421-873c-91994136d6ee","click","people.com","Breakaway","Mobile Hover","Connected TV","","",1144850,"Sephora",7.4,"MDI1"
"2de70e8c-e6e3-4421-873c-91994136d6ee","click","people.com","Breakaway","Mobile Hover","Connected TV","","",1144850,"Sephora",7.4,"MDI1"
"8a66ccb5-5355-463d-899c-711e7e41ac2b","click","nytimes.com","Breakaway","Anchor w Video Package","Tablet","Samsung TV","",1144722,"Chick-fil-A",7.55,"MDI1"
"75243fc3-b972-4c0d-bf5e-49dae9bb1b53","video_complete","weather.com","Breakaway","CTV Venti Package","Connected TV","Samsung TV","",1144720,"McDonalds",7.42,"MDI1"
"08295531-ee28-417b-bd27-02d34b370fec","click","forbes.com","Hover","Breakaway Display","Connected TV","","",1144722,"Chick-fil-A",7.53,"MDI1"
"4a2adc6e-5ba5-4976-81df-c3af58a94b8d","impression","techcrunch.com","HighRise","Runway Premium","Phone","","",1144761,"Old Navy",7.47,"MDI1"
"8b4b3a96-45ed-4b83-8994-4e32767c391f","video_firstquartile","weather.com","Venti","Anchor w Video Package","Connected TV","","",1144750,"Target",7.42,"MDI1"
"7ec88fbd-ee11-4e37-a8c4-ff22d5deb1c3","impression","weather.com","HighRise","Middle Banner - Standard","Connected TV","","",1144750,"Target",7.47,"MDI1"
"7ec88fbd-ee11-4e37-a8c4-ff22d5deb1c3","impression","weather.com","HighRise","Middle Banner - Standard","Connected TV","","",1144750,"Target",7.47,"MDI1"
"750efc93-8892-4ae6-8dd2-c783a3773555","impression","weather.com","ABA Display","Runway Premium","Computer","","",1144722,"Chick-fil-A",7.41,"MDI1"
"750efc93-8892-4ae6-8dd2-c783a3773555","impression","weather.com","ABA Display","Runway Premium","Computer","","",1144722,"Chick-fil-A",7.41,"MDI1"
"891807da-d3d0-44db-8ea7-ef1ea77b868e","video_thirdquartile","tmz.com","Venti","Mobile Hover","Tablet","Roku","",1144790,"Apple",7.41,"MDI1"
"891807da-d3d0-44db-8ea7-ef1ea77b868e","video_thirdquartile","tmz.com","Venti","Mobile Hover","Tablet","Roku","",1144790,"Apple",7.41,"MDI1"
"2c9adca5-ae88-4964-8c28-969b1731eb23","video_complete","nytimes.com","Runway","Runway Premium","Phone","","Pluto TV",1144673,"Walmart Grocery",7.56,"MDI1"
"8530f08a-4253-4b8c-b04c-62f07e95a5ab","video_thirdquartile","weather.com","Breakaway","CTV Venti Package","Tablet","","",1144720,"McDonalds",7.47,"MDI1"
"a6cdcf40-2220-490e-968e-edd214f9344d","impression","nytimes.com","Runway","Middle Banner - Standard","Connected TV","","",1144850,"Sephora",7.4,"MDI1"
"419f9f56-41ce-4d2b-ba02-dbc66f74600a","impression","usatoday.com","Venti","Anchor w Video Package","Phone","","Peacock",1144673,"Walmart Grocery",7.5,"MDI1"
"328617b6-ddfd-4505-9fde-e1187d3115e2","video_complete","buzzfeed.com","Breakaway","Anchor w Video Package","Phone","","",1144850,"Sephora",7.58,"MDI1"
"328617b6-ddfd-4505-9fde-e1187d3115e2","video_complete","buzzfeed.com","Breakaway","Anchor w Video Package","Phone","","",1144850,"Sephora",7.58,"MDI1"
"a0d0b56e-a19f-4afc-98c8-74df254b6023","impression","variety.com","ABA Display","Middle Banner - Standard","Tablet","LG Smart TV","",1144720,"McDonalds",7.49,"MDI1"
"a0d0b56e-a19f-4afc-98c8-74df254b6023","impression","variety.com","ABA Display","Middle Banner - Standard","Tablet","LG Smart TV","",1144720,"McDonalds",7.49,"MDI1"
"8756063a-0840-4a23-8778-87c0a40c1cd6","video_thirdquartile","forbes.com","HighRise","Breakaway Display","Phone","","",1144780,"CVS",7.51,"MDI1"
"42759a63-a268-4485-a991-7e81065a318c","video_firstquartile","cnn.com","Breakaway","Runway Premium","Connected TV","Roku","Fubo TV",1144750,"Target",7.52,"MDI1"
"42759a63-a268-4485-a991-7e81065a318c","video_firstquartile","cnn.com","Breakaway","Runway Premium","Connected TV","Roku","Fubo TV",1144750,"Target",7.52,"MDI1"
"7737055d-61a1-4725-8d73-5137e00fdb16","video_load","usatoday.com","Venti","Runway Premium","Connected TV","","",1144780,"CVS",7.49,"MDI1"
"7737055d-61a1-4725-8d73-5137e00fdb16","video_load","usatoday.com","Venti","Runway Premium","Connected TV","","",1144780,"CVS",7.49,"MDI1"
"c797396d-5075-48d0-a5ee-48f400372f4b","click","espn.com","Hover","CTV Venti Package","Tablet","Apple TV","",1144722,"Chick-fil-A",7.46,"MDI1"
"c797396d-5075-48d0-a5ee-48f400372f4b","click","espn.com","Hover","CTV Venti Package","Tablet","Apple TV","",1144722,"Chick-fil-A",7.46,"MDI1"
"c2bafd09-061c-4f6a-8142-cfc0e6f9882b","video_midpoint","forbes.com","Runway","Mobile Hover","Connected TV","","",1144750,"Target",7.45,"MDI1"
"e58612dd-fbad-4223-b4ee-4a041ab4dfe0","click","weather.com","HighRise","Runway Premium","Connected TV","","Tubi",1144721,"Starbucks",7.43,"MDI1"
"14e69394-9865-4475-9b7c-61268069ab3e","impression","variety.com","Breakaway","Middle Banner - Standard","Connected TV","Apple TV","",1144910,"Netflix",7.47,"MDI1"
"a9f0f17d-2e9f-4af7-a859-f5b2d176b745","impression","buzzfeed.com","Runway","CTV Venti Package","Computer","","",1144760,"Nike",7.44,"MDI1"
"5bfde98c-3928-4562-b6d2-2a289efeaf46","video_thirdquartile","theverge.com","Venti","CTV Venti Package","Phone","Android TV","Tubi",1144850,"Sephora",7.5,"MDI1"
"fdfa2d5f-92ec-4d07-bab5-7439120f1f86","video_midpoint","forbes.com","Hover","Anchor w Video Package","Connected TV","Apple TV","",1144850,"Sephora",7.51,"MDI1"
"848fb4b5-b910-4905-845a-fea42b6a2e9b","video_complete","cnn.com","Hover","Runway Premium","Phone","","",1144850,"Sephora",7.45,"MDI1"
"848fb4b5-b910-4905-845a-fea42b6a2e9b","video_complete","cnn.com","Hover","Runway Premium","Phone","","",1144850,"Sephora",7.45,"MDI1"
"848fb4b5-b910-4905-845a-fea42b6a2e9b","video_complete","cnn.com","Hover","Runway Premium","Phone","","",1144850,"Sephora",7.45,"MDI1"
"3562bc27-ec55-4b55-a04f-f0b6b0f77734","video_firstquartile","tmz.com","Breakaway","CTV Venti Package","Connected TV","","Paramount+",1144800,"Home Depot",7.45,"MDI1"
"071fb92b-7c56-465a-a53b-3a6580bc7ca4","click","tmz.com","Breakaway","Anchor w Video Package","Connected TV","","",1144790,"Apple",7.44,"MDI1"
"82380acb-cebd-493d-bc24-8abf6ae17bd2","impression","weather.com","HighRise","Anchor w Video Package","Phone","","",1144721,"Starbucks",7.42,"MDI1"
"82380acb-cebd-493d-bc24-8abf6ae17bd2","impression","weather.com","HighRise","Anchor w Video Package","Phone","","",1144721,"Starbucks",7.42,"MDI1"
"322f01a4-2ff2-4c7a-b5e6-bbdc47604608","click","usatoday.com","ABA Display","CTV Venti Package","Connected TV","","Peacock",1144800,"Home Depot",7.5,"MDI1"
"f3e5bdef-4939-4205-9f27-e2369d07f2f5","video_midpoint","variety.com","Hover","Breakaway Display","Computer","","",1144780,"CVS",7.41,"MDI1"
"f3e5bdef-4939-4205-9f27-e2369d07f2f5","video_midpoint","variety.com","Hover","Breakaway Display","Computer","","",1144780,"CVS",7.41,"MDI1"
"c006a8bc-9c10-446a-af4c-532b7a60ebfb","video_firstquartile","cnn.com","Breakaway","Runway Premium","Phone","Fire TV","",1144722,"Chick-fil-A",7.43,"MDI1"
"46097c8f-7df2-488c-b201-a41d3bafc014","video_thirdquartile","variety.com","Runway","Middle Banner - Standard","Tablet","","",1144750,"Target",7.43,"MDI1"
"448ddc95-4c11-4607-a64c-e537e44e3580","click","forbes.com","Breakaway","Anchor w Video Package","Phone","","",1144850,"Sephora",7.46,"MDI1"
"781f357c-1c26-44a6-8809-0412ce7d7e30","video_load","theverge.com","ABA Display","CTV Venti Package","Phone","","",1144800,"Home Depot",7.39,"MDI1"
"781f357c-1c26-44a6-8809-0412ce7d7e30","video_load","theverge.com","ABA Display","CTV Venti Package","Phone","","",1144800,"Home Depot",7.39,"MDI1"
"781f357c-1c26-44a6-8809-0412ce7d7e30","video_load","theverge.com","ABA Display","CTV Venti Package","Phone","","",1144800,"Home Depot",7.39,"MDI1"
"a5fbb6f1-56ee-46af-b2b7-dc9715f76613","impression","espn.com","HighRise","Runway Premium","Tablet","","",1144750,"Target",7.49,"MDI1"
"2a32950a-86dc-49ba-a17b-b252388445b2","impression","usatoday.com","Breakaway","CTV Venti Package","Connected TV","Fire TV","",1144720,"McDonalds",7.49,"MDI1"
"4fe1f28b-b40c-4d77-ae3e-2edb68368e98","video_complete","usatoday.com","HighRise","Mobile Hover","Phone","Roku","Pluto TV",1144720,"McDonalds",7.64,"MDI1"
"4fe1f28b-b40c-4d77-ae3e-2edb68368e98","video_complete","usatoday.com","HighRise","Mobile Hover","Phone","Roku","Pluto TV",1144720,"McDonalds",7.64,"MDI1"
"4fe1f28b-b40c-4d77-ae3e-2edb68368e98","video_complete","usatoday.com","HighRise","Mobile Hover","Phone","Roku","Pluto TV",1144720,"McDonalds",7.64,"MDI1"
"294136b1-7962-423a-a440-b94145578718","video_load","espn.com","Breakaway","Breakaway Display","Phone","Fire TV","",1144721,"Starbucks",7.52,"MDI1"
"294136b1-7962-423a-a440-b94145578718","video_load","espn.com","Breakaway","Breakaway Display","Phone","Fire TV","",1144721,"Starbucks",7.52,"MDI1"
"294136b1-7962-423a-a440-b94145578718","video_load","espn.com","Breakaway","Breakaway Display","Phone","Fire TV","",1144721,"Starbucks",7.52,"MDI1"
"a3597fea-28af-4959-9429-784d65081a86","impression","variety.com","ABA Display","Middle Banner - Standard","Tablet","Android TV","Peacock",1144850,"Sephora",7.51,"MDI1"
"f4c2a724-0106-4122-910e-bf8baa051e08","impression","espn.com","ABA Display","Breakaway Display","Phone","LG Smart TV","",1144760,"Nike",7.48,"MDI1"
"46478f7a-b9f1-402d-a7d8-5b3c27527d51","impression","forbes.com","HighRise","Mobile Hover","Computer","","Paramount+",1144800,"Home Depot",7.4,"MDI1"
"46478f7a-b9f1-402d-a7d8-5b3c27527d51","impression","forbes.com","HighRise","Mobile Hover","Computer","","Paramount+",1144800,"Home Depot",7.4,"MDI1"
"6a366c55-1f5d-467c-b783-339a31ef4602","video_firstquartile","variety.com","Runway","Middle Banner - Standard","Connected TV","Apple TV","",1144850,"Sephora",7.41,"MDI1"
"6a366c55-1f5d-467c-b783-339a31ef4602","video_firstquartile","variety.com","Runway","Middle Banner - Standard","Connected TV","Apple TV","",1144850,"Sephora",7.41,"MDI1"
"6a366c55-1f5d-467c-b783-339a31ef4602","video_firstquartile","variety.com","Runway","Middle Banner - Standard","Connected TV","Apple TV","",1144850,"Sephora",7.41,"MDI1"
"d6cb9de6-42a3-4f81-b55f-9a09e5c82e31","impression","weather.com","ABA Display","Breakaway Display","Connected TV","Roku","",1144780,"CVS",7.52,"MDI1"
"d6cb9de6-42a3-4f81-b55f-9a09e5c82e31","impression","weather.com","ABA Display","Breakaway Display","Connected TV","Roku","",1144780,"CVS",7.52,"MDI1"
"015635e0-3297-4e03-b642-d5bd5f14c23f","video_firstquartile","espn.com","ABA Display","Mobile Hover","Tablet","","",1144800,"Home Depot",7.43,"MDI1"
"8be48c15-b233-4201-b509-a339667f175c","impression","tmz.com","Runway","Middle Banner - Standard","Connected TV","Fire TV","Paramount+",1144721,"Starbucks",7.55,"MDI1"
"fe25cdd1-d735-4406-963a-bee5f85bcd28","impression","people.com","HighRise","Breakaway Display","Tablet","","Fubo TV",1144722,"Chick-fil-A",7.45,"MDI1"
"f73f2797-a8c8-46ed-af9b-220ecd83025a","video_firstquartile","buzzfeed.com","Venti","Anchor w Video Package","Connected TV","","",1144673,"Walmart Grocery",7.46,"MDI1"
"6498b80c-6293-4951-ab4a-fa26e3284b04","video_midpoint","espn.com","Breakaway","Anchor w Video Package","Phone","","",1144673,"Walmart Grocery",7.48,"MDI1"
"c9823373-0958-4f55-9564-e241068cbe81","impression","techcrunch.com","HighRise","Anchor w Video Package","Connected TV","","",1144722,"Chick-fil-A",7.39,"MDI1"
"c9823373-0958-4f55-9564-e241068cbe81","impression","techcrunch.com","HighRise","Anchor w Video Package","Connected TV","","",1144722,"Chick-fil-A",7.39,"MDI1"
"d45b8073-b089-43db-b85d-147e86335236","video_firstquartile","people.com","HighRise","Middle Banner - Standard","Tablet","","Fubo TV",1144790,"Apple",7.4,"MDI1"
"d45b8073-b089-43db-b85d-147e86335236","video_firstquartile","people.com","HighRise","Middle Banner - Standard","Tablet","","Fubo TV",1144790,"Apple",7.4,"MDI1"
"d45b8073-b089-43db-b85d-147e86335236","video_firstquartile","people.com","HighRise","Middle Banner - Standard","Tablet","","Fubo TV",1144790,"Apple",7.4,"MDI1"
"d3f4e96f-d3fa-4fe0-b9f5-b76e7fb3c6b7","click","espn.com","Runway","Breakaway Display","Tablet","","",1144780,"CVS",7.45,"MDI1"
"40b840fb-a712-43b9-bf10-b23db116e7c8","video_thirdquartile","techcrunch.com","Venti","Runway Premium","Phone","","",1144721,"Starbucks",7.42,"MDI1"
"aa0726da-87cc-40dd-99dd-580f7254e780","video_complete","theverge.com","Hover","Anchor w Video Package","Phone","","",1144720,"McDonalds",7.49,"MDI1"
"50702f63-1fc1-4e3c-ab64-720d10d6c4a5","click","techcrunch.com","Breakaway","Runway Premium","Computer","","Peacock",1144790,"Apple",7.46,"MDI1"
"50702f63-1fc1-4e3c-ab64-720d10d6c4a5","click","techcrunch.com","Breakaway","Runway Premium","Computer","","Peacock",1144790,"Apple",7.46,"MDI1"
"50702f63-1fc1-4e3c-ab64-720d10d6c4a5","click","techcrunch.com","Breakaway","Runway Premium","Computer","","Peacock",1144790,"Apple",7.46,"MDI1"
"35253589-fad4-4733-9554-5726975cc018","click","people.com","ABA Display","Mobile Hover","Connected TV","","Fubo TV",1144800,"Home Depot",7.42,"MDI1"
"35253589-fad4-4733-9554-5726975cc018","click","people.com","ABA Display","Mobile Hover","Connected TV","","Fubo TV",1144800,"Home Depot",7.42,"MDI1"
"10bc42ad-7537-4986-938d-0f9487fd1713","click","theverge.com","Breakaway","CTV Venti Package","Computer","","",1144780,"CVS",7.4,"MDI1"
"db4d5621-bc36-48e0-8739-696672a0fe63","click","theverge.com","Breakaway","Runway Premium","Connected TV","Roku","Peacock",1144910,"Netflix",7.47,"MDI1"
"f0267e2e-5d0e-4c36-802f-3dfe2247476e","video_load","theverge.com","HighRise","Mobile Hover","Computer","","",1144800,"Home Depot",7.41,"MDI1"
"766f4fd2-d170-4139-bb75-ad6884b7f9ec","video_midpoint","buzzfeed.com","ABA Display","Breakaway Display","Connected TV","","",1144761,"Old Navy",7.46,"MDI1"
"1b29caee-8c93-45d6-891a-1f65c7c63734","impression","cnn.com","HighRise","Breakaway Display","Phone","Roku","",1144673,"Walmart Grocery",7.46,"MDI1"
"1b29caee-8c93-45d6-891a-1f65c7c63734","impression","cnn.com","HighRise","Breakaway Display","Phone","Roku","",1144673,"Walmart Grocery",7.46,"MDI1"
"eefc9629-fce3-40ce-a82b-eaa855073f2a","video_complete","cnn.com","HighRise","Anchor w Video Package","Phone","","",1144722,"Chick-fil-A",7.52,"MDI1"
"df810207-ce09-4516-9bdd-ba01c2de8de0","click","variety.com","Runway","Runway Premium","Connected TV","","",1144750,"Target",7.49,"MDI1"
"df810207-ce09-4516-9bdd-ba01c2de8de0","click","variety.com","Runway","Runway Premium","Connected TV","","",1144750,"Target",7.49,"MDI1"
"d1b12633-7095-407d-b2c1-3cc7c4ef4e43","video_midpoint","theverge.com","ABA Display","Breakaway Display","Computer","","",1144790,"Apple",7.44,"MDI1"
"20fef131-b6a6-4b48-91e7-1ceafce854bd","video_complete","variety.com","Breakaway","CTV Venti Package","Computer","","",1144722,"Chick-fil-A",7.47,"MDI1"
"2ddaa615-34ed-4c47-b746-4228e2f6ac8c","video_midpoint","cnn.com","Breakaway","Breakaway Display","Tablet","","",1144673,"Walmart Grocery",7.4,"MDI1"
"869878ca-bcb9-4510-b4ff-870820188930","video_midpoint","espn.com","ABA Display","Middle Banner - Standard","Computer","","Tubi",1144722,"Chick-fil-A",7.45,"MDI1"
"1729f1ce-2797-4411-adfe-e656f9e74ea9","video_thirdquartile","people.com","Breakaway","Runway Premium","Phone","","Tubi",1144790,"Apple",7.49,"MDI1"
"87237111-74f3-4c13-b3c1-e6172e413279","video_load","buzzfeed.com","Venti","Breakaway Display","Phone","","Paramount+",1144790,"Apple",7.43,"MDI1"
"87237111-74f3-4c13-b3c1-e6172e413279","video_load","buzzfeed.com","Venti","Breakaway Display","Phone","","Paramount+",1144790,"Apple",7.43,"MDI1"
"2ab5f0c8-2fd6-4507-9119-8efef3aa3fa9","video_complete","weather.com","Runway","CTV Venti Package","Tablet","","",1144722,"Chick-fil-A",7.53,"MDI1"
"96c10415-8506-4a9f-900c-fb34b19af508","impression","espn.com","Runway","Mobile Hover","Computer","","",1144850,"Sephora",7.42,"MDI1"
"a9dd0f41-fd24-495d-99d7-446d1fb84694","impression","forbes.com","ABA Display","Runway Premium","Connected TV","","",1144780,"CVS",7.41,"MDI1"
"a9dd0f41-fd24-495d-99d7-446d1fb84694","impression","forbes.com","ABA Display","Runway Premium","Connected TV","","",1144780,"CVS",7.41,"MDI1"
"a9dd0f41-fd24-495d-99d7-446d1fb84694","impression","forbes.com","ABA Display","Runway Premium","Connected TV","","",1144780,"CVS",7.41,"MDI1"
"4f350acb-2282-4ffb-9134-974ed1265220","video_complete","forbes.com","ABA Display","Anchor w Video Package","Computer","","",1144760,"Nike",7.48,"MDI1"
"5d32d6c4-dc07-48b2-8ee2-265bfd9520f0","impression","weather.com","HighRise","CTV Venti Package","Tablet","","",1144800,"Home Depot",7.42,"MDI1"
"5e8ae4cb-067c-417e-aa65-21b334132a49","click","techcrunch.com","Breakaway","Mobile Hover","Phone","Roku","",1144760,"Nike",7.66,"MDI1"
"5c8ed322-c3cf-4a22-83db-6c90cd80495b","video_midpoint","forbes.com","Breakaway","Anchor w Video Package","Computer","","",1144800,"Home Depot",7.47,"MDI1"
"a1c41385-ba81-4f04-b54d-e16991f7041c","impression","usatoday.com","Breakaway","Mobile Hover","Connected TV","","Tubi",1144910,"Netflix",7.48,"MDI1"
"3aecf177-25b2-4c70-b71d-1d92febf74e3","video_firstquartile","weather.com","HighRise","Anchor w Video Package","Tablet","","",1144761,"Old Navy",7.48,"MDI1"
"edf82e7a-90be-4e18-a131-8174e1106a11","video_start","tmz.com","ABA Display","Mobile Hover","Tablet","","Fubo TV",1144722,"Chick-fil-A",7.43,"MDI1"
"edf82e7a-90be-4e18-a131-8174e1106a11","video_start","tmz.com","ABA Display","Mobile Hover","Tablet","","Fubo TV",1144722,"Chick-fil-A",7.43,"MDI1"
"ed2b3c7e-1442-49c8-9ceb-509b0b549266","video_midpoint","nytimes.com","Venti","Breakaway Display","Tablet","Samsung TV","",1144722,"Chick-fil-A",7.45,"MDI1"
"ed2b3c7e-1442-49c8-9ceb-509b0b549266","video_midpoint","nytimes.com","Venti","Breakaway Display","Tablet","Samsung TV","",1144722,"Chick-fil-A",7.45,"MDI1"
"54338e00-c7a6-4748-9b22-fbd69ce67d38","video_start","forbes.com","HighRise","Anchor w Video Package","Tablet","LG Smart TV","",1144910,"Netflix",7.49,"MDI1"
"54338e00-c7a6-4748-9b22-fbd69ce67d38","video_start","forbes.com","HighRise","Anchor w Video Package","Tablet","LG Smart TV","",1144910,"Netflix",7.49,"MDI1"
"54338e00-c7a6-4748-9b22-fbd69ce67d38","video_start","forbes.com","HighRise","Anchor w Video Package","Tablet","LG Smart TV","",1144910,"Netflix",7.49,"MDI1"
"7bbf9823-fa7b-4467-b462-b22e8557e881","video_firstquartile","weather.com","Venti","Middle Banner - Standard","Phone","","",1144760,"Nike",7.4,"MDI1"
"eb6e6424-764c-44e0-913e-2c25e23000bf","video_thirdquartile","usatoday.com","Breakaway","Middle Banner - Standard","Tablet","Roku","",1144850,"Sephora",7.39,"MDI1"
"8e575626-6639-48aa-b928-50fcd828a4c9","video_midpoint","people.com","Hover","Middle Banner - Standard","Tablet","","",1144790,"Apple",7.47,"MDI1"
"dde76e45-d1bd-4a6d-b055-235ea08c6ca7","click","techcrunch.com","HighRise","Anchor w Video Package","Computer","","",1144800,"Home Depot",7.46,"MDI1"
"549c7683-fd10-4923-8e17-cf97471bfa84","video_complete","nytimes.com","Venti","Mobile Hover","Connected TV","Samsung TV","",1144673,"Walmart Grocery",7.5,"MDI1"
"c0cefd99-74fa-41e7-bf5f-d3e48e6af0d5","video_start","theverge.com","Venti","Anchor w Video Package","Tablet","","",1144673,"Walmart Grocery",7.39,"MDI1"
"9530193e-3b2e-4d0e-9bd1-1abca1c38c8d","impression","espn.com","ABA Display","Anchor w Video Package","Connected TV","","",1144910,"Netflix",7.5,"MDI1"
"282a1edc-27e1-4e09-bc28-4b35380e51b2","impression","nytimes.com","HighRise","CTV Venti Package","Connected TV","","",1144750,"Target",7.48,"MDI1"
"282a1edc-27e1-4e09-bc28-4b35380e51b2","impression","nytimes.com","HighRise","CTV Venti Package","Connected TV","","",1144750,"Target",7.48,"MDI1"
"282a1edc-27e1-4e09-bc28-4b35380e51b2","impression","nytimes.com","HighRise","CTV Venti Package","Connected TV","","",1144750,"Target",7.48,"MDI1"
"0c021b38-e394-4e2a-8a87-6895260edbf8","video_midpoint","buzzfeed.com","Venti","CTV Venti Package","Tablet","LG Smart TV","Peacock",1144910,"Netflix",7.41,"MDI1"
"874f48f4-e37d-4be5-9914-e2b628aaedad","video_load","techcrunch.com","HighRise","CTV Venti Package","Connected TV","","",1144722,"Chick-fil-A",7.48,"MDI1"
"2701dc7d-f674-44b0-b2b0-83bbcb7bd539","video_midpoint","espn.com","Breakaway","Runway Premium","Tablet","","",1144800,"Home Depot",7.49,"MDI1"
"2701dc7d-f674-44b0-b2b0-83bbcb7bd539","video_midpoint","espn.com","Breakaway","Runway Premium","Tablet","","",1144800,"Home Depot",7.49,"MDI1"
"77904fcf-19c0-49e7-a75b-492e6c685eae","video_start","forbes.com","Runway","CTV Venti Package","Tablet","","",1144720,"McDonalds",7.43,"MDI1"
"2fa69a5a-6fea-4105-aa15-ac15835dbaaa","click","nytimes.com","Venti","Anchor w Video Package","Phone","","",1144780,"CVS",7.46,"MDI1"
"2fa69a5a-6fea-4105-aa15-ac15835dbaaa","click","nytimes.com","Venti","Anchor w Video Package","Phone","","",1144780,"CVS",7.46,"MDI1"
"8cacd3a5-68fa-429d-b9eb-dc76be42685d","impression","people.com","Breakaway","Runway Premium","Connected TV","","",1144673,"Walmart Grocery",7.41,"MDI1"
"2e7e3293-eea8-43fa-a8e6-985760fa5df1","impression","weather.com","ABA Display","Runway Premium","Phone","Apple TV","",1144722,"Chick-fil-A",7.44,"MDI1"
"79302c90-cf0e-445c-91df-eb26fa368683","video_complete","variety.com","Runway","Runway Premium","Computer","","Peacock",1144722,"Chick-fil-A",7.41,"MDI1"
"966b9483-f599-4645-9b0d-2beecc08c8bd","impression","usatoday.com","HighRise","Mobile Hover","Connected TV","","",1144761,"Old Navy",7.47,"MDI1"
"966b9483-f599-4645-9b0d-2beecc08c8bd","impression","usatoday.com","HighRise","Mobile Hover","Connected TV","","",1144761,"Old Navy",7.47,"MDI1"
"966b9483-f599-4645-9b0d-2beecc08c8bd","impression","usatoday.com","HighRise","Mobile Hover","Connected TV","","",1144761,"Old Navy",7.47,"MDI1"
"487927d8-8630-46b1-82ad-e5fdd08ff594","video_load","espn.com","Runway","Anchor w Video Package","Computer","","",1144722,"Chick-fil-A",7.43,"MDI1"
"85143f3f-0aa7-4048-874e-911e16b5daf4","video_firstquartile","cnn.com","ABA Display","Runway Premium","Tablet","","Tubi",1144720,"McDonalds",7.42,"MDI1"
"24a378f0-686f-4989-90cb-bf70c6a0f307","video_complete","espn.com","Venti","Anchor w Video Package","Connected TV","","",1144790,"Apple",7.42,"MDI1"
"24a378f0-686f-4989-90cb-bf70c6a0f307","video_complete","espn.com","Venti","Anchor w Video Package","Connected TV","","",1144790,"Apple",7.42,"MDI1"
"0ef1c708-cccf-41b9-bdbf-e0e9bd769421","impression","forbes.com","Runway","Runway Premium","Connected TV","","",1144673,"Walmart Grocery",7.49,"MDI1"
"0ef1c708-cccf-41b9-bdbf-e0e9bd769421","impression","forbes.com","Runway","Runway Premium","Connected TV","","",1144673,"Walmart Grocery",7.49,"MDI1"
"8e90e9df-0e20-4288-9bd9-386426ff7325","video_thirdquartile","techcrunch.com","Breakaway","Anchor w Video Package","Tablet","","",1144750,"Target",7.41,"MDI1"
"8e90e9df-0e20-4288-9bd9-386426ff7325","video_thirdquartile","techcrunch.com","Breakaway","Anchor w Video Package","Tablet","","",1144750,"Target",7.41,"MDI1"
"32db12c2-d7eb-4db6-9183-71bbfc3cdc7d","video_thirdquartile","weather.com","Breakaway","CTV Venti Package","Phone","","",1144780,"CVS",7.42,"MDI1"
"32db12c2-d7eb-4db6-9183-71bbfc3cdc7d","video_thirdquartile","weather.com","Breakaway","CTV Venti Package","Phone","","",1144780,"CVS",7.42,"MDI1"
"addc538e-e0ef-47c1-b6be-985b0a415260","impression","variety.com","Breakaway","Middle Banner - Standard","Tablet","","",1144910,"Netflix",7.45,"MDI1"
"b61ae392-8f5b-42a3-9c90-860b31dbc017","video_load","usatoday.com","Hover","Breakaway Display","Connected TV","","Fubo TV",1144780,"CVS",7.42,"MDI1"
"1efd34ea-d479-4be4-833a-5cb0877351db","impression","buzzfeed.com","HighRise","Mobile Hover","Phone","","",1144673,"Walmart Grocery",7.44,"MDI1"
"cf04ef5d-e162-4911-9323-6a6e5265f5d9","impression","tmz.com","Hover","CTV Venti Package","Computer","Fire TV","",1144850,"Sephora",7.48,"MDI1"
"4a35eaf1-cd53-4a23-9a6f-a7cfb05b0b00","click","buzzfeed.com","Hover","Middle Banner - Standard","Tablet","","",1144850,"Sephora",7.51,"MDI1"
"c0c138eb-dbb1-467d-827f-e720d18acbd9","video_midpoint","people.com","HighRise","Middle Banner - Standard","Tablet","LG Smart TV","",1144721,"Starbucks",7.45,"MDI1"
"7e5881f1-69f4-47e4-bf09-68f555380236","video_start","buzzfeed.com","ABA Display","Middle Banner - Standard","Tablet","Samsung TV","",1144761,"Old Navy",7.45,"MDI1"
"7523505b-a246-4570-b1d9-efe682583718","click","espn.com","HighRise","CTV Venti Package","Tablet","","",1144721,"Starbucks",7.4,"MDI1"
"f9775748-432f-4f7a-b0be-838a799f4545","video_firstquartile","people.com","HighRise","Mobile Hover","Tablet","Roku","",1144750,"Target",7.49,"MDI1"
"f9775748-432f-4f7a-b0be-838a799f4545","video_firstquartile","people.com","HighRise","Mobile Hover","Tablet","Roku","",1144750,"Target",7.49,"MDI1"
"f9775748-432f-4f7a-b0be-838a799f4545","video_firstquartile","people.com","HighRise","Mobile Hover","Tablet","Roku","",1144750,"Target",7.49,"MDI1"
"be22ae7b-0f20-4f5c-9257-f26d9cc36041","impression","techcrunch.com","HighRise","Breakaway Display","Connected TV","","",1144722,"Chick-fil-A",7.39,"MDI1"
"839b04ab-0df1-4656-8b6d-f5f5eca7511b","video_midpoint","people.com","Hover","Mobile Hover","Computer","","",1144721,"Starbucks",7.44,"MDI1"
"b233b9c2-ef4c-496a-b9ba-b8efa6dc8743","click","theverge.com","Hover","Middle Banner - Standard","Tablet","","",1144721,"Starbucks",7.45,"MDI1"
"5a0f2b0e-2c43-4c56-9579-9772efde42d4","video_complete","tmz.com","HighRise","CTV Venti Package","Phone","","Pluto TV",1144673,"Walmart Grocery",7.4,"MDI1"
"5a0f2b0e-2c43-4c56-9579-9772efde42d4","video_complete","tmz.com","HighRise","CTV Venti Package","Phone","","Pluto TV",1144673,"Walmart Grocery",7.4,"MDI1"
"2a733b8d-24cd-45ce-99f2-92d1f29b5ae3","video_firstquartile","theverge.com","Venti","Runway Premium","Phone","","",1144721,"Starbucks",7.46,"MDI1"
"5031cf4f-6ed1-4777-8e1a-8c7262f38b37","video_load","tmz.com","HighRise","CTV Venti Package","Connected TV","","Tubi",1144721,"Starbucks",7.54,"MDI1"
"3abf61a9-771f-4983-8240-2aa54b33ab7c","video_firstquartile","buzzfeed.com","ABA Display","CTV Venti Package","Tablet","","",1144800,"Home Depot",7.43,"MDI1"
"2d72ca75-3f57-4daf-b8ad-d791020fe02d","video_start","forbes.com","ABA Display","Anchor w Video Package","Tablet","","",1144673,"Walmart Grocery",7.41,"MDI1"
"2d72ca75-3f57-4daf-b8ad-d791020fe02d","video_start","forbes.com","ABA Display","Anchor w Video Package","Tablet","","",1144673,"Walmart Grocery",7.41,"MDI1"
"239de3a4-4ad2-4758-960c-12a59727f986","video_midpoint","buzzfeed.com","Hover","Mobile Hover","Computer","Samsung TV","",1144673,"Walmart Grocery",7.5,"MDI1"
"239de3a4-4ad2-4758-960c-12a59727f986","video_midpoint","buzzfeed.com","Hover","Mobile Hover","Computer","Samsung TV","",1144673,"Walmart Grocery",7.5,"MDI1"
"239de3a4-4ad2-4758-960c-12a59727f986","video_midpoint","buzzfeed.com","Hover","Mobile Hover","Computer","Samsung TV","",1144673,"Walmart Grocery",7.5,"MDI1"
"5b094b9c-41b8-4bef-af22-1335602fd27e","video_firstquartile","nytimes.com","Hover","Breakaway Display","Tablet","","",1144720,"McDonalds",7.43,"MDI1"
"73ff5bc7-2c98-494d-9d23-033fa497cd88","impression","techcrunch.com","Breakaway","Anchor w Video Package","Computer","Roku","",1144720,"McDonalds",7.39,"MDI1"
"73ff5bc7-2c98-494d-9d23-033fa497cd88","impression","techcrunch.com","Breakaway","Anchor w Video Package","Computer","Roku","",1144720,"McDonalds",7.39,"MDI1"
"73ff5bc7-2c98-494d-9d23-033fa497cd88","impression","techcrunch.com","Breakaway","Anchor w Video Package","Computer","Roku","",1144720,"McDonalds",7.39,"MDI1"
"f1473f2d-bf01-4935-b5b5-95336df0f9b6","video_midpoint","nytimes.com","Venti","Middle Banner - Standard","Connected TV","","",1144780,"CVS",7.48,"MDI1"
"27002043-668c-48bd-b848-00492b997257","impression","buzzfeed.com","Venti","Mobile Hover","Phone","","",1144760,"Nike",7.45,"MDI1"
"38a680a6-c9ce-447f-a787-1989d473df80","video_midpoint","weather.com","Runway","Middle Banner - Standard","Connected TV","","",1144673,"Walmart Grocery",7.51,"MDI1"
"859a77e5-82b8-4fb8-afa8-9dbc5dc65821","video_complete","forbes.com","Hover","CTV Venti Package","Connected TV","","Fubo TV",1144790,"Apple",7.55,"MDI1"
"0dc2babe-369e-4de4-b5ca-d7a71ddd4e3c","click","techcrunch.com","Venti","Breakaway Display","Computer","","Tubi",1144721,"Starbucks",7.4,"MDI1"
"8a989ce3-4ce7-4e1a-bd92-a0eff5f5939b","click","cnn.com","Hover","Anchor w Video Package","Phone","","Peacock",1144750,"Target",7.4,"MDI1"
"8a989ce3-4ce7-4e1a-bd92-a0eff5f5939b","click","cnn.com","Hover","Anchor w Video Package","Phone","","Peacock",1144750,"Target",7.4,"MDI1"
"60726010-7620-4a83-b0ae-d3c3934e0dd0","video_load","people.com","Runway","CTV Venti Package","Tablet","","",1144780,"CVS",7.48,"MDI1"
"60726010-7620-4a83-b0ae-d3c3934e0dd0","video_load","people.com","Runway","CTV Venti Package","Tablet","","",1144780,"CVS",7.48,"MDI1"
"3cf0b343-37cb-4130-a4cc-496b3f67d7ee","video_complete","theverge.com","Breakaway","Mobile Hover","Tablet","LG Smart TV","",1144750,"Target",7.55,"MDI1"
"e8e55b54-d027-4886-b0ba-69a1702f1d4d","impression","forbes.com","Breakaway","Runway Premium","Computer","","",1144721,"Starbucks",7.47,"MDI1"
"c85c0623-1d71-41f2-b476-0ce3e32ddd32","impression","nytimes.com","Runway","Middle Banner - Standard","Phone","","",1144760,"Nike",7.41,"MDI1"
"c85c0623-1d71-41f2-b476-0ce3e32ddd32","impression","nytimes.com","Runway","Middle Banner - Standard","Phone","","",1144760,"Nike",7.41,"MDI1"
"c85c0623-1d71-41f2-b476-0ce3e32ddd32","impression","nytimes.com","Runway","Middle Banner - Standard","Phone","","",1144760,"Nike",7.41,"MDI1"
"689790b7-3d44-4ed0-a06b-b9f62f631d30","video_start","forbes.com","ABA Display","CTV Venti Package","Phone","","",1144790,"Apple",7.51,"MDI1"
"4cb47c25-475a-4e9a-83e0-a5ea11124a9b","video_midpoint","theverge.com","Breakaway","Anchor w Video Package","Computer","","",1144673,"Walmart Grocery",7.45,"MDI1"
"2e716a62-7c38-4803-8da7-7871af0e7cc2","video_midpoint","theverge.com","Hover","Breakaway Display","Connected TV","Roku","",1144850,"Sephora",7.52,"MDI1"
"a762869b-4755-40fe-82aa-f9fc5bd0bc79","video_thirdquartile","forbes.com","Hover","Anchor w Video Package","Phone","","Fubo TV",1144722,"Chick-fil-A",7.48,"MDI1"
"61f3f701-2fe0-4706-8bf6-1fffb9403d35","impression","techcrunch.com","ABA Display","Runway Premium","Tablet","Fire TV","",1144850,"Sephora",7.53,"MDI1"
"a4278950-30c8-4bff-92f2-eee835754fd2","video_start","nytimes.com","HighRise","Breakaway Display","Connected TV","","",1144722,"Chick-fil-A",7.49,"MDI1"
"7623488b-d45f-4bc2-8dc1-e7c4bd3212cf","impression","variety.com","ABA Display","CTV Venti Package","Tablet","","",1144750,"Target",7.43,"MDI1"
"7623488b-d45f-4bc2-8dc1-e7c4bd3212cf","impression","variety.com","ABA Display","CTV Venti Package","Tablet","","",1144750,"Target",7.43,"MDI1"
"7623488b-d45f-4bc2-8dc1-e7c4bd3212cf","impression","variety.com","ABA Display","CTV Venti Package","Tablet","","",1144750,"Target",7.43,"MDI1"
"1e2ebbc5-22cf-4f3b-a53f-21729c07ad5f","video_thirdquartile","techcrunch.com","ABA Display","CTV Venti Package","Tablet","Fire TV","",1144790,"Apple",7.52,"MDI1"
"1e2ebbc5-22cf-4f3b-a53f-21729c07ad5f","video_thirdquartile","techcrunch.com","ABA Display","CTV Venti Package","Tablet","Fire TV","",1144790,"Apple",7.52,"MDI1"
"45fa9cf2-9682-4ad5-baf1-e12ae3265426","impression","techcrunch.com","ABA Display","Runway Premium","Connected TV","Fire TV","",1144720,"McDonalds",7.53,"MDI1"
"9b552bf1-1ba2-4e97-933e-06eacde97cd3","click","tmz.com","Breakaway","Mobile Hover","Connected TV","Fire TV","Paramount+",1144790,"Apple",7.53,"MDI1"
"e9dc5a89-5c09-4bed-98dd-e903e1d477a4","impression","nytimes.com","Hover","Breakaway Display","Phone","","",1144720,"McDonalds",7.47,"MDI1"
"80c93955-5e46-4894-a5e5-53a868ad21cc","video_start","cnn.com","Breakaway","CTV Venti Package","Phone","","",1144790,"Apple",7.5,"MDI1"
"cc80c862-06ea-49b7-933e-660014b55e58","impression","nytimes.com","Venti","Mobile Hover","Computer","","",1144761,"Old Navy",7.43,"MDI1"
"cc80c862-06ea-49b7-933e-660014b55e58","impression","nytimes.com","Venti","Mobile Hover","Computer","","",1144761,"Old Navy",7.43,"MDI1"
"969debba-e0d7-427f-99c9-35ca08aa56aa","impression","people.com","Runway","Runway Premium","Phone","","",1144673,"Walmart Grocery",7.42,"MDI1"
"ec6b138f-f23a-4802-8714-164444d6fdd2","video_start","variety.com","Hover","Runway Premium","Phone","","",1144673,"Walmart Grocery",7.4,"MDI1"
"ec6b138f-f23a-4802-8714-164444d6fdd2","video_start","variety.com","Hover","Runway Premium","Phone","","",1144673,"Walmart Grocery",7.4,"MDI1"
"90316fa7-0de0-425c-a26d-53d380bba7cc","impression","usatoday.com","HighRise","CTV Venti Package","Connected TV","Samsung TV","",1144850,"Sephora",7.47,"MDI1"
"4e400881-3dad-4a45-b9c9-868b253039f2","impression","espn.com","HighRise","Middle Banner - Standard","Tablet","","",1144761,"Old Navy",7.41,"MDI1"
"4e400881-3dad-4a45-b9c9-868b253039f2","impression","espn.com","HighRise","Middle Banner - Standard","Tablet","","",1144761,"Old Navy",7.41,"MDI1"
"3dda7e64-08c4-43f8-8223-2360394d8bcb","impression","theverge.com","HighRise","Anchor w Video Package","Tablet","","",1144750,"Target",7.4,"MDI1"
"ea67ae58-d672-4a74-b057-f6dc44a15bda","video_complete","forbes.com","HighRise","Anchor w Video Package","Tablet","","",1144750,"Target",7.54,"MDI1"
"967888e4-2c58-440b-85f1-71c7305d05fa","video_start","theverge.com","Hover","Mobile Hover","Computer","","Peacock",1144760,"Nike",7.41,"MDI1"
"d06a4902-4dda-4d7f-badc-ee22fc76d7a3","video_firstquartile","nytimes.com","Venti","Mobile Hover","Tablet","Samsung TV","Pluto TV",1144780,"CVS",7.41,"MDI1"
"7926789e-f5ff-4182-85e7-5834918f9c32","video_firstquartile","tmz.com","Hover","Middle Banner - Standard","Tablet","Samsung TV","",1144761,"Old Navy",7.42,"MDI1"
"2d284073-aed8-49af-b00b-c73eb7c733ec","impression","techcrunch.com","ABA Display","Mobile Hover","Computer","Samsung TV","",1144910,"Netflix",7.39,"MDI1"
"b4d73af7-ce5f-46fd-864e-64f9cf0f5878","video_thirdquartile","forbes.com","Hover","Mobile Hover","Connected TV","","",1144800,"Home Depot",7.46,"MDI1"
"b4d73af7-ce5f-46fd-864e-64f9cf0f5878","video_thirdquartile","forbes.com","Hover","Mobile Hover","Connected TV","","",1144800,"Home Depot",7.46,"MDI1"
"b4d73af7-ce5f-46fd-864e-64f9cf0f5878","video_thirdquartile","forbes.com","Hover","Mobile Hover","Connected TV","","",1144800,"Home Depot",7.46,"MDI1"
"f746a987-16e4-4cad-b343-f96c30d4266b","video_start","espn.com","HighRise","Runway Premium","Phone","","",1144800,"Home Depot",7.43,"MDI1"
"e5bfe847-af82-42e2-a66e-aa7e96b05e96","video_midpoint","buzzfeed.com","Runway","CTV Venti Package","Connected TV","Roku","",1144750,"Target",7.56,"MDI1"
"e5bfe847-af82-42e2-a66e-aa7e96b05e96","video_midpoint","buzzfeed.com","Runway","CTV Venti Package","Connected TV","Roku","",1144750,"Target",7.56,"MDI1"
"4a431424-d68d-46b6-a29a-35a81b0056cc","video_firstquartile","cnn.com","Hover","Middle Banner - Standard","Tablet","Apple TV","",1144760,"Nike",7.42,"MDI1"
"4a431424-d68d-46b6-a29a-35a81b0056cc","video_firstquartile","cnn.com","Hover","Middle Banner - Standard","Tablet","Apple TV","",1144760,"Nike",7.42,"MDI1"
"4a431424-d68d-46b6-a29a-35a81b0056cc","video_firstquartile","cnn.com","Hover","Middle Banner - Standard","Tablet","Apple TV","",1144760,"Nike",7.42,"MDI1"
"9960b5dc-26ac-48e1-96a5-8cd0fb1eb74f","impression","buzzfeed.com","HighRise","Breakaway Display","Connected TV","","",1144760,"Nike",7.47,"MDI1"
"db167f8e-fc7d-4c35-ba6c-1c9e316da9e6","video_firstquartile","techcrunch.com","Runway","Mobile Hover","Phone","","",1144722,"Chick-fil-A",7.51,"MDI1"
"db167f8e-fc7d-4c35-ba6c-1c9e316da9e6","video_firstquartile","techcrunch.com","Runway","Mobile Hover","Phone","","",1144722,"Chick-fil-A",7.51,"MDI1"
"12281af4-d8d2-4dc0-8bcd-9d9a5d30fdbf","click","forbes.com","Hover","Mobile Hover","Connected TV","LG Smart TV","",1144790,"Apple",7.54,"MDI1"
"bb2f7dad-af44-4054-951f-22f383467b36","video_start","variety.com","Runway","Anchor w Video Package","Phone","","",1144760,"Nike",7.47,"MDI1"
"bb2f7dad-af44-4054-951f-22f383467b36","video_start","variety.com","Runway","Anchor w Video Package","Phone","","",1144760,"Nike",7.47,"MDI1"
"2506499b-952d-4cbf-9e37-d14d9f93e922","video_complete","espn.com","Hover","Mobile Hover","Connected TV","","",1144790,"Apple",7.52,"MDI1"
"a5cc4a34-0021-4139-a3ea-6c8817444102","video_firstquartile","cnn.com","Breakaway","Middle Banner - Standard","Tablet","","",1144750,"Target",7.41,"MDI1"
"4c2f7528-31ee-43fa-87e9-111d21e2d56f","impression","tmz.com","Venti","Middle Banner - Standard","Tablet","","",1144722,"Chick-fil-A",7.42,"MDI1"
"1e5f9640-6371-42cf-b8cf-e73f224c9992","video_complete","tmz.com","Hover","Breakaway Display","Connected TV","LG Smart TV","",1144780,"CVS",7.72,"MDI1"
"a68a96f8-5690-483a-b0a4-960a0a1f18ab","video_firstquartile","nytimes.com","Breakaway","Middle Banner - Standard","Connected TV","","",1144910,"Netflix",7.4,"MDI1"
"a68a96f8-5690-483a-b0a4-960a0a1f18ab","video_firstquartile","nytimes.com","Breakaway","Middle Banner - Standard","Connected TV","","",1144910,"Netflix",7.4,"MDI1"
"9b70704b-a06c-4ac1-8a28-2354b20e104a","click","buzzfeed.com","HighRise","CTV Venti Package","Phone","LG Smart TV","",1144673,"Walmart Grocery",7.67,"MDI1"
"9b70704b-a06c-4ac1-8a28-2354b20e104a","click","buzzfeed.com","HighRise","CTV Venti Package","Phone","LG Smart TV","",1144673,"Walmart Grocery",7.67,"MDI1"
"993dc5f2-fb5c-48b6-8c16-5fa4f2126271","video_complete","people.com","ABA Display","Runway Premium","Tablet","","",1144850,"Sephora",7.5,"MDI1"
"6f3c0f91-db78-4fc7-9cdd-a96c0665d378","video_midpoint","usatoday.com","Venti","Breakaway Display","Connected TV","","",1144780,"CVS",7.41,"MDI1"
"6f3c0f91-db78-4fc7-9cdd-a96c0665d378","video_midpoint","usatoday.com","Venti","Breakaway Display","Connected TV","","",1144780,"CVS",7.41,"MDI1"
"6f3c0f91-db78-4fc7-9cdd-a96c0665d378","video_midpoint","usatoday.com","Venti","Breakaway Display","Connected TV","","",1144780,"CVS",7.41,"MDI1"
"6f3c0f91-db78-4fc7-9cdd-a96c0665d378","video_midpoint","usatoday.com","Venti","Breakaway Display","Connected TV","","",1144780,"CVS",7.41,"MDI1"
"0f2cb566-4612-411c-9933-f5ff91b54a8c","video_complete","variety.com","ABA Display","Middle Banner - Standard","Computer","","",1144673,"Walmart Grocery",7.52,"MDI1"
"0b16a57e-0353-406d-ba76-1c9188ed04a7","click","weather.com","Venti","Runway Premium","Tablet","","Fubo TV",1144910,"Netflix",7.44,"MDI1"
"cd594ee2-8f6b-41e9-95f2-49b3a07fb32b","impression","usatoday.com","Runway","CTV Venti Package","Connected TV","","Peacock",1144721,"Starbucks",7.54,"MDI1"
"cd594ee2-8f6b-41e9-95f2-49b3a07fb32b","impression","usatoday.com","Runway","CTV Venti Package","Connected TV","","Peacock",1144721,"Starbucks",7.54,"MDI1"
"0dbfe043-cb41-4950-95e2-99984d7c2de9","video_firstquartile","variety.com","Venti","Mobile Hover","Connected TV","","",1144721,"Starbucks",7.49,"MDI1"
"10aec96a-c134-4606-8e7f-47afa9f7d761","click","usatoday.com","Runway","Anchor w Video Package","Tablet","","Pluto TV",1144673,"Walmart Grocery",7.48,"MDI1"
"10aec96a-c134-4606-8e7f-47afa9f7d761","click","usatoday.com","Runway","Anchor w Video Package","Tablet","","Pluto TV",1144673,"Walmart Grocery",7.48,"MDI1"
"10aec96a-c134-4606-8e7f-47afa9f7d761","click","usatoday.com","Runway","Anchor w Video Package","Tablet","","Pluto TV",1144673,"Walmart Grocery",7.48,"MDI1"
"15abd98d-45ea-4250-90f7-a42cc17acfb3","video_midpoint","cnn.com","Venti","Middle Banner - Standard","Phone","","",1144750,"Target",7.52,"MDI1"
"07e76b15-0448-4cb6-921c-5187dca803ca","video_complete","variety.com","Runway","CTV Venti Package","Tablet","","Paramount+",1144790,"Apple",7.54,"MDI1"
"f3536be2-b07e-4561-9292-d073d4b7d722","video_complete","cnn.com","Runway","Anchor w Video Package","Phone","","",1144761,"Old Navy",7.52,"MDI1"
"f3536be2-b07e-4561-9292-d073d4b7d722","video_complete","cnn.com","Runway","Anchor w Video Package","Phone","","",1144761,"Old Navy",7.52,"MDI1"
"f3536be2-b07e-4561-9292-d073d4b7d722","video_complete","cnn.com","Runway","Anchor w Video Package","Phone","","",1144761,"Old Navy",7.52,"MDI1"
"4aad4085-f294-4d92-84ba-c65675812823","video_load","techcrunch.com","Hover","Mobile Hover","Connected TV","Android TV","",1144673,"Walmart Grocery",7.5,"MDI1"
"63c59701-5813-4bcb-a672-1d6bc57a1f3d","video_firstquartile","theverge.com","Venti","Mobile Hover","Phone","","",1144720,"McDonalds",7.49,"MDI1"
"63c59701-5813-4bcb-a672-1d6bc57a1f3d","video_firstquartile","theverge.com","Venti","Mobile Hover","Phone","","",1144720,"McDonalds",7.49,"MDI1"
"080cb6a7-b299-4ba4-8263-8391b7d484fd","video_load","buzzfeed.com","ABA Display","Runway Premium","Phone","Roku","",1144761,"Old Navy",7.49,"MDI1"
"fa50132e-db47-4fcf-a04e-fcae30afa641","video_thirdquartile","forbes.com","Venti","Breakaway Display","Phone","LG Smart TV","",1144722,"Chick-fil-A",7.55,"MDI1"
"b0ac86d8-6083-430b-a37d-eec7c84b89f0","video_midpoint","usatoday.com","Breakaway","Middle Banner - Standard","Tablet","","",1144720,"McDonalds",7.46,"MDI1"
"b4358192-6a11-40ed-818b-25e07bbb6d4a","click","nytimes.com","Venti","Breakaway Display","Phone","","",1144720,"McDonalds",7.39,"MDI1"
"86a371ad-37a0-4e42-bf8b-f1d307179600","video_complete","techcrunch.com","HighRise","CTV Venti Package","Computer","","",1144780,"CVS",7.48,"MDI1"
"9decd1de-26c5-4b12-9fcc-dae9a38f7d29","video_firstquartile","techcrunch.com","HighRise","Breakaway Display","Tablet","","Tubi",1144780,"CVS",7.4,"MDI1"
"9decd1de-26c5-4b12-9fcc-dae9a38f7d29","video_firstquartile","techcrunch.com","HighRise","Breakaway Display","Tablet","","Tubi",1144780,"CVS",7.4,"MDI1"
"b260a8be-5924-4409-8bce-84ce8545baf8","impression","weather.com","HighRise","Breakaway Display","Computer","","",1144761,"Old Navy",7.43,"MDI1"
"b260a8be-5924-4409-8bce-84ce8545baf8","impression","weather.com","HighRise","Breakaway Display","Computer","","",1144761,"Old Navy",7.43,"MDI1"
"880132bd-7bae-4987-a2c8-3be619c3bdfd","video_complete","tmz.com","Hover","Anchor w Video Package","Computer","","",1144750,"Target",7.43,"MDI1"
"9afd2e28-a992-4973-95c9-119c4b31fc05","video_complete","tmz.com","HighRise","CTV Venti Package","Computer","","Paramount+",1144673,"Walmart Grocery",7.47,"MDI1"
"5b8d3492-3455-4aad-a32b-8b6b8715480b","click","tmz.com","Runway","Mobile Hover","Connected TV","","",1144761,"Old Navy",7.42,"MDI1"
"ba891f77-0567-448d-bb49-eacb672b1454","video_complete","people.com","Venti","Mobile Hover","Phone","LG Smart TV","",1144790,"Apple",7.56,"MDI1"
"9a75e478-9951-45e1-99af-ac23c90a6db7","video_complete","tmz.com","Venti","CTV Venti Package","Connected TV","","",1144910,"Netflix",7.5,"MDI1"
"90bf764d-d157-4648-9d12-b0afc9be6095","video_complete","theverge.com","Venti","Runway Premium","Computer","","",1144780,"CVS",7.47,"MDI1"
"b0c391d0-fe48-4311-9707-224372d94f26","video_start","usatoday.com","Hover","Anchor w Video Package","Phone","","Pluto TV",1144790,"Apple",7.49,"MDI1"
"895a9a23-7ab5-467c-bc6b-d544d4ac6d53","video_firstquartile","nytimes.com","HighRise","Breakaway Display","Tablet","","",1144780,"CVS",7.49,"MDI1"
"895a9a23-7ab5-467c-bc6b-d544d4ac6d53","video_firstquartile","nytimes.com","HighRise","Breakaway Display","Tablet","","",1144780,"CVS",7.49,"MDI1"
"21207d6c-dece-426e-8f57-d35f632a01bf","video_thirdquartile","weather.com","Hover","Anchor w Video Package","Computer","","",1144721,"Starbucks",7.39,"MDI1"
"c328d6a3-900a-4c20-af63-ee230178b7c2","click","nytimes.com","Venti","Mobile Hover","Computer","","",1144850,"Sephora",7.45,"MDI1"
"c328d6a3-900a-4c20-af63-ee230178b7c2","click","nytimes.com","Venti","Mobile Hover","Computer","","",1144850,"Sephora",7.45,"MDI1"
"1bc24b86-c1da-4a09-b88f-1e1a4608a33f","video_firstquartile","usatoday.com","Hover","Runway Premium","Tablet","","",1144761,"Old Navy",7.42,"MDI1"
"e495bf15-bec7-4490-96cd-212e2aab007d","impression","weather.com","Venti","Runway Premium","Phone","Roku","",1144761,"Old Navy",7.52,"MDI1"
"6811ef5a-d215-4616-b3ef-b37bb4d39929","click","tmz.com","ABA Display","Mobile Hover","Phone","Apple TV","",1144790,"Apple",7.44,"MDI1"
"7ce2d62b-1a49-49cf-8c1c-3717e7c0daca","video_firstquartile","usatoday.com","Runway","Runway Premium","Connected TV","Fire TV","Peacock",1144910,"Netflix",7.49,"MDI1"
"27b79f81-a5b8-4b91-8326-4d37e982fc2a","video_firstquartile","weather.com","ABA Display","Mobile Hover","Connected TV","","",1144790,"Apple",7.46,"MDI1"
"27b79f81-a5b8-4b91-8326-4d37e982fc2a","video_firstquartile","weather.com","ABA Display","Mobile Hover","Connected TV","","",1144790,"Apple",7.46,"MDI1"
"27b79f81-a5b8-4b91-8326-4d37e982fc2a","video_firstquartile","weather.com","ABA Display","Mobile Hover","Connected TV","","",1144790,"Apple",7.46,"MDI1"
"c9b27dab-aba9-4994-a9a2-85ad680caae1","impression","buzzfeed.com","Runway","Middle Banner - Standard","Tablet","","",1144673,"Walmart Grocery",7.5,"MDI1"
"5f994ca6-56f5-4eae-acb1-a5683fc5bd60","video_midpoint","tmz.com","Hover","Middle Banner - Standard","Computer","","",1144780,"CVS",7.4,"MDI1"
"5f994ca6-56f5-4eae-acb1-a5683fc5bd60","video_midpoint","tmz.com","Hover","Middle Banner - Standard","Computer","","",1144780,"CVS",7.4,"MDI1"
"5f994ca6-56f5-4eae-acb1-a5683fc5bd60","video_midpoint","tmz.com","Hover","Middle Banner - Standard","Computer","","",1144780,"CVS",7.4,"MDI1"
"236727cb-05a7-45ba-b8fb-840c8c9b3b1e","video_thirdquartile","variety.com","Breakaway","Mobile Hover","Connected TV","Apple TV","",1144780,"CVS",7.48,"MDI1"
"84953971-86e8-468d-8792-219e68828ad1","click","variety.com","ABA Display","Runway Premium","Tablet","","",1144850,"Sephora",7.46,"MDI1"
"f20beae4-fc26-40df-824d-713c95071e25","video_load","variety.com","Breakaway","Runway Premium","Computer","","",1144800,"Home Depot",7.47,"MDI1"
"e7c8593e-82ba-4603-820a-6d31c9e458ed","video_thirdquartile","espn.com","HighRise","CTV Venti Package","Tablet","","",1144780,"CVS",7.43,"MDI1"
"e7c8593e-82ba-4603-820a-6d31c9e458ed","video_thirdquartile","espn.com","HighRise","CTV Venti Package","Tablet","","",1144780,"CVS",7.43,"MDI1"
"d6806840-0e2c-4622-93df-d568d4ced0af","impression","cnn.com","Hover","Middle Banner - Standard","Tablet","","",1144720,"McDonalds",7.42,"MDI1"
"8498e915-862f-4be9-b887-c9067777b6dc","impression","people.com","ABA Display","Anchor w Video Package","Phone","","",1144790,"Apple",7.47,"MDI1"
"8498e915-862f-4be9-b887-c9067777b6dc","impression","people.com","ABA Display","Anchor w Video Package","Phone","","",1144790,"Apple",7.47,"MDI1"
"76cefb4b-562d-4bb4-be66-c62a4de20800","click","nytimes.com","Runway","Breakaway Display","Connected TV","","Fubo TV",1144722,"Chick-fil-A",7.48,"MDI1"
"76cefb4b-562d-4bb4-be66-c62a4de20800","click","nytimes.com","Runway","Breakaway Display","Connected TV","","Fubo TV",1144722,"Chick-fil-A",7.48,"MDI1"
"3b3192c4-667b-419a-a7e4-ffa2d42b0c4f","impression","tmz.com","Runway","Anchor w Video Package","Computer","","",1144722,"Chick-fil-A",7.45,"MDI1"
"de13bbaa-eb49-490b-957d-ee6038cc5d9b","impression","espn.com","Runway","Mobile Hover","Phone","","",1144790,"Apple",7.52,"MDI1"
"de13bbaa-eb49-490b-957d-ee6038cc5d9b","impression","espn.com","Runway","Mobile Hover","Phone","","",1144790,"Apple",7.52,"MDI1"
"46f1198c-c232-4ff7-98b0-65782d43c793","impression","variety.com","HighRise","Breakaway Display","Tablet","","",1144750,"Target",7.42,"MDI1"
"f8661fde-41ae-49ea-9539-dd8ed035bde5","click","forbes.com","Venti","Mobile Hover","Phone","","",1144760,"Nike",7.45,"MDI1"
"0bcade78-d0b1-41c6-a207-f0c002b3be71","video_firstquartile","usatoday.com","Runway","Mobile Hover","Phone","","",1144850,"Sephora",7.46,"MDI1"
"0bcade78-d0b1-41c6-a207-f0c002b3be71","video_firstquartile","usatoday.com","Runway","Mobile Hover","Phone","","",1144850,"Sephora",7.46,"MDI1"
"d3df89f4-110e-4705-b785-287b72fcb567","click","nytimes.com","HighRise","Mobile Hover","Phone","Samsung TV","",1144750,"Target",7.58,"MDI1"
"a447d3fa-5e89-420a-b03b-ef9f00cc0c1a","video_complete","buzzfeed.com","ABA Display","Mobile Hover","Phone","Samsung TV","",1144673,"Walmart Grocery",7.58,"MDI1"
"715ad0c2-4fc7-48b1-85a9-7e4ff87724c7","click","weather.com","HighRise","Middle Banner - Standard","Phone","Apple TV","",1144673,"Walmart Grocery",7.55,"MDI1"
"5d62b568-7c89-44c8-a4c4-fd1b9d20b70d","impression","nytimes.com","Hover","Breakaway Display","Phone","","Fubo TV",1144800,"Home Depot",7.39,"MDI1"
"724e3540-8339-48ea-9878-49019826ad8b","impression","variety.com","ABA Display","Mobile Hover","Phone","","",1144750,"Target",7.44,"MDI1"
"724e3540-8339-48ea-9878-49019826ad8b","impression","variety.com","ABA Display","Mobile Hover","Phone","","",1144750,"Target",7.44,"MDI1"
"724e3540-8339-48ea-9878-49019826ad8b","impression","variety.com","ABA Display","Mobile Hover","Phone","","",1144750,"Target",7.44,"MDI1"
"724e3540-8339-48ea-9878-49019826ad8b","impression","variety.com","ABA Display","Mobile Hover","Phone","","",1144750,"Target",7.44,"MDI1"
"c0f0b7fe-52ca-4da4-b7dc-0ead1a682bcf","click","variety.com","Runway","Mobile Hover","Connected TV","","",1144761,"Old Navy",7.55,"MDI1"
"c0f0b7fe-52ca-4da4-b7dc-0ead1a682bcf","click","variety.com","Runway","Mobile Hover","Connected TV","","",1144761,"Old Navy",7.55,"MDI1"
"7d18f56a-cbd2-4179-b327-b9f422d68b32","video_complete","theverge.com","Venti","CTV Venti Package","Connected TV","","",1144750,"Target",7.4,"MDI1"
"9fa35ef8-6a24-481d-9433-862760a3f9aa","click","cnn.com","ABA Display","Mobile Hover","Tablet","","",1144722,"Chick-fil-A",7.42,"MDI1"
"9fa35ef8-6a24-481d-9433-862760a3f9aa","click","cnn.com","ABA Display","Mobile Hover","Tablet","","",1144722,"Chick-fil-A",7.42,"MDI1"
"9fa35ef8-6a24-481d-9433-862760a3f9aa","click","cnn.com","ABA Display","Mobile Hover","Tablet","","",1144722,"Chick-fil-A",7.42,"MDI1"
"15694869-b865-4427-afcd-7f511601a1df","video_complete","weather.com","HighRise","Middle Banner - Standard","Tablet","","",1144720,"McDonalds",7.41,"MDI1"
"29f438b5-26a7-4c57-ba93-24d871d101d1","impression","variety.com","Venti","CTV Venti Package","Computer","","",1144780,"CVS",7.43,"MDI1"
"492dd9d8-cb14-470d-8d7a-3a180e1c1cca","impression","people.com","Breakaway","Mobile Hover","Connected TV","Android TV","",1144761,"Old Navy",7.56,"MDI1"
"492dd9d8-cb14-470d-8d7a-3a180e1c1cca","impression","people.com","Breakaway","Mobile Hover","Connected TV","Android TV","",1144761,"Old Navy",7.56,"MDI1"
"1f42b8c7-deae-48e5-83f6-c9d2d512a289","video_firstquartile","variety.com","Venti","CTV Venti Package","Phone","","Pluto TV",1144673,"Walmart Grocery",7.46,"MDI1"
"e223a216-087e-4ac3-b1e7-8efc2cea53c4","video_midpoint","usatoday.com","ABA Display","Anchor w Video Package","Tablet","","Peacock",1144760,"Nike",7.39,"MDI1"
"009de16c-3df6-4868-a441-44269b4f4251","video_complete","espn.com","Runway","Middle Banner - Standard","Phone","Samsung TV","Tubi",1144750,"Target",7.66,"MDI1"
"009de16c-3df6-4868-a441-44269b4f4251","video_complete","espn.com","Runway","Middle Banner - Standard","Phone","Samsung TV","Tubi",1144750,"Target",7.66,"MDI1"
"fae13053-c878-411d-95be-610ab4a32034","impression","techcrunch.com","Venti","Runway Premium","Tablet","","",1144850,"Sephora",7.46,"MDI1"
"fae13053-c878-411d-95be-610ab4a32034","impression","techcrunch.com","Venti","Runway Premium","Tablet","","",1144850,"Sephora",7.46,"MDI1"
"e64e3d85-eacf-4ec7-84ec-83167c42b341","video_load","tmz.com","HighRise","Breakaway Display","Tablet","","",1144720,"McDonalds",7.43,"MDI1"
"e64e3d85-eacf-4ec7-84ec-83167c42b341","video_load","tmz.com","HighRise","Breakaway Display","Tablet","","",1144720,"McDonalds",7.43,"MDI1"
"e64e3d85-eacf-4ec7-84ec-83167c42b341","video_load","tmz.com","HighRise","Breakaway Display","Tablet","","",1144720,"McDonalds",7.43,"MDI1"
"5fd21732-025f-4510-a506-3b52a24d203b","video_midpoint","techcrunch.com","Runway","Anchor w Video Package","Phone","","",1144790,"Apple",7.51,"MDI1"
"5fd21732-025f-4510-a506-3b52a24d203b","video_midpoint","techcrunch.com","Runway","Anchor w Video Package","Phone","","",1144790,"Apple",7.51,"MDI1"
"5fd21732-025f-4510-a506-3b52a24d203b","video_midpoint","techcrunch.com","Runway","Anchor w Video Package","Phone","","",1144790,"Apple",7.51,"MDI1"
"5fd21732-025f-4510-a506-3b52a24d203b","video_midpoint","techcrunch.com","Runway","Anchor w Video Package","Phone","","",1144790,"Apple",7.51,"MDI1"
"e2e44a60-990a-49be-b534-ea10c5a60ace","video_start","nytimes.com","Breakaway","CTV Venti Package","Connected TV","LG Smart TV","",1144722,"Chick-fil-A",7.45,"MDI1"
"34c09f44-54e4-4b5a-95d2-021c97738428","impression","people.com","Venti","Breakaway Display","Tablet","Samsung TV","",1144673,"Walmart Grocery",7.44,"MDI1"
"4d089574-fbb9-4837-9f20-88a56f518cef","click","tmz.com","Breakaway","Mobile Hover","Tablet","","",1144850,"Sephora",7.54,"MDI1"
"4d089574-fbb9-4837-9f20-88a56f518cef","click","tmz.com","Breakaway","Mobile Hover","Tablet","","",1144850,"Sephora",7.54,"MDI1"
"4d089574-fbb9-4837-9f20-88a56f518cef","click","tmz.com","Breakaway","Mobile Hover","Tablet","","",1144850,"Sephora",7.54,"MDI1"
"09565004-d5b7-4bb9-a76d-5e8318c7c03b","video_midpoint","people.com","Runway","CTV Venti Package","Tablet","","",1144910,"Netflix",7.41,"MDI1"
"09565004-d5b7-4bb9-a76d-5e8318c7c03b","video_midpoint","people.com","Runway","CTV Venti Package","Tablet","","",1144910,"Netflix",7.41,"MDI1"
"09565004-d5b7-4bb9-a76d-5e8318c7c03b","video_midpoint","people.com","Runway","CTV Venti Package","Tablet","","",1144910,"Netflix",7.41,"MDI1"
"0ae21d89-b9de-4378-ac93-cd505fbf0f49","video_start","cnn.com","Breakaway","Middle Banner - Standard","Phone","","",1144750,"Target",7.45,"MDI1"
"0ae21d89-b9de-4378-ac93-cd505fbf0f49","video_start","cnn.com","Breakaway","Middle Banner - Standard","Phone","","",1144750,"Target",7.45,"MDI1"
"a89049cd-8089-443b-8c31-c6072ad15239","video_load","usatoday.com","Breakaway","Mobile Hover","Computer","Samsung TV","",1144850,"Sephora",7.46,"MDI1"
"c7bb7f94-86b4-437a-854d-10ae0a6c9484","impression","weather.com","Hover","Mobile Hover","Tablet","","",1144910,"Netflix",7.45,"MDI1"
"937bcaeb-8d6b-4336-a571-9bb540dab976","click","techcrunch.com","Venti","Anchor w Video Package","Tablet","Roku","",1144790,"Apple",7.48,"MDI1"
"3144e2de-eaed-4c3d-b036-69e3e0077de0","click","people.com","HighRise","Middle Banner - Standard","Computer","","",1144760,"Nike",7.42,"MDI1"
"1ab05706-e8a5-4ef3-bf97-43257316eede","video_midpoint","forbes.com","ABA Display","Breakaway Display","Tablet","","",1144722,"Chick-fil-A",7.4,"MDI1"
"2ecfa6b6-cbbf-45fe-8776-99de1dc85f59","video_thirdquartile","buzzfeed.com","HighRise","Anchor w Video Package","Phone","Samsung TV","Peacock",1144673,"Walmart Grocery",7.49,"MDI1"
"2ecfa6b6-cbbf-45fe-8776-99de1dc85f59","video_thirdquartile","buzzfeed.com","HighRise","Anchor w Video Package","Phone","Samsung TV","Peacock",1144673,"Walmart Grocery",7.49,"MDI1"
"2ecfa6b6-cbbf-45fe-8776-99de1dc85f59","video_thirdquartile","buzzfeed.com","HighRise","Anchor w Video Package","Phone","Samsung TV","Peacock",1144673,"Walmart Grocery",7.49,"MDI1"
"f88ed0da-5cf6-4883-ba07-d9de2614dbfe","click","buzzfeed.com","Venti","Breakaway Display","Phone","","",1144800,"Home Depot",7.45,"MDI1"
"9b5c9531-b5fe-4a5a-a451-062140c6ce75","video_thirdquartile","forbes.com","Hover","Mobile Hover","Connected TV","","",1144850,"Sephora",7.46,"MDI1"
"0193406e-e125-44ef-bfd8-b259d4a64e99","impression","buzzfeed.com","Venti","Anchor w Video Package","Phone","","",1144721,"Starbucks",7.4,"MDI1"
"0193406e-e125-44ef-bfd8-b259d4a64e99","impression","buzzfeed.com","Venti","Anchor w Video Package","Phone","","",1144721,"Starbucks",7.4,"MDI1"
"c05ad0b2-432c-4d4e-ac75-ce11d7da8cc3","video_load","cnn.com","Breakaway","Mobile Hover","Phone","","",1144800,"Home Depot",7.44,"MDI1"
"c05ad0b2-432c-4d4e-ac75-ce11d7da8cc3","video_load","cnn.com","Breakaway","Mobile Hover","Phone","","",1144800,"Home Depot",7.44,"MDI1"
"3ffe010f-e876-40ac-a7aa-8da51b7f2bd7","impression","variety.com","ABA Display","Middle Banner - Standard","Tablet","","",1144910,"Netflix",7.44,"MDI1"
"9fbd87d2-e1ba-431b-b026-ffcce405d815","click","weather.com","ABA Display","Breakaway Display","Connected TV","","",1144673,"Walmart Grocery",7.57,"MDI1"
"9fbd87d2-e1ba-431b-b026-ffcce405d815","click","weather.com","ABA Display","Breakaway Display","Connected TV","","",1144673,"Walmart Grocery",7.57,"MDI1"
"a5e3e36b-331d-48f2-88a1-3e03371aa153","click","theverge.com","HighRise","Anchor w Video Package","Tablet","Samsung TV","",1144800,"Home Depot",7.41,"MDI1"
"a5e3e36b-331d-48f2-88a1-3e03371aa153","click","theverge.com","HighRise","Anchor w Video Package","Tablet","Samsung TV","",1144800,"Home Depot",7.41,"MDI1"
"96ee119e-8692-412e-a37d-25fa66f55962","impression","theverge.com","Runway","Middle Banner - Standard","Phone","","",1144760,"Nike",7.49,"MDI1"
"96ee119e-8692-412e-a37d-25fa66f55962","impression","theverge.com","Runway","Middle Banner - Standard","Phone","","",1144760,"Nike",7.49,"MDI1"
"96ee119e-8692-412e-a37d-25fa66f55962","impression","theverge.com","Runway","Middle Banner - Standard","Phone","","",1144760,"Nike",7.49,"MDI1"
"0549d5ab-f0a6-4dcf-a883-222b6ccb2f95","video_thirdquartile","espn.com","Hover","Breakaway Display","Phone","","",1144750,"Target",7.46,"MDI1"
"83c00616-e16b-4def-b766-2c1c827f2e24","impression","espn.com","Venti","Anchor w Video Package","Computer","","Pluto TV",1144760,"Nike",7.41,"MDI1"
"83c00616-e16b-4def-b766-2c1c827f2e24","impression","espn.com","Venti","Anchor w Video Package","Computer","","Pluto TV",1144760,"Nike",7.41,"MDI1"
"72e2090c-30f9-4e46-aa0c-f55db5a005ba","click","people.com","HighRise","Middle Banner - Standard","Tablet","","",1144760,"Nike",7.46,"MDI1"
"72e2090c-30f9-4e46-aa0c-f55db5a005ba","click","people.com","HighRise","Middle Banner - Standard","Tablet","","",1144760,"Nike",7.46,"MDI1"
"72e2090c-30f9-4e46-aa0c-f55db5a005ba","click","people.com","HighRise","Middle Banner - Standard","Tablet","","",1144760,"Nike",7.46,"MDI1"
"f58b5de7-2977-4179-8425-26d539767837","impression","usatoday.com","Runway","CTV Venti Package","Tablet","","",1144800,"Home Depot",7.46,"MDI1"
"f58b5de7-2977-4179-8425-26d539767837","impression","usatoday.com","Runway","CTV Venti Package","Tablet","","",1144800,"Home Depot",7.46,"MDI1"
"e43bb0d5-a5d2-4103-ac44-7e23105e1235","video_start","tmz.com","Runway","CTV Venti Package","Connected TV","Fire TV","",1144790,"Apple",7.55,"MDI1"
"83f1cdfb-550f-4bbe-bda9-4960873c3026","click","buzzfeed.com","ABA Display","Mobile Hover","Computer","","",1144910,"Netflix",7.41,"MDI1"
"83f1cdfb-550f-4bbe-bda9-4960873c3026","click","buzzfeed.com","ABA Display","Mobile Hover","Computer","","",1144910,"Netflix",7.41,"MDI1"
"ef60fef2-28d8-497d-955a-8d7d8d926baf","video_thirdquartile","cnn.com","Hover","Mobile Hover","Connected TV","","Fubo TV",1144790,"Apple",7.54,"MDI1"
"ef60fef2-28d8-497d-955a-8d7d8d926baf","video_thirdquartile","cnn.com","Hover","Mobile Hover","Connected TV","","Fubo TV",1144790,"Apple",7.54,"MDI1"
"42e1af36-9239-4d05-8fd3-89caa177e636","video_complete","weather.com","Breakaway","CTV Venti Package","Connected TV","","",1144761,"Old Navy",7.6,"MDI1"
"9a5f3645-a9d2-4c35-887d-01a7157aabcb","video_firstquartile","variety.com","Venti","Mobile Hover","Phone","Android TV","",1144780,"CVS",7.48,"MDI1"
"163a54cc-be8e-4f0e-833e-4ea4e3700462","video_start","theverge.com","Runway","CTV Venti Package","Tablet","","",1144850,"Sephora",7.45,"MDI1"
"e9a03915-d0d7-46ec-ace0-ecd4d0a1287a","video_midpoint","tmz.com","Hover","CTV Venti Package","Tablet","","",1144761,"Old Navy",7.42,"MDI1"
"1127e7d6-2f7a-4059-8041-32fb109254ee","video_complete","theverge.com","Hover","Mobile Hover","Tablet","","",1144761,"Old Navy",7.53,"MDI1"
"f47a851f-f13d-44b6-9129-79a7c3d7971d","video_midpoint","cnn.com","HighRise","Runway Premium","Computer","","",1144760,"Nike",7.41,"MDI1"
"70cfb991-1ed0-45a8-9814-4043e88174d9","video_load","cnn.com","Hover","Mobile Hover","Connected TV","","",1144673,"Walmart Grocery",7.45,"MDI1"
"7ff6b5bf-8500-4439-84f9-6f7628b122f6","click","tmz.com","ABA Display","Anchor w Video Package","Phone","","",1144761,"Old Navy",7.51,"MDI1"
"7ff6b5bf-8500-4439-84f9-6f7628b122f6","click","tmz.com","ABA Display","Anchor w Video Package","Phone","","",1144761,"Old Navy",7.51,"MDI1"
"a376e064-6480-4d16-b72b-6894eaf7a969","impression","forbes.com","Venti","Mobile Hover","Tablet","","",1144910,"Netflix",7.45,"MDI1"
"440fff0f-e5e0-4c41-8744-dccf428f0a6b","click","forbes.com","ABA Display","Middle Banner - Standard","Connected TV","","",1144721,"Starbucks",7.58,"MDI1"
"7e0b98dc-35b7-40d4-b109-769cfa33405c","video_thirdquartile","usatoday.com","Venti","Mobile Hover","Connected TV","","",1144722,"Chick-fil-A",7.49,"MDI1"
"f78448aa-4d32-45f9-bb91-b0118a25923c","video_thirdquartile","weather.com","Breakaway","Breakaway Display","Tablet","","",1144760,"Nike",7.47,"MDI1"
"300040b4-7e6c-4813-af1a-6e7f7a790a4a","video_midpoint","forbes.com","HighRise","Mobile Hover","Phone","Apple TV","",1144910,"Netflix",7.42,"MDI1"
"300040b4-7e6c-4813-af1a-6e7f7a790a4a","video_midpoint","forbes.com","HighRise","Mobile Hover","Phone","Apple TV","",1144910,"Netflix",7.42,"MDI1"
"c249a6b1-ff44-4951-8db7-d947f7de490d","click","tmz.com","HighRise","Runway Premium","Phone","","Tubi",1144722,"Chick-fil-A",7.41,"MDI1"
"c249a6b1-ff44-4951-8db7-d947f7de490d","click","tmz.com","HighRise","Runway Premium","Phone","","Tubi",1144722,"Chick-fil-A",7.41,"MDI1"
"ce440c82-80d3-42ac-af32-9e3c5cf37692","video_complete","usatoday.com","ABA Display","CTV Venti Package","Connected TV","","Pluto TV",1144910,"Netflix",7.49,"MDI1"
"ce440c82-80d3-42ac-af32-9e3c5cf37692","video_complete","usatoday.com","ABA Display","CTV Venti Package","Connected TV","","Pluto TV",1144910,"Netflix",7.49,"MDI1"
"ce440c82-80d3-42ac-af32-9e3c5cf37692","video_complete","usatoday.com","ABA Display","CTV Venti Package","Connected TV","","Pluto TV",1144910,"Netflix",7.49,"MDI1"
"ce440c82-80d3-42ac-af32-9e3c5cf37692","video_complete","usatoday.com","ABA Display","CTV Venti Package","Connected TV","","Pluto TV",1144910,"Netflix",7.49,"MDI1"
"ce440c82-80d3-42ac-af32-9e3c5cf37692","video_complete","usatoday.com","ABA Display","CTV Venti Package","Connected TV","","Pluto TV",1144910,"Netflix",7.49,"MDI1"
"c5caa783-a75b-46f3-b9b4-6b1a9698809c","video_complete","techcrunch.com","HighRise","Mobile Hover","Tablet","","",1144910,"Netflix",7.47,"MDI1"
"c5caa783-a75b-46f3-b9b4-6b1a9698809c","video_complete","techcrunch.com","HighRise","Mobile Hover","Tablet","","",1144910,"Netflix",7.47,"MDI1"
"c5caa783-a75b-46f3-b9b4-6b1a9698809c","video_complete","techcrunch.com","HighRise","Mobile Hover","Tablet","","",1144910,"Netflix",7.47,"MDI1"
"525ff73b-24fe-4deb-a6be-7420440e839b","click","tmz.com","Breakaway","Anchor w Video Package","Tablet","","Fubo TV",1144850,"Sephora",7.47,"MDI1"
"525ff73b-24fe-4deb-a6be-7420440e839b","click","tmz.com","Breakaway","Anchor w Video Package","Tablet","","Fubo TV",1144850,"Sephora",7.47,"MDI1"
"525ff73b-24fe-4deb-a6be-7420440e839b","click","tmz.com","Breakaway","Anchor w Video Package","Tablet","","Fubo TV",1144850,"Sephora",7.47,"MDI1"
"13bc9348-c40a-40b6-ba82-acf563201ab4","video_complete","forbes.com","Runway","Runway Premium","Connected TV","","Peacock",1144790,"Apple",7.47,"MDI1"
"54d92437-2d9b-465c-9a83-f131805fe42e","click","usatoday.com","HighRise","Runway Premium","Tablet","","",1144790,"Apple",7.47,"MDI1"
"07a3fc57-9a9e-4341-a1a8-cf2ec0752eec","video_load","tmz.com","Hover","Mobile Hover","Computer","Fire TV","",1144761,"Old Navy",7.5,"MDI1"
"07a3fc57-9a9e-4341-a1a8-cf2ec0752eec","video_load","tmz.com","Hover","Mobile Hover","Computer","Fire TV","",1144761,"Old Navy",7.5,"MDI1"
"07a3fc57-9a9e-4341-a1a8-cf2ec0752eec","video_load","tmz.com","Hover","Mobile Hover","Computer","Fire TV","",1144761,"Old Navy",7.5,"MDI1"
"ab54ec3a-dc4a-42a4-b258-c64bb9a00e58","click","people.com","HighRise","Breakaway Display","Connected TV","","",1144910,"Netflix",7.41,"MDI1"
"38affa61-a86c-4535-bda6-0c33588e85fd","video_start","tmz.com","Breakaway","Runway Premium","Computer","","Tubi",1144780,"CVS",7.4,"MDI1"
"38affa61-a86c-4535-bda6-0c33588e85fd","video_start","tmz.com","Breakaway","Runway Premium","Computer","","Tubi",1144780,"CVS",7.4,"MDI1"
"45704166-19ac-4b93-bff0-611362e16ca9","video_load","forbes.com","Hover","Mobile Hover","Phone","","",1144760,"Nike",7.41,"MDI1"
"01fbc227-e73a-4d19-9ca9-0f46ba29281a","video_complete","espn.com","Runway","Breakaway Display","Phone","","",1144760,"Nike",7.54,"MDI1"
"01fbc227-e73a-4d19-9ca9-0f46ba29281a","video_complete","espn.com","Runway","Breakaway Display","Phone","","",1144760,"Nike",7.54,"MDI1"
"f6fae011-e5d8-4b9f-8216-e6dd738e99aa","video_start","tmz.com","HighRise","CTV Venti Package","Phone","","",1144673,"Walmart Grocery",7.41,"MDI1"
"f6fae011-e5d8-4b9f-8216-e6dd738e99aa","video_start","tmz.com","HighRise","CTV Venti Package","Phone","","",1144673,"Walmart Grocery",7.41,"MDI1"
"4f48949d-6ba2-4de0-b0a1-9b1ada4b940d","impression","nytimes.com","Runway","Runway Premium","Connected TV","","",1144750,"Target",7.43,"MDI1"
"5558c00f-b90b-4e8a-97eb-b9292e17f664","video_thirdquartile","nytimes.com","Hover","Mobile Hover","Tablet","","Fubo TV",1144673,"Walmart Grocery",7.45,"MDI1"
"3ff45788-aae0-456d-b59a-1c537b2623ec","video_start","forbes.com","Breakaway","Anchor w Video Package","Tablet","Samsung TV","",1144722,"Chick-fil-A",7.5,"MDI1"
"e2c9c5c8-ba61-4d54-9fe0-5dd261b18e18","video_thirdquartile","buzzfeed.com","HighRise","Breakaway Display","Phone","","Peacock",1144760,"Nike",7.4,"MDI1"
"e2c9c5c8-ba61-4d54-9fe0-5dd261b18e18","video_thirdquartile","buzzfeed.com","HighRise","Breakaway Display","Phone","","Peacock",1144760,"Nike",7.4,"MDI1"
"e2c9c5c8-ba61-4d54-9fe0-5dd261b18e18","video_thirdquartile","buzzfeed.com","HighRise","Breakaway Display","Phone","","Peacock",1144760,"Nike",7.4,"MDI1"
"e2c9c5c8-ba61-4d54-9fe0-5dd261b18e18","video_thirdquartile","buzzfeed.com","HighRise","Breakaway Display","Phone","","Peacock",1144760,"Nike",7.4,"MDI1"
"f33dc67f-675e-42bd-83dd-a656327244e9","video_complete","nytimes.com","ABA Display","Anchor w Video Package","Tablet","","",1144761,"Old Navy",7.52,"MDI1"
"dcc06097-b4e9-4cbc-ad9a-d4d57078ede6","click","nytimes.com","Hover","Runway Premium","Connected TV","","",1144910,"Netflix",7.52,"MDI1"
"dcc06097-b4e9-4cbc-ad9a-d4d57078ede6","click","nytimes.com","Hover","Runway Premium","Connected TV","","",1144910,"Netflix",7.52,"MDI1"
"dcc06097-b4e9-4cbc-ad9a-d4d57078ede6","click","nytimes.com","Hover","Runway Premium","Connected TV","","",1144910,"Netflix",7.52,"MDI1"
"90d09d1f-694a-4db4-91a8-a7337f5f3596","click","forbes.com","ABA Display","Runway Premium","Connected TV","Fire TV","",1144721,"Starbucks",7.64,"MDI1"
"882d10c1-7dfc-4f89-9389-088558a5668e","impression","variety.com","Hover","Anchor w Video Package","Phone","","Tubi",1144721,"Starbucks",7.45,"MDI1"
"3d9f903f-77d6-45a7-9a1c-3aac0f4681ab","video_start","theverge.com","Venti","Runway Premium","Tablet","","",1144761,"Old Navy",7.5,"MDI1"
"17f0dad3-d80d-49c3-986a-e5a0e7d36f7d","click","people.com","Hover","Runway Premium","Tablet","","",1144673,"Walmart Grocery",7.52,"MDI1"
"5edcb46e-4fce-4534-a0e6-831c7933b097","video_midpoint","tmz.com","HighRise","Runway Premium","Connected TV","","",1144910,"Netflix",7.53,"MDI1"
"a55108f2-5b2e-4dde-b82f-1265264f3ab8","video_firstquartile","espn.com","Runway","Breakaway Display","Tablet","","",1144750,"Target",7.46,"MDI1"
"a55108f2-5b2e-4dde-b82f-1265264f3ab8","video_firstquartile","espn.com","Runway","Breakaway Display","Tablet","","",1144750,"Target",7.46,"MDI1"
"b2c80a31-faf7-468b-9f8d-5f5702de3abd","video_firstquartile","tmz.com","Venti","Mobile Hover","Computer","","Pluto TV",1144910,"Netflix",7.42,"MDI1"
"67ae45c4-fae8-423e-8ac2-b34bffbbdd59","impression","variety.com","HighRise","Breakaway Display","Connected TV","","",1144910,"Netflix",7.52,"MDI1"
"2f42e4b3-df06-4020-ba28-6df5b8eca089","impression","weather.com","HighRise","Middle Banner - Standard","Connected TV","","",1144673,"Walmart Grocery",7.39,"MDI1"
"2f42e4b3-df06-4020-ba28-6df5b8eca089","impression","weather.com","HighRise","Middle Banner - Standard","Connected TV","","",1144673,"Walmart Grocery",7.39,"MDI1"
"17daa04c-5614-4e3a-8604-2ec34ed9f857","impression","nytimes.com","Hover","Mobile Hover","Connected TV","Android TV","",1144910,"Netflix",7.52,"MDI1"
"78fbb88d-e2a9-42d5-923b-6acde7497a63","video_load","buzzfeed.com","Venti","Breakaway Display","Connected TV","LG Smart TV","",1144673,"Walmart Grocery",7.48,"MDI1"
"3f6ac597-8f9a-424a-8dfa-5c881661e760","video_firstquartile","weather.com","ABA Display","Breakaway Display","Tablet","Fire TV","",1144850,"Sephora",7.52,"MDI1"
"edb47bf1-a977-4b49-ac2c-ef76d403be1d","impression","tmz.com","Hover","Anchor w Video Package","Connected TV","Android TV","",1144910,"Netflix",7.6,"MDI1"
"f7b58c5c-1e9f-4a52-b891-53df038162bc","video_firstquartile","nytimes.com","Runway","Breakaway Display","Computer","LG Smart TV","",1144720,"McDonalds",7.47,"MDI1"
"f7b58c5c-1e9f-4a52-b891-53df038162bc","video_firstquartile","nytimes.com","Runway","Breakaway Display","Computer","LG Smart TV","",1144720,"McDonalds",7.47,"MDI1"
"f7b58c5c-1e9f-4a52-b891-53df038162bc","video_firstquartile","nytimes.com","Runway","Breakaway Display","Computer","LG Smart TV","",1144720,"McDonalds",7.47,"MDI1"
"4b5eef8d-5e9f-4b91-988f-215aa2fd9ae2","video_firstquartile","buzzfeed.com","Hover","Middle Banner - Standard","Connected TV","","",1144750,"Target",7.49,"MDI1"
"4b5eef8d-5e9f-4b91-988f-215aa2fd9ae2","video_firstquartile","buzzfeed.com","Hover","Middle Banner - Standard","Connected TV","","",1144750,"Target",7.49,"MDI1"
"fa8d8f54-dbc0-4cde-8284-f3802541b403","video_firstquartile","variety.com","ABA Display","CTV Venti Package","Connected TV","","",1144910,"Netflix",7.51,"MDI1"
"180eef64-c9f2-4b33-94d6-6ce681af3359","video_firstquartile","nytimes.com","HighRise","Mobile Hover","Phone","","Pluto TV",1144673,"Walmart Grocery",7.45,"MDI1"
"180eef64-c9f2-4b33-94d6-6ce681af3359","video_firstquartile","nytimes.com","HighRise","Mobile Hover","Phone","","Pluto TV",1144673,"Walmart Grocery",7.45,"MDI1"
"390a62b9-c5dd-4e6b-a9d5-07f04d3a77cc","video_start","nytimes.com","Runway","Middle Banner - Standard","Connected TV","Fire TV","",1144750,"Target",7.59,"MDI1"
"6c64e12d-87c0-4930-9e06-fc68442c6579","video_start","variety.com","ABA Display","Mobile Hover","Computer","","",1144800,"Home Depot",7.45,"MDI1"
"3a3130e2-548c-4027-86db-ec4200495f93","impression","forbes.com","Hover","CTV Venti Package","Tablet","","",1144850,"Sephora",7.43,"MDI1"
"69745062-adda-457e-a1e9-a6c790cce825","video_complete","techcrunch.com","Hover","Anchor w Video Package","Phone","","",1144761,"Old Navy",7.44,"MDI1"
"69745062-adda-457e-a1e9-a6c790cce825","video_complete","techcrunch.com","Hover","Anchor w Video Package","Phone","","",1144761,"Old Navy",7.44,"MDI1"
"4075dba7-04a8-4e25-8a29-2dc565430676","video_midpoint","people.com","Venti","CTV Venti Package","Phone","","",1144761,"Old Navy",7.44,"MDI1"
"4075dba7-04a8-4e25-8a29-2dc565430676","video_midpoint","people.com","Venti","CTV Venti Package","Phone","","",1144761,"Old Navy",7.44,"MDI1"
"0cf688b6-2d6e-4dbb-983a-398199c3b7f2","video_complete","nytimes.com","HighRise","Anchor w Video Package","Connected TV","","",1144850,"Sephora",7.55,"MDI1"
"0cf688b6-2d6e-4dbb-983a-398199c3b7f2","video_complete","nytimes.com","HighRise","Anchor w Video Package","Connected TV","","",1144850,"Sephora",7.55,"MDI1"
"d0165102-6f3e-41db-ae97-270744a05b62","video_thirdquartile","nytimes.com","Runway","Mobile Hover","Phone","","",1144721,"Starbucks",7.51,"MDI1"
"b7dcb24c-a405-4682-8652-8e5e5a00011b","video_thirdquartile","techcrunch.com","HighRise","CTV Venti Package","Phone","","",1144721,"Starbucks",7.43,"MDI1"
"b7dcb24c-a405-4682-8652-8e5e5a00011b","video_thirdquartile","techcrunch.com","HighRise","CTV Venti Package","Phone","","",1144721,"Starbucks",7.43,"MDI1"
"5878bba9-9d97-4116-81a1-d9bc093062df","impression","techcrunch.com","ABA Display","Mobile Hover","Tablet","","",1144720,"McDonalds",7.44,"MDI1"
"5878bba9-9d97-4116-81a1-d9bc093062df","impression","techcrunch.com","ABA Display","Mobile Hover","Tablet","","",1144720,"McDonalds",7.44,"MDI1"
"5878bba9-9d97-4116-81a1-d9bc093062df","impression","techcrunch.com","ABA Display","Mobile Hover","Tablet","","",1144720,"McDonalds",7.44,"MDI1"
"d3399550-4ea7-437e-bd2c-60f67caa8c69","video_load","techcrunch.com","ABA Display","Breakaway Display","Tablet","","",1144850,"Sephora",7.5,"MDI1"
"04f8a044-e6eb-4add-b1e1-076187f79fa9","video_load","usatoday.com","HighRise","CTV Venti Package","Tablet","","",1144761,"Old Navy",7.4,"MDI1"
"04f8a044-e6eb-4add-b1e1-076187f79fa9","video_load","usatoday.com","HighRise","CTV Venti Package","Tablet","","",1144761,"Old Navy",7.4,"MDI1"
"41f9fb90-ae49-41f0-ae9d-8d6c9d96f5bb","video_complete","cnn.com","Venti","Breakaway Display","Computer","","Pluto TV",1144750,"Target",7.51,"MDI1"
"33a7db39-d5a7-4858-8b61-177ee6654db7","video_complete","people.com","Breakaway","Middle Banner - Standard","Tablet","","",1144790,"Apple",7.51,"MDI1"
"33a7db39-d5a7-4858-8b61-177ee6654db7","video_complete","people.com","Breakaway","Middle Banner - Standard","Tablet","","",1144790,"Apple",7.51,"MDI1"
"33a7db39-d5a7-4858-8b61-177ee6654db7","video_complete","people.com","Breakaway","Middle Banner - Standard","Tablet","","",1144790,"Apple",7.51,"MDI1"
"a425e71f-2c9e-45e1-a993-f3ca4b29528a","video_load","cnn.com","Venti","CTV Venti Package","Connected TV","Apple TV","",1144800,"Home Depot",7.43,"MDI1"
"a425e71f-2c9e-45e1-a993-f3ca4b29528a","video_load","cnn.com","Venti","CTV Venti Package","Connected TV","Apple TV","",1144800,"Home Depot",7.43,"MDI1"
"986e1071-0083-45ac-8410-52a1ed605fd3","video_complete","techcrunch.com","ABA Display","Middle Banner - Standard","Computer","","",1144910,"Netflix",7.49,"MDI1"
"4e061c26-a652-4c70-af6a-a84ecf5f85ac","video_start","usatoday.com","Venti","Middle Banner - Standard","Phone","","",1144761,"Old Navy",7.48,"MDI1"
"bef40405-7af3-43a8-855c-239aaf4c9ad6","impression","variety.com","ABA Display","CTV Venti Package","Connected TV","","",1144673,"Walmart Grocery",7.54,"MDI1"
"bef40405-7af3-43a8-855c-239aaf4c9ad6","impression","variety.com","ABA Display","CTV Venti Package","Connected TV","","",1144673,"Walmart Grocery",7.54,"MDI1"
"90647e0a-7f06-45dc-bc9c-78fa92de58fd","video_start","forbes.com","Breakaway","Middle Banner - Standard","Computer","Roku","Paramount+",1144750,"Target",7.4,"MDI1"
"168cf3ce-0618-4b4f-a98b-826a6420182a","impression","espn.com","Runway","Middle Banner - Standard","Phone","","",1144910,"Netflix",7.44,"MDI1"
"5b8b4571-166b-4328-8b55-106c0c390c2c","video_firstquartile","weather.com","ABA Display","Breakaway Display","Connected TV","","",1144780,"CVS",7.41,"MDI1"
"b7a77e73-ce2e-468e-ab49-57e5aa29dd8a","video_start","usatoday.com","Venti","Middle Banner - Standard","Phone","Android TV","",1144760,"Nike",7.56,"MDI1"
"3c18d311-8b81-4157-bfd3-6a112be6eaef","video_midpoint","forbes.com","HighRise","Runway Premium","Computer","","Fubo TV",1144850,"Sephora",7.45,"MDI1"
"2c933af2-d911-450d-8f70-85d3b9816341","video_thirdquartile","variety.com","ABA Display","Middle Banner - Standard","Connected TV","","",1144760,"Nike",7.45,"MDI1"
"2c933af2-d911-450d-8f70-85d3b9816341","video_thirdquartile","variety.com","ABA Display","Middle Banner - Standard","Connected TV","","",1144760,"Nike",7.45,"MDI1"
"7b170dda-fbed-453a-b740-81ea85735626","video_firstquartile","variety.com","Hover","CTV Venti Package","Phone","","",1144722,"Chick-fil-A",7.41,"MDI1"
"2ad46f05-fdfd-4e49-9b20-58fb83d4273b","video_complete","people.com","Breakaway","Mobile Hover","Tablet","","",1144780,"CVS",7.44,"MDI1"
"2ad46f05-fdfd-4e49-9b20-58fb83d4273b","video_complete","people.com","Breakaway","Mobile Hover","Tablet","","",1144780,"CVS",7.44,"MDI1"
"2ad46f05-fdfd-4e49-9b20-58fb83d4273b","video_complete","people.com","Breakaway","Mobile Hover","Tablet","","",1144780,"CVS",7.44,"MDI1"
"83de57a6-adc8-43b7-9c26-5e2554948b24","click","tmz.com","ABA Display","Anchor w Video Package","Phone","","",1144910,"Netflix",7.48,"MDI1"
"f0dd8fc1-ab28-404c-be7c-91afc730fa49","video_firstquartile","usatoday.com","HighRise","CTV Venti Package","Tablet","","",1144760,"Nike",7.44,"MDI1"
"f0dd8fc1-ab28-404c-be7c-91afc730fa49","video_firstquartile","usatoday.com","HighRise","CTV Venti Package","Tablet","","",1144760,"Nike",7.44,"MDI1"
"0690b1e3-0465-480c-86eb-bf8423e4fb2c","impression","forbes.com","Runway","Anchor w Video Package","Connected TV","","",1144750,"Target",7.43,"MDI1"
"0690b1e3-0465-480c-86eb-bf8423e4fb2c","impression","forbes.com","Runway","Anchor w Video Package","Connected TV","","",1144750,"Target",7.43,"MDI1"
"0690b1e3-0465-480c-86eb-bf8423e4fb2c","impression","forbes.com","Runway","Anchor w Video Package","Connected TV","","",1144750,"Target",7.43,"MDI1"
"014f0d3a-1311-4cc7-a53a-cd183c25c1ce","video_thirdquartile","people.com","ABA Display","CTV Venti Package","Computer","Roku","",1144721,"Starbucks",7.42,"MDI1"
"014f0d3a-1311-4cc7-a53a-cd183c25c1ce","video_thirdquartile","people.com","ABA Display","CTV Venti Package","Computer","Roku","",1144721,"Starbucks",7.42,"MDI1"
"ea4360fe-2264-485c-89a0-540f313ac77a","video_midpoint","forbes.com","Breakaway","Runway Premium","Phone","Fire TV","",1144790,"Apple",7.59,"MDI1"
"ea4360fe-2264-485c-89a0-540f313ac77a","video_midpoint","forbes.com","Breakaway","Runway Premium","Phone","Fire TV","",1144790,"Apple",7.59,"MDI1"
"ea4360fe-2264-485c-89a0-540f313ac77a","video_midpoint","forbes.com","Breakaway","Runway Premium","Phone","Fire TV","",1144790,"Apple",7.59,"MDI1"
"ea4360fe-2264-485c-89a0-540f313ac77a","video_midpoint","forbes.com","Breakaway","Runway Premium","Phone","Fire TV","",1144790,"Apple",7.59,"MDI1"
"616926a2-7a98-4df2-bcf0-50d4cf56bdff","video_start","espn.com","Runway","Runway Premium","Computer","LG Smart TV","",1144850,"Sephora",7.43,"MDI1"
"616926a2-7a98-4df2-bcf0-50d4cf56bdff","video_start","espn.com","Runway","Runway Premium","Computer","LG Smart TV","",1144850,"Sephora",7.43,"MDI1"
"7602fb9c-bb5b-4d0e-a442-518cae5a187e","impression","buzzfeed.com","Hover","Breakaway Display","Phone","","",1144721,"Starbucks",7.41,"MDI1"
"b0a759c0-87c3-4320-add3-8627d7161c05","click","weather.com","Runway","Runway Premium","Connected TV","","",1144720,"McDonalds",7.43,"MDI1"
"b0a759c0-87c3-4320-add3-8627d7161c05","click","weather.com","Runway","Runway Premium","Connected TV","","",1144720,"McDonalds",7.43,"MDI1"
"ba83f838-caf4-4bdc-95cd-d2baada420e8","video_load","weather.com","Hover","Mobile Hover","Tablet","","",1144850,"Sephora",7.45,"MDI1"
"ba83f838-caf4-4bdc-95cd-d2baada420e8","video_load","weather.com","Hover","Mobile Hover","Tablet","","",1144850,"Sephora",7.45,"MDI1"
"ba83f838-caf4-4bdc-95cd-d2baada420e8","video_load","weather.com","Hover","Mobile Hover","Tablet","","",1144850,"Sephora",7.45,"MDI1"
"389c63c4-a29f-4d65-9f65-b9d334888ebf","video_midpoint","buzzfeed.com","Hover","Breakaway Display","Connected TV","Roku","",1144721,"Starbucks",7.46,"MDI1"
"6bfac49a-a82b-4f5a-adb1-2d1efc3320cd","impression","variety.com","Breakaway","Runway Premium","Connected TV","","",1144750,"Target",7.42,"MDI1"
"588b991b-0266-4a03-b4d4-67c2f0d568e8","impression","buzzfeed.com","Runway","Runway Premium","Tablet","","",1144720,"McDonalds",7.47,"MDI1"
"588b991b-0266-4a03-b4d4-67c2f0d568e8","impression","buzzfeed.com","Runway","Runway Premium","Tablet","","",1144720,"McDonalds",7.47,"MDI1"
"f3351217-af50-4e48-bc19-35a6fddc4fc2","impression","buzzfeed.com","ABA Display","Breakaway Display","Phone","","",1144910,"Netflix",7.5,"MDI1"
"b3113350-0d2c-4e4b-b26f-c41efef3e7a8","impression","forbes.com","Breakaway","Middle Banner - Standard","Connected TV","","",1144720,"McDonalds",7.42,"MDI1"
"da9f7725-2722-4a48-901c-1558496b5626","impression","variety.com","HighRise","Mobile Hover","Connected TV","","",1144910,"Netflix",7.4,"MDI1"
"da9f7725-2722-4a48-901c-1558496b5626","impression","variety.com","HighRise","Mobile Hover","Connected TV","","",1144910,"Netflix",7.4,"MDI1"
"5dd4a935-fbcb-4120-939a-4d87ede43914","impression","buzzfeed.com","Runway","Anchor w Video Package","Connected TV","","",1144750,"Target",7.43,"MDI1"
"be39f675-7e6a-4397-bfe1-b93cc2e253bc","impression","tmz.com","Runway","Runway Premium","Phone","Roku","",1144760,"Nike",7.46,"MDI1"
"be39f675-7e6a-4397-bfe1-b93cc2e253bc","impression","tmz.com","Runway","Runway Premium","Phone","Roku","",1144760,"Nike",7.46,"MDI1"
"3942121d-b83e-4d9e-bd02-dd9be706c969","video_complete","buzzfeed.com","Hover","Middle Banner - Standard","Computer","","Pluto TV",1144722,"Chick-fil-A",7.5,"MDI1"
"29e8ecb9-34b1-4371-8aad-1bc96a5a7972","impression","tmz.com","Venti","Middle Banner - Standard","Computer","","",1144780,"CVS",7.43,"MDI1"
"6214bedd-a34e-4a6d-be89-f82fa4f313d4","impression","usatoday.com","Hover","Runway Premium","Phone","","",1144722,"Chick-fil-A",7.47,"MDI1"
"f1ef6efc-2bd8-4e69-9fbd-4c4b53f4f91f","click","buzzfeed.com","Breakaway","Middle Banner - Standard","Computer","","",1144673,"Walmart Grocery",7.42,"MDI1"
"f1ef6efc-2bd8-4e69-9fbd-4c4b53f4f91f","click","buzzfeed.com","Breakaway","Middle Banner - Standard","Computer","","",1144673,"Walmart Grocery",7.42,"MDI1"
"828bdfcb-2ee1-49ab-91b5-8f60820b7884","impression","techcrunch.com","ABA Display","CTV Venti Package","Connected TV","","",1144800,"Home Depot",7.42,"MDI1"
"63db55d2-e1a7-4cd5-8516-f6af216d24e6","video_midpoint","weather.com","HighRise","Breakaway Display","Connected TV","","",1144721,"Starbucks",7.52,"MDI1"
"63db55d2-e1a7-4cd5-8516-f6af216d24e6","video_midpoint","weather.com","HighRise","Breakaway Display","Connected TV","","",1144721,"Starbucks",7.52,"MDI1"
"63db55d2-e1a7-4cd5-8516-f6af216d24e6","video_midpoint","weather.com","HighRise","Breakaway Display","Connected TV","","",1144721,"Starbucks",7.52,"MDI1"
"95884d18-d694-4ed5-bea0-2583d6a3c6c7","video_complete","buzzfeed.com","Breakaway","Mobile Hover","Computer","","Fubo TV",1144850,"Sephora",7.39,"MDI1"
"95884d18-d694-4ed5-bea0-2583d6a3c6c7","video_complete","buzzfeed.com","Breakaway","Mobile Hover","Computer","","Fubo TV",1144850,"Sephora",7.39,"MDI1"
"ce664302-2b77-4942-8d58-c305de10090f","video_load","variety.com","ABA Display","Mobile Hover","Tablet","Samsung TV","",1144722,"Chick-fil-A",7.48,"MDI1"
"3e0d2695-0f74-44d6-9a14-644dd5a9e1c4","video_complete","usatoday.com","ABA Display","Anchor w Video Package","Tablet","Android TV","",1144720,"McDonalds",7.42,"MDI1"
"fe342dce-d532-4490-89d1-beeafc506fd3","click","cnn.com","Breakaway","Mobile Hover","Tablet","","",1144790,"Apple",7.48,"MDI1"
"fe342dce-d532-4490-89d1-beeafc506fd3","click","cnn.com","Breakaway","Mobile Hover","Tablet","","",1144790,"Apple",7.48,"MDI1"
"fe342dce-d532-4490-89d1-beeafc506fd3","click","cnn.com","Breakaway","Mobile Hover","Tablet","","",1144790,"Apple",7.48,"MDI1"
"c4f3eedb-c5a6-4fc0-aced-03ea563cd231","video_start","cnn.com","Runway","Breakaway Display","Tablet","","Fubo TV",1144673,"Walmart Grocery",7.45,"MDI1"
"b6b3d2d7-8201-415e-b1c5-7abde4b337cc","video_complete","espn.com","Hover","Breakaway Display","Connected TV","","Paramount+",1144721,"Starbucks",7.39,"MDI1"
"c0c0a049-8c79-45f1-b250-26d9a4c60fde","video_midpoint","theverge.com","Breakaway","CTV Venti Package","Connected TV","","",1144910,"Netflix",7.45,"MDI1"
"c0c0a049-8c79-45f1-b250-26d9a4c60fde","video_midpoint","theverge.com","Breakaway","CTV Venti Package","Connected TV","","",1144910,"Netflix",7.45,"MDI1"
"8db79408-5bfa-4642-9bc7-428557a0ef72","impression","techcrunch.com","Runway","Runway Premium","Tablet","Samsung TV","",1144800,"Home Depot",7.49,"MDI1"
"6fc673bb-2e25-4b6b-9364-7635ac4c78c9","click","weather.com","Hover","Middle Banner - Standard","Computer","","",1144722,"Chick-fil-A",7.45,"MDI1"
"4bdd986f-b536-42a3-9b40-c13212354e99","video_firstquartile","usatoday.com","Runway","Mobile Hover","Phone","","",1144760,"Nike",7.51,"MDI1"
"662b3b7f-acb7-44d2-90e8-0700ebb80bf0","video_start","tmz.com","HighRise","Breakaway Display","Tablet","Samsung TV","",1144910,"Netflix",7.43,"MDI1"
"662b3b7f-acb7-44d2-90e8-0700ebb80bf0","video_start","tmz.com","HighRise","Breakaway Display","Tablet","Samsung TV","",1144910,"Netflix",7.43,"MDI1"
"52eb5318-17e1-4f66-a3e1-d448352721a7","video_thirdquartile","usatoday.com","ABA Display","Anchor w Video Package","Computer","","",1144780,"CVS",7.47,"MDI1"
"52eb5318-17e1-4f66-a3e1-d448352721a7","video_thirdquartile","usatoday.com","ABA Display","Anchor w Video Package","Computer","","",1144780,"CVS",7.47,"MDI1"
"9bda8034-0342-4f4a-b401-67dc7d96e6cb","video_load","espn.com","ABA Display","Mobile Hover","Computer","","Peacock",1144800,"Home Depot",7.46,"MDI1"
"9bda8034-0342-4f4a-b401-67dc7d96e6cb","video_load","espn.com","ABA Display","Mobile Hover","Computer","","Peacock",1144800,"Home Depot",7.46,"MDI1"
"1dbf12dc-f215-4d47-8190-f31817591182","video_start","forbes.com","ABA Display","Mobile Hover","Tablet","","",1144910,"Netflix",7.4,"MDI1"
"1dbf12dc-f215-4d47-8190-f31817591182","video_start","forbes.com","ABA Display","Mobile Hover","Tablet","","",1144910,"Netflix",7.4,"MDI1"
"c9d38bd1-ad02-4756-ba98-8e830551ce17","video_load","nytimes.com","Breakaway","Mobile Hover","Connected TV","","",1144761,"Old Navy",7.54,"MDI1"
"c9d38bd1-ad02-4756-ba98-8e830551ce17","video_load","nytimes.com","Breakaway","Mobile Hover","Connected TV","","",1144761,"Old Navy",7.54,"MDI1"
"2ba14f8a-48ff-4264-a5d0-7131c602bda0","video_complete","usatoday.com","Breakaway","Breakaway Display","Phone","","",1144720,"McDonalds",7.4,"MDI1"
"2ba14f8a-48ff-4264-a5d0-7131c602bda0","video_complete","usatoday.com","Breakaway","Breakaway Display","Phone","","",1144720,"McDonalds",7.4,"MDI1"
"60e122ef-920b-4b8c-a0ba-f4aa2fb0e08b","video_complete","tmz.com","Runway","Breakaway Display","Computer","","",1144910,"Netflix",7.45,"MDI1"
"70c8b74e-462b-476e-b4ef-09ed5e127255","video_firstquartile","forbes.com","ABA Display","Middle Banner - Standard","Connected TV","LG Smart TV","",1144760,"Nike",7.5,"MDI1"
"20276f7f-ced8-4412-8f99-85ff08ef6f8d","click","buzzfeed.com","ABA Display","Middle Banner - Standard","Phone","","",1144760,"Nike",7.58,"MDI1"
"20276f7f-ced8-4412-8f99-85ff08ef6f8d","click","buzzfeed.com","ABA Display","Middle Banner - Standard","Phone","","",1144760,"Nike",7.58,"MDI1"
"f62a0efa-be2c-4f05-992a-277180b0ce9c","video_firstquartile","people.com","Venti","Mobile Hover","Computer","","",1144720,"McDonalds",7.44,"MDI1"
"f62a0efa-be2c-4f05-992a-277180b0ce9c","video_firstquartile","people.com","Venti","Mobile Hover","Computer","","",1144720,"McDonalds",7.44,"MDI1"
"f62a0efa-be2c-4f05-992a-277180b0ce9c","video_firstquartile","people.com","Venti","Mobile Hover","Computer","","",1144720,"McDonalds",7.44,"MDI1"
"ff1118ed-53f4-4c36-b0ae-5efd8e4f24fa","video_start","theverge.com","HighRise","Runway Premium","Computer","","",1144790,"Apple",7.4,"MDI1"
"fe2147f1-6561-4c03-8446-c824e1767bd3","impression","people.com","Venti","Breakaway Display","Connected TV","","",1144780,"CVS",7.4,"MDI1"
"69ba8056-6da1-4fbc-bbd0-1b69ccadaa0a","video_firstquartile","people.com","Venti","Runway Premium","Connected TV","Roku","",1144800,"Home Depot",7.54,"MDI1"
"0ed4e585-e072-4355-8606-e2a91fa3ad3f","click","variety.com","ABA Display","CTV Venti Package","Phone","","",1144673,"Walmart Grocery",7.4,"MDI1"
"412a4a0c-59eb-4c67-a87f-c6e03450788b","video_start","espn.com","ABA Display","Runway Premium","Phone","","",1144673,"Walmart Grocery",7.49,"MDI1"
"412a4a0c-59eb-4c67-a87f-c6e03450788b","video_start","espn.com","ABA Display","Runway Premium","Phone","","",1144673,"Walmart Grocery",7.49,"MDI1"
"bee9c6fb-7c60-4bfa-9f2f-d702d3f51310","impression","tmz.com","Venti","Breakaway Display","Phone","","",1144673,"Walmart Grocery",7.41,"MDI1"
"bee9c6fb-7c60-4bfa-9f2f-d702d3f51310","impression","tmz.com","Venti","Breakaway Display","Phone","","",1144673,"Walmart Grocery",7.41,"MDI1"
"bee9c6fb-7c60-4bfa-9f2f-d702d3f51310","impression","tmz.com","Venti","Breakaway Display","Phone","","",1144673,"Walmart Grocery",7.41,"MDI1"
"bee9c6fb-7c60-4bfa-9f2f-d702d3f51310","impression","tmz.com","Venti","Breakaway Display","Phone","","",1144673,"Walmart Grocery",7.41,"MDI1"
"8aff92c8-27c5-45fe-83e4-3a9b3bab6bfe","video_start","tmz.com","Breakaway","Mobile Hover","Phone","","",1144760,"Nike",7.43,"MDI1"
"8aff92c8-27c5-45fe-83e4-3a9b3bab6bfe","video_start","tmz.com","Breakaway","Mobile Hover","Phone","","",1144760,"Nike",7.43,"MDI1"
"8aff92c8-27c5-45fe-83e4-3a9b3bab6bfe","video_start","tmz.com","Breakaway","Mobile Hover","Phone","","",1144760,"Nike",7.43,"MDI1"
"8aff92c8-27c5-45fe-83e4-3a9b3bab6bfe","video_start","tmz.com","Breakaway","Mobile Hover","Phone","","",1144760,"Nike",7.43,"MDI1"
"277d529b-69be-4542-90fb-6275d12bac83","impression","buzzfeed.com","Venti","Mobile Hover","Tablet","","",1144750,"Target",7.42,"MDI1"
"763bb0ed-7a1f-48b8-a5ef-7c10904d1ec2","video_start","nytimes.com","ABA Display","Anchor w Video Package","Connected TV","","Fubo TV",1144800,"Home Depot",7.48,"MDI1"
"6d83a91b-4a74-4d08-bcba-b6ec283e2f08","impression","people.com","ABA Display","CTV Venti Package","Phone","","",1144722,"Chick-fil-A",7.45,"MDI1"
"cdb233bb-fd90-441f-be57-0f9d7e89a9dd","video_start","forbes.com","Hover","Mobile Hover","Tablet","","",1144673,"Walmart Grocery",7.49,"MDI1"
"7e33d1bf-8bd1-4af0-8e84-7f5db3875390","video_thirdquartile","tmz.com","ABA Display","CTV Venti Package","Phone","Roku","Peacock",1144760,"Nike",7.53,"MDI1"
"16398a12-0a77-4ebf-b3c3-016165c68892","video_firstquartile","forbes.com","ABA Display","Middle Banner - Standard","Connected TV","","",1144722,"Chick-fil-A",7.48,"MDI1"
"bda978c3-bd8e-49cc-919a-d6dab2b7293e","impression","techcrunch.com","HighRise","Breakaway Display","Computer","","",1144790,"Apple",7.4,"MDI1"
"bda978c3-bd8e-49cc-919a-d6dab2b7293e","impression","techcrunch.com","HighRise","Breakaway Display","Computer","","",1144790,"Apple",7.4,"MDI1"
"10cae050-c29f-4a9e-ba74-e7c7c0d3343c","click","techcrunch.com","Breakaway","Runway Premium","Tablet","","",1144760,"Nike",7.56,"MDI1"
"10cae050-c29f-4a9e-ba74-e7c7c0d3343c","click","techcrunch.com","Breakaway","Runway Premium","Tablet","","",1144760,"Nike",7.56,"MDI1"
"eee54e7e-d8ce-4244-823b-d8143d58fb7a","impression","forbes.com","Runway","Breakaway Display","Tablet","","",1144750,"Target",7.46,"MDI1"
"03f75883-e413-4e1b-92c8-893fa40c9137","video_complete","variety.com","Runway","CTV Venti Package","Connected TV","","",1144721,"Starbucks",7.51,"MDI1"
"83e64e2b-b24a-4e09-b2a7-ea3e8402671f","impression","espn.com","Runway","Mobile Hover","Tablet","","Peacock",1144720,"McDonalds",7.41,"MDI1"
"9b23f43c-48b0-4191-9692-219b152f7bb6","video_load","nytimes.com","ABA Display","Mobile Hover","Connected TV","","",1144800,"Home Depot",7.53,"MDI1"
"b972b320-09cd-48ad-b203-76e34824490c","video_firstquartile","espn.com","HighRise","Mobile Hover","Tablet","","",1144910,"Netflix",7.47,"MDI1"
"b972b320-09cd-48ad-b203-76e34824490c","video_firstquartile","espn.com","HighRise","Mobile Hover","Tablet","","",1144910,"Netflix",7.47,"MDI1"
"a7848a24-89a0-42e3-91b8-d7f4e364d70a","video_complete","theverge.com","Hover","Anchor w Video Package","Connected TV","","Peacock",1144750,"Target",7.63,"MDI1"
"4e1d0d57-4cda-405c-83c8-70a1a0f666d9","video_load","theverge.com","HighRise","Mobile Hover","Phone","","",1144790,"Apple",7.41,"MDI1"
"4f1ece3d-edbd-49f2-99b3-99143e49138a","video_midpoint","techcrunch.com","ABA Display","Anchor w Video Package","Computer","LG Smart TV","",1144780,"CVS",7.4,"MDI1"
"e2e110cb-1680-4d9a-b8e7-c2cf8e438870","impression","variety.com","HighRise","CTV Venti Package","Computer","","",1144761,"Old Navy",7.4,"MDI1"
"e2e110cb-1680-4d9a-b8e7-c2cf8e438870","impression","variety.com","HighRise","CTV Venti Package","Computer","","",1144761,"Old Navy",7.4,"MDI1"
"43bd03ea-611d-43de-9c24-1d409cc3b9b9","video_start","usatoday.com","ABA Display","Mobile Hover","Connected TV","","Fubo TV",1144800,"Home Depot",7.41,"MDI1"
"43bd03ea-611d-43de-9c24-1d409cc3b9b9","video_start","usatoday.com","ABA Display","Mobile Hover","Connected TV","","Fubo TV",1144800,"Home Depot",7.41,"MDI1"
"9623d5ef-6804-46d6-8c41-adebb42e81b7","video_start","tmz.com","Venti","Runway Premium","Tablet","","",1144750,"Target",7.5,"MDI1"
"f70a6dfa-ad9d-4d10-8271-3dd51dcfb92d","click","tmz.com","Breakaway","CTV Venti Package","Tablet","","",1144673,"Walmart Grocery",7.4,"MDI1"
"79980ea1-764f-4558-ba0d-aa02906f2b4b","video_start","usatoday.com","Breakaway","Mobile Hover","Tablet","Apple TV","",1144780,"CVS",7.48,"MDI1"
"79980ea1-764f-4558-ba0d-aa02906f2b4b","video_start","usatoday.com","Breakaway","Mobile Hover","Tablet","Apple TV","",1144780,"CVS",7.48,"MDI1"
"97e26b2f-f0fe-4c37-8311-3ae27ca5dc53","video_thirdquartile","forbes.com","ABA Display","CTV Venti Package","Phone","","",1144761,"Old Navy",7.4,"MDI1"
"8711b3f5-5757-4880-98d3-1cf1b158b9cd","impression","nytimes.com","Runway","Mobile Hover","Connected TV","","",1144760,"Nike",7.43,"MDI1"
"8711b3f5-5757-4880-98d3-1cf1b158b9cd","impression","nytimes.com","Runway","Mobile Hover","Connected TV","","",1144760,"Nike",7.43,"MDI1"
"af678753-04b0-4d91-bbda-fccdc082fd5e","video_thirdquartile","weather.com","Venti","Breakaway Display","Connected TV","","Tubi",1144780,"CVS",7.53,"MDI1"
"af678753-04b0-4d91-bbda-fccdc082fd5e","video_thirdquartile","weather.com","Venti","Breakaway Display","Connected TV","","Tubi",1144780,"CVS",7.53,"MDI1"
"71482065-a52c-4a17-ba04-fca732221f2a","video_start","buzzfeed.com","Runway","Anchor w Video Package","Phone","Roku","",1144760,"Nike",7.47,"MDI1"
"b073c033-0904-49fc-929e-35d3d9f9f079","video_firstquartile","cnn.com","Venti","Middle Banner - Standard","Connected TV","Samsung TV","",1144850,"Sephora",7.47,"MDI1"
"6bd81b63-d3f1-4aaf-8ab2-dab91c1adc83","click","people.com","ABA Display","Breakaway Display","Tablet","Roku","",1144850,"Sephora",7.43,"MDI1"
"0511ff79-0c65-4e9e-a4c2-3418542b7589","impression","espn.com","Runway","Runway Premium","Phone","","",1144721,"Starbucks",7.47,"MDI1"
"55e267bc-e07d-44ca-b2a0-21bf8551fd57","video_firstquartile","espn.com","Venti","CTV Venti Package","Computer","","",1144761,"Old Navy",7.46,"MDI1"
"55e267bc-e07d-44ca-b2a0-21bf8551fd57","video_firstquartile","espn.com","Venti","CTV Venti Package","Computer","","",1144761,"Old Navy",7.46,"MDI1"
"55e267bc-e07d-44ca-b2a0-21bf8551fd57","video_firstquartile","espn.com","Venti","CTV Venti Package","Computer","","",1144761,"Old Navy",7.46,"MDI1"
"9decb0f9-e4c2-4bc9-90f8-ae3a2a0b7c2a","video_complete","theverge.com","Breakaway","Breakaway Display","Connected TV","","",1144761,"Old Navy",7.61,"MDI1"
"9decb0f9-e4c2-4bc9-90f8-ae3a2a0b7c2a","video_complete","theverge.com","Breakaway","Breakaway Display","Connected TV","","",1144761,"Old Navy",7.61,"MDI1"
"127a1f79-eac7-42fa-bfce-d40822b53b2d","video_midpoint","nytimes.com","Breakaway","Mobile Hover","Computer","","",1144850,"Sephora",7.46,"MDI1"
"127a1f79-eac7-42fa-bfce-d40822b53b2d","video_midpoint","nytimes.com","Breakaway","Mobile Hover","Computer","","",1144850,"Sephora",7.46,"MDI1"
"127a1f79-eac7-42fa-bfce-d40822b53b2d","video_midpoint","nytimes.com","Breakaway","Mobile Hover","Computer","","",1144850,"Sephora",7.46,"MDI1"
"b4d85db2-f26c-410c-a3cd-8895a6bec669","impression","techcrunch.com","Breakaway","Runway Premium","Connected TV","","",1144761,"Old Navy",7.51,"MDI1"
"495d56ea-88ad-4b6f-9f2c-06e22f987097","impression","variety.com","Venti","Breakaway Display","Computer","","",1144720,"McDonalds",7.4,"MDI1"
"495d56ea-88ad-4b6f-9f2c-06e22f987097","impression","variety.com","Venti","Breakaway Display","Computer","","",1144720,"McDonalds",7.4,"MDI1"
"b3b20544-4bb3-48f4-a559-7975e14f6a32","video_complete","people.com","Hover","Anchor w Video Package","Phone","","",1144850,"Sephora",7.56,"MDI1"
"fc1b9d79-70c5-4313-976c-cf93d93d9c9e","video_complete","nytimes.com","Hover","Middle Banner - Standard","Connected TV","","",1144760,"Nike",7.39,"MDI1"
"e5a91397-f98b-4df6-907b-e3496055710d","video_load","theverge.com","Hover","Runway Premium","Tablet","","",1144750,"Target",7.48,"MDI1"
"a28f6601-b982-44f0-ba37-97ef8009b790","click","weather.com","HighRise","Breakaway Display","Connected TV","","Pluto TV",1144800,"Home Depot",7.48,"MDI1"
"a28f6601-b982-44f0-ba37-97ef8009b790","click","weather.com","HighRise","Breakaway Display","Connected TV","","Pluto TV",1144800,"Home Depot",7.48,"MDI1"
"5d013e1c-cc76-46d2-9981-9bd670055be6","video_start","buzzfeed.com","Breakaway","CTV Venti Package","Computer","","",1144790,"Apple",7.44,"MDI1"
"3a749f30-07d0-4530-ad31-7ae257211715","video_midpoint","weather.com","Venti","Middle Banner - Standard","Computer","","",1144750,"Target",7.48,"MDI1"
"3a749f30-07d0-4530-ad31-7ae257211715","video_midpoint","weather.com","Venti","Middle Banner - Standard","Computer","","",1144750,"Target",7.48,"MDI1"
"3a749f30-07d0-4530-ad31-7ae257211715","video_midpoint","weather.com","Venti","Middle Banner - Standard","Computer","","",1144750,"Target",7.48,"MDI1"
"61a3cfc1-88dd-4824-9cf5-29132fcf422a","impression","cnn.com","Venti","Anchor w Video Package","Phone","Samsung TV","Paramount+",1144761,"Old Navy",7.39,"MDI1"
"61a3cfc1-88dd-4824-9cf5-29132fcf422a","impression","cnn.com","Venti","Anchor w Video Package","Phone","Samsung TV","Paramount+",1144761,"Old Navy",7.39,"MDI1"
"13942096-e7ca-4c23-84e8-80357ad8a24a","video_firstquartile","cnn.com","Runway","CTV Venti Package","Connected TV","Android TV","",1144850,"Sephora",7.39,"MDI1"
"13942096-e7ca-4c23-84e8-80357ad8a24a","video_firstquartile","cnn.com","Runway","CTV Venti Package","Connected TV","Android TV","",1144850,"Sephora",7.39,"MDI1"
"1ee08cc8-f7f9-420a-a4eb-ee7bfa2b7a53","click","tmz.com","HighRise","Anchor w Video Package","Connected TV","","",1144673,"Walmart Grocery",7.44,"MDI1"
"15d577e7-296a-44ad-86ef-7af574baf3d0","impression","tmz.com","Venti","Anchor w Video Package","Connected TV","","",1144673,"Walmart Grocery",7.47,"MDI1"
"c39e4c8c-4858-488e-a7bd-91867c03e493","click","people.com","Runway","Breakaway Display","Connected TV","","",1144760,"Nike",7.59,"MDI1"
"c39e4c8c-4858-488e-a7bd-91867c03e493","click","people.com","Runway","Breakaway Display","Connected TV","","",1144760,"Nike",7.59,"MDI1"
"4af826ba-5d03-47fc-8182-8afb4b7b7d3f","video_start","espn.com","Venti","Anchor w Video Package","Phone","","Tubi",1144760,"Nike",7.45,"MDI1"
"7cefd1d8-06da-4dae-bb31-3aeca7d1bbca","video_start","usatoday.com","HighRise","Runway Premium","Computer","","Peacock",1144760,"Nike",7.39,"MDI1"
"cd17186f-debc-434c-957c-d81415977b15","click","forbes.com","Venti","Middle Banner - Standard","Computer","","",1144722,"Chick-fil-A",7.41,"MDI1"
"c9bbe543-758a-4bcc-bfcf-77cef2631702","video_start","techcrunch.com","HighRise","Mobile Hover","Connected TV","","Paramount+",1144760,"Nike",7.48,"MDI1"
"c9bbe543-758a-4bcc-bfcf-77cef2631702","video_start","techcrunch.com","HighRise","Mobile Hover","Connected TV","","Paramount+",1144760,"Nike",7.48,"MDI1"
"03e336ee-7cc0-4718-aa95-03313a34a413","click","techcrunch.com","Venti","CTV Venti Package","Computer","LG Smart TV","",1144760,"Nike",7.43,"MDI1"
"35338710-6279-4998-a2fe-6892c748e5d1","video_firstquartile","techcrunch.com","ABA Display","CTV Venti Package","Phone","","Pluto TV",1144760,"Nike",7.49,"MDI1"
"35338710-6279-4998-a2fe-6892c748e5d1","video_firstquartile","techcrunch.com","ABA Display","CTV Venti Package","Phone","","Pluto TV",1144760,"Nike",7.49,"MDI1"
"54fa4c74-de42-41a1-a306-a62978472c6e","video_load","theverge.com","Breakaway","Runway Premium","Connected TV","","",1144722,"Chick-fil-A",7.44,"MDI1"
"54fa4c74-de42-41a1-a306-a62978472c6e","video_load","theverge.com","Breakaway","Runway Premium","Connected TV","","",1144722,"Chick-fil-A",7.44,"MDI1"
"4c200701-39e3-4d6f-810e-b1cef1eb8a85","impression","cnn.com","ABA Display","CTV Venti Package","Connected TV","Android TV","Fubo TV",1144850,"Sephora",7.53,"MDI1"
"4c200701-39e3-4d6f-810e-b1cef1eb8a85","impression","cnn.com","ABA Display","CTV Venti Package","Connected TV","Android TV","Fubo TV",1144850,"Sephora",7.53,"MDI1"
"2392f400-e21d-4530-95f9-478360379a48","impression","usatoday.com","HighRise","Anchor w Video Package","Phone","","Paramount+",1144800,"Home Depot",7.41,"MDI1"
"2392f400-e21d-4530-95f9-478360379a48","impression","usatoday.com","HighRise","Anchor w Video Package","Phone","","Paramount+",1144800,"Home Depot",7.41,"MDI1"
"7f712966-3110-48d4-ac2d-1c2c669afcea","impression","variety.com","Hover","Breakaway Display","Connected TV","","",1144800,"Home Depot",7.49,"MDI1"
"7d981ccb-9491-477d-9ab5-9fbece844cf0","video_midpoint","people.com","Runway","Middle Banner - Standard","Connected TV","Samsung TV","",1144910,"Netflix",7.54,"MDI1"
"7d981ccb-9491-477d-9ab5-9fbece844cf0","video_midpoint","people.com","Runway","Middle Banner - Standard","Connected TV","Samsung TV","",1144910,"Netflix",7.54,"MDI1"
"362c00c7-7a8b-4836-890c-36d8c0bf0281","click","techcrunch.com","Breakaway","Mobile Hover","Tablet","","Pluto TV",1144780,"CVS",7.41,"MDI1"
"9764455a-1c5c-4cc8-90fb-f4cf763dd6e2","impression","variety.com","Hover","CTV Venti Package","Phone","","",1144780,"CVS",7.47,"MDI1"
"c192f63e-6e46-4f38-a079-6b3e76ebccae","video_start","usatoday.com","ABA Display","Middle Banner - Standard","Phone","Fire TV","",1144850,"Sephora",7.43,"MDI1"
"573e566f-a052-4d3c-b4d8-ad7e3969d839","video_midpoint","tmz.com","ABA Display","Runway Premium","Computer","","",1144760,"Nike",7.46,"MDI1"
"76041db9-25f8-406c-ad5d-c0c70d70e747","impression","cnn.com","Venti","Anchor w Video Package","Connected TV","","",1144910,"Netflix",7.4,"MDI1"
"76041db9-25f8-406c-ad5d-c0c70d70e747","impression","cnn.com","Venti","Anchor w Video Package","Connected TV","","",1144910,"Netflix",7.4,"MDI1"
"dae7842d-dd54-4782-926e-fa0be0a6dbcd","video_load","weather.com","ABA Display","Middle Banner - Standard","Connected TV","Apple TV","",1144760,"Nike",7.58,"MDI1"
"9f2bb621-3ea2-4231-8201-661f3df2bad6","video_complete","theverge.com","Hover","Anchor w Video Package","Computer","Android TV","",1144780,"CVS",7.54,"MDI1"
"6199d0ac-e89b-43a1-8e7d-9d566f3da2c5","impression","cnn.com","ABA Display","Anchor w Video Package","Phone","","",1144722,"Chick-fil-A",7.4,"MDI1"
"6199d0ac-e89b-43a1-8e7d-9d566f3da2c5","impression","cnn.com","ABA Display","Anchor w Video Package","Phone","","",1144722,"Chick-fil-A",7.4,"MDI1"
"6199d0ac-e89b-43a1-8e7d-9d566f3da2c5","impression","cnn.com","ABA Display","Anchor w Video Package","Phone","","",1144722,"Chick-fil-A",7.4,"MDI1"
"218be54d-41f0-4641-9bec-db8cdcf9380a","click","variety.com","ABA Display","Mobile Hover","Phone","","",1144673,"Walmart Grocery",7.55,"MDI1"
"9b292d95-6474-436d-8e81-774b88699318","click","weather.com","Hover","CTV Venti Package","Tablet","","",1144673,"Walmart Grocery",7.47,"MDI1"
"d6f7530e-4529-4f45-8741-91181fd6fd70","video_firstquartile","techcrunch.com","Venti","CTV Venti Package","Tablet","Roku","",1144790,"Apple",7.49,"MDI1"
"d6f7530e-4529-4f45-8741-91181fd6fd70","video_firstquartile","techcrunch.com","Venti","CTV Venti Package","Tablet","Roku","",1144790,"Apple",7.49,"MDI1"
"b2de97e3-6021-417b-82a9-b2f85a1f375f","impression","weather.com","Breakaway","Anchor w Video Package","Connected TV","","",1144722,"Chick-fil-A",7.51,"MDI1"
"c210f1bc-ecde-4328-8cd3-3595aa707e81","video_midpoint","weather.com","Runway","Runway Premium","Connected TV","","",1144721,"Starbucks",7.42,"MDI1"
"c210f1bc-ecde-4328-8cd3-3595aa707e81","video_midpoint","weather.com","Runway","Runway Premium","Connected TV","","",1144721,"Starbucks",7.42,"MDI1"
"c210f1bc-ecde-4328-8cd3-3595aa707e81","video_midpoint","weather.com","Runway","Runway Premium","Connected TV","","",1144721,"Starbucks",7.42,"MDI1"
"c1f7b451-4496-40c4-b6fd-c1c299a242f0","video_start","cnn.com","HighRise","Middle Banner - Standard","Connected TV","","",1144760,"Nike",7.48,"MDI1"
"484e5e71-1468-48f1-a5c7-465b62f79f01","video_start","techcrunch.com","Venti","Mobile Hover","Tablet","Apple TV","",1144760,"Nike",7.39,"MDI1"
"484e5e71-1468-48f1-a5c7-465b62f79f01","video_start","techcrunch.com","Venti","Mobile Hover","Tablet","Apple TV","",1144760,"Nike",7.39,"MDI1"
"d1cc6d3e-4c44-4a2e-be20-5b36a544f3c0","impression","techcrunch.com","Breakaway","Runway Premium","Phone","","",1144750,"Target",7.41,"MDI1"
"d1cc6d3e-4c44-4a2e-be20-5b36a544f3c0","impression","techcrunch.com","Breakaway","Runway Premium","Phone","","",1144750,"Target",7.41,"MDI1"
"d1cc6d3e-4c44-4a2e-be20-5b36a544f3c0","impression","techcrunch.com","Breakaway","Runway Premium","Phone","","",1144750,"Target",7.41,"MDI1"
"35bd829d-d256-413e-ac5b-79caebff5bcd","video_firstquartile","forbes.com","Venti","Middle Banner - Standard","Tablet","Android TV","",1144761,"Old Navy",7.47,"MDI1"
"d6f7a147-081c-4570-a8de-c69733ba2711","click","tmz.com","Hover","Middle Banner - Standard","Phone","","",1144761,"Old Navy",7.47,"MDI1"
"d6f7a147-081c-4570-a8de-c69733ba2711","click","tmz.com","Hover","Middle Banner - Standard","Phone","","",1144761,"Old Navy",7.47,"MDI1"
"34f71112-9b3e-4c01-9c84-4b78f829d23f","impression","weather.com","Breakaway","Breakaway Display","Computer","","",1144780,"CVS",7.43,"MDI1"
"9566bdec-9c44-4f9b-a489-2eda7cb4edb7","video_midpoint","theverge.com","Venti","Runway Premium","Phone","Roku","",1144722,"Chick-fil-A",7.51,"MDI1"
"dbef7c08-91d1-4522-b0a9-2edc113d55fb","video_load","forbes.com","HighRise","Breakaway Display","Tablet","LG Smart TV","",1144790,"Apple",7.42,"MDI1"
"1c2c626f-207e-4a54-8b7a-693c5b300ef3","impression","people.com","Breakaway","Middle Banner - Standard","Tablet","","",1144910,"Netflix",7.47,"MDI1"
"d9f29c86-72c4-4a78-9378-08c97549537b","video_start","weather.com","Runway","CTV Venti Package","Connected TV","","Paramount+",1144910,"Netflix",7.4,"MDI1"
"d9f29c86-72c4-4a78-9378-08c97549537b","video_start","weather.com","Runway","CTV Venti Package","Connected TV","","Paramount+",1144910,"Netflix",7.4,"MDI1"
"b3ba7de3-26c9-4757-8af1-a8193e21ecb9","video_load","theverge.com","Venti","Mobile Hover","Connected TV","","",1144850,"Sephora",7.48,"MDI1"
"b3ba7de3-26c9-4757-8af1-a8193e21ecb9","video_load","theverge.com","Venti","Mobile Hover","Connected TV","","",1144850,"Sephora",7.48,"MDI1"
"b3ba7de3-26c9-4757-8af1-a8193e21ecb9","video_load","theverge.com","Venti","Mobile Hover","Connected TV","","",1144850,"Sephora",7.48,"MDI1"
"b3890585-5269-4748-ae96-395d749187a6","video_midpoint","usatoday.com","Runway","CTV Venti Package","Connected TV","","",1144760,"Nike",7.54,"MDI1"
"64bf44ff-8a2d-4a36-9bca-de9ede8e9d68","video_start","theverge.com","Breakaway","Runway Premium","Phone","","Pluto TV",1144800,"Home Depot",7.39,"MDI1"
"64bf44ff-8a2d-4a36-9bca-de9ede8e9d68","video_start","theverge.com","Breakaway","Runway Premium","Phone","","Pluto TV",1144800,"Home Depot",7.39,"MDI1"
"c9aa2d66-6673-43cf-972c-a723be16641e","impression","usatoday.com","Venti","Runway Premium","Connected TV","","",1144673,"Walmart Grocery",7.39,"MDI1"
"c9aa2d66-6673-43cf-972c-a723be16641e","impression","usatoday.com","Venti","Runway Premium","Connected TV","","",1144673,"Walmart Grocery",7.39,"MDI1"
"8e866186-7435-4c57-b29f-f2bfa1d78be9","click","weather.com","ABA Display","Breakaway Display","Tablet","","",1144790,"Apple",7.44,"MDI1"
"5b1470a3-0e89-4d5f-8e22-ce10f00ae40a","click","tmz.com","Breakaway","Mobile Hover","Computer","Android TV","",1144850,"Sephora",7.5,"MDI1"
"022e6592-1c59-45c4-a663-80a9675f14e6","impression","usatoday.com","Runway","Mobile Hover","Tablet","","",1144760,"Nike",7.4,"MDI1"
"022e6592-1c59-45c4-a663-80a9675f14e6","impression","usatoday.com","Runway","Mobile Hover","Tablet","","",1144760,"Nike",7.4,"MDI1"
"f5045d62-1c74-43d5-b662-ef30cd07f064","impression","forbes.com","Runway","Mobile Hover","Tablet","","",1144750,"Target",7.48,"MDI1"
"eea0e545-f4e8-476a-b84d-25ecdfcbcadc","video_midpoint","espn.com","Hover","Middle Banner - Standard","Connected TV","","Pluto TV",1144850,"Sephora",7.41,"MDI1"
"eea0e545-f4e8-476a-b84d-25ecdfcbcadc","video_midpoint","espn.com","Hover","Middle Banner - Standard","Connected TV","","Pluto TV",1144850,"Sephora",7.41,"MDI1"
"eea0e545-f4e8-476a-b84d-25ecdfcbcadc","video_midpoint","espn.com","Hover","Middle Banner - Standard","Connected TV","","Pluto TV",1144850,"Sephora",7.41,"MDI1"
"b69a08a2-519c-46d4-acb8-36b5b18e1443","video_thirdquartile","cnn.com","ABA Display","Mobile Hover","Tablet","","",1144760,"Nike",7.41,"MDI1"
"4a03fc9a-ca8e-4263-8b51-b5f5d4b02d70","video_load","people.com","HighRise","Runway Premium","Tablet","","",1144750,"Target",7.46,"MDI1"
"4a03fc9a-ca8e-4263-8b51-b5f5d4b02d70","video_load","people.com","HighRise","Runway Premium","Tablet","","",1144750,"Target",7.46,"MDI1"
"5180cd7c-bf0d-436e-91e8-4c5198eff6fe","video_complete","weather.com","Breakaway","Anchor w Video Package","Connected TV","","",1144850,"Sephora",7.52,"MDI1"
"43b49375-1bf5-498f-be41-c6379c5fb723","impression","tmz.com","Breakaway","CTV Venti Package","Phone","","",1144800,"Home Depot",7.49,"MDI1"
"43b49375-1bf5-498f-be41-c6379c5fb723","impression","tmz.com","Breakaway","CTV Venti Package","Phone","","",1144800,"Home Depot",7.49,"MDI1"
"7a83a549-39a8-4b13-ac12-bd939c4a3050","click","people.com","Breakaway","Mobile Hover","Connected TV","Fire TV","Paramount+",1144800,"Home Depot",7.63,"MDI1"
"7a83a549-39a8-4b13-ac12-bd939c4a3050","click","people.com","Breakaway","Mobile Hover","Connected TV","Fire TV","Paramount+",1144800,"Home Depot",7.63,"MDI1"
"06591953-eb3c-4123-aacb-2551e2d8add4","impression","nytimes.com","Hover","Runway Premium","Phone","","",1144673,"Walmart Grocery",7.46,"MDI1"
"8ec69774-8e8f-489d-8ab7-14fc88698995","video_complete","nytimes.com","ABA Display","Runway Premium","Connected TV","","Fubo TV",1144720,"McDonalds",7.4,"MDI1"
"42e1648b-dea9-4370-bec5-0920d71ef03e","impression","buzzfeed.com","Venti","Breakaway Display","Phone","","",1144761,"Old Navy",7.41,"MDI1"
"42e1648b-dea9-4370-bec5-0920d71ef03e","impression","buzzfeed.com","Venti","Breakaway Display","Phone","","",1144761,"Old Navy",7.41,"MDI1"
"1a748063-8e6c-46c8-a488-e3f25df9c122","click","tmz.com","HighRise","Breakaway Display","Phone","","Peacock",1144673,"Walmart Grocery",7.41,"MDI1"
"1da3ce2a-ab04-4912-a65b-35b6d1ed4232","impression","forbes.com","Venti","Mobile Hover","Tablet","","",1144721,"Starbucks",7.48,"MDI1"
"cb7a199e-7d75-48db-9feb-1fb44de30444","video_complete","usatoday.com","Hover","CTV Venti Package","Computer","LG Smart TV","",1144720,"McDonalds",7.51,"MDI1"
"16d16045-f8d5-4482-ac96-c7fbac81111b","video_complete","theverge.com","Breakaway","Runway Premium","Phone","","",1144721,"Starbucks",7.58,"MDI1"
"69ee3f99-38e7-4cff-a611-d9e96c3ef628","video_midpoint","people.com","Breakaway","Runway Premium","Connected TV","","",1144721,"Starbucks",7.55,"MDI1"
"69ee3f99-38e7-4cff-a611-d9e96c3ef628","video_midpoint","people.com","Breakaway","Runway Premium","Connected TV","","",1144721,"Starbucks",7.55,"MDI1"
"88f7d67b-d414-462e-a5ff-59dcb2dfaecc","video_load","theverge.com","Hover","CTV Venti Package","Phone","Roku","",1144790,"Apple",7.41,"MDI1"
"520267ad-68be-451d-9366-f46ca9556382","video_start","weather.com","HighRise","Mobile Hover","Tablet","Samsung TV","",1144780,"CVS",7.45,"MDI1"
"69472aaa-758a-42fa-8e74-58cc4b5992ff","click","techcrunch.com","Breakaway","Runway Premium","Tablet","","",1144800,"Home Depot",7.41,"MDI1"
"98badba7-3232-4144-a689-c5ebfcec80c8","impression","nytimes.com","Runway","Anchor w Video Package","Tablet","","Fubo TV",1144760,"Nike",7.49,"MDI1"
"7520b3aa-b8ce-48c0-b927-9e822843d298","video_thirdquartile","forbes.com","Hover","CTV Venti Package","Tablet","","",1144790,"Apple",7.41,"MDI1"
"7520b3aa-b8ce-48c0-b927-9e822843d298","video_thirdquartile","forbes.com","Hover","CTV Venti Package","Tablet","","",1144790,"Apple",7.41,"MDI1"
"6bb88141-873d-4b15-abb9-023f1ccf913e","impression","theverge.com","HighRise","Mobile Hover","Computer","Roku","",1144800,"Home Depot",7.39,"MDI1"
"08b78bab-bdaa-496b-8896-02b3702bc144","impression","forbes.com","Runway","CTV Venti Package","Computer","","",1144722,"Chick-fil-A",7.4,"MDI1"
"08b78bab-bdaa-496b-8896-02b3702bc144","impression","forbes.com","Runway","CTV Venti Package","Computer","","",1144722,"Chick-fil-A",7.4,"MDI1"
"08b78bab-bdaa-496b-8896-02b3702bc144","impression","forbes.com","Runway","CTV Venti Package","Computer","","",1144722,"Chick-fil-A",7.4,"MDI1"
"19432f97-5a28-41c1-80e5-d0d6779b330e","click","people.com","Venti","Runway Premium","Connected TV","Apple TV","Peacock",1144673,"Walmart Grocery",7.44,"MDI1"
"4390d548-239b-4cdc-b57e-e17294fc7dda","click","espn.com","HighRise","Runway Premium","Phone","","",1144761,"Old Navy",7.45,"MDI1"
"c3d7f2e9-deab-4967-a599-aca0d467d56d","video_midpoint","weather.com","ABA Display","CTV Venti Package","Computer","","Peacock",1144750,"Target",7.48,"MDI1"
"3a5919cb-15ac-450e-840b-6ea37fa8ca86","impression","forbes.com","Runway","Middle Banner - Standard","Computer","","",1144800,"Home Depot",7.39,"MDI1"
"8d661029-b525-4d50-a7f3-2123aa068a87","video_complete","buzzfeed.com","ABA Display","Mobile Hover","Computer","","",1144910,"Netflix",7.42,"MDI1"
"8d661029-b525-4d50-a7f3-2123aa068a87","video_complete","buzzfeed.com","ABA Display","Mobile Hover","Computer","","",1144910,"Netflix",7.42,"MDI1"
"b9fdff6e-6937-4ce9-ae52-3aaa9df736c8","video_firstquartile","weather.com","Venti","CTV Venti Package","Tablet","Samsung TV","",1144800,"Home Depot",7.51,"MDI1"
"5a0c5684-05ca-4629-9e02-ff8c1beee1e3","video_midpoint","people.com","Runway","Middle Banner - Standard","Phone","LG Smart TV","Fubo TV",1144673,"Walmart Grocery",7.56,"MDI1"
"8d2e1be3-4da0-483f-87c3-7db6ef65455b","click","espn.com","Runway","Anchor w Video Package","Tablet","","Peacock",1144850,"Sephora",7.56,"MDI1"
"0170be0a-e6e5-416d-a462-802c024d4638","video_thirdquartile","theverge.com","ABA Display","Breakaway Display","Tablet","","",1144850,"Sephora",7.47,"MDI1"
"acb27649-b9da-4caf-804c-37b4a4086bd0","video_load","forbes.com","Hover","Anchor w Video Package","Computer","","",1144721,"Starbucks",7.45,"MDI1"
"acb27649-b9da-4caf-804c-37b4a4086bd0","video_load","forbes.com","Hover","Anchor w Video Package","Computer","","",1144721,"Starbucks",7.45,"MDI1"
"acb27649-b9da-4caf-804c-37b4a4086bd0","video_load","forbes.com","Hover","Anchor w Video Package","Computer","","",1144721,"Starbucks",7.45,"MDI1"
"8f1abb4f-be18-43a1-9d41-de66e3a1199d","impression","usatoday.com","Runway","CTV Venti Package","Phone","","Fubo TV",1144720,"McDonalds",7.4,"MDI1"
"a25d8072-d882-4b6a-8ffa-81030de3013f","impression","tmz.com","ABA Display","Anchor w Video Package","Phone","","",1144850,"Sephora",7.39,"MDI1"
"8ab8eebe-fab4-47cf-8d15-7ca46f1f7858","click","buzzfeed.com","Venti","Breakaway Display","Tablet","Roku","Peacock",1144761,"Old Navy",7.47,"MDI1"
"a7dee4f7-bc3b-4b35-9eb9-42c758319ce7","impression","espn.com","HighRise","Mobile Hover","Tablet","Roku","",1144850,"Sephora",7.45,"MDI1"
"20bfb296-9eee-4cda-8bb5-8a9128c116fd","video_complete","espn.com","Hover","Middle Banner - Standard","Computer","","",1144761,"Old Navy",7.44,"MDI1"
"20bfb296-9eee-4cda-8bb5-8a9128c116fd","video_complete","espn.com","Hover","Middle Banner - Standard","Computer","","",1144761,"Old Navy",7.44,"MDI1"
"127571fd-e010-407f-bfff-8abc9061bc80","click","cnn.com","Venti","Breakaway Display","Tablet","Apple TV","",1144761,"Old Navy",7.49,"MDI1"
"d6d47a68-e14e-473e-ac70-0bdeecfe7844","video_complete","tmz.com","Hover","Anchor w Video Package","Phone","Apple TV","",1144780,"CVS",7.65,"MDI1"
"d6d47a68-e14e-473e-ac70-0bdeecfe7844","video_complete","tmz.com","Hover","Anchor w Video Package","Phone","Apple TV","",1144780,"CVS",7.65,"MDI1"
"80bbf053-9b34-4413-ab47-3e92fbbcef30","impression","tmz.com","ABA Display","CTV Venti Package","Phone","LG Smart TV","Tubi",1144721,"Starbucks",7.5,"MDI1"
"93c5a9c6-8df9-47e2-b5ce-c529085431b0","video_midpoint","weather.com","ABA Display","Breakaway Display","Phone","","",1144761,"Old Navy",7.49,"MDI1"
"93c5a9c6-8df9-47e2-b5ce-c529085431b0","video_midpoint","weather.com","ABA Display","Breakaway Display","Phone","","",1144761,"Old Navy",7.49,"MDI1"
"92cfe330-4b99-4dc9-8610-a04ba294d193","impression","theverge.com","HighRise","Breakaway Display","Tablet","","",1144720,"McDonalds",7.39,"MDI1"
"92cfe330-4b99-4dc9-8610-a04ba294d193","impression","theverge.com","HighRise","Breakaway Display","Tablet","","",1144720,"McDonalds",7.39,"MDI1"
"8c698ba2-d88f-4374-8a14-5eb9808ff36c","impression","theverge.com","HighRise","CTV Venti Package","Phone","","Fubo TV",1144720,"McDonalds",7.4,"MDI1"
"066a960b-fe1c-4bc0-8cbe-d618ce6396ca","video_midpoint","weather.com","HighRise","Mobile Hover","Computer","","",1144720,"McDonalds",7.43,"MDI1"
"b8ec6e2b-5d87-4fa4-af2e-decd77af00d2","video_start","espn.com","ABA Display","Mobile Hover","Phone","Android TV","",1144850,"Sephora",7.44,"MDI1"
"0b2a8c3b-7fa0-402d-b1d6-99fa6a2e7007","impression","weather.com","ABA Display","Mobile Hover","Tablet","","",1144673,"Walmart Grocery",7.42,"MDI1"
"0b2a8c3b-7fa0-402d-b1d6-99fa6a2e7007","impression","weather.com","ABA Display","Mobile Hover","Tablet","","",1144673,"Walmart Grocery",7.42,"MDI1"
"2d616695-eb8a-42b4-9cc5-facc87325962","video_start","weather.com","ABA Display","CTV Venti Package","Connected TV","","",1144910,"Netflix",7.51,"MDI1"
"cc39216c-fa0e-4786-8d90-93dad66f8022","video_midpoint","weather.com","Hover","Anchor w Video Package","Connected TV","","",1144721,"Starbucks",7.42,"MDI1"
"9fb29fff-d127-4b33-b8d9-5fba78310559","video_midpoint","variety.com","ABA Display","Breakaway Display","Tablet","","",1144722,"Chick-fil-A",7.46,"MDI1"
"69c2ffbb-0b59-490a-8496-7755f2e39571","video_load","usatoday.com","ABA Display","Anchor w Video Package","Tablet","","",1144761,"Old Navy",7.39,"MDI1"
"f89cd67d-adfa-4d82-b0b6-11a13fb4ac2a","video_midpoint","techcrunch.com","Breakaway","Mobile Hover","Connected TV","","Fubo TV",1144721,"Starbucks",7.41,"MDI1"
"5bd439ba-f39a-4e7f-8d5c-0e1236900794","click","buzzfeed.com","Breakaway","Breakaway Display","Connected TV","","",1144722,"Chick-fil-A",7.51,"MDI1"
"5bd439ba-f39a-4e7f-8d5c-0e1236900794","click","buzzfeed.com","Breakaway","Breakaway Display","Connected TV","","",1144722,"Chick-fil-A",7.51,"MDI1"
"bcc16683-70b1-4197-a634-3cb5ee98fff8","impression","usatoday.com","ABA Display","Breakaway Display","Phone","","",1144721,"Starbucks",7.49,"MDI1"
"995858b1-2750-491e-8ce0-9d9220e1786d","video_firstquartile","techcrunch.com","Runway","Breakaway Display","Connected TV","Samsung TV","",1144910,"Netflix",7.42,"MDI1"
"995858b1-2750-491e-8ce0-9d9220e1786d","video_firstquartile","techcrunch.com","Runway","Breakaway Display","Connected TV","Samsung TV","",1144910,"Netflix",7.42,"MDI1"
"8104f772-57bd-4349-a62e-61c2b0e661e7","video_thirdquartile","nytimes.com","Runway","Middle Banner - Standard","Connected TV","","",1144780,"CVS",7.39,"MDI1"
"293f9d73-db8c-4f96-a2f4-f3ed65c94898","video_thirdquartile","nytimes.com","Runway","Breakaway Display","Phone","","",1144722,"Chick-fil-A",7.43,"MDI1"
"868d8306-fd1a-475f-9cd7-048dd5651f70","video_midpoint","tmz.com","ABA Display","Anchor w Video Package","Phone","","",1144721,"Starbucks",7.44,"MDI1"
"868d8306-fd1a-475f-9cd7-048dd5651f70","video_midpoint","tmz.com","ABA Display","Anchor w Video Package","Phone","","",1144721,"Starbucks",7.44,"MDI1"
"b97bc14a-1c4d-4be2-8b35-ffef3843329d","video_start","weather.com","ABA Display","Runway Premium","Phone","Roku","",1144790,"Apple",7.4,"MDI1"
"a2d42196-d506-493a-a396-18f857ec9ee8","video_complete","people.com","Hover","Breakaway Display","Connected TV","","",1144800,"Home Depot",7.58,"MDI1"
"a2d42196-d506-493a-a396-18f857ec9ee8","video_complete","people.com","Hover","Breakaway Display","Connected TV","","",1144800,"Home Depot",7.58,"MDI1"
"bab3f362-097d-465d-8592-def3b49b5b05","impression","tmz.com","Venti","CTV Venti Package","Tablet","","",1144800,"Home Depot",7.4,"MDI1"
"1c2da460-e90c-43b0-8f9a-3cd308a2dd81","video_start","tmz.com","Breakaway","Middle Banner - Standard","Connected TV","","",1144850,"Sephora",7.43,"MDI1"
"54ef33c8-ef64-40f6-9993-88644ca2cb52","video_start","nytimes.com","Runway","CTV Venti Package","Phone","","",1144673,"Walmart Grocery",7.43,"MDI1"
"54ef33c8-ef64-40f6-9993-88644ca2cb52","video_start","nytimes.com","Runway","CTV Venti Package","Phone","","",1144673,"Walmart Grocery",7.43,"MDI1"
"54ef33c8-ef64-40f6-9993-88644ca2cb52","video_start","nytimes.com","Runway","CTV Venti Package","Phone","","",1144673,"Walmart Grocery",7.43,"MDI1"
"fb2ea8b0-4b3f-4a77-ad3c-ee2edcee2eb6","impression","weather.com","Venti","Breakaway Display","Phone","","",1144850,"Sephora",7.42,"MDI1"
"d5e0114a-3b3d-4550-9599-4edabc1bebd6","video_thirdquartile","techcrunch.com","Hover","Breakaway Display","Connected TV","","",1144850,"Sephora",7.46,"MDI1"
"7cc06a0d-e496-4c2e-8666-0b3b24315c3e","video_thirdquartile","usatoday.com","Breakaway","CTV Venti Package","Tablet","Fire TV","",1144720,"McDonalds",7.4,"MDI1"
"1011f452-ff87-4270-b768-0d6c4e817cae","video_complete","forbes.com","HighRise","CTV Venti Package","Connected TV","","",1144850,"Sephora",7.42,"MDI1"
"1011f452-ff87-4270-b768-0d6c4e817cae","video_complete","forbes.com","HighRise","CTV Venti Package","Connected TV","","",1144850,"Sephora",7.42,"MDI1"
"1011f452-ff87-4270-b768-0d6c4e817cae","video_complete","forbes.com","HighRise","CTV Venti Package","Connected TV","","",1144850,"Sephora",7.42,"MDI1"
"322dc062-7443-4356-8c36-31668140e5fb","video_thirdquartile","variety.com","Venti","Middle Banner - Standard","Connected TV","Android TV","",1144673,"Walmart Grocery",7.42,"MDI1"
"8fca7cf9-b5d4-4242-80d8-db6bd25fe32f","video_load","techcrunch.com","Breakaway","Anchor w Video Package","Connected TV","","",1144780,"CVS",7.42,"MDI1"
"8fca7cf9-b5d4-4242-80d8-db6bd25fe32f","video_load","techcrunch.com","Breakaway","Anchor w Video Package","Connected TV","","",1144780,"CVS",7.42,"MDI1"
"35787bb3-37c8-4958-9172-1b2558fffd94","click","theverge.com","Breakaway","CTV Venti Package","Connected TV","Roku","",1144760,"Nike",7.39,"MDI1"
"35787bb3-37c8-4958-9172-1b2558fffd94","click","theverge.com","Breakaway","CTV Venti Package","Connected TV","Roku","",1144760,"Nike",7.39,"MDI1"
"f984bdf4-cc27-4d62-816a-e93d73c16b1b","video_load","cnn.com","Hover","CTV Venti Package","Computer","","",1144673,"Walmart Grocery",7.43,"MDI1"
"a6eb1042-a980-4f02-bedb-91fca5c0d748","impression","nytimes.com","Hover","Middle Banner - Standard","Tablet","","",1144850,"Sephora",7.48,"MDI1"
"96356d2b-6982-440a-ad43-a032470de5c7","video_firstquartile","people.com","Runway","Runway Premium","Phone","","",1144722,"Chick-fil-A",7.39,"MDI1"
"96356d2b-6982-440a-ad43-a032470de5c7","video_firstquartile","people.com","Runway","Runway Premium","Phone","","",1144722,"Chick-fil-A",7.39,"MDI1"
"6246325a-2202-4407-85d5-09aac7cfafd4","video_midpoint","usatoday.com","Breakaway","Breakaway Display","Tablet","","",1144761,"Old Navy",7.4,"MDI1"
"3de03fb8-6fc1-477d-b5dd-98f440114333","video_complete","people.com","Venti","Mobile Hover","Computer","","",1144780,"CVS",7.49,"MDI1"
"3de03fb8-6fc1-477d-b5dd-98f440114333","video_complete","people.com","Venti","Mobile Hover","Computer","","",1144780,"CVS",7.49,"MDI1"
"f483bb57-237d-4075-9f7c-3fee2e96831d","impression","nytimes.com","Breakaway","Breakaway Display","Computer","","",1144910,"Netflix",7.41,"MDI1"
"1ab1c0a6-660a-4502-887a-4a82a2d38933","video_firstquartile","buzzfeed.com","Hover","Mobile Hover","Connected TV","","",1144850,"Sephora",7.5,"MDI1"
"fb4e2c09-67c9-4d60-a7d8-fe6e0e346dad","impression","tmz.com","Hover","Mobile Hover","Connected TV","","",1144673,"Walmart Grocery",7.52,"MDI1"
"fb4e2c09-67c9-4d60-a7d8-fe6e0e346dad","impression","tmz.com","Hover","Mobile Hover","Connected TV","","",1144673,"Walmart Grocery",7.52,"MDI1"
"fb4e2c09-67c9-4d60-a7d8-fe6e0e346dad","impression","tmz.com","Hover","Mobile Hover","Connected TV","","",1144673,"Walmart Grocery",7.52,"MDI1"
"1fe29cb8-feee-44f3-aefd-c450fba1f704","impression","espn.com","Runway","CTV Venti Package","Tablet","","",1144673,"Walmart Grocery",7.5,"MDI1"
"1fe29cb8-feee-44f3-aefd-c450fba1f704","impression","espn.com","Runway","CTV Venti Package","Tablet","","",1144673,"Walmart Grocery",7.5,"MDI1"
"5aacc923-219d-46cc-b604-ded3156e01e6","impression","weather.com","Venti","Mobile Hover","Tablet","","",1144850,"Sephora",7.5,"MDI1"
"dd54b787-aaea-4eba-a141-23bcb2db0f45","video_firstquartile","theverge.com","HighRise","Middle Banner - Standard","Computer","","",1144800,"Home Depot",7.4,"MDI1"
"dd54b787-aaea-4eba-a141-23bcb2db0f45","video_firstquartile","theverge.com","HighRise","Middle Banner - Standard","Computer","","",1144800,"Home Depot",7.4,"MDI1"
"e114bc2b-9a4f-4fef-8e66-6b5d4f636474","video_load","usatoday.com","Runway","Anchor w Video Package","Connected TV","","",1144850,"Sephora",7.39,"MDI1"
"f43b966a-f465-4380-90ce-f45f1216bc1f","impression","people.com","ABA Display","Breakaway Display","Tablet","","",1144780,"CVS",7.47,"MDI1"
"58edd9fb-adb2-43c0-b7c9-31321b4735e8","impression","weather.com","Runway","CTV Venti Package","Tablet","","",1144750,"Target",7.43,"MDI1"
"7448f1bb-e362-42de-b7e9-55a2e0609d8f","impression","usatoday.com","Venti","Runway Premium","Tablet","","",1144910,"Netflix",7.46,"MDI1"
"7448f1bb-e362-42de-b7e9-55a2e0609d8f","impression","usatoday.com","Venti","Runway Premium","Tablet","","",1144910,"Netflix",7.46,"MDI1"
"79ca5f72-dd21-41f2-ac3d-a1bba3f70ab1","video_thirdquartile","variety.com","ABA Display","CTV Venti Package","Phone","","",1144720,"McDonalds",7.43,"MDI1"
"79ca5f72-dd21-41f2-ac3d-a1bba3f70ab1","video_thirdquartile","variety.com","ABA Display","CTV Venti Package","Phone","","",1144720,"McDonalds",7.43,"MDI1"
"79ca5f72-dd21-41f2-ac3d-a1bba3f70ab1","video_thirdquartile","variety.com","ABA Display","CTV Venti Package","Phone","","",1144720,"McDonalds",7.43,"MDI1"
"98953917-0d69-42ba-938a-4a83bc89d075","impression","variety.com","Venti","Anchor w Video Package","Connected TV","","",1144850,"Sephora",7.42,"MDI1"
"f76af0ee-f1cf-47d0-ab2d-84786d0b4fbc","impression","people.com","Breakaway","Breakaway Display","Tablet","Samsung TV","",1144850,"Sephora",7.55,"MDI1"
"f76af0ee-f1cf-47d0-ab2d-84786d0b4fbc","impression","people.com","Breakaway","Breakaway Display","Tablet","Samsung TV","",1144850,"Sephora",7.55,"MDI1"
"f76af0ee-f1cf-47d0-ab2d-84786d0b4fbc","impression","people.com","Breakaway","Breakaway Display","Tablet","Samsung TV","",1144850,"Sephora",7.55,"MDI1"
"f5be48d4-b46f-4c3a-aa0f-f8e52833d882","video_complete","espn.com","HighRise","Anchor w Video Package","Tablet","","Paramount+",1144790,"Apple",7.48,"MDI1"
"fad85475-d973-4033-9c00-b3b9ca2316b8","video_start","theverge.com","Breakaway","Runway Premium","Computer","","",1144721,"Starbucks",7.45,"MDI1"
"94b0c0aa-9a7b-4af9-98e0-49040cc5fa2b","impression","nytimes.com","HighRise","Runway Premium","Phone","Roku","",1144721,"Starbucks",7.4,"MDI1"
"d26d3e12-46fc-405f-99a3-395259e5ed7e","video_start","usatoday.com","Venti","Middle Banner - Standard","Phone","","",1144722,"Chick-fil-A",7.43,"MDI1"
"d26d3e12-46fc-405f-99a3-395259e5ed7e","video_start","usatoday.com","Venti","Middle Banner - Standard","Phone","","",1144722,"Chick-fil-A",7.43,"MDI1"
"d26d3e12-46fc-405f-99a3-395259e5ed7e","video_start","usatoday.com","Venti","Middle Banner - Standard","Phone","","",1144722,"Chick-fil-A",7.43,"MDI1"
"56a69206-1ad1-41cb-8179-47eb32ccd65b","impression","espn.com","Breakaway","Mobile Hover","Computer","","",1144761,"Old Navy",7.42,"MDI1"
"ac093b44-f3b2-4d14-bc65-3918ac53fe84","video_start","weather.com","Venti","Middle Banner - Standard","Connected TV","Android TV","",1144800,"Home Depot",7.55,"MDI1"
"ac093b44-f3b2-4d14-bc65-3918ac53fe84","video_start","weather.com","Venti","Middle Banner - Standard","Connected TV","Android TV","",1144800,"Home Depot",7.55,"MDI1"
"39008912-1b55-4712-911e-60617bf55620","impression","weather.com","Venti","Runway Premium","Phone","","",1144790,"Apple",7.4,"MDI1"
"d7ed3d1b-9189-45bf-9a52-bd6644cd7ee8","video_complete","espn.com","Runway","Mobile Hover","Tablet","","",1144761,"Old Navy",7.58,"MDI1"
"d7ed3d1b-9189-45bf-9a52-bd6644cd7ee8","video_complete","espn.com","Runway","Mobile Hover","Tablet","","",1144761,"Old Navy",7.58,"MDI1"
"d7ed3d1b-9189-45bf-9a52-bd6644cd7ee8","video_complete","espn.com","Runway","Mobile Hover","Tablet","","",1144761,"Old Navy",7.58,"MDI1"
"d7ed3d1b-9189-45bf-9a52-bd6644cd7ee8","video_complete","espn.com","Runway","Mobile Hover","Tablet","","",1144761,"Old Navy",7.58,"MDI1"
"f0657e9d-3780-4cb7-837d-abcff9e93abc","video_midpoint","tmz.com","Runway","Mobile Hover","Computer","","",1144673,"Walmart Grocery",7.42,"MDI1"
"1eda46ed-2ce9-4cde-86ce-72583f40fd11","video_start","espn.com","Runway","CTV Venti Package","Tablet","","Tubi",1144800,"Home Depot",7.4,"MDI1"
"ac6cefb3-423d-429d-b035-e3c4273bea69","video_load","variety.com","Breakaway","Anchor w Video Package","Phone","Android TV","Pluto TV",1144720,"McDonalds",7.52,"MDI1"
"3bd605ce-e030-49ce-883b-a897f1302e27","impression","theverge.com","HighRise","CTV Venti Package","Tablet","Apple TV","Pluto TV",1144780,"CVS",7.39,"MDI1"
"3bd605ce-e030-49ce-883b-a897f1302e27","impression","theverge.com","HighRise","CTV Venti Package","Tablet","Apple TV","Pluto TV",1144780,"CVS",7.39,"MDI1"
"f437cf72-d5ba-485d-922c-f8247829b62c","video_firstquartile","buzzfeed.com","Runway","CTV Venti Package","Phone","","",1144673,"Walmart Grocery",7.45,"MDI1"
"f437cf72-d5ba-485d-922c-f8247829b62c","video_firstquartile","buzzfeed.com","Runway","CTV Venti Package","Phone","","",1144673,"Walmart Grocery",7.45,"MDI1"
"f437cf72-d5ba-485d-922c-f8247829b62c","video_firstquartile","buzzfeed.com","Runway","CTV Venti Package","Phone","","",1144673,"Walmart Grocery",7.45,"MDI1"
"82cd4d66-d8a3-4413-aacc-ce5ff083c234","video_firstquartile","variety.com","ABA Display","Middle Banner - Standard","Phone","","Peacock",1144800,"Home Depot",7.46,"MDI1"
"9cf709fd-5b87-4d96-a29e-56bfc5f30890","video_load","variety.com","Venti","CTV Venti Package","Connected TV","","",1144800,"Home Depot",7.43,"MDI1"
"9cf709fd-5b87-4d96-a29e-56bfc5f30890","video_load","variety.com","Venti","CTV Venti Package","Connected TV","","",1144800,"Home Depot",7.43,"MDI1"
"bd45eebd-d8d2-40af-b5c6-d98fd6d54ceb","click","nytimes.com","Runway","Runway Premium","Tablet","","",1144780,"CVS",7.49,"MDI1"
"c67402cc-370a-4578-b245-a0de715fef6c","impression","cnn.com","Breakaway","Middle Banner - Standard","Computer","","Fubo TV",1144720,"McDonalds",7.4,"MDI1"
"03684b29-53f5-4158-832f-3c0c37c91ac1","video_complete","cnn.com","Venti","Mobile Hover","Phone","Apple TV","",1144850,"Sephora",7.59,"MDI1"
"03684b29-53f5-4158-832f-3c0c37c91ac1","video_complete","cnn.com","Venti","Mobile Hover","Phone","Apple TV","",1144850,"Sephora",7.59,"MDI1"
"e0f758e2-1d38-4b90-aa8e-0d408043b319","impression","buzzfeed.com","Venti","Runway Premium","Connected TV","","",1144780,"CVS",7.44,"MDI1"
"e0f758e2-1d38-4b90-aa8e-0d408043b319","impression","buzzfeed.com","Venti","Runway Premium","Connected TV","","",1144780,"CVS",7.44,"MDI1"
"15b2e4cd-21dc-4e5f-be9a-d72fc80d9c54","video_complete","buzzfeed.com","Hover","Mobile Hover","Computer","","Fubo TV",1144790,"Apple",7.46,"MDI1"
"db95eef4-5d5d-4773-93bc-4c48a6174dba","impression","theverge.com","HighRise","CTV Venti Package","Phone","Roku","",1144910,"Netflix",7.46,"MDI1"
"b1cb1129-692a-4aed-b44c-35478f06bab1","video_start","cnn.com","ABA Display","Breakaway Display","Computer","","",1144790,"Apple",7.41,"MDI1"
"54aa35bf-d3c8-4412-a26d-e7c049dd55f0","video_start","espn.com","HighRise","Middle Banner - Standard","Tablet","","Peacock",1144673,"Walmart Grocery",7.49,"MDI1"
"4bcf3a08-cb6c-42e0-8aa7-c82c4c5f0c21","click","variety.com","Breakaway","Middle Banner - Standard","Tablet","","",1144722,"Chick-fil-A",7.45,"MDI1"
"4bcf3a08-cb6c-42e0-8aa7-c82c4c5f0c21","click","variety.com","Breakaway","Middle Banner - Standard","Tablet","","",1144722,"Chick-fil-A",7.45,"MDI1"
"4bcf3a08-cb6c-42e0-8aa7-c82c4c5f0c21","click","variety.com","Breakaway","Middle Banner - Standard","Tablet","","",1144722,"Chick-fil-A",7.45,"MDI1"
"41059d3c-a585-4da8-981d-d3bb6d340c6a","video_load","tmz.com","Venti","Anchor w Video Package","Phone","","Paramount+",1144790,"Apple",7.41,"MDI1"
"8319731a-f8d2-4f2b-bb46-d370a09bf23e","click","nytimes.com","Hover","Breakaway Display","Phone","","Peacock",1144850,"Sephora",7.44,"MDI1"
"8319731a-f8d2-4f2b-bb46-d370a09bf23e","click","nytimes.com","Hover","Breakaway Display","Phone","","Peacock",1144850,"Sephora",7.44,"MDI1"
"0e90ebb4-2e9e-4cfa-b98f-443a30b82330","video_midpoint","theverge.com","HighRise","Runway Premium","Tablet","Apple TV","",1144760,"Nike",7.45,"MDI1"
"0e90ebb4-2e9e-4cfa-b98f-443a30b82330","video_midpoint","theverge.com","HighRise","Runway Premium","Tablet","Apple TV","",1144760,"Nike",7.45,"MDI1"
"0e90ebb4-2e9e-4cfa-b98f-443a30b82330","video_midpoint","theverge.com","HighRise","Runway Premium","Tablet","Apple TV","",1144760,"Nike",7.45,"MDI1"
"0e90ebb4-2e9e-4cfa-b98f-443a30b82330","video_midpoint","theverge.com","HighRise","Runway Premium","Tablet","Apple TV","",1144760,"Nike",7.45,"MDI1"
"58a03b88-6f81-4f71-9658-ab937e087580","video_firstquartile","forbes.com","ABA Display","Middle Banner - Standard","Phone","","",1144850,"Sephora",7.42,"MDI1"
"58a03b88-6f81-4f71-9658-ab937e087580","video_firstquartile","forbes.com","ABA Display","Middle Banner - Standard","Phone","","",1144850,"Sephora",7.42,"MDI1"
"09645217-e01b-471e-bbd6-46cbbca070e4","impression","variety.com","Runway","Anchor w Video Package","Phone","","",1144722,"Chick-fil-A",7.4,"MDI1"
"09645217-e01b-471e-bbd6-46cbbca070e4","impression","variety.com","Runway","Anchor w Video Package","Phone","","",1144722,"Chick-fil-A",7.4,"MDI1"
"865e757a-d9e5-4bd6-89aa-5ca89e3ea2eb","video_midpoint","cnn.com","Breakaway","Middle Banner - Standard","Connected TV","Apple TV","",1144760,"Nike",7.46,"MDI1"
"865e757a-d9e5-4bd6-89aa-5ca89e3ea2eb","video_midpoint","cnn.com","Breakaway","Middle Banner - Standard","Connected TV","Apple TV","",1144760,"Nike",7.46,"MDI1"
"34f13358-7cc4-4415-8b2a-12f417a5bca9","impression","nytimes.com","Hover","Middle Banner - Standard","Phone","Samsung TV","",1144850,"Sephora",7.48,"MDI1"
"34f13358-7cc4-4415-8b2a-12f417a5bca9","impression","nytimes.com","Hover","Middle Banner - Standard","Phone","Samsung TV","",1144850,"Sephora",7.48,"MDI1"
"d4c52eda-0dbb-4998-87f1-54535c86a741","video_complete","tmz.com","Breakaway","Anchor w Video Package","Connected TV","","",1144673,"Walmart Grocery",7.41,"MDI1"
"56db8324-6028-4e85-af89-b0f3a45ff92d","video_complete","people.com","Hover","Mobile Hover","Connected TV","","",1144780,"CVS",7.46,"MDI1"
"56db8324-6028-4e85-af89-b0f3a45ff92d","video_complete","people.com","Hover","Mobile Hover","Connected TV","","",1144780,"CVS",7.46,"MDI1"
"6642999e-5bd4-459f-8608-d968f3ca5a9e","click","techcrunch.com","ABA Display","Mobile Hover","Computer","","",1144780,"CVS",7.49,"MDI1"
"6642999e-5bd4-459f-8608-d968f3ca5a9e","click","techcrunch.com","ABA Display","Mobile Hover","Computer","","",1144780,"CVS",7.49,"MDI1"
"16e9e9da-17cc-46f3-bb41-19a55756dca8","impression","people.com","Venti","Breakaway Display","Connected TV","","",1144750,"Target",7.43,"MDI1"
"79f95add-1bfa-45da-b38f-42a82ac62cc8","video_midpoint","nytimes.com","HighRise","CTV Venti Package","Phone","","",1144850,"Sephora",7.55,"MDI1"
"79f95add-1bfa-45da-b38f-42a82ac62cc8","video_midpoint","nytimes.com","HighRise","CTV Venti Package","Phone","","",1144850,"Sephora",7.55,"MDI1"
"79f95add-1bfa-45da-b38f-42a82ac62cc8","video_midpoint","nytimes.com","HighRise","CTV Venti Package","Phone","","",1144850,"Sephora",7.55,"MDI1"
"c4b46514-e53c-4d70-ac14-b4f9074837c6","video_firstquartile","usatoday.com","Hover","Anchor w Video Package","Tablet","","",1144761,"Old Navy",7.49,"MDI1"
"c4b46514-e53c-4d70-ac14-b4f9074837c6","video_firstquartile","usatoday.com","Hover","Anchor w Video Package","Tablet","","",1144761,"Old Navy",7.49,"MDI1"
"40a63f41-4494-4cc8-9381-b1cded360e82","video_load","usatoday.com","HighRise","Mobile Hover","Phone","LG Smart TV","",1144910,"Netflix",7.5,"MDI1"
"40a63f41-4494-4cc8-9381-b1cded360e82","video_load","usatoday.com","HighRise","Mobile Hover","Phone","LG Smart TV","",1144910,"Netflix",7.5,"MDI1"
"40a63f41-4494-4cc8-9381-b1cded360e82","video_load","usatoday.com","HighRise","Mobile Hover","Phone","LG Smart TV","",1144910,"Netflix",7.5,"MDI1"
"2448e1e0-8e22-45dd-aa63-cdbe488baa9f","video_start","techcrunch.com","Breakaway","Middle Banner - Standard","Computer","","Fubo TV",1144850,"Sephora",7.41,"MDI1"
"2448e1e0-8e22-45dd-aa63-cdbe488baa9f","video_start","techcrunch.com","Breakaway","Middle Banner - Standard","Computer","","Fubo TV",1144850,"Sephora",7.41,"MDI1"
"2448e1e0-8e22-45dd-aa63-cdbe488baa9f","video_start","techcrunch.com","Breakaway","Middle Banner - Standard","Computer","","Fubo TV",1144850,"Sephora",7.41,"MDI1"
"2448e1e0-8e22-45dd-aa63-cdbe488baa9f","video_start","techcrunch.com","Breakaway","Middle Banner - Standard","Computer","","Fubo TV",1144850,"Sephora",7.41,"MDI1"
"3918d391-8032-4c12-b5d1-de4fef63e6aa","video_start","techcrunch.com","ABA Display","Mobile Hover","Phone","","",1144761,"Old Navy",7.49,"MDI1"
"266530ed-ecd6-47e5-900b-1a1878030b6d","video_midpoint","variety.com","Hover","CTV Venti Package","Tablet","","",1144722,"Chick-fil-A",7.43,"MDI1"
"266530ed-ecd6-47e5-900b-1a1878030b6d","video_midpoint","variety.com","Hover","CTV Venti Package","Tablet","","",1144722,"Chick-fil-A",7.43,"MDI1"
"34ee70c4-b963-4e09-b509-aa2cbbd7ecfb","video_midpoint","people.com","Venti","Breakaway Display","Connected TV","","Fubo TV",1144721,"Starbucks",7.47,"MDI1"
"e73e724d-dc54-4156-bda7-eeb2eb68722f","click","theverge.com","Hover","Breakaway Display","Connected TV","","",1144720,"McDonalds",7.63,"MDI1"
"e73e724d-dc54-4156-bda7-eeb2eb68722f","click","theverge.com","Hover","Breakaway Display","Connected TV","","",1144720,"McDonalds",7.63,"MDI1"
"863008ab-223e-4eb6-ac3f-7cfa3f1663b4","impression","usatoday.com","Breakaway","Breakaway Display","Tablet","","",1144720,"McDonalds",7.47,"MDI1"
"8dd45329-a30b-4f8a-84ab-7094b7fb5492","click","people.com","ABA Display","Anchor w Video Package","Tablet","Android TV","",1144780,"CVS",7.47,"MDI1"
"e509cdbc-a08f-4dc6-a508-c2e93c5b0c09","impression","weather.com","Venti","Runway Premium","Connected TV","","",1144780,"CVS",7.53,"MDI1"
"e509cdbc-a08f-4dc6-a508-c2e93c5b0c09","impression","weather.com","Venti","Runway Premium","Connected TV","","",1144780,"CVS",7.53,"MDI1"
"00f66ac4-7d54-40ae-80b6-0df204d74200","video_start","nytimes.com","ABA Display","Breakaway Display","Tablet","Samsung TV","",1144720,"McDonalds",7.54,"MDI1"
"00f66ac4-7d54-40ae-80b6-0df204d74200","video_start","nytimes.com","ABA Display","Breakaway Display","Tablet","Samsung TV","",1144720,"McDonalds",7.54,"MDI1"
"612a01fd-a23b-4a14-8377-e609a79667e3","click","variety.com","Breakaway","Breakaway Display","Phone","Fire TV","Paramount+",1144910,"Netflix",7.48,"MDI1"
"f5add1c9-aacf-4040-b246-cb1de68f169f","video_complete","forbes.com","Venti","Runway Premium","Phone","","Fubo TV",1144910,"Netflix",7.54,"MDI1"
"e3975ebe-2adb-464a-84a3-02c652367f9a","impression","forbes.com","HighRise","Anchor w Video Package","Tablet","","",1144750,"Target",7.49,"MDI1"
"e3975ebe-2adb-464a-84a3-02c652367f9a","impression","forbes.com","HighRise","Anchor w Video Package","Tablet","","",1144750,"Target",7.49,"MDI1"
"fd0f0a39-300e-4a09-85be-c2ba879b3889","click","theverge.com","Breakaway","Middle Banner - Standard","Phone","Samsung TV","Paramount+",1144850,"Sephora",7.63,"MDI1"
"fd0f0a39-300e-4a09-85be-c2ba879b3889","click","theverge.com","Breakaway","Middle Banner - Standard","Phone","Samsung TV","Paramount+",1144850,"Sephora",7.63,"MDI1"
"fd0f0a39-300e-4a09-85be-c2ba879b3889","click","theverge.com","Breakaway","Middle Banner - Standard","Phone","Samsung TV","Paramount+",1144850,"Sephora",7.63,"MDI1"
"ab199a3c-0afc-4807-8fab-a939957459be","video_complete","people.com","Hover","Middle Banner - Standard","Connected TV","","",1144721,"Starbucks",7.64,"MDI1"
"1d716ff6-6269-42ed-bc85-143eb122063c","click","theverge.com","HighRise","Anchor w Video Package","Connected TV","","",1144673,"Walmart Grocery",7.46,"MDI1"
"7985bc42-0a0f-435a-9bdd-9dfed6d2f60c","click","usatoday.com","Breakaway","CTV Venti Package","Tablet","Roku","Tubi",1144910,"Netflix",7.62,"MDI1"
"7985bc42-0a0f-435a-9bdd-9dfed6d2f60c","click","usatoday.com","Breakaway","CTV Venti Package","Tablet","Roku","Tubi",1144910,"Netflix",7.62,"MDI1"
"92c87eeb-06c5-4759-a224-de39110f0707","video_load","theverge.com","ABA Display","CTV Venti Package","Phone","Android TV","",1144910,"Netflix",7.51,"MDI1"
"e72f7240-fb3f-4275-b0d1-10402f971e39","video_start","tmz.com","Breakaway","CTV Venti Package","Connected TV","","",1144790,"Apple",7.45,"MDI1"
"2af0ee86-71a1-4d14-907b-fbf4a87a93b6","video_complete","usatoday.com","Runway","Mobile Hover","Computer","","",1144721,"Starbucks",7.49,"MDI1"
"d7aec935-9395-4af8-b45c-e33ab39d600d","video_midpoint","forbes.com","Breakaway","Middle Banner - Standard","Connected TV","Android TV","",1144780,"CVS",7.63,"MDI1"
"d7aec935-9395-4af8-b45c-e33ab39d600d","video_midpoint","forbes.com","Breakaway","Middle Banner - Standard","Connected TV","Android TV","",1144780,"CVS",7.63,"MDI1"
"ac42e2f2-a632-480c-9025-bc48d84665bb","impression","techcrunch.com","ABA Display","Middle Banner - Standard","Connected TV","","Peacock",1144750,"Target",7.39,"MDI1"
"b2d9f0cd-7655-4d9b-a6e1-1fd16988102d","video_thirdquartile","usatoday.com","Runway","Mobile Hover","Computer","","",1144721,"Starbucks",7.4,"MDI1"
"fcbd6a0d-cea0-460f-b6ca-45f22d8da83e","video_firstquartile","people.com","Runway","Middle Banner - Standard","Connected TV","LG Smart TV","",1144720,"McDonalds",7.54,"MDI1"
"fcbd6a0d-cea0-460f-b6ca-45f22d8da83e","video_firstquartile","people.com","Runway","Middle Banner - Standard","Connected TV","LG Smart TV","",1144720,"McDonalds",7.54,"MDI1"
"b71283ff-5c51-4274-bc66-ff569c4f6f3e","video_start","nytimes.com","Runway","Runway Premium","Connected TV","","",1144790,"Apple",7.41,"MDI1"
"8dafd990-353a-45f1-bd56-0b3cdfff2602","impression","espn.com","Runway","CTV Venti Package","Tablet","Roku","",1144760,"Nike",7.48,"MDI1"
"11264762-5354-4eee-8c09-c62039bc5df5","video_midpoint","people.com","Hover","Anchor w Video Package","Computer","","",1144790,"Apple",7.48,"MDI1"
"11264762-5354-4eee-8c09-c62039bc5df5","video_midpoint","people.com","Hover","Anchor w Video Package","Computer","","",1144790,"Apple",7.48,"MDI1"
"9707005c-681b-4680-aa1e-fb9ac36792fb","video_midpoint","theverge.com","Hover","Runway Premium","Phone","","",1144910,"Netflix",7.43,"MDI1"
"41804165-08cb-44f7-8851-f73b08c08d7d","video_midpoint","cnn.com","Venti","Breakaway Display","Connected TV","","",1144721,"Starbucks",7.44,"MDI1"
"556deef5-8e19-4c7a-af60-682895346ec7","impression","buzzfeed.com","Venti","Mobile Hover","Computer","","Fubo TV",1144673,"Walmart Grocery",7.4,"MDI1"
"6603f89e-b72d-493c-ad9a-e22bdcb24cd8","impression","people.com","Runway","Middle Banner - Standard","Phone","","",1144721,"Starbucks",7.43,"MDI1"
"6603f89e-b72d-493c-ad9a-e22bdcb24cd8","impression","people.com","Runway","Middle Banner - Standard","Phone","","",1144721,"Starbucks",7.43,"MDI1"
"fd6b7929-f48a-4242-87cc-a6c58ec8c1ba","impression","theverge.com","Venti","Runway Premium","Connected TV","","Paramount+",1144720,"McDonalds",7.43,"MDI1"
"871ac496-6811-465d-85c1-e90f9208d885","video_complete","weather.com","HighRise","Anchor w Video Package","Tablet","","",1144761,"Old Navy",7.49,"MDI1"
"47e3c7de-216c-495d-a834-24058105587a","video_complete","usatoday.com","HighRise","Runway Premium","Phone","Roku","Fubo TV",1144910,"Netflix",7.6,"MDI1"
"47e3c7de-216c-495d-a834-24058105587a","video_complete","usatoday.com","HighRise","Runway Premium","Phone","Roku","Fubo TV",1144910,"Netflix",7.6,"MDI1"
"1bc4e7c8-d499-47ff-89ed-b7624d86b820","click","tmz.com","Venti","Mobile Hover","Phone","","",1144722,"Chick-fil-A",7.51,"MDI1"
"1bc4e7c8-d499-47ff-89ed-b7624d86b820","click","tmz.com","Venti","Mobile Hover","Phone","","",1144722,"Chick-fil-A",7.51,"MDI1"
"dce00393-2040-4723-b0ba-970c3c2a7f46","video_load","theverge.com","ABA Display","Mobile Hover","Computer","","Pluto TV",1144780,"CVS",7.44,"MDI1"
"d0119631-15ea-45c2-9611-07e404c0c80e","video_midpoint","espn.com","HighRise","CTV Venti Package","Tablet","","",1144761,"Old Navy",7.46,"MDI1"
"f8c539ab-901c-4ca9-bfdf-04af263bccca","video_load","weather.com","Breakaway","Anchor w Video Package","Phone","Android TV","",1144760,"Nike",7.55,"MDI1"
"f8c539ab-901c-4ca9-bfdf-04af263bccca","video_load","weather.com","Breakaway","Anchor w Video Package","Phone","Android TV","",1144760,"Nike",7.55,"MDI1"
"f8c539ab-901c-4ca9-bfdf-04af263bccca","video_load","weather.com","Breakaway","Anchor w Video Package","Phone","Android TV","",1144760,"Nike",7.55,"MDI1"
"f8c539ab-901c-4ca9-bfdf-04af263bccca","video_load","weather.com","Breakaway","Anchor w Video Package","Phone","Android TV","",1144760,"Nike",7.55,"MDI1"
"182300d4-b047-43f9-877e-5a9dede55043","video_complete","forbes.com","Runway","Middle Banner - Standard","Tablet","Fire TV","",1144760,"Nike",7.56,"MDI1"
"182300d4-b047-43f9-877e-5a9dede55043","video_complete","forbes.com","Runway","Middle Banner - Standard","Tablet","Fire TV","",1144760,"Nike",7.56,"MDI1"
"4ce8a4d2-045e-4565-bf7a-b0543fcf41d2","video_midpoint","theverge.com","HighRise","Middle Banner - Standard","Connected TV","","",1144673,"Walmart Grocery",7.48,"MDI1"
"d6bd5190-0d30-4ca3-bf23-f408c7cc8daf","impression","people.com","Breakaway","Mobile Hover","Connected TV","","",1144722,"Chick-fil-A",7.41,"MDI1"
"d6bd5190-0d30-4ca3-bf23-f408c7cc8daf","impression","people.com","Breakaway","Mobile Hover","Connected TV","","",1144722,"Chick-fil-A",7.41,"MDI1"
"d6bd5190-0d30-4ca3-bf23-f408c7cc8daf","impression","people.com","Breakaway","Mobile Hover","Connected TV","","",1144722,"Chick-fil-A",7.41,"MDI1"
"18003351-9534-4b9d-921f-db8873ecf85b","video_complete","espn.com","Hover","Middle Banner - Standard","Phone","","",1144780,"CVS",7.39,"MDI1"
"18003351-9534-4b9d-921f-db8873ecf85b","video_complete","espn.com","Hover","Middle Banner - Standard","Phone","","",1144780,"CVS",7.39,"MDI1"
"14722704-5a9c-4419-b9fd-45727e7651f3","impression","theverge.com","ABA Display","Mobile Hover","Connected TV","","",1144790,"Apple",7.46,"MDI1"
"bd432573-5fbe-4ac2-a80c-822240c767eb","impression","theverge.com","Breakaway","CTV Venti Package","Phone","","",1144750,"Target",7.4,"MDI1"
"21b3210a-49ed-4cb5-ad2b-87d457cf4c31","video_complete","nytimes.com","Venti","Middle Banner - Standard","Connected TV","","",1144673,"Walmart Grocery",7.54,"MDI1"
"21b3210a-49ed-4cb5-ad2b-87d457cf4c31","video_complete","nytimes.com","Venti","Middle Banner - Standard","Connected TV","","",1144673,"Walmart Grocery",7.54,"MDI1"
"55fe6584-fb9f-4a47-be1f-33a8da31b4c8","video_firstquartile","forbes.com","Breakaway","Middle Banner - Standard","Computer","","",1144720,"McDonalds",7.46,"MDI1"
"689b38a5-8a82-4ffb-b4c6-86c6843aa713","video_complete","theverge.com","HighRise","Runway Premium","Connected TV","","Paramount+",1144910,"Netflix",7.47,"MDI1"
"1f174c35-ef32-4bed-a0dc-d2dfcdb4b0e3","video_complete","variety.com","HighRise","Mobile Hover","Connected TV","Roku","",1144673,"Walmart Grocery",7.54,"MDI1"
"b5f10cd5-b38f-481c-9efe-917b042694bd","video_start","espn.com","Venti","CTV Venti Package","Phone","","",1144721,"Starbucks",7.4,"MDI1"
"b5f10cd5-b38f-481c-9efe-917b042694bd","video_start","espn.com","Venti","CTV Venti Package","Phone","","",1144721,"Starbucks",7.4,"MDI1"
"013d3e54-a09c-4d54-8e1b-5abd5e0279ed","impression","usatoday.com","Hover","CTV Venti Package","Connected TV","Samsung TV","",1144761,"Old Navy",7.58,"MDI1"
"013d3e54-a09c-4d54-8e1b-5abd5e0279ed","impression","usatoday.com","Hover","CTV Venti Package","Connected TV","Samsung TV","",1144761,"Old Navy",7.58,"MDI1"
"013d3e54-a09c-4d54-8e1b-5abd5e0279ed","impression","usatoday.com","Hover","CTV Venti Package","Connected TV","Samsung TV","",1144761,"Old Navy",7.58,"MDI1"
"2cde6593-ffaf-4ee4-99dc-98df3d0b409b","video_firstquartile","buzzfeed.com","HighRise","Breakaway Display","Tablet","","Peacock",1144850,"Sephora",7.44,"MDI1"
"9300eef7-6892-495d-8d9e-b2316dd0519e","video_thirdquartile","espn.com","Venti","Anchor w Video Package","Computer","","",1144760,"Nike",7.46,"MDI1"
"9300eef7-6892-495d-8d9e-b2316dd0519e","video_thirdquartile","espn.com","Venti","Anchor w Video Package","Computer","","",1144760,"Nike",7.46,"MDI1"
"9b8a8250-adde-4104-9f3b-eca401240baa","impression","buzzfeed.com","Runway","Breakaway Display","Computer","","",1144673,"Walmart Grocery",7.46,"MDI1"
"5733c532-2cb0-4471-a7b6-7db661c1fa95","video_complete","weather.com","Runway","CTV Venti Package","Tablet","Android TV","Tubi",1144760,"Nike",7.4,"MDI1"
"02262e50-0de3-40cc-b1cc-80e9b77861c1","video_thirdquartile","people.com","HighRise","Runway Premium","Computer","","",1144780,"CVS",7.46,"MDI1"
"02262e50-0de3-40cc-b1cc-80e9b77861c1","video_thirdquartile","people.com","HighRise","Runway Premium","Computer","","",1144780,"CVS",7.46,"MDI1"
"d0ce0ce0-00ed-4f97-80aa-d99179d793b3","video_start","espn.com","Runway","Middle Banner - Standard","Tablet","","",1144760,"Nike",7.44,"MDI1"
"c3a2a1fb-76db-42b2-92cc-b764306b0c09","impression","people.com","ABA Display","CTV Venti Package","Connected TV","","",1144760,"Nike",7.42,"MDI1"
"917ef610-b671-4ab8-8763-bfd9fc83e135","click","buzzfeed.com","Breakaway","Breakaway Display","Phone","","",1144720,"McDonalds",7.52,"MDI1"
"27539732-26e0-4b5b-ac5c-4c1d1daaba10","video_firstquartile","buzzfeed.com","Runway","Runway Premium","Tablet","","Pluto TV",1144800,"Home Depot",7.42,"MDI1"
"58c9a0f3-10d3-4a09-8c64-561383f3584b","video_midpoint","people.com","Venti","Anchor w Video Package","Connected TV","","",1144673,"Walmart Grocery",7.52,"MDI1"
"58c9a0f3-10d3-4a09-8c64-561383f3584b","video_midpoint","people.com","Venti","Anchor w Video Package","Connected TV","","",1144673,"Walmart Grocery",7.52,"MDI1"
"22560f52-16f2-4f5b-a375-851b9fedb84c","video_thirdquartile","cnn.com","Venti","Mobile Hover","Connected TV","","",1144761,"Old Navy",7.49,"MDI1"
"22560f52-16f2-4f5b-a375-851b9fedb84c","video_thirdquartile","cnn.com","Venti","Mobile Hover","Connected TV","","",1144761,"Old Navy",7.49,"MDI1"
"76007154-1d9f-4c4d-8c02-66ce6b9d3b32","video_complete","tmz.com","Runway","Breakaway Display","Computer","","",1144760,"Nike",7.53,"MDI1"
"03b57c8d-4bf3-42a2-adc5-506ab70f4691","video_firstquartile","weather.com","Venti","CTV Venti Package","Connected TV","","",1144850,"Sephora",7.43,"MDI1"
"03b57c8d-4bf3-42a2-adc5-506ab70f4691","video_firstquartile","weather.com","Venti","CTV Venti Package","Connected TV","","",1144850,"Sephora",7.43,"MDI1"
"0a8e0458-f72a-4b58-9d57-6ee0ecad4086","impression","nytimes.com","HighRise","CTV Venti Package","Phone","","",1144673,"Walmart Grocery",7.44,"MDI1"
"0a8e0458-f72a-4b58-9d57-6ee0ecad4086","impression","nytimes.com","HighRise","CTV Venti Package","Phone","","",1144673,"Walmart Grocery",7.44,"MDI1"
"6e163723-a47d-4b2d-a59c-c412ea8a51ec","video_load","variety.com","ABA Display","Mobile Hover","Phone","","",1144722,"Chick-fil-A",7.49,"MDI1"
"6dd35db8-4bd5-4512-bc9d-b3460c638ca5","video_start","theverge.com","Hover","Runway Premium","Connected TV","","",1144910,"Netflix",7.47,"MDI1"
"6dd35db8-4bd5-4512-bc9d-b3460c638ca5","video_start","theverge.com","Hover","Runway Premium","Connected TV","","",1144910,"Netflix",7.47,"MDI1"
"9dd3926a-fd93-460d-b25d-1106f2d9e02b","impression","forbes.com","HighRise","Middle Banner - Standard","Connected TV","","",1144761,"Old Navy",7.52,"MDI1"
"07f243d5-294f-4b1c-bb75-c11ed49122b8","video_midpoint","tmz.com","HighRise","CTV Venti Package","Phone","Fire TV","",1144910,"Netflix",7.4,"MDI1"
"07f243d5-294f-4b1c-bb75-c11ed49122b8","video_midpoint","tmz.com","HighRise","CTV Venti Package","Phone","Fire TV","",1144910,"Netflix",7.4,"MDI1"
"d1fa6c18-9bad-4ecf-aa05-b1bca849543b","click","buzzfeed.com","Runway","Anchor w Video Package","Tablet","","Fubo TV",1144721,"Starbucks",7.53,"MDI1"
"83072593-0e0f-47e2-830d-5ba3aa0781ad","click","buzzfeed.com","Hover","Anchor w Video Package","Connected TV","Roku","",1144790,"Apple",7.49,"MDI1"
"44748e08-e579-422f-ad5e-af6d4c38631c","video_complete","people.com","Breakaway","Anchor w Video Package","Computer","Fire TV","",1144800,"Home Depot",7.42,"MDI1"
"c9640f5b-cf7b-4bb5-bdec-676af1981b28","click","weather.com","Venti","Middle Banner - Standard","Tablet","","Fubo TV",1144673,"Walmart Grocery",7.46,"MDI1"
"8372268a-830c-42ef-9750-12cbce25a21d","video_midpoint","tmz.com","Venti","Middle Banner - Standard","Tablet","Apple TV","",1144850,"Sephora",7.58,"MDI1"
"8372268a-830c-42ef-9750-12cbce25a21d","video_midpoint","tmz.com","Venti","Middle Banner - Standard","Tablet","Apple TV","",1144850,"Sephora",7.58,"MDI1"
"8372268a-830c-42ef-9750-12cbce25a21d","video_midpoint","tmz.com","Venti","Middle Banner - Standard","Tablet","Apple TV","",1144850,"Sephora",7.58,"MDI1"
"8372268a-830c-42ef-9750-12cbce25a21d","video_midpoint","tmz.com","Venti","Middle Banner - Standard","Tablet","Apple TV","",1144850,"Sephora",7.58,"MDI1"
"7e6c0746-743b-4df3-b39d-ac08d3f5d7cc","video_complete","weather.com","ABA Display","Runway Premium","Tablet","","",1144760,"Nike",7.52,"MDI1"
"cc63a98a-ad7c-4e47-b9d3-9aca4965c89b","video_complete","weather.com","Breakaway","Middle Banner - Standard","Phone","","",1144760,"Nike",7.47,"MDI1"
"a1802a74-c7c6-41f7-841f-7a0faa37734c","impression","usatoday.com","Hover","Mobile Hover","Phone","Roku","",1144800,"Home Depot",7.39,"MDI1"
"a1802a74-c7c6-41f7-841f-7a0faa37734c","impression","usatoday.com","Hover","Mobile Hover","Phone","Roku","",1144800,"Home Depot",7.39,"MDI1"
"6d338fe1-8d3b-4970-b562-6580f57728c4","click","buzzfeed.com","Breakaway","Runway Premium","Tablet","","",1144761,"Old Navy",7.54,"MDI1"
"63aede9c-2fb3-47a6-902d-2e8e8f5dc493","video_complete","espn.com","ABA Display","Mobile Hover","Phone","","Peacock",1144750,"Target",7.47,"MDI1"
"63aede9c-2fb3-47a6-902d-2e8e8f5dc493","video_complete","espn.com","ABA Display","Mobile Hover","Phone","","Peacock",1144750,"Target",7.47,"MDI1"
"d965e6d6-29b3-4fb1-80e2-12b7b39f7c70","video_firstquartile","techcrunch.com","Runway","Mobile Hover","Tablet","LG Smart TV","Tubi",1144722,"Chick-fil-A",7.44,"MDI1"
"d965e6d6-29b3-4fb1-80e2-12b7b39f7c70","video_firstquartile","techcrunch.com","Runway","Mobile Hover","Tablet","LG Smart TV","Tubi",1144722,"Chick-fil-A",7.44,"MDI1"
"ddd5e755-56fc-4e28-a354-bc7b6ea2273d","click","buzzfeed.com","Venti","Runway Premium","Phone","","",1144800,"Home Depot",7.49,"MDI1"
"06a55d92-9fc9-47b3-8f49-a7d1ef1fa474","impression","techcrunch.com","Runway","CTV Venti Package","Tablet","LG Smart TV","",1144720,"McDonalds",7.51,"MDI1"
"06a55d92-9fc9-47b3-8f49-a7d1ef1fa474","impression","techcrunch.com","Runway","CTV Venti Package","Tablet","LG Smart TV","",1144720,"McDonalds",7.51,"MDI1"
"1c655ea9-90a5-4656-9a75-9fb3e1c442d2","impression","buzzfeed.com","Runway","Mobile Hover","Connected TV","","Peacock",1144800,"Home Depot",7.45,"MDI1"
"13f9890c-f733-4471-8938-55ec8bc5c66c","video_start","espn.com","Hover","Runway Premium","Connected TV","","",1144722,"Chick-fil-A",7.43,"MDI1"
"5a7d2f20-2c30-4ba7-81fc-116290f30dae","impression","variety.com","HighRise","Middle Banner - Standard","Phone","","",1144720,"McDonalds",7.41,"MDI1"
"046bbac4-9948-45de-9293-92fcaf9f918e","video_thirdquartile","forbes.com","HighRise","Runway Premium","Connected TV","","Tubi",1144722,"Chick-fil-A",7.48,"MDI1"
"b94dfc92-456e-45a4-a89c-bec5e4edb434","impression","theverge.com","ABA Display","Breakaway Display","Computer","","Tubi",1144720,"McDonalds",7.41,"MDI1"
"30fc1705-7f8f-4f6a-8f59-702a6fd0bdb9","video_midpoint","weather.com","Runway","Anchor w Video Package","Computer","Apple TV","",1144790,"Apple",7.53,"MDI1"
"30fc1705-7f8f-4f6a-8f59-702a6fd0bdb9","video_midpoint","weather.com","Runway","Anchor w Video Package","Computer","Apple TV","",1144790,"Apple",7.53,"MDI1"
"30fc1705-7f8f-4f6a-8f59-702a6fd0bdb9","video_midpoint","weather.com","Runway","Anchor w Video Package","Computer","Apple TV","",1144790,"Apple",7.53,"MDI1"
"46007648-a498-4fbc-803e-de6ca3b9d19d","video_midpoint","techcrunch.com","Runway","CTV Venti Package","Phone","LG Smart TV","",1144761,"Old Navy",7.57,"MDI1"
"46007648-a498-4fbc-803e-de6ca3b9d19d","video_midpoint","techcrunch.com","Runway","CTV Venti Package","Phone","LG Smart TV","",1144761,"Old Navy",7.57,"MDI1"
"46007648-a498-4fbc-803e-de6ca3b9d19d","video_midpoint","techcrunch.com","Runway","CTV Venti Package","Phone","LG Smart TV","",1144761,"Old Navy",7.57,"MDI1"
"38933ec4-be32-4fff-9f93-89813ff8a4df","video_complete","cnn.com","Runway","Middle Banner - Standard","Phone","","Pluto TV",1144750,"Target",7.54,"MDI1"
"4fd870f7-e734-4c06-964a-1399e637dc96","video_midpoint","usatoday.com","HighRise","Runway Premium","Tablet","","",1144780,"CVS",7.44,"MDI1"
"4fd870f7-e734-4c06-964a-1399e637dc96","video_midpoint","usatoday.com","HighRise","Runway Premium","Tablet","","",1144780,"CVS",7.44,"MDI1"
"859bfb81-7391-4411-a7ed-a1ab645da8a1","video_complete","theverge.com","Runway","Mobile Hover","Computer","","",1144850,"Sephora",7.51,"MDI1"
"ae7b7b87-d46e-4d99-9681-9de3ba2d35eb","impression","nytimes.com","Hover","Anchor w Video Package","Tablet","","",1144780,"CVS",7.46,"MDI1"
"ae7b7b87-d46e-4d99-9681-9de3ba2d35eb","impression","nytimes.com","Hover","Anchor w Video Package","Tablet","","",1144780,"CVS",7.46,"MDI1"
"ae7b7b87-d46e-4d99-9681-9de3ba2d35eb","impression","nytimes.com","Hover","Anchor w Video Package","Tablet","","",1144780,"CVS",7.46,"MDI1"
"2f98acf9-8ac8-458a-9b21-fe8f2a5690a3","video_complete","variety.com","Hover","Mobile Hover","Tablet","Roku","",1144750,"Target",7.41,"MDI1"
"0727dd90-7229-4412-9b7c-2135e5842b96","video_start","nytimes.com","Breakaway","Runway Premium","Connected TV","","",1144760,"Nike",7.41,"MDI1"
"0727dd90-7229-4412-9b7c-2135e5842b96","video_start","nytimes.com","Breakaway","Runway Premium","Connected TV","","",1144760,"Nike",7.41,"MDI1"
"4565ee8f-da28-43bb-8ea8-826bf33fec13","click","weather.com","Breakaway","Runway Premium","Connected TV","LG Smart TV","",1144750,"Target",7.42,"MDI1"
"7973d4cf-6dd3-47cc-b78a-e41a1b04041e","impression","nytimes.com","Breakaway","Breakaway Display","Phone","","",1144761,"Old Navy",7.5,"MDI1"
"7973d4cf-6dd3-47cc-b78a-e41a1b04041e","impression","nytimes.com","Breakaway","Breakaway Display","Phone","","",1144761,"Old Navy",7.5,"MDI1"
"d79677b3-24b8-4bc1-9588-a650188e8bda","video_midpoint","people.com","Runway","Anchor w Video Package","Tablet","","",1144910,"Netflix",7.44,"MDI1"
"d79677b3-24b8-4bc1-9588-a650188e8bda","video_midpoint","people.com","Runway","Anchor w Video Package","Tablet","","",1144910,"Netflix",7.44,"MDI1"
"18cb039a-6d9d-4db8-9a2a-872c7eb741c4","impression","nytimes.com","ABA Display","Mobile Hover","Tablet","LG Smart TV","",1144750,"Target",7.41,"MDI1"
"5122e2e3-545c-46de-837f-d6348b36db02","video_complete","nytimes.com","Breakaway","Middle Banner - Standard","Connected TV","","",1144850,"Sephora",7.62,"MDI1"
"cdc332d5-8c32-4d85-8a90-753002fb71ca","video_midpoint","variety.com","Breakaway","Middle Banner - Standard","Phone","","",1144790,"Apple",7.52,"MDI1"
"4844a6fd-a924-413a-896c-b234f2593485","impression","weather.com","Hover","Mobile Hover","Connected TV","","",1144750,"Target",7.42,"MDI1"
"157a0e2f-1b92-4514-bdee-ffb15f890ec9","impression","people.com","Breakaway","Runway Premium","Computer","","Fubo TV",1144800,"Home Depot",7.43,"MDI1"
"48fc23b5-07fc-409d-abb0-32118b1dc4a8","video_complete","tmz.com","Venti","CTV Venti Package","Phone","","",1144760,"Nike",7.43,"MDI1"
"48fc23b5-07fc-409d-abb0-32118b1dc4a8","video_complete","tmz.com","Venti","CTV Venti Package","Phone","","",1144760,"Nike",7.43,"MDI1"
"ce585022-4a2c-4542-99ab-d3268141f043","impression","theverge.com","Hover","Mobile Hover","Connected TV","","",1144721,"Starbucks",7.45,"MDI1"
"a92e6d86-02c4-44d6-801d-37bf5fc25ba6","click","usatoday.com","ABA Display","Middle Banner - Standard","Connected TV","Roku","",1144720,"McDonalds",7.67,"MDI1"
"a92e6d86-02c4-44d6-801d-37bf5fc25ba6","click","usatoday.com","ABA Display","Middle Banner - Standard","Connected TV","Roku","",1144720,"McDonalds",7.67,"MDI1"
"2f44612e-d7eb-4866-a7a9-2a8f5e2b0600","impression","usatoday.com","ABA Display","Runway Premium","Connected TV","","",1144910,"Netflix",7.41,"MDI1"
"ff724bb8-f3d7-4de6-8778-58685f1b62c1","video_midpoint","nytimes.com","ABA Display","Middle Banner - Standard","Computer","Roku","",1144780,"CVS",7.42,"MDI1"
"ff724bb8-f3d7-4de6-8778-58685f1b62c1","video_midpoint","nytimes.com","ABA Display","Middle Banner - Standard","Computer","Roku","",1144780,"CVS",7.42,"MDI1"
"ac000d51-6b88-4d15-98a5-c3b4c2280d86","impression","buzzfeed.com","Runway","Breakaway Display","Tablet","","Tubi",1144720,"McDonalds",7.49,"MDI1"
"fd7307fd-1f57-42e0-884c-6160989b3985","impression","usatoday.com","HighRise","Mobile Hover","Connected TV","LG Smart TV","Tubi",1144760,"Nike",7.43,"MDI1"
"f64472e3-8103-4609-af7c-981eafcf48e9","video_complete","theverge.com","Hover","CTV Venti Package","Tablet","","Peacock",1144673,"Walmart Grocery",7.42,"MDI1"
"f64472e3-8103-4609-af7c-981eafcf48e9","video_complete","theverge.com","Hover","CTV Venti Package","Tablet","","Peacock",1144673,"Walmart Grocery",7.42,"MDI1"
"a479b8e5-56df-48e1-9b35-873286cfe187","impression","buzzfeed.com","Venti","Mobile Hover","Tablet","","",1144910,"Netflix",7.49,"MDI1"
"a479b8e5-56df-48e1-9b35-873286cfe187","impression","buzzfeed.com","Venti","Mobile Hover","Tablet","","",1144910,"Netflix",7.49,"MDI1"
"39cbc4ac-c8d8-4f25-adda-1e9688a36ba8","video_complete","techcrunch.com","ABA Display","CTV Venti Package","Computer","","",1144790,"Apple",7.52,"MDI1"
"1107463c-f363-4f68-a22c-de47184e735b","video_firstquartile","techcrunch.com","Hover","CTV Venti Package","Phone","","",1144910,"Netflix",7.42,"MDI1"
"aef8b4ba-4cee-484f-9620-97b1f147fcc9","impression","cnn.com","Runway","Runway Premium","Connected TV","","",1144761,"Old Navy",7.47,"MDI1"
"b667c23f-f85d-4bf7-81aa-0bc403697502","video_complete","usatoday.com","Hover","Breakaway Display","Phone","","",1144760,"Nike",7.48,"MDI1"
"a5ef35f8-7eb4-4f5d-9fcc-a9fdcf101ff6","impression","variety.com","HighRise","Runway Premium","Phone","","",1144673,"Walmart Grocery",7.42,"MDI1"
"a5ef35f8-7eb4-4f5d-9fcc-a9fdcf101ff6","impression","variety.com","HighRise","Runway Premium","Phone","","",1144673,"Walmart Grocery",7.42,"MDI1"
"c5fc6968-3714-45b5-9efc-8c485b843dd0","impression","weather.com","ABA Display","Breakaway Display","Computer","","Pluto TV",1144673,"Walmart Grocery",7.46,"MDI1"
"c5fc6968-3714-45b5-9efc-8c485b843dd0","impression","weather.com","ABA Display","Breakaway Display","Computer","","Pluto TV",1144673,"Walmart Grocery",7.46,"MDI1"
"c9d2e2bd-96ef-46b4-bb8b-bffa88025d1a","impression","buzzfeed.com","Venti","CTV Venti Package","Tablet","Fire TV","",1144850,"Sephora",7.39,"MDI1"
"2a3b9690-c054-42a1-9bbc-82853422551e","video_complete","usatoday.com","Runway","Anchor w Video Package","Connected TV","LG Smart TV","",1144761,"Old Navy",7.5,"MDI1"
"7f0816a2-a773-4200-8f96-eba359306bff","video_complete","forbes.com","Hover","Breakaway Display","Phone","Samsung TV","",1144780,"CVS",7.53,"MDI1"
"7f0816a2-a773-4200-8f96-eba359306bff","video_complete","forbes.com","Hover","Breakaway Display","Phone","Samsung TV","",1144780,"CVS",7.53,"MDI1"
"7f0816a2-a773-4200-8f96-eba359306bff","video_complete","forbes.com","Hover","Breakaway Display","Phone","Samsung TV","",1144780,"CVS",7.53,"MDI1"
"c9e3a879-3bf8-4371-9e23-656c25d0c0db","video_complete","cnn.com","HighRise","Breakaway Display","Computer","Apple TV","",1144722,"Chick-fil-A",7.56,"MDI1"
"40fcd921-8e34-4ace-8e67-145c0846129b","video_firstquartile","techcrunch.com","Breakaway","Anchor w Video Package","Phone","Android TV","",1144780,"CVS",7.41,"MDI1"
"40fcd921-8e34-4ace-8e67-145c0846129b","video_firstquartile","techcrunch.com","Breakaway","Anchor w Video Package","Phone","Android TV","",1144780,"CVS",7.41,"MDI1"
"0b5930fa-d31a-45c4-9233-a870f341b72f","impression","techcrunch.com","Hover","Middle Banner - Standard","Tablet","","",1144761,"Old Navy",7.42,"MDI1"
"0b5930fa-d31a-45c4-9233-a870f341b72f","impression","techcrunch.com","Hover","Middle Banner - Standard","Tablet","","",1144761,"Old Navy",7.42,"MDI1"
"7c24fa9a-a4e4-4094-a491-0484813c2932","video_midpoint","weather.com","Hover","Anchor w Video Package","Tablet","","",1144750,"Target",7.4,"MDI1"
"7c24fa9a-a4e4-4094-a491-0484813c2932","video_midpoint","weather.com","Hover","Anchor w Video Package","Tablet","","",1144750,"Target",7.4,"MDI1"
"0b000197-8c68-4506-b17f-4e0322064a3f","click","espn.com","ABA Display","Breakaway Display","Tablet","","",1144673,"Walmart Grocery",7.47,"MDI1"
"033d583c-6ca9-4037-8916-95bd714b6270","click","forbes.com","ABA Display","Breakaway Display","Phone","","",1144780,"CVS",7.4,"MDI1"
"2e47df88-9fe7-4d48-8dcc-d47e5490a010","impression","usatoday.com","HighRise","Runway Premium","Tablet","","",1144722,"Chick-fil-A",7.41,"MDI1"
"2e47df88-9fe7-4d48-8dcc-d47e5490a010","impression","usatoday.com","HighRise","Runway Premium","Tablet","","",1144722,"Chick-fil-A",7.41,"MDI1"
"2e47df88-9fe7-4d48-8dcc-d47e5490a010","impression","usatoday.com","HighRise","Runway Premium","Tablet","","",1144722,"Chick-fil-A",7.41,"MDI1"
"85869cea-851f-4139-9501-d8fed3421676","video_complete","tmz.com","HighRise","CTV Venti Package","Connected TV","","",1144780,"CVS",7.57,"MDI1"
"b3103afa-13a8-4fbe-99ae-738f390ca96b","click","nytimes.com","Breakaway","Middle Banner - Standard","Phone","Roku","",1144720,"McDonalds",7.46,"MDI1"
"54798afa-dbdb-40f5-8105-6bf5f72f14da","video_complete","people.com","Breakaway","Breakaway Display","Tablet","","",1144673,"Walmart Grocery",7.56,"MDI1"
"28d28ae2-085b-4227-891d-4b18a7d20096","video_start","weather.com","HighRise","CTV Venti Package","Connected TV","","",1144761,"Old Navy",7.45,"MDI1"
"44136a21-6713-490f-a8a7-645457cf6eba","impression","forbes.com","Breakaway","Runway Premium","Phone","Fire TV","",1144850,"Sephora",7.48,"MDI1"
"01520285-9610-4032-a567-a1d1a25b582f","video_firstquartile","forbes.com","Hover","Middle Banner - Standard","Connected TV","","",1144800,"Home Depot",7.42,"MDI1"
"ce61ad0d-a9c6-4d18-8e32-fce54741793f","video_complete","buzzfeed.com","Hover","Mobile Hover","Connected TV","Android TV","",1144910,"Netflix",7.74,"MDI1"
"5540dd55-be29-445e-a0a4-fc909f8960ae","impression","tmz.com","ABA Display","Breakaway Display","Connected TV","LG Smart TV","",1144721,"Starbucks",7.44,"MDI1"
"5540dd55-be29-445e-a0a4-fc909f8960ae","impression","tmz.com","ABA Display","Breakaway Display","Connected TV","LG Smart TV","",1144721,"Starbucks",7.44,"MDI1"
"2bbf3e7b-a38c-451d-8745-fdb37df28749","video_start","variety.com","Venti","Anchor w Video Package","Phone","","",1144673,"Walmart Grocery",7.47,"MDI1"
"4c7666e6-614c-400e-a18b-d9e9ab66e0d7","video_midpoint","weather.com","ABA Display","Breakaway Display","Phone","","",1144780,"CVS",7.41,"MDI1"
"78467460-d242-4757-8999-1ef8141893ee","video_start","tmz.com","Breakaway","Runway Premium","Connected TV","LG Smart TV","",1144780,"CVS",7.53,"MDI1"
"78467460-d242-4757-8999-1ef8141893ee","video_start","tmz.com","Breakaway","Runway Premium","Connected TV","LG Smart TV","",1144780,"CVS",7.53,"MDI1"
"0ed580e5-d306-4d73-a1ae-4f1becd72f85","impression","variety.com","ABA Display","Middle Banner - Standard","Phone","","",1144720,"McDonalds",7.42,"MDI1"
"dbdabac7-6e34-44e2-83d5-2af3c8f358f2","click","tmz.com","HighRise","Anchor w Video Package","Phone","","",1144750,"Target",7.52,"MDI1"
"59de369c-9f02-49d7-93a1-ad49594c0cc2","impression","forbes.com","Runway","Mobile Hover","Tablet","","",1144721,"Starbucks",7.46,"MDI1"
"752cee53-4208-4b69-ac85-6dc798c6ab0b","video_load","nytimes.com","HighRise","Breakaway Display","Phone","","",1144720,"McDonalds",7.39,"MDI1"
"b9563386-e185-491a-ab0e-47fb008e8330","video_firstquartile","espn.com","Breakaway","Middle Banner - Standard","Connected TV","Roku","",1144761,"Old Navy",7.54,"MDI1"
"b9563386-e185-491a-ab0e-47fb008e8330","video_firstquartile","espn.com","Breakaway","Middle Banner - Standard","Connected TV","Roku","",1144761,"Old Navy",7.54,"MDI1"
"ebc37965-eb74-4399-86d9-7cdebef04b43","click","buzzfeed.com","Breakaway","Middle Banner - Standard","Tablet","","",1144721,"Starbucks",7.55,"MDI1"
"34ff50ea-1f0a-439f-b3c3-a9876efbf717","click","buzzfeed.com","Venti","Breakaway Display","Tablet","Apple TV","",1144790,"Apple",7.4,"MDI1"
"614e3d70-dfcc-4ef6-9772-6b31d100f92b","video_load","espn.com","Runway","Middle Banner - Standard","Phone","LG Smart TV","",1144910,"Netflix",7.43,"MDI1"
"5426e26d-aa7d-46a5-a7bf-17bd8085126b","click","cnn.com","Venti","Mobile Hover","Phone","","Fubo TV",1144721,"Starbucks",7.5,"MDI1"
"589020fd-c317-496e-a6f8-292da492002f","impression","nytimes.com","Venti","Anchor w Video Package","Connected TV","","Paramount+",1144673,"Walmart Grocery",7.49,"MDI1"
"ef6f6cab-68f8-4b48-9cec-d52f42f921f1","impression","theverge.com","Breakaway","Mobile Hover","Computer","LG Smart TV","",1144790,"Apple",7.45,"MDI1"
"ef6f6cab-68f8-4b48-9cec-d52f42f921f1","impression","theverge.com","Breakaway","Mobile Hover","Computer","LG Smart TV","",1144790,"Apple",7.45,"MDI1"
"ef6f6cab-68f8-4b48-9cec-d52f42f921f1","impression","theverge.com","Breakaway","Mobile Hover","Computer","LG Smart TV","",1144790,"Apple",7.45,"MDI1"
"cc9e5839-b709-4fa0-bbf9-1f402f010ea5","impression","techcrunch.com","Venti","Mobile Hover","Phone","","",1144790,"Apple",7.51,"MDI1"
"cc9e5839-b709-4fa0-bbf9-1f402f010ea5","impression","techcrunch.com","Venti","Mobile Hover","Phone","","",1144790,"Apple",7.51,"MDI1"
"251cf856-7aca-4bf2-9d51-cc980bd0e3b4","impression","tmz.com","HighRise","Anchor w Video Package","Connected TV","Apple TV","",1144800,"Home Depot",7.48,"MDI1"
"251cf856-7aca-4bf2-9d51-cc980bd0e3b4","impression","tmz.com","HighRise","Anchor w Video Package","Connected TV","Apple TV","",1144800,"Home Depot",7.48,"MDI1"
"20f18dbb-1770-40ee-aab7-5586fdc97eb0","impression","usatoday.com","Breakaway","CTV Venti Package","Tablet","","",1144760,"Nike",7.4,"MDI1"
"ad7b6bd1-86af-44ab-8c6c-f8064e59e1af","video_midpoint","nytimes.com","ABA Display","Middle Banner - Standard","Tablet","","",1144750,"Target",7.44,"MDI1"
"95341089-6885-4002-a711-2b5529377b55","impression","techcrunch.com","ABA Display","Middle Banner - Standard","Tablet","","",1144800,"Home Depot",7.45,"MDI1"
"95341089-6885-4002-a711-2b5529377b55","impression","techcrunch.com","ABA Display","Middle Banner - Standard","Tablet","","",1144800,"Home Depot",7.45,"MDI1"
"95341089-6885-4002-a711-2b5529377b55","impression","techcrunch.com","ABA Display","Middle Banner - Standard","Tablet","","",1144800,"Home Depot",7.45,"MDI1"
"4ff24f70-43a2-48ae-b88b-3830198ae875","video_complete","cnn.com","Hover","Runway Premium","Tablet","Samsung TV","",1144721,"Starbucks",7.51,"MDI1"
"51d877a5-aaf9-4da9-aa58-6fe5ae6549c2","video_thirdquartile","people.com","ABA Display","Anchor w Video Package","Connected TV","Fire TV","",1144750,"Target",7.44,"MDI1"
"51d877a5-aaf9-4da9-aa58-6fe5ae6549c2","video_thirdquartile","people.com","ABA Display","Anchor w Video Package","Connected TV","Fire TV","",1144750,"Target",7.44,"MDI1"
"bf300b98-fdfb-45eb-8ceb-976f4d4ef333","click","buzzfeed.com","Venti","CTV Venti Package","Tablet","Roku","",1144780,"CVS",7.44,"MDI1"
"4ca5712f-4c98-445b-8790-9b62cd5b9fae","video_midpoint","tmz.com","HighRise","Breakaway Display","Computer","Fire TV","",1144721,"Starbucks",7.4,"MDI1"
"dae1f2b4-659d-4289-8aa2-81841768829d","impression","espn.com","Breakaway","Breakaway Display","Connected TV","LG Smart TV","",1144721,"Starbucks",7.42,"MDI1"
"dae1f2b4-659d-4289-8aa2-81841768829d","impression","espn.com","Breakaway","Breakaway Display","Connected TV","LG Smart TV","",1144721,"Starbucks",7.42,"MDI1"
"ac9fdd87-09ef-40a3-add2-1249e0a2a8f1","impression","nytimes.com","ABA Display","Mobile Hover","Phone","","",1144760,"Nike",7.39,"MDI1"
"12caf0b3-247d-41f1-a750-933d3e0bba55","video_complete","variety.com","Breakaway","CTV Venti Package","Connected TV","Fire TV","",1144790,"Apple",7.43,"MDI1"
"e7048868-9eef-4341-98b5-9d6a1e000e0e","impression","nytimes.com","HighRise","Anchor w Video Package","Connected TV","","",1144750,"Target",7.47,"MDI1"
"e7048868-9eef-4341-98b5-9d6a1e000e0e","impression","nytimes.com","HighRise","Anchor w Video Package","Connected TV","","",1144750,"Target",7.47,"MDI1"
"e7048868-9eef-4341-98b5-9d6a1e000e0e","impression","nytimes.com","HighRise","Anchor w Video Package","Connected TV","","",1144750,"Target",7.47,"MDI1"
"acd5c8e6-b4d8-403b-bfc5-7bad2dd51b21","video_thirdquartile","nytimes.com","Breakaway","Middle Banner - Standard","Connected TV","Samsung TV","",1144720,"McDonalds",7.46,"MDI1"
"acd5c8e6-b4d8-403b-bfc5-7bad2dd51b21","video_thirdquartile","nytimes.com","Breakaway","Middle Banner - Standard","Connected TV","Samsung TV","",1144720,"McDonalds",7.46,"MDI1"
"acd5c8e6-b4d8-403b-bfc5-7bad2dd51b21","video_thirdquartile","nytimes.com","Breakaway","Middle Banner - Standard","Connected TV","Samsung TV","",1144720,"McDonalds",7.46,"MDI1"
"84321b29-6efc-4283-bfd8-87ab1fc70f48","video_complete","espn.com","Runway","Mobile Hover","Computer","","",1144722,"Chick-fil-A",7.47,"MDI1"
"84321b29-6efc-4283-bfd8-87ab1fc70f48","video_complete","espn.com","Runway","Mobile Hover","Computer","","",1144722,"Chick-fil-A",7.47,"MDI1"
"84321b29-6efc-4283-bfd8-87ab1fc70f48","video_complete","espn.com","Runway","Mobile Hover","Computer","","",1144722,"Chick-fil-A",7.47,"MDI1"
"4a8fa31c-db98-455d-b452-a781567f21e8","video_firstquartile","tmz.com","HighRise","Anchor w Video Package","Computer","Apple TV","",1144761,"Old Navy",7.41,"MDI1"
"0a097f3f-568c-4543-baba-82c96ce9024b","video_load","usatoday.com","HighRise","Middle Banner - Standard","Phone","","",1144800,"Home Depot",7.5,"MDI1"
"0a097f3f-568c-4543-baba-82c96ce9024b","video_load","usatoday.com","HighRise","Middle Banner - Standard","Phone","","",1144800,"Home Depot",7.5,"MDI1"
"e6a393fa-2ef0-429c-96cf-4f4181c862ea","click","usatoday.com","Breakaway","Middle Banner - Standard","Computer","Roku","",1144722,"Chick-fil-A",7.43,"MDI1"
"332faf1e-3305-49af-92c6-3ccb373726be","impression","people.com","Venti","Middle Banner - Standard","Computer","","",1144800,"Home Depot",7.45,"MDI1"
"12df9f44-bfd8-446b-8e24-fb6967de06da","video_start","nytimes.com","HighRise","CTV Venti Package","Connected TV","","",1144910,"Netflix",7.45,"MDI1"
"444cb373-0de9-44ee-8148-38e983217582","impression","cnn.com","ABA Display","Mobile Hover","Tablet","","",1144760,"Nike",7.39,"MDI1"
"dd081a86-9cdc-4624-bae0-660c04b92db0","impression","buzzfeed.com","Venti","Mobile Hover","Phone","","",1144721,"Starbucks",7.47,"MDI1"
"62a52e11-1590-4d27-9190-c98a34bf2ce3","video_firstquartile","forbes.com","Runway","Middle Banner - Standard","Connected TV","","",1144721,"Starbucks",7.53,"MDI1"
"c58eb225-be47-4951-8fa7-d5fb316b6353","impression","weather.com","Venti","Runway Premium","Phone","Roku","",1144721,"Starbucks",7.5,"MDI1"
"55aeb788-f57f-4215-b436-418cf8d71b15","impression","theverge.com","Venti","Breakaway Display","Tablet","Roku","",1144722,"Chick-fil-A",7.47,"MDI1"
"26909890-533e-4988-a391-2dbd4e780621","impression","theverge.com","ABA Display","Anchor w Video Package","Connected TV","","",1144750,"Target",7.5,"MDI1"
"47795af8-77fa-4b22-8954-2f3fbfb4867b","click","variety.com","HighRise","CTV Venti Package","Phone","","",1144722,"Chick-fil-A",7.48,"MDI1"
"47795af8-77fa-4b22-8954-2f3fbfb4867b","click","variety.com","HighRise","CTV Venti Package","Phone","","",1144722,"Chick-fil-A",7.48,"MDI1"
"47795af8-77fa-4b22-8954-2f3fbfb4867b","click","variety.com","HighRise","CTV Venti Package","Phone","","",1144722,"Chick-fil-A",7.48,"MDI1"
"47795af8-77fa-4b22-8954-2f3fbfb4867b","click","variety.com","HighRise","CTV Venti Package","Phone","","",1144722,"Chick-fil-A",7.48,"MDI1"
"ca78a3b7-42c0-4b85-bce4-5a3477196863","video_load","nytimes.com","HighRise","Anchor w Video Package","Connected TV","Samsung TV","",1144760,"Nike",7.53,"MDI1"
"1b51c4b1-3d98-4f3f-bf30-fa2d0733260c","impression","nytimes.com","Hover","Anchor w Video Package","Phone","","",1144760,"Nike",7.46,"MDI1"
"ac0366f8-5588-466b-9770-3380681477c1","video_load","cnn.com","Breakaway","Breakaway Display","Phone","Android TV","",1144761,"Old Navy",7.54,"MDI1"
"cbb8d8f0-31b1-4765-8a2b-e7e77433ab32","video_midpoint","buzzfeed.com","Hover","Middle Banner - Standard","Phone","","",1144750,"Target",7.44,"MDI1"
"8b4ad77f-7b3f-449c-bcee-d52b533c73a6","impression","variety.com","Breakaway","Runway Premium","Computer","","",1144761,"Old Navy",7.45,"MDI1"
"9ded751e-7ee5-4441-9468-bc8fda33066b","video_complete","techcrunch.com","Hover","Middle Banner - Standard","Computer","","Fubo TV",1144721,"Starbucks",7.5,"MDI1"
"18580d15-a07e-49a3-b1bd-f3745fc5fa8d","video_complete","forbes.com","Breakaway","Mobile Hover","Tablet","","",1144800,"Home Depot",7.54,"MDI1"
"18580d15-a07e-49a3-b1bd-f3745fc5fa8d","video_complete","forbes.com","Breakaway","Mobile Hover","Tablet","","",1144800,"Home Depot",7.54,"MDI1"
"18580d15-a07e-49a3-b1bd-f3745fc5fa8d","video_complete","forbes.com","Breakaway","Mobile Hover","Tablet","","",1144800,"Home Depot",7.54,"MDI1"
"3376a1e4-173b-40d1-94fd-595fe1c8f11c","video_start","people.com","Breakaway","Breakaway Display","Phone","","",1144760,"Nike",7.43,"MDI1"
"3376a1e4-173b-40d1-94fd-595fe1c8f11c","video_start","people.com","Breakaway","Breakaway Display","Phone","","",1144760,"Nike",7.43,"MDI1"
"3376a1e4-173b-40d1-94fd-595fe1c8f11c","video_start","people.com","Breakaway","Breakaway Display","Phone","","",1144760,"Nike",7.43,"MDI1"
"594c5961-979f-4acf-a183-4d4b4cd9fc95","video_thirdquartile","techcrunch.com","Breakaway","CTV Venti Package","Connected TV","Roku","",1144722,"Chick-fil-A",7.5,"MDI1"
"e4483bc9-bbeb-4efe-a8eb-ae414245267c","video_start","techcrunch.com","Hover","Breakaway Display","Computer","","Peacock",1144721,"Starbucks",7.41,"MDI1"
"d9a01936-7ff1-42ac-a580-f3044ab6ff34","video_complete","forbes.com","Breakaway","Mobile Hover","Computer","LG Smart TV","",1144722,"Chick-fil-A",7.45,"MDI1"
"d9a01936-7ff1-42ac-a580-f3044ab6ff34","video_complete","forbes.com","Breakaway","Mobile Hover","Computer","LG Smart TV","",1144722,"Chick-fil-A",7.45,"MDI1"
"76cae2c8-2fa3-40b2-a8ed-78dd033e6d54","video_complete","theverge.com","ABA Display","Anchor w Video Package","Tablet","","",1144761,"Old Navy",7.46,"MDI1"
"6ee32c27-7c90-40e3-ae39-7d51dfb2b3e2","impression","nytimes.com","Hover","Runway Premium","Phone","LG Smart TV","Paramount+",1144760,"Nike",7.5,"MDI1"
"b8f4d65e-7a63-4bfd-8c1f-d08e7727eabc","video_complete","usatoday.com","ABA Display","Middle Banner - Standard","Computer","","",1144750,"Target",7.49,"MDI1"
"9239dc8d-2568-4651-b21e-0f049eeebc1d","video_complete","weather.com","HighRise","Middle Banner - Standard","Connected TV","","",1144850,"Sephora",7.51,"MDI1"
"95f0bbd4-35f7-4acf-bef3-7f6833c7f827","video_start","espn.com","Runway","Runway Premium","Phone","","",1144721,"Starbucks",7.41,"MDI1"
"0dd06256-c399-4268-9630-7d4019aba763","video_complete","buzzfeed.com","HighRise","Middle Banner - Standard","Phone","","",1144761,"Old Navy",7.49,"MDI1"
"0dd06256-c399-4268-9630-7d4019aba763","video_complete","buzzfeed.com","HighRise","Middle Banner - Standard","Phone","","",1144761,"Old Navy",7.49,"MDI1"
"5cc33f33-2002-4110-a823-3c281f66ad20","video_complete","cnn.com","Hover","Runway Premium","Connected TV","","Pluto TV",1144720,"McDonalds",7.5,"MDI1"
"1601fc4a-8f44-4971-89ee-f568df3c915f","video_midpoint","theverge.com","Runway","Middle Banner - Standard","Tablet","","",1144750,"Target",7.42,"MDI1"
"5b1ca0bc-c477-4a1a-8c8d-7de1594fba67","video_midpoint","forbes.com","Venti","Runway Premium","Connected TV","Android TV","Tubi",1144720,"McDonalds",7.54,"MDI1"
"56132de7-9935-47b5-808c-33df188b6ec6","impression","weather.com","Runway","Middle Banner - Standard","Tablet","","",1144673,"Walmart Grocery",7.43,"MDI1"
"56132de7-9935-47b5-808c-33df188b6ec6","impression","weather.com","Runway","Middle Banner - Standard","Tablet","","",1144673,"Walmart Grocery",7.43,"MDI1"
"56132de7-9935-47b5-808c-33df188b6ec6","impression","weather.com","Runway","Middle Banner - Standard","Tablet","","",1144673,"Walmart Grocery",7.43,"MDI1"
"b16592c8-4ef5-4ef1-99ff-e58008c12771","impression","forbes.com","ABA Display","Breakaway Display","Computer","Android TV","",1144760,"Nike",7.44,"MDI1"
"9cd41a9c-1bb7-4f3b-a760-00a0c1a706ce","video_complete","buzzfeed.com","Runway","Runway Premium","Computer","","",1144673,"Walmart Grocery",7.48,"MDI1"
"05155397-bfbe-41ae-a8e4-06d203c1fda1","impression","variety.com","Venti","CTV Venti Package","Tablet","","",1144722,"Chick-fil-A",7.42,"MDI1"
"05155397-bfbe-41ae-a8e4-06d203c1fda1","impression","variety.com","Venti","CTV Venti Package","Tablet","","",1144722,"Chick-fil-A",7.42,"MDI1"
"93bb6c45-6e5e-41f7-979c-4d23a9ff1025","video_load","cnn.com","HighRise","CTV Venti Package","Connected TV","","Pluto TV",1144761,"Old Navy",7.4,"MDI1"
"cdde3f63-fe43-43f3-99fa-426e8775b8c3","video_load","variety.com","HighRise","Mobile Hover","Tablet","","",1144800,"Home Depot",7.42,"MDI1"
"72a2b9c4-703b-408b-8512-9ee3188bc681","click","buzzfeed.com","Breakaway","Runway Premium","Tablet","Android TV","",1144780,"CVS",7.48,"MDI1"
"72a2b9c4-703b-408b-8512-9ee3188bc681","click","buzzfeed.com","Breakaway","Runway Premium","Tablet","Android TV","",1144780,"CVS",7.48,"MDI1"
"f1ba6892-66ef-4cb2-af82-7ba74e8968c9","click","forbes.com","Venti","Runway Premium","Tablet","Roku","",1144721,"Starbucks",7.41,"MDI1"
"05f25bce-97ba-4769-ae00-505a4f17bd9b","video_firstquartile","weather.com","Breakaway","Runway Premium","Phone","","",1144780,"CVS",7.51,"MDI1"
"86d9f87a-ee7d-4449-99a6-a0218b38853e","video_complete","usatoday.com","ABA Display","Mobile Hover","Connected TV","","Peacock",1144850,"Sephora",7.39,"MDI1"
"34991c93-bfd1-42af-bad9-39d648b32c1c","click","tmz.com","HighRise","Middle Banner - Standard","Connected TV","","",1144800,"Home Depot",7.46,"MDI1"
"1db4c9ec-0062-44f6-a23c-e7c72dbd68aa","video_complete","techcrunch.com","Runway","Anchor w Video Package","Phone","","",1144720,"McDonalds",7.45,"MDI1"
"1db4c9ec-0062-44f6-a23c-e7c72dbd68aa","video_complete","techcrunch.com","Runway","Anchor w Video Package","Phone","","",1144720,"McDonalds",7.45,"MDI1"
"1db4c9ec-0062-44f6-a23c-e7c72dbd68aa","video_complete","techcrunch.com","Runway","Anchor w Video Package","Phone","","",1144720,"McDonalds",7.45,"MDI1"
"69f6d64d-e487-4157-8582-f711f3740645","video_complete","buzzfeed.com","Runway","Breakaway Display","Phone","","",1144850,"Sephora",7.43,"MDI1"
"b7efd975-51c2-4848-bd35-92446f2f6b5e","video_firstquartile","variety.com","ABA Display","Breakaway Display","Phone","Fire TV","",1144780,"CVS",7.45,"MDI1"
"c9af46db-6ff2-4814-9007-603e9608eb03","video_complete","techcrunch.com","Hover","CTV Venti Package","Computer","","Fubo TV",1144780,"CVS",7.5,"MDI1"
"c9af46db-6ff2-4814-9007-603e9608eb03","video_complete","techcrunch.com","Hover","CTV Venti Package","Computer","","Fubo TV",1144780,"CVS",7.5,"MDI1"
"50ffa7ea-d70c-42a4-b40a-27f98289b490","impression","forbes.com","Breakaway","Middle Banner - Standard","Tablet","Fire TV","",1144673,"Walmart Grocery",7.4,"MDI1"
"4e10ec11-15e7-40fb-a64b-5dc6212978b0","video_firstquartile","forbes.com","Runway","Breakaway Display","Tablet","","",1144850,"Sephora",7.4,"MDI1"
"05282c20-5d4d-48af-a059-eb5167ea867e","video_midpoint","cnn.com","Runway","Mobile Hover","Connected TV","","Tubi",1144910,"Netflix",7.41,"MDI1"
"05282c20-5d4d-48af-a059-eb5167ea867e","video_midpoint","cnn.com","Runway","Mobile Hover","Connected TV","","Tubi",1144910,"Netflix",7.41,"MDI1"
"fceb50a0-9e58-42c3-a205-e1ee010e50c3","video_midpoint","usatoday.com","Runway","CTV Venti Package","Phone","Android TV","",1144760,"Nike",7.43,"MDI1"
"fceb50a0-9e58-42c3-a205-e1ee010e50c3","video_midpoint","usatoday.com","Runway","CTV Venti Package","Phone","Android TV","",1144760,"Nike",7.43,"MDI1"
"fceb50a0-9e58-42c3-a205-e1ee010e50c3","video_midpoint","usatoday.com","Runway","CTV Venti Package","Phone","Android TV","",1144760,"Nike",7.43,"MDI1"
"fceb50a0-9e58-42c3-a205-e1ee010e50c3","video_midpoint","usatoday.com","Runway","CTV Venti Package","Phone","Android TV","",1144760,"Nike",7.43,"MDI1"
"bb038eb8-3fab-422a-836d-f4a851e3b7f3","video_midpoint","variety.com","Breakaway","CTV Venti Package","Tablet","","",1144850,"Sephora",7.41,"MDI1"
"04e739ec-f824-4831-84db-be24f49145cc","video_start","variety.com","Hover","Breakaway Display","Computer","","",1144761,"Old Navy",7.39,"MDI1"
"04e739ec-f824-4831-84db-be24f49145cc","video_start","variety.com","Hover","Breakaway Display","Computer","","",1144761,"Old Navy",7.39,"MDI1"
"5eefe75d-80fb-4dbf-845f-9bc564ae7a5f","impression","theverge.com","Venti","Runway Premium","Tablet","","",1144750,"Target",7.43,"MDI1"
"5eefe75d-80fb-4dbf-845f-9bc564ae7a5f","impression","theverge.com","Venti","Runway Premium","Tablet","","",1144750,"Target",7.43,"MDI1"
"5eefe75d-80fb-4dbf-845f-9bc564ae7a5f","impression","theverge.com","Venti","Runway Premium","Tablet","","",1144750,"Target",7.43,"MDI1"
"145eade9-6263-4f80-ba30-75bcf30e557d","video_start","theverge.com","Venti","Anchor w Video Package","Tablet","Apple TV","",1144780,"CVS",7.54,"MDI1"
"b6882f3e-c7af-475a-9552-b631f04573b3","video_midpoint","nytimes.com","Breakaway","Breakaway Display","Computer","","Paramount+",1144800,"Home Depot",7.44,"MDI1"
"ccb16a1b-29dd-4c82-93af-1e1a70807f3e","video_midpoint","techcrunch.com","ABA Display","Breakaway Display","Connected TV","","",1144721,"Starbucks",7.39,"MDI1"
"d2c5c3fa-bcad-472e-a6f8-97dc3e48753b","video_thirdquartile","variety.com","Runway","Runway Premium","Phone","","",1144800,"Home Depot",7.44,"MDI1"
"d2c5c3fa-bcad-472e-a6f8-97dc3e48753b","video_thirdquartile","variety.com","Runway","Runway Premium","Phone","","",1144800,"Home Depot",7.44,"MDI1"
"5a77355c-fa4f-4b10-841e-c79e36987468","impression","usatoday.com","HighRise","Middle Banner - Standard","Phone","","",1144761,"Old Navy",7.52,"MDI1"
"5a77355c-fa4f-4b10-841e-c79e36987468","impression","usatoday.com","HighRise","Middle Banner - Standard","Phone","","",1144761,"Old Navy",7.52,"MDI1"
"d8a33a0e-e84f-4211-b243-611447b206d8","video_complete","forbes.com","ABA Display","CTV Venti Package","Computer","LG Smart TV","",1144673,"Walmart Grocery",7.42,"MDI1"
"d8a33a0e-e84f-4211-b243-611447b206d8","video_complete","forbes.com","ABA Display","CTV Venti Package","Computer","LG Smart TV","",1144673,"Walmart Grocery",7.42,"MDI1"
"a82a550b-755a-4e14-abef-3abcecc7bcbf","video_complete","espn.com","Breakaway","Breakaway Display","Connected TV","","",1144750,"Target",7.48,"MDI1"
"c70ae94a-e9ec-4aa2-998f-f4fffbcd0607","video_start","nytimes.com","ABA Display","Middle Banner - Standard","Phone","","",1144721,"Starbucks",7.47,"MDI1"
"6ab2ed2d-54ef-46b0-be92-618efab4ec67","video_start","usatoday.com","Venti","Anchor w Video Package","Computer","Samsung TV","",1144721,"Starbucks",7.42,"MDI1"
"6ab2ed2d-54ef-46b0-be92-618efab4ec67","video_start","usatoday.com","Venti","Anchor w Video Package","Computer","Samsung TV","",1144721,"Starbucks",7.42,"MDI1"
"9e6c6c79-cd63-441f-9901-81605f0b2279","video_thirdquartile","techcrunch.com","ABA Display","Breakaway Display","Phone","Apple TV","",1144722,"Chick-fil-A",7.53,"MDI1"
"52d36a05-d210-4d2b-83f6-3a6d90d41e84","impression","techcrunch.com","Hover","Anchor w Video Package","Connected TV","","",1144721,"Starbucks",7.46,"MDI1"
"52d36a05-d210-4d2b-83f6-3a6d90d41e84","impression","techcrunch.com","Hover","Anchor w Video Package","Connected TV","","",1144721,"Starbucks",7.46,"MDI1"
"d66cdac6-cf22-4e16-b3ae-9fccfa9e6b2a","click","variety.com","ABA Display","Breakaway Display","Connected TV","","",1144800,"Home Depot",7.5,"MDI1"
"d66cdac6-cf22-4e16-b3ae-9fccfa9e6b2a","click","variety.com","ABA Display","Breakaway Display","Connected TV","","",1144800,"Home Depot",7.5,"MDI1"
"d66cdac6-cf22-4e16-b3ae-9fccfa9e6b2a","click","variety.com","ABA Display","Breakaway Display","Connected TV","","",1144800,"Home Depot",7.5,"MDI1"
"00fbfbfc-22a1-488f-9172-74d3a9982d92","video_midpoint","tmz.com","ABA Display","Mobile Hover","Phone","","",1144720,"McDonalds",7.45,"MDI1"
"2446ff25-353d-4654-9ac7-57e112b51a61","video_midpoint","techcrunch.com","ABA Display","Mobile Hover","Phone","","",1144800,"Home Depot",7.48,"MDI1"
"2446ff25-353d-4654-9ac7-57e112b51a61","video_midpoint","techcrunch.com","ABA Display","Mobile Hover","Phone","","",1144800,"Home Depot",7.48,"MDI1"
"0b168324-4232-4dd5-93be-a0d739d3cdad","click","weather.com","Venti","Anchor w Video Package","Connected TV","","",1144750,"Target",7.42,"MDI1"
"0b168324-4232-4dd5-93be-a0d739d3cdad","click","weather.com","Venti","Anchor w Video Package","Connected TV","","",1144750,"Target",7.42,"MDI1"
"693883ca-95c3-4d33-b7c5-fa6f368f30d9","video_thirdquartile","tmz.com","Runway","Mobile Hover","Phone","","",1144790,"Apple",7.43,"MDI1"
"693883ca-95c3-4d33-b7c5-fa6f368f30d9","video_thirdquartile","tmz.com","Runway","Mobile Hover","Phone","","",1144790,"Apple",7.43,"MDI1"
"693883ca-95c3-4d33-b7c5-fa6f368f30d9","video_thirdquartile","tmz.com","Runway","Mobile Hover","Phone","","",1144790,"Apple",7.43,"MDI1"
"693883ca-95c3-4d33-b7c5-fa6f368f30d9","video_thirdquartile","tmz.com","Runway","Mobile Hover","Phone","","",1144790,"Apple",7.43,"MDI1"
"57d99024-9b0d-45eb-b141-39a0d269efe2","video_thirdquartile","nytimes.com","Venti","Mobile Hover","Connected TV","","",1144722,"Chick-fil-A",7.49,"MDI1"
"60e900ce-e1dc-4c4f-a5a4-cd6060f6669c","video_firstquartile","usatoday.com","Venti","Middle Banner - Standard","Connected TV","","Tubi",1144673,"Walmart Grocery",7.48,"MDI1"
"60e900ce-e1dc-4c4f-a5a4-cd6060f6669c","video_firstquartile","usatoday.com","Venti","Middle Banner - Standard","Connected TV","","Tubi",1144673,"Walmart Grocery",7.48,"MDI1"
"60e900ce-e1dc-4c4f-a5a4-cd6060f6669c","video_firstquartile","usatoday.com","Venti","Middle Banner - Standard","Connected TV","","Tubi",1144673,"Walmart Grocery",7.48,"MDI1"
"52cb006a-f7b2-4576-9005-167d8141e58b","impression","espn.com","ABA Display","Anchor w Video Package","Tablet","Apple TV","",1144673,"Walmart Grocery",7.5,"MDI1"
"87f2394e-1351-4930-862a-fda6d1893563","video_start","forbes.com","HighRise","Middle Banner - Standard","Connected TV","","",1144780,"CVS",7.43,"MDI1"
"90246352-0bd7-42b7-a611-23e321b1588e","impression","buzzfeed.com","ABA Display","Runway Premium","Connected TV","","Tubi",1144850,"Sephora",7.44,"MDI1"
"70c55d5e-88a5-4763-ba80-1e3562c6f8f3","video_start","theverge.com","Runway","Mobile Hover","Connected TV","","",1144761,"Old Navy",7.41,"MDI1"
"54323f31-351a-4979-a4af-b759cfea7dac","impression","people.com","Hover","CTV Venti Package","Tablet","","Peacock",1144910,"Netflix",7.47,"MDI1"
"3f928976-5fcc-4159-b2e8-2a2596508b1a","video_complete","usatoday.com","Hover","Anchor w Video Package","Tablet","Fire TV","",1144790,"Apple",7.54,"MDI1"
"2ac2b770-a8be-4077-b65a-071555d7f9ec","video_thirdquartile","theverge.com","Venti","Runway Premium","Tablet","Samsung TV","",1144720,"McDonalds",7.47,"MDI1"
"e76217cb-cf7a-46b2-8550-a40292c0e25a","impression","variety.com","Hover","Middle Banner - Standard","Phone","Samsung TV","",1144750,"Target",7.49,"MDI1"
"456a995e-42cc-4dfe-913e-b850648abdd6","impression","variety.com","Breakaway","CTV Venti Package","Computer","","Fubo TV",1144780,"CVS",7.43,"MDI1"
"1a4e4286-d89b-4483-8636-8836911d5193","video_complete","theverge.com","Runway","Runway Premium","Tablet","","",1144720,"McDonalds",7.47,"MDI1"
"1a4e4286-d89b-4483-8636-8836911d5193","video_complete","theverge.com","Runway","Runway Premium","Tablet","","",1144720,"McDonalds",7.47,"MDI1"
"1a4e4286-d89b-4483-8636-8836911d5193","video_complete","theverge.com","Runway","Runway Premium","Tablet","","",1144720,"McDonalds",7.47,"MDI1"
"bde76a9b-22cc-408a-a966-b5ffa4e81321","impression","theverge.com","Breakaway","Anchor w Video Package","Tablet","","",1144850,"Sephora",7.45,"MDI1"
"37f4a5fd-327d-4444-82b8-862cb6b2845b","video_thirdquartile","variety.com","ABA Display","Middle Banner - Standard","Tablet","","",1144761,"Old Navy",7.49,"MDI1"
"340b1d9e-e7db-472b-a9e5-177d54c90603","video_complete","weather.com","Venti","Middle Banner - Standard","Tablet","","Paramount+",1144673,"Walmart Grocery",7.53,"MDI1"
"26e7fdac-80fe-4afe-b726-8f8f98ee6b93","video_midpoint","buzzfeed.com","Runway","Anchor w Video Package","Phone","","",1144850,"Sephora",7.5,"MDI1"
"5841f21d-35ac-41b6-9e9d-cccf6ffdd7a1","click","buzzfeed.com","ABA Display","Mobile Hover","Computer","","",1144910,"Netflix",7.44,"MDI1"
"a6223bf4-045e-43f4-aadf-75b41454f420","video_thirdquartile","forbes.com","ABA Display","Anchor w Video Package","Tablet","","",1144850,"Sephora",7.45,"MDI1"
"a31fb394-3b3d-4e02-8727-775a76e6ff25","impression","people.com","Breakaway","CTV Venti Package","Connected TV","","",1144760,"Nike",7.49,"MDI1"
"86ca3df9-c13d-4e1e-8266-3ac3855cf2fe","impression","forbes.com","ABA Display","Runway Premium","Connected TV","","",1144780,"CVS",7.42,"MDI1"
"d1ef291b-09c0-409d-87b9-42d18622afc0","impression","nytimes.com","Runway","Runway Premium","Connected TV","","",1144910,"Netflix",7.52,"MDI1"
"ed5324b5-f0d8-4440-8d78-fd9be7fd3244","impression","tmz.com","Hover","Breakaway Display","Phone","","Paramount+",1144750,"Target",7.4,"MDI1"
"ed5324b5-f0d8-4440-8d78-fd9be7fd3244","impression","tmz.com","Hover","Breakaway Display","Phone","","Paramount+",1144750,"Target",7.4,"MDI1"
"ed5324b5-f0d8-4440-8d78-fd9be7fd3244","impression","tmz.com","Hover","Breakaway Display","Phone","","Paramount+",1144750,"Target",7.4,"MDI1"
"a28045ef-3a3b-4062-ac69-e3eb5e2cb253","video_start","weather.com","Breakaway","Runway Premium","Phone","","Paramount+",1144761,"Old Navy",7.43,"MDI1"
"a28045ef-3a3b-4062-ac69-e3eb5e2cb253","video_start","weather.com","Breakaway","Runway Premium","Phone","","Paramount+",1144761,"Old Navy",7.43,"MDI1"
"6a77c7cf-3de8-4533-9e13-a0981a5f0af3","impression","cnn.com","Venti","Middle Banner - Standard","Computer","","",1144750,"Target",7.4,"MDI1"
"6a77c7cf-3de8-4533-9e13-a0981a5f0af3","impression","cnn.com","Venti","Middle Banner - Standard","Computer","","",1144750,"Target",7.4,"MDI1"
"6a77c7cf-3de8-4533-9e13-a0981a5f0af3","impression","cnn.com","Venti","Middle Banner - Standard","Computer","","",1144750,"Target",7.4,"MDI1"
"6a77c7cf-3de8-4533-9e13-a0981a5f0af3","impression","cnn.com","Venti","Middle Banner - Standard","Computer","","",1144750,"Target",7.4,"MDI1"
"69c33510-596b-40b9-97cf-d4719be23ffe","click","tmz.com","ABA Display","CTV Venti Package","Phone","","Fubo TV",1144800,"Home Depot",7.57,"MDI1"
"69c33510-596b-40b9-97cf-d4719be23ffe","click","tmz.com","ABA Display","CTV Venti Package","Phone","","Fubo TV",1144800,"Home Depot",7.57,"MDI1"
"a7c3b671-540f-4c94-a1a5-8f54915fda7b","impression","buzzfeed.com","Venti","Runway Premium","Computer","","",1144800,"Home Depot",7.39,"MDI1"
"a7c3b671-540f-4c94-a1a5-8f54915fda7b","impression","buzzfeed.com","Venti","Runway Premium","Computer","","",1144800,"Home Depot",7.39,"MDI1"
"9eb12ae8-fe07-4494-b5fe-01a5209d9a7f","click","techcrunch.com","HighRise","Middle Banner - Standard","Phone","","",1144910,"Netflix",7.56,"MDI1"
"73896de7-8bcd-4a99-a017-91f66bf78786","impression","people.com","Breakaway","Runway Premium","Connected TV","","",1144750,"Target",7.4,"MDI1"
"7c2a36bb-9483-4f33-b6bc-b9c5a4f4500d","video_load","forbes.com","Runway","Middle Banner - Standard","Tablet","","",1144800,"Home Depot",7.49,"MDI1"
"7c2a36bb-9483-4f33-b6bc-b9c5a4f4500d","video_load","forbes.com","Runway","Middle Banner - Standard","Tablet","","",1144800,"Home Depot",7.49,"MDI1"
"7c2a36bb-9483-4f33-b6bc-b9c5a4f4500d","video_load","forbes.com","Runway","Middle Banner - Standard","Tablet","","",1144800,"Home Depot",7.49,"MDI1"
"aa6244c4-8e16-4022-bf4f-d94992b7ca90","impression","weather.com","Hover","Middle Banner - Standard","Computer","","Peacock",1144673,"Walmart Grocery",7.45,"MDI1"
"aa6244c4-8e16-4022-bf4f-d94992b7ca90","impression","weather.com","Hover","Middle Banner - Standard","Computer","","Peacock",1144673,"Walmart Grocery",7.45,"MDI1"
"86c540f8-d528-4a58-9638-eec077263bf1","video_complete","usatoday.com","HighRise","Mobile Hover","Connected TV","Android TV","",1144800,"Home Depot",7.51,"MDI1"
"eda2ee80-9ef0-41c6-ac91-ed7664469434","click","variety.com","HighRise","Runway Premium","Tablet","Samsung TV","",1144790,"Apple",7.55,"MDI1"
"4d4240d9-d660-4dff-ab89-0a90b7316c66","impression","cnn.com","ABA Display","Breakaway Display","Tablet","Apple TV","",1144760,"Nike",7.4,"MDI1"
"00a8f646-8ed8-4c77-8af6-68f0ab06b97e","impression","buzzfeed.com","ABA Display","Runway Premium","Computer","","",1144722,"Chick-fil-A",7.41,"MDI1"
"00a8f646-8ed8-4c77-8af6-68f0ab06b97e","impression","buzzfeed.com","ABA Display","Runway Premium","Computer","","",1144722,"Chick-fil-A",7.41,"MDI1"
"00a8f646-8ed8-4c77-8af6-68f0ab06b97e","impression","buzzfeed.com","ABA Display","Runway Premium","Computer","","",1144722,"Chick-fil-A",7.41,"MDI1"
"12f0564c-d7d9-43d8-a68c-fe2aa9dd2471","video_start","nytimes.com","Breakaway","Anchor w Video Package","Phone","","",1144721,"Starbucks",7.44,"MDI1"
"12f0564c-d7d9-43d8-a68c-fe2aa9dd2471","video_start","nytimes.com","Breakaway","Anchor w Video Package","Phone","","",1144721,"Starbucks",7.44,"MDI1"
"12f0564c-d7d9-43d8-a68c-fe2aa9dd2471","video_start","nytimes.com","Breakaway","Anchor w Video Package","Phone","","",1144721,"Starbucks",7.44,"MDI1"
"df962e31-da12-4262-a3f9-bbcc185914ed","video_firstquartile","cnn.com","Venti","Breakaway Display","Tablet","Apple TV","",1144910,"Netflix",7.46,"MDI1"
"df962e31-da12-4262-a3f9-bbcc185914ed","video_firstquartile","cnn.com","Venti","Breakaway Display","Tablet","Apple TV","",1144910,"Netflix",7.46,"MDI1"
"b0b666b9-8b5f-41af-8721-da781709174d","impression","nytimes.com","HighRise","Breakaway Display","Connected TV","","Paramount+",1144780,"CVS",7.53,"MDI1"
"b0b666b9-8b5f-41af-8721-da781709174d","impression","nytimes.com","HighRise","Breakaway Display","Connected TV","","Paramount+",1144780,"CVS",7.53,"MDI1"
"b0b666b9-8b5f-41af-8721-da781709174d","impression","nytimes.com","HighRise","Breakaway Display","Connected TV","","Paramount+",1144780,"CVS",7.53,"MDI1"
"b0b666b9-8b5f-41af-8721-da781709174d","impression","nytimes.com","HighRise","Breakaway Display","Connected TV","","Paramount+",1144780,"CVS",7.53,"MDI1"
"5cf6b142-f476-4ace-84ff-5607e716202f","impression","tmz.com","Breakaway","CTV Venti Package","Connected TV","","",1144720,"McDonalds",7.42,"MDI1"
"5cf6b142-f476-4ace-84ff-5607e716202f","impression","tmz.com","Breakaway","CTV Venti Package","Connected TV","","",1144720,"McDonalds",7.42,"MDI1"
"5cf6b142-f476-4ace-84ff-5607e716202f","impression","tmz.com","Breakaway","CTV Venti Package","Connected TV","","",1144720,"McDonalds",7.42,"MDI1"
"89faaf58-cfc3-4911-bd1e-06f9c344f11b","impression","variety.com","Hover","Middle Banner - Standard","Phone","Apple TV","",1144673,"Walmart Grocery",7.42,"MDI1"
"f8dd7e61-e6ed-4d10-8a21-c49cce4ad72d","impression","cnn.com","Breakaway","Anchor w Video Package","Tablet","Apple TV","",1144673,"Walmart Grocery",7.53,"MDI1"
"bf5e28e4-a406-451a-b371-8598e5fd3e63","click","weather.com","Breakaway","Middle Banner - Standard","Computer","","",1144760,"Nike",7.46,"MDI1"
"bf5e28e4-a406-451a-b371-8598e5fd3e63","click","weather.com","Breakaway","Middle Banner - Standard","Computer","","",1144760,"Nike",7.46,"MDI1"
"07c7ec7e-4448-452a-af00-4441f1c45014","click","weather.com","Venti","Breakaway Display","Connected TV","","",1144721,"Starbucks",7.47,"MDI1"
"b198e5a8-ef01-4335-ae5f-e6b410254a1d","click","usatoday.com","ABA Display","Breakaway Display","Computer","Samsung TV","",1144850,"Sephora",7.41,"MDI1"
"500d7a2e-e852-44e9-b152-585eb519ba2d","impression","techcrunch.com","Breakaway","Runway Premium","Connected TV","Apple TV","",1144720,"McDonalds",7.41,"MDI1"
"b9d2dcdb-8d94-4c6c-9e19-bf84e556b85b","video_start","theverge.com","Hover","Mobile Hover","Connected TV","","",1144780,"CVS",7.49,"MDI1"
"9dcaee64-22cc-40dd-916e-d3e0c70cdd9d","video_complete","nytimes.com","Venti","CTV Venti Package","Phone","Apple TV","",1144850,"Sephora",7.4,"MDI1"
"bf85939a-db28-4c95-86ea-afcfedf94579","video_load","variety.com","Venti","Anchor w Video Package","Connected TV","","",1144790,"Apple",7.41,"MDI1"
"bf85939a-db28-4c95-86ea-afcfedf94579","video_load","variety.com","Venti","Anchor w Video Package","Connected TV","","",1144790,"Apple",7.41,"MDI1"
"3db9c4d2-3dba-4b30-9f4c-e68ee6d8748b","click","weather.com","Hover","CTV Venti Package","Connected TV","","Peacock",1144910,"Netflix",7.5,"MDI1"
"3db9c4d2-3dba-4b30-9f4c-e68ee6d8748b","click","weather.com","Hover","CTV Venti Package","Connected TV","","Peacock",1144910,"Netflix",7.5,"MDI1"
"09ea4e87-8ebb-49e2-ad3a-ed93541a9767","video_load","weather.com","Hover","Anchor w Video Package","Connected TV","Roku","",1144761,"Old Navy",7.58,"MDI1"
"09ea4e87-8ebb-49e2-ad3a-ed93541a9767","video_load","weather.com","Hover","Anchor w Video Package","Connected TV","Roku","",1144761,"Old Navy",7.58,"MDI1"
"a2cab930-498b-4b57-899b-6fde63f65544","video_firstquartile","cnn.com","HighRise","Mobile Hover","Computer","","",1144800,"Home Depot",7.45,"MDI1"
"988395e3-13ca-4c0f-9453-75ef91b22e5b","video_complete","variety.com","Venti","Breakaway Display","Connected TV","Apple TV","",1144750,"Target",7.75,"MDI1"
"47c4c12f-1af7-4d8c-a9a1-19fbf9942a23","click","forbes.com","ABA Display","Runway Premium","Connected TV","","",1144750,"Target",7.44,"MDI1"
"47c4c12f-1af7-4d8c-a9a1-19fbf9942a23","click","forbes.com","ABA Display","Runway Premium","Connected TV","","",1144750,"Target",7.44,"MDI1"
"e37dd5cf-0d5d-451a-807f-668cf9d3a2c1","video_complete","people.com","Venti","Middle Banner - Standard","Phone","","",1144910,"Netflix",7.4,"MDI1"
"065dd57e-c31c-46a4-96a3-0960aa57157e","click","buzzfeed.com","Runway","Breakaway Display","Tablet","","Peacock",1144721,"Starbucks",7.43,"MDI1"
"065dd57e-c31c-46a4-96a3-0960aa57157e","click","buzzfeed.com","Runway","Breakaway Display","Tablet","","Peacock",1144721,"Starbucks",7.43,"MDI1"
"eea5f06b-6c04-4b80-adeb-f88e3d5551c0","video_complete","theverge.com","Breakaway","Middle Banner - Standard","Tablet","","",1144720,"McDonalds",7.42,"MDI1"
"eea5f06b-6c04-4b80-adeb-f88e3d5551c0","video_complete","theverge.com","Breakaway","Middle Banner - Standard","Tablet","","",1144720,"McDonalds",7.42,"MDI1"
"eea5f06b-6c04-4b80-adeb-f88e3d5551c0","video_complete","theverge.com","Breakaway","Middle Banner - Standard","Tablet","","",1144720,"McDonalds",7.42,"MDI1"
"ccfe2867-24e4-4ec7-816d-813e5fb609d4","video_complete","buzzfeed.com","Hover","Mobile Hover","Phone","","",1144780,"CVS",7.45,"MDI1"
"775e8662-2ea3-4787-be34-d11ddae6aecc","video_thirdquartile","cnn.com","Breakaway","Middle Banner - Standard","Computer","","",1144761,"Old Navy",7.4,"MDI1"
"775e8662-2ea3-4787-be34-d11ddae6aecc","video_thirdquartile","cnn.com","Breakaway","Middle Banner - Standard","Computer","","",1144761,"Old Navy",7.4,"MDI1"
"cf59e515-49e9-4f3a-af13-8e0a8e5aca7b","video_firstquartile","theverge.com","Runway","Runway Premium","Connected TV","","",1144750,"Target",7.47,"MDI1"
"cf59e515-49e9-4f3a-af13-8e0a8e5aca7b","video_firstquartile","theverge.com","Runway","Runway Premium","Connected TV","","",1144750,"Target",7.47,"MDI1"
"50b111ae-57b7-430f-b679-748683a86285","video_midpoint","buzzfeed.com","Hover","Anchor w Video Package","Phone","","",1144790,"Apple",7.42,"MDI1"
"90a24ef9-4111-4442-a358-a8280e559118","impression","tmz.com","Runway","Breakaway Display","Phone","","Tubi",1144722,"Chick-fil-A",7.44,"MDI1"
"f15025fd-b861-4788-9aa8-ef9c3ee412e7","video_thirdquartile","usatoday.com","Breakaway","Middle Banner - Standard","Connected TV","Apple TV","",1144720,"McDonalds",7.5,"MDI1"
"1deb64ce-697c-4ecc-858b-7873cfc3af54","video_complete","techcrunch.com","Venti","Runway Premium","Computer","","",1144850,"Sephora",7.45,"MDI1"
"1deb64ce-697c-4ecc-858b-7873cfc3af54","video_complete","techcrunch.com","Venti","Runway Premium","Computer","","",1144850,"Sephora",7.45,"MDI1"
"375fe5c2-f41f-47c3-a0c1-4a08e0b244c6","video_midpoint","techcrunch.com","Venti","CTV Venti Package","Tablet","Samsung TV","",1144720,"McDonalds",7.51,"MDI1"
"752239da-2836-4384-a439-d2a98c0706dc","video_midpoint","buzzfeed.com","HighRise","CTV Venti Package","Tablet","Roku","",1144722,"Chick-fil-A",7.52,"MDI1"
"64091e3c-7ae9-4477-b80d-f7e609073c67","video_start","techcrunch.com","Breakaway","Breakaway Display","Computer","","Paramount+",1144761,"Old Navy",7.41,"MDI1"
"64091e3c-7ae9-4477-b80d-f7e609073c67","video_start","techcrunch.com","Breakaway","Breakaway Display","Computer","","Paramount+",1144761,"Old Navy",7.41,"MDI1"
"afd380b4-7256-4265-acd2-6fe0c5d0fdc3","video_midpoint","nytimes.com","Runway","Breakaway Display","Phone","","",1144720,"McDonalds",7.47,"MDI1"
"afd380b4-7256-4265-acd2-6fe0c5d0fdc3","video_midpoint","nytimes.com","Runway","Breakaway Display","Phone","","",1144720,"McDonalds",7.47,"MDI1"
"032bc96a-9bc9-4cf8-9881-5a5bfc195f09","video_complete","people.com","HighRise","Runway Premium","Phone","Roku","",1144720,"McDonalds",7.6,"MDI1"
"4fa85560-149a-444f-95a3-11f67b70dde1","click","usatoday.com","Breakaway","Mobile Hover","Phone","","",1144780,"CVS",7.54,"MDI1"
"cb1497f7-6a59-446d-a9a7-fc0d0d92f889","impression","tmz.com","ABA Display","Middle Banner - Standard","Phone","","",1144750,"Target",7.43,"MDI1"
"379caf31-0288-49a4-8c77-ed6bf38494c8","click","nytimes.com","Hover","Anchor w Video Package","Tablet","","Tubi",1144673,"Walmart Grocery",7.4,"MDI1"
"159bf85e-6ee3-424d-b60b-ce734b15743a","video_start","usatoday.com","Hover","Anchor w Video Package","Computer","","Fubo TV",1144790,"Apple",7.41,"MDI1"
"4a36d825-f577-457b-b431-db561ec7f517","video_load","theverge.com","Breakaway","CTV Venti Package","Phone","","",1144760,"Nike",7.46,"MDI1"
"df88a41c-e0cf-4ad3-953f-1b24e99512d1","video_thirdquartile","people.com","ABA Display","Mobile Hover","Phone","Samsung TV","Peacock",1144721,"Starbucks",7.52,"MDI1"
"03295932-0677-47aa-a0c6-cc98c54876d9","video_start","espn.com","ABA Display","Middle Banner - Standard","Connected TV","","",1144790,"Apple",7.51,"MDI1"
"e9d25a30-ed29-4777-8677-5f0295e53b89","video_midpoint","nytimes.com","ABA Display","Anchor w Video Package","Phone","Android TV","Fubo TV",1144761,"Old Navy",7.47,"MDI1"
"e9d25a30-ed29-4777-8677-5f0295e53b89","video_midpoint","nytimes.com","ABA Display","Anchor w Video Package","Phone","Android TV","Fubo TV",1144761,"Old Navy",7.47,"MDI1"
"0ffe4ccf-965f-41ef-9c09-3d2de56ef3e0","video_midpoint","espn.com","ABA Display","Mobile Hover","Tablet","","",1144722,"Chick-fil-A",7.45,"MDI1"
"b2292477-2319-463a-b431-5b5e9e37d7f1","click","forbes.com","Runway","Middle Banner - Standard","Connected TV","","",1144761,"Old Navy",7.56,"MDI1"
"b2292477-2319-463a-b431-5b5e9e37d7f1","click","forbes.com","Runway","Middle Banner - Standard","Connected TV","","",1144761,"Old Navy",7.56,"MDI1"
"5873dfe5-5543-4826-845a-5200ebf87f83","video_midpoint","techcrunch.com","Venti","Runway Premium","Computer","","",1144850,"Sephora",7.41,"MDI1"
"a4c2c755-1aed-47aa-b973-7384564a3aef","video_load","theverge.com","ABA Display","Middle Banner - Standard","Connected TV","Fire TV","",1144800,"Home Depot",7.41,"MDI1"
"a4c2c755-1aed-47aa-b973-7384564a3aef","video_load","theverge.com","ABA Display","Middle Banner - Standard","Connected TV","Fire TV","",1144800,"Home Depot",7.41,"MDI1"
"a4c2c755-1aed-47aa-b973-7384564a3aef","video_load","theverge.com","ABA Display","Middle Banner - Standard","Connected TV","Fire TV","",1144800,"Home Depot",7.41,"MDI1"
"45ee50d5-6a35-4164-bfa0-27c68df6fb60","video_start","usatoday.com","Breakaway","Middle Banner - Standard","Connected TV","","",1144722,"Chick-fil-A",7.41,"MDI1"
"45ee50d5-6a35-4164-bfa0-27c68df6fb60","video_start","usatoday.com","Breakaway","Middle Banner - Standard","Connected TV","","",1144722,"Chick-fil-A",7.41,"MDI1"
"fc05d494-0c76-4c88-a29d-c13f371bd1a2","video_load","cnn.com","Runway","Anchor w Video Package","Tablet","","",1144750,"Target",7.42,"MDI1"
"b150ef63-a2c0-4471-aac6-b45661de435f","impression","theverge.com","Venti","Breakaway Display","Tablet","","",1144760,"Nike",7.45,"MDI1"
"d521f141-b833-4c54-82bf-e96f54ebc8b6","click","forbes.com","ABA Display","Runway Premium","Computer","LG Smart TV","",1144720,"McDonalds",7.53,"MDI1"
"da1df28c-ba99-45a3-9b6b-b5444a827fa1","impression","techcrunch.com","ABA Display","Runway Premium","Connected TV","","",1144780,"CVS",7.47,"MDI1"
"da1df28c-ba99-45a3-9b6b-b5444a827fa1","impression","techcrunch.com","ABA Display","Runway Premium","Connected TV","","",1144780,"CVS",7.47,"MDI1"
"1bb06643-df52-46fc-bf93-1aac7a8be87e","impression","buzzfeed.com","Breakaway","Breakaway Display","Connected TV","","",1144790,"Apple",7.45,"MDI1"
"8b02ae69-3556-402d-9533-518a78b0b523","video_midpoint","buzzfeed.com","Venti","Breakaway Display","Computer","","",1144760,"Nike",7.44,"MDI1"
"c07a33b5-1c45-45d6-b904-4887e8b83cb3","impression","nytimes.com","Hover","Middle Banner - Standard","Phone","","",1144720,"McDonalds",7.4,"MDI1"
"83cca598-0bee-417d-a4c4-8ed5666c9be0","video_load","espn.com","HighRise","Mobile Hover","Connected TV","Roku","",1144910,"Netflix",7.42,"MDI1"
"53fb3926-bb83-4097-b4d8-681d4faded17","video_complete","espn.com","Breakaway","Middle Banner - Standard","Tablet","","",1144721,"Starbucks",7.52,"MDI1"
"543e2049-791b-4dc5-87e6-19075a90f819","click","theverge.com","ABA Display","Mobile Hover","Computer","","Fubo TV",1144910,"Netflix",7.4,"MDI1"
"195fa110-6d8a-4a48-90bd-d86ca20b9712","video_midpoint","tmz.com","HighRise","CTV Venti Package","Computer","Fire TV","",1144673,"Walmart Grocery",7.5,"MDI1"
"195fa110-6d8a-4a48-90bd-d86ca20b9712","video_midpoint","tmz.com","HighRise","CTV Venti Package","Computer","Fire TV","",1144673,"Walmart Grocery",7.5,"MDI1"
"ba7bbb21-6a99-476e-9143-6f49026c5cf6","video_load","theverge.com","Hover","CTV Venti Package","Phone","","",1144790,"Apple",7.43,"MDI1"
"ba7bbb21-6a99-476e-9143-6f49026c5cf6","video_load","theverge.com","Hover","CTV Venti Package","Phone","","",1144790,"Apple",7.43,"MDI1"
"8d7a5ff8-42a4-4d90-80b7-6b518cbc9edd","impression","variety.com","Hover","Anchor w Video Package","Connected TV","Roku","",1144780,"CVS",7.41,"MDI1"
"8d7a5ff8-42a4-4d90-80b7-6b518cbc9edd","impression","variety.com","Hover","Anchor w Video Package","Connected TV","Roku","",1144780,"CVS",7.41,"MDI1"
"04da8778-ebbd-450a-a4ec-a9904dcc1514","video_thirdquartile","people.com","HighRise","Runway Premium","Phone","","",1144760,"Nike",7.51,"MDI1"
"b2377704-f4ce-49a7-9870-f3102c244032","click","weather.com","Runway","Middle Banner - Standard","Connected TV","","Fubo TV",1144800,"Home Depot",7.44,"MDI1"
"b2377704-f4ce-49a7-9870-f3102c244032","click","weather.com","Runway","Middle Banner - Standard","Connected TV","","Fubo TV",1144800,"Home Depot",7.44,"MDI1"
"68cd459a-fe07-4f34-99f2-e63859587360","click","techcrunch.com","Breakaway","Mobile Hover","Tablet","","",1144800,"Home Depot",7.43,"MDI1"
"99a01087-2405-4759-aa63-2c33c6aa69fe","click","people.com","Runway","Mobile Hover","Connected TV","","Paramount+",1144761,"Old Navy",7.4,"MDI1"
"2b0e6265-cdcc-44c1-a04d-3cad0627920e","impression","theverge.com","ABA Display","Middle Banner - Standard","Connected TV","","Tubi",1144850,"Sephora",7.51,"MDI1"
"2b0e6265-cdcc-44c1-a04d-3cad0627920e","impression","theverge.com","ABA Display","Middle Banner - Standard","Connected TV","","Tubi",1144850,"Sephora",7.51,"MDI1"
"9dfa4ede-32ad-4f82-9845-3dc75ac26a6b","impression","techcrunch.com","Hover","Mobile Hover","Connected TV","","",1144750,"Target",7.42,"MDI1"
"17cb35bf-227e-4cd3-bf42-00d3dd960d74","impression","variety.com","ABA Display","Runway Premium","Tablet","","",1144750,"Target",7.4,"MDI1"
"c74a005c-0ce9-4dc3-bbd3-c143d6f87236","impression","tmz.com","HighRise","Mobile Hover","Phone","","Peacock",1144721,"Starbucks",7.44,"MDI1"
"c74a005c-0ce9-4dc3-bbd3-c143d6f87236","impression","tmz.com","HighRise","Mobile Hover","Phone","","Peacock",1144721,"Starbucks",7.44,"MDI1"
"c8980da7-3b52-40c0-aad4-0014beef02d1","video_complete","nytimes.com","Venti","Runway Premium","Connected TV","Android TV","",1144850,"Sephora",7.61,"MDI1"
"c93ff434-75b6-46a4-9542-8c73714102d6","video_midpoint","tmz.com","Venti","Breakaway Display","Connected TV","","",1144720,"McDonalds",7.54,"MDI1"
"c93ff434-75b6-46a4-9542-8c73714102d6","video_midpoint","tmz.com","Venti","Breakaway Display","Connected TV","","",1144720,"McDonalds",7.54,"MDI1"
"bba7c746-02e6-47b1-b515-58ed595143ab","click","usatoday.com","Venti","Mobile Hover","Phone","","Tubi",1144910,"Netflix",7.4,"MDI1"
"bba7c746-02e6-47b1-b515-58ed595143ab","click","usatoday.com","Venti","Mobile Hover","Phone","","Tubi",1144910,"Netflix",7.4,"MDI1"
"82951be0-6cd1-489f-8905-e7c6d3f97668","impression","tmz.com","Breakaway","Middle Banner - Standard","Phone","","Fubo TV",1144761,"Old Navy",7.48,"MDI1"
"50a2533e-c463-456e-9a2d-ef89bb236fac","video_load","forbes.com","Hover","Runway Premium","Computer","","",1144850,"Sephora",7.44,"MDI1"
"8d43a175-bd32-403b-b84a-6c9008021b42","impression","espn.com","HighRise","Middle Banner - Standard","Computer","","",1144760,"Nike",7.41,"MDI1"
"b2458101-fdf4-47fa-9827-af47afa06cf0","click","variety.com","Hover","Anchor w Video Package","Connected TV","","Pluto TV",1144780,"CVS",7.53,"MDI1"
"4fbe5cab-2dfe-45ef-93fa-6575a12f575d","video_firstquartile","variety.com","Runway","Breakaway Display","Connected TV","","Pluto TV",1144850,"Sephora",7.39,"MDI1"
"4fbe5cab-2dfe-45ef-93fa-6575a12f575d","video_firstquartile","variety.com","Runway","Breakaway Display","Connected TV","","Pluto TV",1144850,"Sephora",7.39,"MDI1"
"4fbe5cab-2dfe-45ef-93fa-6575a12f575d","video_firstquartile","variety.com","Runway","Breakaway Display","Connected TV","","Pluto TV",1144850,"Sephora",7.39,"MDI1"
"00ffaec8-504f-46e0-9344-77e5a02ba75a","video_firstquartile","weather.com","ABA Display","CTV Venti Package","Computer","LG Smart TV","",1144761,"Old Navy",7.47,"MDI1"
"791344e3-3fe4-4e2f-9f5a-d7b64caa0226","impression","variety.com","Runway","Mobile Hover","Phone","","",1144910,"Netflix",7.51,"MDI1"
"791344e3-3fe4-4e2f-9f5a-d7b64caa0226","impression","variety.com","Runway","Mobile Hover","Phone","","",1144910,"Netflix",7.51,"MDI1"
"3aa6c4d6-44de-417f-8676-c09b046e9e9f","video_thirdquartile","espn.com","Runway","Middle Banner - Standard","Phone","","",1144761,"Old Navy",7.47,"MDI1"
"12e0317f-fb1c-4ced-b55c-52aab6bc0b91","video_load","espn.com","Runway","Middle Banner - Standard","Tablet","","",1144910,"Netflix",7.44,"MDI1"
"12e0317f-fb1c-4ced-b55c-52aab6bc0b91","video_load","espn.com","Runway","Middle Banner - Standard","Tablet","","",1144910,"Netflix",7.44,"MDI1"
"12e0317f-fb1c-4ced-b55c-52aab6bc0b91","video_load","espn.com","Runway","Middle Banner - Standard","Tablet","","",1144910,"Netflix",7.44,"MDI1"
"8f2e1aeb-3b2c-4b05-be02-226bb18047cb","video_thirdquartile","tmz.com","Runway","Runway Premium","Connected TV","","",1144910,"Netflix",7.47,"MDI1"
"11403024-4c9a-4757-aed6-a220eb9e9284","video_midpoint","people.com","ABA Display","Breakaway Display","Computer","","",1144721,"Starbucks",7.39,"MDI1"
"0b48adaa-be77-428b-83c0-48c71fd37797","video_firstquartile","techcrunch.com","ABA Display","Middle Banner - Standard","Phone","","",1144800,"Home Depot",7.43,"MDI1"
"0b48adaa-be77-428b-83c0-48c71fd37797","video_firstquartile","techcrunch.com","ABA Display","Middle Banner - Standard","Phone","","",1144800,"Home Depot",7.43,"MDI1"
"87e4e5d1-873f-4516-b076-1c92710ccbbe","video_complete","espn.com","HighRise","Anchor w Video Package","Phone","","",1144673,"Walmart Grocery",7.5,"MDI1"
"87e4e5d1-873f-4516-b076-1c92710ccbbe","video_complete","espn.com","HighRise","Anchor w Video Package","Phone","","",1144673,"Walmart Grocery",7.5,"MDI1"
"8e513034-fbb7-4ff6-a3f9-c5c5cd573f9b","video_thirdquartile","nytimes.com","ABA Display","Middle Banner - Standard","Computer","","",1144760,"Nike",7.45,"MDI1"
"8e513034-fbb7-4ff6-a3f9-c5c5cd573f9b","video_thirdquartile","nytimes.com","ABA Display","Middle Banner - Standard","Computer","","",1144760,"Nike",7.45,"MDI1"
"8e513034-fbb7-4ff6-a3f9-c5c5cd573f9b","video_thirdquartile","nytimes.com","ABA Display","Middle Banner - Standard","Computer","","",1144760,"Nike",7.45,"MDI1"
"fd8de510-b520-4e13-95f4-050d5bb9e665","impression","variety.com","Runway","Mobile Hover","Tablet","Roku","",1144750,"Target",7.52,"MDI1"
"fd8de510-b520-4e13-95f4-050d5bb9e665","impression","variety.com","Runway","Mobile Hover","Tablet","Roku","",1144750,"Target",7.52,"MDI1"
"eef47fe5-46ce-4a13-b4e1-5598ce7a4cd5","click","theverge.com","Hover","CTV Venti Package","Connected TV","","Peacock",1144760,"Nike",7.51,"MDI1"
"69bba3e0-6f92-4569-988f-dee157e61912","video_complete","buzzfeed.com","ABA Display","Anchor w Video Package","Tablet","Android TV","",1144850,"Sephora",7.41,"MDI1"
"69bba3e0-6f92-4569-988f-dee157e61912","video_complete","buzzfeed.com","ABA Display","Anchor w Video Package","Tablet","Android TV","",1144850,"Sephora",7.41,"MDI1"
"69bba3e0-6f92-4569-988f-dee157e61912","video_complete","buzzfeed.com","ABA Display","Anchor w Video Package","Tablet","Android TV","",1144850,"Sephora",7.41,"MDI1"
"69bba3e0-6f92-4569-988f-dee157e61912","video_complete","buzzfeed.com","ABA Display","Anchor w Video Package","Tablet","Android TV","",1144850,"Sephora",7.41,"MDI1"
"69bba3e0-6f92-4569-988f-dee157e61912","video_complete","buzzfeed.com","ABA Display","Anchor w Video Package","Tablet","Android TV","",1144850,"Sephora",7.41,"MDI1"
"d6bdb1a4-9677-4883-8aec-55132f0bfcec","video_start","variety.com","HighRise","Anchor w Video Package","Phone","","",1144673,"Walmart Grocery",7.43,"MDI1"
"4f14ee2c-c562-4c2a-94da-4bdeeae1ad74","video_load","variety.com","ABA Display","Runway Premium","Phone","","",1144850,"Sephora",7.41,"MDI1"
"4f14ee2c-c562-4c2a-94da-4bdeeae1ad74","video_load","variety.com","ABA Display","Runway Premium","Phone","","",1144850,"Sephora",7.41,"MDI1"
"bf64fd7a-ee1d-40ae-a552-f74427c783bd","video_complete","tmz.com","Breakaway","Breakaway Display","Phone","Samsung TV","",1144722,"Chick-fil-A",7.58,"MDI1"
"6e3b2e97-fb00-47f1-88df-0a4c87606c76","video_firstquartile","tmz.com","HighRise","Middle Banner - Standard","Phone","Apple TV","",1144673,"Walmart Grocery",7.45,"MDI1"
"6e3b2e97-fb00-47f1-88df-0a4c87606c76","video_firstquartile","tmz.com","HighRise","Middle Banner - Standard","Phone","Apple TV","",1144673,"Walmart Grocery",7.45,"MDI1"
"e3531a66-2cd3-400b-b000-67e87ab9a2d7","impression","weather.com","Venti","CTV Venti Package","Connected TV","Fire TV","",1144760,"Nike",7.57,"MDI1"
"e3531a66-2cd3-400b-b000-67e87ab9a2d7","impression","weather.com","Venti","CTV Venti Package","Connected TV","Fire TV","",1144760,"Nike",7.57,"MDI1"
"d21267f6-c8c1-4bc3-84d1-491aabbe3b99","click","forbes.com","ABA Display","Breakaway Display","Connected TV","","",1144722,"Chick-fil-A",7.43,"MDI1"
"05c85be1-9618-487c-b760-c0a1085bb8ee","video_load","tmz.com","HighRise","Anchor w Video Package","Computer","Android TV","",1144790,"Apple",7.5,"MDI1"
"12f77948-accd-411d-9ead-0e28d82e8815","video_midpoint","nytimes.com","ABA Display","Breakaway Display","Computer","","",1144760,"Nike",7.48,"MDI1"
"12f77948-accd-411d-9ead-0e28d82e8815","video_midpoint","nytimes.com","ABA Display","Breakaway Display","Computer","","",1144760,"Nike",7.48,"MDI1"
"42a99c2f-1e99-46a7-a8ce-d2377c39fc66","impression","nytimes.com","ABA Display","Middle Banner - Standard","Tablet","","",1144721,"Starbucks",7.43,"MDI1"
"ceede864-c01c-4c5a-bcac-803a9fb757af","click","weather.com","Breakaway","Breakaway Display","Connected TV","LG Smart TV","",1144850,"Sephora",7.56,"MDI1"
"25c55a14-a3cf-4e5e-9f86-fc6c21ba9c20","impression","forbes.com","Hover","Runway Premium","Phone","Samsung TV","",1144910,"Netflix",7.54,"MDI1"
"57efdf84-5fee-49c7-99f7-cda15c02b747","video_complete","cnn.com","Runway","Breakaway Display","Connected TV","","",1144800,"Home Depot",7.55,"MDI1"
"297ab3de-0906-4ec5-b664-e634368abe0b","impression","buzzfeed.com","Hover","Middle Banner - Standard","Computer","","",1144673,"Walmart Grocery",7.45,"MDI1"
"297ab3de-0906-4ec5-b664-e634368abe0b","impression","buzzfeed.com","Hover","Middle Banner - Standard","Computer","","",1144673,"Walmart Grocery",7.45,"MDI1"
"297ab3de-0906-4ec5-b664-e634368abe0b","impression","buzzfeed.com","Hover","Middle Banner - Standard","Computer","","",1144673,"Walmart Grocery",7.45,"MDI1"
"ce909e77-e5da-4f54-b644-a85ba5214c74","video_complete","techcrunch.com","Breakaway","CTV Venti Package","Phone","","",1144910,"Netflix",7.53,"MDI1"
"ce909e77-e5da-4f54-b644-a85ba5214c74","video_complete","techcrunch.com","Breakaway","CTV Venti Package","Phone","","",1144910,"Netflix",7.53,"MDI1"
"ab8def9a-693c-4fad-85ac-6ba7c5b8ac7d","video_thirdquartile","usatoday.com","Hover","Breakaway Display","Tablet","","",1144722,"Chick-fil-A",7.43,"MDI1"
"08eb3262-31a9-490c-b731-dda6ae11c564","impression","buzzfeed.com","Breakaway","Runway Premium","Tablet","Samsung TV","",1144750,"Target",7.46,"MDI1"
"08eb3262-31a9-490c-b731-dda6ae11c564","impression","buzzfeed.com","Breakaway","Runway Premium","Tablet","Samsung TV","",1144750,"Target",7.46,"MDI1"
"3a87baea-5a57-46f6-a8e7-5ed20e34fee5","video_firstquartile","buzzfeed.com","Breakaway","Mobile Hover","Tablet","Fire TV","",1144721,"Starbucks",7.4,"MDI1"
"a71ee0d7-bb6b-45b7-9616-1d07b606d1b1","video_midpoint","espn.com","Runway","Middle Banner - Standard","Phone","","",1144760,"Nike",7.43,"MDI1"
"5916ea66-cbab-4089-9c77-7fa4b834e60f","impression","cnn.com","Hover","Anchor w Video Package","Phone","","",1144760,"Nike",7.45,"MDI1"
"5916ea66-cbab-4089-9c77-7fa4b834e60f","impression","cnn.com","Hover","Anchor w Video Package","Phone","","",1144760,"Nike",7.45,"MDI1"
"5916ea66-cbab-4089-9c77-7fa4b834e60f","impression","cnn.com","Hover","Anchor w Video Package","Phone","","",1144760,"Nike",7.45,"MDI1"
"f3177a0c-45e2-43c4-aeb1-0377df80b9a7","video_complete","cnn.com","ABA Display","Runway Premium","Phone","","",1144673,"Walmart Grocery",7.41,"MDI1"
"f3177a0c-45e2-43c4-aeb1-0377df80b9a7","video_complete","cnn.com","ABA Display","Runway Premium","Phone","","",1144673,"Walmart Grocery",7.41,"MDI1"
"d4cd78e0-91f2-492a-a0af-eba5878d2205","video_thirdquartile","techcrunch.com","Hover","CTV Venti Package","Phone","","",1144761,"Old Navy",7.42,"MDI1"
"1d77c566-a488-4d91-833f-d6d8d06d21f2","click","variety.com","Venti","CTV Venti Package","Connected TV","","",1144760,"Nike",7.45,"MDI1"
"1d77c566-a488-4d91-833f-d6d8d06d21f2","click","variety.com","Venti","CTV Venti Package","Connected TV","","",1144760,"Nike",7.45,"MDI1"
"539b19af-b2ec-4ab5-85cb-d3a707f8ff42","video_firstquartile","forbes.com","Runway","Middle Banner - Standard","Connected TV","","",1144800,"Home Depot",7.39,"MDI1"
"539b19af-b2ec-4ab5-85cb-d3a707f8ff42","video_firstquartile","forbes.com","Runway","Middle Banner - Standard","Connected TV","","",1144800,"Home Depot",7.39,"MDI1"
"dda950a4-0465-403f-b40a-bdced86314be","video_start","techcrunch.com","ABA Display","Mobile Hover","Phone","","",1144673,"Walmart Grocery",7.46,"MDI1"
"c116aa27-41d7-4fba-a272-9442b64a6651","video_midpoint","weather.com","ABA Display","Mobile Hover","Phone","","",1144722,"Chick-fil-A",7.4,"MDI1"
"c116aa27-41d7-4fba-a272-9442b64a6651","video_midpoint","weather.com","ABA Display","Mobile Hover","Phone","","",1144722,"Chick-fil-A",7.4,"MDI1"
"c116aa27-41d7-4fba-a272-9442b64a6651","video_midpoint","weather.com","ABA Display","Mobile Hover","Phone","","",1144722,"Chick-fil-A",7.4,"MDI1"
"8f37c092-130f-4801-8748-8d2389de7ee9","video_midpoint","weather.com","HighRise","Middle Banner - Standard","Connected TV","LG Smart TV","",1144720,"McDonalds",7.43,"MDI1"
"8f37c092-130f-4801-8748-8d2389de7ee9","video_midpoint","weather.com","HighRise","Middle Banner - Standard","Connected TV","LG Smart TV","",1144720,"McDonalds",7.43,"MDI1"
"711529a5-7943-4a6a-b5e4-7bc0164fb818","video_complete","techcrunch.com","HighRise","Breakaway Display","Computer","Roku","",1144722,"Chick-fil-A",7.41,"MDI1"
"711529a5-7943-4a6a-b5e4-7bc0164fb818","video_complete","techcrunch.com","HighRise","Breakaway Display","Computer","Roku","",1144722,"Chick-fil-A",7.41,"MDI1"
"3e681297-4552-4c1a-a2e2-cc9cd3b1147a","video_start","cnn.com","Venti","Breakaway Display","Computer","","",1144790,"Apple",7.46,"MDI1"
"2622c62f-2251-47d7-81d6-b680a913bd7c","impression","variety.com","Hover","Mobile Hover","Tablet","","",1144910,"Netflix",7.44,"MDI1"
"85ab671c-7aa1-44e1-9a6e-b358c6ceb32b","impression","techcrunch.com","Hover","Mobile Hover","Connected TV","","Tubi",1144761,"Old Navy",7.5,"MDI1"
"d4b6eac8-52a5-4ad5-a2ed-c3e8c8df95ba","video_start","espn.com","ABA Display","Runway Premium","Tablet","Fire TV","",1144722,"Chick-fil-A",7.49,"MDI1"
"d4b6eac8-52a5-4ad5-a2ed-c3e8c8df95ba","video_start","espn.com","ABA Display","Runway Premium","Tablet","Fire TV","",1144722,"Chick-fil-A",7.49,"MDI1"
"d4b6eac8-52a5-4ad5-a2ed-c3e8c8df95ba","video_start","espn.com","ABA Display","Runway Premium","Tablet","Fire TV","",1144722,"Chick-fil-A",7.49,"MDI1"
"bfe3dea2-73e8-4d65-9c92-a97d3f832c3b","click","people.com","Hover","Mobile Hover","Connected TV","","",1144800,"Home Depot",7.49,"MDI1"
"514b3bf3-1340-4968-9094-ba268e2b196f","click","nytimes.com","ABA Display","Mobile Hover","Phone","","",1144760,"Nike",7.45,"MDI1"
"514b3bf3-1340-4968-9094-ba268e2b196f","click","nytimes.com","ABA Display","Mobile Hover","Phone","","",1144760,"Nike",7.45,"MDI1"
"2cbd5264-617c-4558-8cd0-29561eaca212","video_complete","variety.com","Hover","CTV Venti Package","Phone","","",1144780,"CVS",7.54,"MDI1"
"2cbd5264-617c-4558-8cd0-29561eaca212","video_complete","variety.com","Hover","CTV Venti Package","Phone","","",1144780,"CVS",7.54,"MDI1"
"2cbd5264-617c-4558-8cd0-29561eaca212","video_complete","variety.com","Hover","CTV Venti Package","Phone","","",1144780,"CVS",7.54,"MDI1"
"75d37a65-fea1-4016-aeeb-d7b8450a0728","click","weather.com","Hover","Mobile Hover","Computer","","Paramount+",1144750,"Target",7.46,"MDI1"
"5e8ae4b3-15c7-46dd-b30a-ed6cc142a73a","click","people.com","Venti","Breakaway Display","Tablet","Apple TV","Pluto TV",1144673,"Walmart Grocery",7.56,"MDI1"
"6495e6c5-ced5-43e4-8750-9fe6453a7eee","click","techcrunch.com","Hover","Breakaway Display","Computer","Samsung TV","",1144800,"Home Depot",7.48,"MDI1"
"609206e5-3437-44c0-aa23-de564e00ec1e","impression","theverge.com","Runway","Mobile Hover","Phone","","",1144780,"CVS",7.43,"MDI1"
"55a81954-1808-490a-8a01-3eae245330b1","impression","techcrunch.com","Breakaway","Breakaway Display","Tablet","Fire TV","",1144760,"Nike",7.41,"MDI1"
"5a31dc2a-8ad4-42ce-8542-a62ed056aa1e","video_firstquartile","weather.com","Breakaway","CTV Venti Package","Phone","","",1144750,"Target",7.43,"MDI1"
"ef276598-e73e-4032-8e19-2b1883943d43","video_midpoint","tmz.com","Hover","Middle Banner - Standard","Computer","","",1144780,"CVS",7.41,"MDI1"
"ef276598-e73e-4032-8e19-2b1883943d43","video_midpoint","tmz.com","Hover","Middle Banner - Standard","Computer","","",1144780,"CVS",7.41,"MDI1"
"b05e799e-ee4a-4f02-b00a-1c7b0154b233","video_midpoint","variety.com","ABA Display","Anchor w Video Package","Connected TV","","",1144673,"Walmart Grocery",7.4,"MDI1"
"b05e799e-ee4a-4f02-b00a-1c7b0154b233","video_midpoint","variety.com","ABA Display","Anchor w Video Package","Connected TV","","",1144673,"Walmart Grocery",7.4,"MDI1"
"b05e799e-ee4a-4f02-b00a-1c7b0154b233","video_midpoint","variety.com","ABA Display","Anchor w Video Package","Connected TV","","",1144673,"Walmart Grocery",7.4,"MDI1"
"a41f738b-a8b1-4c16-879b-5120f1f23ec1","video_start","people.com","HighRise","CTV Venti Package","Computer","","",1144910,"Netflix",7.43,"MDI1"
"a41f738b-a8b1-4c16-879b-5120f1f23ec1","video_start","people.com","HighRise","CTV Venti Package","Computer","","",1144910,"Netflix",7.43,"MDI1"
"950973b8-a55a-4978-9653-9e7a9506958c","video_load","techcrunch.com","Venti","Runway Premium","Phone","","",1144721,"Starbucks",7.51,"MDI1"
"be95c40f-9247-4005-b82f-126cf2e5526e","impression","variety.com","Runway","Mobile Hover","Connected TV","","",1144910,"Netflix",7.5,"MDI1"
"935c670e-24ad-4404-8e3d-1f9ec984cb84","video_start","variety.com","HighRise","Breakaway Display","Tablet","","",1144760,"Nike",7.4,"MDI1"
"423f52b9-8859-4162-a730-0c38e58f5cb7","video_midpoint","usatoday.com","ABA Display","CTV Venti Package","Connected TV","","",1144800,"Home Depot",7.45,"MDI1"
"423f52b9-8859-4162-a730-0c38e58f5cb7","video_midpoint","usatoday.com","ABA Display","CTV Venti Package","Connected TV","","",1144800,"Home Depot",7.45,"MDI1"
"f18ca8b4-6e1a-4844-9407-3c29f5221517","video_midpoint","techcrunch.com","Hover","Runway Premium","Tablet","","",1144910,"Netflix",7.4,"MDI1"
"f18ca8b4-6e1a-4844-9407-3c29f5221517","video_midpoint","techcrunch.com","Hover","Runway Premium","Tablet","","",1144910,"Netflix",7.4,"MDI1"
"1fb5c44f-642f-41d0-b61a-2f9157748a84","video_load","variety.com","HighRise","CTV Venti Package","Tablet","","",1144750,"Target",7.4,"MDI1"
"1fb5c44f-642f-41d0-b61a-2f9157748a84","video_load","variety.com","HighRise","CTV Venti Package","Tablet","","",1144750,"Target",7.4,"MDI1"
"b05bcf91-fa5a-45fa-9d26-74fbb585d55f","video_complete","espn.com","Venti","Breakaway Display","Phone","","",1144800,"Home Depot",7.46,"MDI1"
"62b46022-b269-4730-a0d9-986d9080dac6","click","cnn.com","Hover","CTV Venti Package","Phone","","",1144910,"Netflix",7.4,"MDI1"
"62b46022-b269-4730-a0d9-986d9080dac6","click","cnn.com","Hover","CTV Venti Package","Phone","","",1144910,"Netflix",7.4,"MDI1"
"8d0ce054-16b1-408d-a45d-65b1bf01381e","video_load","nytimes.com","Runway","Anchor w Video Package","Tablet","","",1144673,"Walmart Grocery",7.43,"MDI1"
"4f16257f-3e42-4196-83f5-e57371a76920","video_thirdquartile","theverge.com","ABA Display","Middle Banner - Standard","Tablet","","",1144673,"Walmart Grocery",7.46,"MDI1"
"0d99d9f3-c92c-4fc3-b7a3-a9067d497501","impression","variety.com","Breakaway","CTV Venti Package","Connected TV","","",1144721,"Starbucks",7.42,"MDI1"
"0d99d9f3-c92c-4fc3-b7a3-a9067d497501","impression","variety.com","Breakaway","CTV Venti Package","Connected TV","","",1144721,"Starbucks",7.42,"MDI1"
"30e4000a-9e07-4697-b443-95132f86fe4d","impression","weather.com","ABA Display","Anchor w Video Package","Connected TV","Fire TV","",1144722,"Chick-fil-A",7.53,"MDI1"
"e96823dc-3d31-4859-b30f-16b7298c02aa","impression","variety.com","Breakaway","Breakaway Display","Tablet","Android TV","Peacock",1144910,"Netflix",7.42,"MDI1"
"32502897-e06f-4684-8858-58d5101474ca","impression","people.com","HighRise","Anchor w Video Package","Computer","","",1144722,"Chick-fil-A",7.45,"MDI1"
"9a59b15c-cbad-4467-823e-ac1bd1e45c4a","video_start","techcrunch.com","ABA Display","Breakaway Display","Tablet","","",1144760,"Nike",7.41,"MDI1"
"9a59b15c-cbad-4467-823e-ac1bd1e45c4a","video_start","techcrunch.com","ABA Display","Breakaway Display","Tablet","","",1144760,"Nike",7.41,"MDI1"
"f4d62158-cd4d-466d-a90b-30bacc808742","impression","people.com","Venti","Breakaway Display","Tablet","","",1144850,"Sephora",7.45,"MDI1"
"b9b79fe1-c4f2-4032-916d-3f03351808c0","video_load","usatoday.com","Hover","Middle Banner - Standard","Connected TV","","",1144910,"Netflix",7.48,"MDI1"
"b9b79fe1-c4f2-4032-916d-3f03351808c0","video_load","usatoday.com","Hover","Middle Banner - Standard","Connected TV","","",1144910,"Netflix",7.48,"MDI1"
"b9b79fe1-c4f2-4032-916d-3f03351808c0","video_load","usatoday.com","Hover","Middle Banner - Standard","Connected TV","","",1144910,"Netflix",7.48,"MDI1"
"a517c93b-5f12-4deb-8502-1d497a188be2","impression","techcrunch.com","Venti","Middle Banner - Standard","Phone","","Peacock",1144761,"Old Navy",7.47,"MDI1"
"c70ccbf7-dca8-4162-9a40-5bb7816c3cc2","video_thirdquartile","variety.com","Venti","Breakaway Display","Connected TV","","Fubo TV",1144790,"Apple",7.54,"MDI1"
"c70ccbf7-dca8-4162-9a40-5bb7816c3cc2","video_thirdquartile","variety.com","Venti","Breakaway Display","Connected TV","","Fubo TV",1144790,"Apple",7.54,"MDI1"
"53c37e1c-b3ca-4fc5-8db1-5daa2015ae02","impression","tmz.com","ABA Display","CTV Venti Package","Phone","","",1144850,"Sephora",7.39,"MDI1"
"53c37e1c-b3ca-4fc5-8db1-5daa2015ae02","impression","tmz.com","ABA Display","CTV Venti Package","Phone","","",1144850,"Sephora",7.39,"MDI1"
"53c37e1c-b3ca-4fc5-8db1-5daa2015ae02","impression","tmz.com","ABA Display","CTV Venti Package","Phone","","",1144850,"Sephora",7.39,"MDI1"
"53c37e1c-b3ca-4fc5-8db1-5daa2015ae02","impression","tmz.com","ABA Display","CTV Venti Package","Phone","","",1144850,"Sephora",7.39,"MDI1"
"53c37e1c-b3ca-4fc5-8db1-5daa2015ae02","impression","tmz.com","ABA Display","CTV Venti Package","Phone","","",1144850,"Sephora",7.39,"MDI1"
"0bc60d35-58f6-47f6-800d-144dc0389003","click","usatoday.com","Runway","Breakaway Display","Phone","","Fubo TV",1144800,"Home Depot",7.45,"MDI1"
"0bc60d35-58f6-47f6-800d-144dc0389003","click","usatoday.com","Runway","Breakaway Display","Phone","","Fubo TV",1144800,"Home Depot",7.45,"MDI1"
"44ede1e1-c593-43f5-8f44-28905f0ea3fa","impression","people.com","Hover","Mobile Hover","Tablet","","",1144800,"Home Depot",7.46,"MDI1"
"44ede1e1-c593-43f5-8f44-28905f0ea3fa","impression","people.com","Hover","Mobile Hover","Tablet","","",1144800,"Home Depot",7.46,"MDI1"
"aa9eee19-661d-4a65-a0e1-46a8545c1d0b","video_firstquartile","cnn.com","Venti","Anchor w Video Package","Tablet","","Pluto TV",1144850,"Sephora",7.46,"MDI1"
"216175a9-12db-41ef-ac03-802b0a20fb08","impression","tmz.com","Runway","Anchor w Video Package","Phone","Roku","",1144673,"Walmart Grocery",7.43,"MDI1"
"93e551a9-ada3-49cd-b798-d112f6855aad","video_load","espn.com","Runway","Breakaway Display","Tablet","","",1144722,"Chick-fil-A",7.47,"MDI1"
"801ec68f-6b8f-473b-b676-4b37b2b7856a","video_start","usatoday.com","ABA Display","Middle Banner - Standard","Connected TV","","",1144800,"Home Depot",7.53,"MDI1"
"801ec68f-6b8f-473b-b676-4b37b2b7856a","video_start","usatoday.com","ABA Display","Middle Banner - Standard","Connected TV","","",1144800,"Home Depot",7.53,"MDI1"
"a195c4fd-cf20-41fb-a5a5-6ef20f12358e","impression","nytimes.com","Venti","Middle Banner - Standard","Computer","","Tubi",1144760,"Nike",7.45,"MDI1"
"64b4f60f-a817-4692-abb6-e2067d9429ac","impression","tmz.com","HighRise","Breakaway Display","Phone","","Tubi",1144721,"Starbucks",7.45,"MDI1"
"6945a096-21c4-44ff-8735-fc1669b279dc","video_midpoint","cnn.com","HighRise","Anchor w Video Package","Phone","","",1144673,"Walmart Grocery",7.4,"MDI1"
"6945a096-21c4-44ff-8735-fc1669b279dc","video_midpoint","cnn.com","HighRise","Anchor w Video Package","Phone","","",1144673,"Walmart Grocery",7.4,"MDI1"
"6945a096-21c4-44ff-8735-fc1669b279dc","video_midpoint","cnn.com","HighRise","Anchor w Video Package","Phone","","",1144673,"Walmart Grocery",7.4,"MDI1"
"6945a096-21c4-44ff-8735-fc1669b279dc","video_midpoint","cnn.com","HighRise","Anchor w Video Package","Phone","","",1144673,"Walmart Grocery",7.4,"MDI1"
"0f454433-5243-498a-9757-47ca903e39c6","video_complete","techcrunch.com","HighRise","Anchor w Video Package","Tablet","Samsung TV","",1144761,"Old Navy",7.52,"MDI1"
"45a1b6c4-6a82-4f09-b1d8-e1aaeded69cd","video_complete","buzzfeed.com","ABA Display","Runway Premium","Phone","Android TV","",1144760,"Nike",7.53,"MDI1"
"0307194d-4b31-49e7-9d53-72c4fcd30d4a","video_load","cnn.com","Runway","Mobile Hover","Tablet","","Pluto TV",1144910,"Netflix",7.5,"MDI1"
"0307194d-4b31-49e7-9d53-72c4fcd30d4a","video_load","cnn.com","Runway","Mobile Hover","Tablet","","Pluto TV",1144910,"Netflix",7.5,"MDI1"
"0307194d-4b31-49e7-9d53-72c4fcd30d4a","video_load","cnn.com","Runway","Mobile Hover","Tablet","","Pluto TV",1144910,"Netflix",7.5,"MDI1"
"ba7dbd44-e5be-4968-987b-05875cb0004e","video_start","variety.com","Venti","Middle Banner - Standard","Computer","","",1144790,"Apple",7.41,"MDI1"
"37e2c904-d3a7-4edf-a54c-a6c85ebba123","video_complete","usatoday.com","HighRise","Runway Premium","Tablet","Fire TV","",1144750,"Target",7.47,"MDI1"
"37e2c904-d3a7-4edf-a54c-a6c85ebba123","video_complete","usatoday.com","HighRise","Runway Premium","Tablet","Fire TV","",1144750,"Target",7.47,"MDI1"
"37e2c904-d3a7-4edf-a54c-a6c85ebba123","video_complete","usatoday.com","HighRise","Runway Premium","Tablet","Fire TV","",1144750,"Target",7.47,"MDI1"
"37e2c904-d3a7-4edf-a54c-a6c85ebba123","video_complete","usatoday.com","HighRise","Runway Premium","Tablet","Fire TV","",1144750,"Target",7.47,"MDI1"
"f1e96e76-9648-4a96-8509-7490657d6d22","click","techcrunch.com","Hover","CTV Venti Package","Tablet","","Paramount+",1144673,"Walmart Grocery",7.45,"MDI1"
"2c15cca3-1a7e-4f98-8fd2-0ff515c9beb0","video_load","theverge.com","Breakaway","Runway Premium","Connected TV","Samsung TV","",1144761,"Old Navy",7.47,"MDI1"
"51f999c4-be7f-4f74-89fc-bc6058668ca0","impression","usatoday.com","ABA Display","Anchor w Video Package","Connected TV","","",1144790,"Apple",7.4,"MDI1"
"a18dd71c-368c-4090-845a-cc3e84149b51","video_complete","espn.com","Hover","Runway Premium","Tablet","Samsung TV","",1144761,"Old Navy",7.49,"MDI1"
"9c886d42-cc72-4e8f-88c9-972ce93b2b20","impression","tmz.com","Runway","CTV Venti Package","Phone","","",1144850,"Sephora",7.39,"MDI1"
"9c886d42-cc72-4e8f-88c9-972ce93b2b20","impression","tmz.com","Runway","CTV Venti Package","Phone","","",1144850,"Sephora",7.39,"MDI1"
"b6393ff2-df4e-468f-83ea-bdc24c8c1955","video_complete","tmz.com","Venti","Middle Banner - Standard","Connected TV","","Pluto TV",1144750,"Target",7.6,"MDI1"
"425a157a-b71c-4d7f-9dbd-d9ff30c5877b","click","forbes.com","Runway","Anchor w Video Package","Phone","","",1144721,"Starbucks",7.58,"MDI1"
"b8467d0e-7c69-4aa9-a954-170a9397d045","click","nytimes.com","ABA Display","Runway Premium","Computer","","Peacock",1144721,"Starbucks",7.49,"MDI1"
"b8467d0e-7c69-4aa9-a954-170a9397d045","click","nytimes.com","ABA Display","Runway Premium","Computer","","Peacock",1144721,"Starbucks",7.49,"MDI1"
"5b166c30-f46f-4b72-b859-e904b69b9f70","video_thirdquartile","weather.com","Breakaway","CTV Venti Package","Computer","","",1144721,"Starbucks",7.42,"MDI1"
"5b166c30-f46f-4b72-b859-e904b69b9f70","video_thirdquartile","weather.com","Breakaway","CTV Venti Package","Computer","","",1144721,"Starbucks",7.42,"MDI1"
"28208e08-9a11-47e4-b03d-3821c38d7996","video_thirdquartile","nytimes.com","ABA Display","Mobile Hover","Connected TV","","Fubo TV",1144673,"Walmart Grocery",7.39,"MDI1"
"28208e08-9a11-47e4-b03d-3821c38d7996","video_thirdquartile","nytimes.com","ABA Display","Mobile Hover","Connected TV","","Fubo TV",1144673,"Walmart Grocery",7.39,"MDI1"
"a6a6d1cb-24a8-462b-8ffd-183393b1dfca","impression","variety.com","Runway","Middle Banner - Standard","Computer","Fire TV","",1144673,"Walmart Grocery",7.4,"MDI1"
"54b55eea-cd5f-4573-a11f-c33ae1cb0420","impression","buzzfeed.com","Breakaway","Breakaway Display","Phone","","",1144910,"Netflix",7.5,"MDI1"
"54b55eea-cd5f-4573-a11f-c33ae1cb0420","impression","buzzfeed.com","Breakaway","Breakaway Display","Phone","","",1144910,"Netflix",7.5,"MDI1"
"dd425b76-6086-4d8c-b394-71cd76d8017a","video_thirdquartile","variety.com","HighRise","Mobile Hover","Phone","Roku","",1144750,"Target",7.4,"MDI1"
"e1e2e8d2-f29f-4e8c-9651-1fe222f719fb","video_start","buzzfeed.com","HighRise","Runway Premium","Tablet","","Fubo TV",1144800,"Home Depot",7.43,"MDI1"
"d267a2ee-9b7b-4a7e-a37d-f47c7d85a767","video_complete","usatoday.com","Venti","CTV Venti Package","Tablet","","",1144910,"Netflix",7.44,"MDI1"
"1bc80f28-9f44-4b7f-82a1-ec614d382a2b","click","theverge.com","Venti","Mobile Hover","Phone","","",1144800,"Home Depot",7.44,"MDI1"
"8c13ffdc-77ab-4ac6-80ab-962a4a1319cf","impression","usatoday.com","HighRise","Mobile Hover","Connected TV","LG Smart TV","",1144800,"Home Depot",7.59,"MDI1"
"39242841-12b5-4848-ae90-2283eb7d9479","video_load","cnn.com","Breakaway","Mobile Hover","Connected TV","","",1144910,"Netflix",7.4,"MDI1"
"c10a9979-6b4c-43ae-adb2-443f0a6c4207","video_load","buzzfeed.com","Hover","Anchor w Video Package","Tablet","LG Smart TV","",1144780,"CVS",7.51,"MDI1"
"11215a56-248b-4555-9d5a-a8c8a8509a1f","video_complete","espn.com","Hover","CTV Venti Package","Tablet","","Fubo TV",1144760,"Nike",7.42,"MDI1"
"a66219c0-8791-41b0-a3b8-f84b13a63001","impression","weather.com","ABA Display","Middle Banner - Standard","Phone","","",1144720,"McDonalds",7.42,"MDI1"
"a66219c0-8791-41b0-a3b8-f84b13a63001","impression","weather.com","ABA Display","Middle Banner - Standard","Phone","","",1144720,"McDonalds",7.42,"MDI1"
"65a2556a-5875-422b-9a20-0af8721e5cd3","video_start","espn.com","Hover","Anchor w Video Package","Phone","","",1144722,"Chick-fil-A",7.49,"MDI1"
"6d0fa48f-a2e7-4433-8ab0-179a2d5a5146","video_start","nytimes.com","Breakaway","CTV Venti Package","Connected TV","Fire TV","",1144720,"McDonalds",7.48,"MDI1"
"6d0fa48f-a2e7-4433-8ab0-179a2d5a5146","video_start","nytimes.com","Breakaway","CTV Venti Package","Connected TV","Fire TV","",1144720,"McDonalds",7.48,"MDI1"
"6d0fa48f-a2e7-4433-8ab0-179a2d5a5146","video_start","nytimes.com","Breakaway","CTV Venti Package","Connected TV","Fire TV","",1144720,"McDonalds",7.48,"MDI1"
"f5b0cc66-ef5c-42eb-8058-ebfac953c9e4","video_load","forbes.com","Venti","Breakaway Display","Tablet","","",1144780,"CVS",7.5,"MDI1"
"4662549a-78cb-4291-96a0-dd57847806b3","video_firstquartile","forbes.com","Breakaway","Mobile Hover","Tablet","","",1144720,"McDonalds",7.47,"MDI1"
"e88719e0-cb84-4277-81e7-4d22817e6130","click","espn.com","Runway","Middle Banner - Standard","Tablet","Android TV","",1144721,"Starbucks",7.41,"MDI1"
"e88719e0-cb84-4277-81e7-4d22817e6130","click","espn.com","Runway","Middle Banner - Standard","Tablet","Android TV","",1144721,"Starbucks",7.41,"MDI1"
"e88719e0-cb84-4277-81e7-4d22817e6130","click","espn.com","Runway","Middle Banner - Standard","Tablet","Android TV","",1144721,"Starbucks",7.41,"MDI1"
"2ab89d76-27dd-4234-bbeb-f672361da9fc","video_firstquartile","weather.com","Hover","Breakaway Display","Phone","","Peacock",1144800,"Home Depot",7.49,"MDI1"
"2ab89d76-27dd-4234-bbeb-f672361da9fc","video_firstquartile","weather.com","Hover","Breakaway Display","Phone","","Peacock",1144800,"Home Depot",7.49,"MDI1"
"90b13f8a-63a8-47f8-9f8a-6c3fe56467c2","impression","usatoday.com","Hover","Breakaway Display","Connected TV","","",1144910,"Netflix",7.47,"MDI1"
"90b13f8a-63a8-47f8-9f8a-6c3fe56467c2","impression","usatoday.com","Hover","Breakaway Display","Connected TV","","",1144910,"Netflix",7.47,"MDI1"
"90b13f8a-63a8-47f8-9f8a-6c3fe56467c2","impression","usatoday.com","Hover","Breakaway Display","Connected TV","","",1144910,"Netflix",7.47,"MDI1"
"9871463b-cc49-4bfc-abd2-3050ea0be4b9","click","espn.com","Breakaway","Middle Banner - Standard","Phone","","",1144721,"Starbucks",7.48,"MDI1"
"9871463b-cc49-4bfc-abd2-3050ea0be4b9","click","espn.com","Breakaway","Middle Banner - Standard","Phone","","",1144721,"Starbucks",7.48,"MDI1"
"f1409b3e-d866-40a1-847c-94c7ca4bdc58","video_midpoint","nytimes.com","Hover","Mobile Hover","Phone","","",1144790,"Apple",7.47,"MDI1"
"f1409b3e-d866-40a1-847c-94c7ca4bdc58","video_midpoint","nytimes.com","Hover","Mobile Hover","Phone","","",1144790,"Apple",7.47,"MDI1"
"272ceb5b-677a-4c44-8168-74aecb182670","video_complete","variety.com","Venti","Breakaway Display","Phone","","",1144760,"Nike",7.5,"MDI1"
"272ceb5b-677a-4c44-8168-74aecb182670","video_complete","variety.com","Venti","Breakaway Display","Phone","","",1144760,"Nike",7.5,"MDI1"
"1b8e31be-f71b-4d05-ae27-a1494cda3e2f","video_complete","usatoday.com","Hover","Breakaway Display","Computer","","",1144910,"Netflix",7.49,"MDI1"
"65c4db0a-406b-484d-9e2a-a68e8ed7a3b6","video_complete","nytimes.com","ABA Display","Anchor w Video Package","Connected TV","","",1144750,"Target",7.57,"MDI1"
"62db109a-52a6-40b9-ae94-a791641a0845","video_complete","espn.com","Venti","Middle Banner - Standard","Phone","","",1144722,"Chick-fil-A",7.6,"MDI1"
"292185e6-bc94-4f78-a06c-34227da78bf7","video_firstquartile","usatoday.com","Breakaway","Anchor w Video Package","Tablet","","",1144722,"Chick-fil-A",7.45,"MDI1"
"292185e6-bc94-4f78-a06c-34227da78bf7","video_firstquartile","usatoday.com","Breakaway","Anchor w Video Package","Tablet","","",1144722,"Chick-fil-A",7.45,"MDI1"
"5b8ada28-1ef5-494d-960c-ee31cf11a882","impression","buzzfeed.com","HighRise","Breakaway Display","Phone","","",1144761,"Old Navy",7.41,"MDI1"
"5b8ada28-1ef5-494d-960c-ee31cf11a882","impression","buzzfeed.com","HighRise","Breakaway Display","Phone","","",1144761,"Old Navy",7.41,"MDI1"
"d01734e5-ff9a-4f83-82e8-2e91dca09fb8","impression","nytimes.com","Venti","Anchor w Video Package","Phone","","Peacock",1144910,"Netflix",7.44,"MDI1"
"d01734e5-ff9a-4f83-82e8-2e91dca09fb8","impression","nytimes.com","Venti","Anchor w Video Package","Phone","","Peacock",1144910,"Netflix",7.44,"MDI1"
"4a4a0eda-8581-4422-bb2a-382da56b5de9","impression","people.com","Breakaway","Mobile Hover","Computer","","",1144761,"Old Navy",7.43,"MDI1"
"dc1bb66c-67d6-4513-911a-c1a8f7c79f26","click","cnn.com","Venti","CTV Venti Package","Phone","LG Smart TV","",1144910,"Netflix",7.44,"MDI1"
"dc1bb66c-67d6-4513-911a-c1a8f7c79f26","click","cnn.com","Venti","CTV Venti Package","Phone","LG Smart TV","",1144910,"Netflix",7.44,"MDI1"
"5a7b0354-ef8e-4e14-b968-9c89ee7b2c77","video_load","buzzfeed.com","Runway","Breakaway Display","Connected TV","","",1144721,"Starbucks",7.45,"MDI1"
"5a7b0354-ef8e-4e14-b968-9c89ee7b2c77","video_load","buzzfeed.com","Runway","Breakaway Display","Connected TV","","",1144721,"Starbucks",7.45,"MDI1"
"73124a56-34fd-448e-af0f-229ad3adaee9","video_load","techcrunch.com","Breakaway","Anchor w Video Package","Tablet","","",1144780,"CVS",7.48,"MDI1"
"e083f9f1-83d3-4d4a-9e6a-f0be142e1ba0","video_firstquartile","techcrunch.com","Runway","Runway Premium","Computer","","Peacock",1144910,"Netflix",7.44,"MDI1"
"605ca03f-9538-41a9-b9c6-c969aa06496a","video_complete","theverge.com","Runway","CTV Venti Package","Tablet","","",1144790,"Apple",7.45,"MDI1"
"605ca03f-9538-41a9-b9c6-c969aa06496a","video_complete","theverge.com","Runway","CTV Venti Package","Tablet","","",1144790,"Apple",7.45,"MDI1"
"605ca03f-9538-41a9-b9c6-c969aa06496a","video_complete","theverge.com","Runway","CTV Venti Package","Tablet","","",1144790,"Apple",7.45,"MDI1"
"3c2391d4-e1f5-4f51-a5b0-4bacfa420c70","video_thirdquartile","variety.com","Breakaway","CTV Venti Package","Computer","","",1144780,"CVS",7.4,"MDI1"
"ec54fa64-5c1e-4eb4-bf55-de9f54128fcb","impression","variety.com","HighRise","Mobile Hover","Tablet","","Paramount+",1144790,"Apple",7.44,"MDI1"
"f65fe5e3-dda7-4913-bc81-ffb4639b0dfa","video_complete","techcrunch.com","Hover","Mobile Hover","Phone","","",1144790,"Apple",7.46,"MDI1"
"f65fe5e3-dda7-4913-bc81-ffb4639b0dfa","video_complete","techcrunch.com","Hover","Mobile Hover","Phone","","",1144790,"Apple",7.46,"MDI1"
"6c0949eb-98ef-45b2-9f63-b79277b2e707","impression","people.com","Breakaway","Runway Premium","Tablet","","",1144761,"Old Navy",7.45,"MDI1"
"7874577f-4aef-45de-931a-be7628917483","impression","buzzfeed.com","Breakaway","Breakaway Display","Tablet","","",1144780,"CVS",7.48,"MDI1"
"7874577f-4aef-45de-931a-be7628917483","impression","buzzfeed.com","Breakaway","Breakaway Display","Tablet","","",1144780,"CVS",7.48,"MDI1"
"7874577f-4aef-45de-931a-be7628917483","impression","buzzfeed.com","Breakaway","Breakaway Display","Tablet","","",1144780,"CVS",7.48,"MDI1"
"7874577f-4aef-45de-931a-be7628917483","impression","buzzfeed.com","Breakaway","Breakaway Display","Tablet","","",1144780,"CVS",7.48,"MDI1"
"7874577f-4aef-45de-931a-be7628917483","impression","buzzfeed.com","Breakaway","Breakaway Display","Tablet","","",1144780,"CVS",7.48,"MDI1"
"7874577f-4aef-45de-931a-be7628917483","impression","buzzfeed.com","Breakaway","Breakaway Display","Tablet","","",1144780,"CVS",7.48,"MDI1"
"7874577f-4aef-45de-931a-be7628917483","impression","buzzfeed.com","Breakaway","Breakaway Display","Tablet","","",1144780,"CVS",7.48,"MDI1"
"00de3cd8-4283-41dc-9529-ddf826a231c3","video_midpoint","techcrunch.com","Runway","Breakaway Display","Phone","","",1144800,"Home Depot",7.45,"MDI1"
"00de3cd8-4283-41dc-9529-ddf826a231c3","video_midpoint","techcrunch.com","Runway","Breakaway Display","Phone","","",1144800,"Home Depot",7.45,"MDI1"
"d0e4aeff-df7c-46ab-beff-8482252b780f","click","theverge.com","Runway","Runway Premium","Tablet","","Tubi",1144910,"Netflix",7.45,"MDI1"
"cb3bc50a-4bbd-42cd-91d6-73c1bff1a358","video_complete","forbes.com","HighRise","Middle Banner - Standard","Tablet","","Peacock",1144720,"McDonalds",7.5,"MDI1"
"17fc280f-f252-430b-80a3-dfefd6a6bc26","video_complete","usatoday.com","Venti","Mobile Hover","Phone","Android TV","",1144780,"CVS",7.43,"MDI1"
"f5910258-5805-4239-a71a-a4883fb0ed16","video_load","buzzfeed.com","Runway","Anchor w Video Package","Connected TV","","",1144780,"CVS",7.5,"MDI1"
"c7a24950-59d4-4bf9-a77f-3188a95733f9","video_load","weather.com","HighRise","CTV Venti Package","Phone","LG Smart TV","",1144720,"McDonalds",7.39,"MDI1"
"df87cec4-6a72-4b65-845a-97c80118e0ec","video_start","variety.com","Breakaway","Breakaway Display","Connected TV","","",1144910,"Netflix",7.45,"MDI1"
"b8bf2e76-4026-491c-9e92-bcb7ffe49d62","video_start","techcrunch.com","HighRise","CTV Venti Package","Tablet","","Peacock",1144721,"Starbucks",7.47,"MDI1"
"7138e3ef-18a1-415b-a847-272923a3384a","impression","weather.com","Venti","Runway Premium","Phone","","",1144722,"Chick-fil-A",7.46,"MDI1"
"7138e3ef-18a1-415b-a847-272923a3384a","impression","weather.com","Venti","Runway Premium","Phone","","",1144722,"Chick-fil-A",7.46,"MDI1"
"3a987c2c-f6e1-4f9f-81e3-d0edf07ab6da","impression","theverge.com","Venti","Mobile Hover","Phone","","",1144790,"Apple",7.46,"MDI1"
"3a987c2c-f6e1-4f9f-81e3-d0edf07ab6da","impression","theverge.com","Venti","Mobile Hover","Phone","","",1144790,"Apple",7.46,"MDI1"
"3a987c2c-f6e1-4f9f-81e3-d0edf07ab6da","impression","theverge.com","Venti","Mobile Hover","Phone","","",1144790,"Apple",7.46,"MDI1"
"03a02954-bb65-4fef-9e0c-6245c29b19a6","video_firstquartile","espn.com","Breakaway","CTV Venti Package","Computer","","",1144722,"Chick-fil-A",7.39,"MDI1"
"f19c7ae4-1f1c-47ae-bc87-d838704be64b","video_thirdquartile","cnn.com","Runway","Breakaway Display","Phone","","",1144761,"Old Navy",7.44,"MDI1"
"010857f1-5e7b-40da-91e4-d377fea37899","impression","nytimes.com","Breakaway","Anchor w Video Package","Connected TV","","",1144761,"Old Navy",7.48,"MDI1"
"ff9a9cf6-fcfc-4891-9db3-8ec98913c4b5","video_start","techcrunch.com","ABA Display","Middle Banner - Standard","Connected TV","","",1144850,"Sephora",7.49,"MDI1"
"60910c47-2eb1-4ef7-b8fa-d458c6af87de","video_firstquartile","variety.com","Breakaway","Mobile Hover","Computer","","",1144720,"McDonalds",7.44,"MDI1"
"60910c47-2eb1-4ef7-b8fa-d458c6af87de","video_firstquartile","variety.com","Breakaway","Mobile Hover","Computer","","",1144720,"McDonalds",7.44,"MDI1"
"60910c47-2eb1-4ef7-b8fa-d458c6af87de","video_firstquartile","variety.com","Breakaway","Mobile Hover","Computer","","",1144720,"McDonalds",7.44,"MDI1"
"c6966d3b-c1f0-4ccb-b604-804f0f27993d","video_midpoint","nytimes.com","Runway","Middle Banner - Standard","Computer","","",1144800,"Home Depot",7.41,"MDI1"
"c6966d3b-c1f0-4ccb-b604-804f0f27993d","video_midpoint","nytimes.com","Runway","Middle Banner - Standard","Computer","","",1144800,"Home Depot",7.41,"MDI1"
"13a3bdc8-8d53-43ab-b313-8ddcd54b955e","video_midpoint","techcrunch.com","Breakaway","Runway Premium","Tablet","","",1144790,"Apple",7.43,"MDI1"
"13a3bdc8-8d53-43ab-b313-8ddcd54b955e","video_midpoint","techcrunch.com","Breakaway","Runway Premium","Tablet","","",1144790,"Apple",7.43,"MDI1"
"57a3a012-c8f9-4102-9ee6-27efd012a1a9","impression","theverge.com","Hover","Middle Banner - Standard","Computer","","",1144761,"Old Navy",7.4,"MDI1"
"57a3a012-c8f9-4102-9ee6-27efd012a1a9","impression","theverge.com","Hover","Middle Banner - Standard","Computer","","",1144761,"Old Navy",7.4,"MDI1"
"57a3a012-c8f9-4102-9ee6-27efd012a1a9","impression","theverge.com","Hover","Middle Banner - Standard","Computer","","",1144761,"Old Navy",7.4,"MDI1"
"57a3a012-c8f9-4102-9ee6-27efd012a1a9","impression","theverge.com","Hover","Middle Banner - Standard","Computer","","",1144761,"Old Navy",7.4,"MDI1"
"4bea0adb-da5c-4598-b3de-03697c1f8da3","impression","variety.com","Venti","Middle Banner - Standard","Computer","Fire TV","Paramount+",1144790,"Apple",7.47,"MDI1"
"d7a21f91-d6d7-4f82-911f-6998ec24ebe6","video_load","techcrunch.com","Venti","CTV Venti Package","Connected TV","","",1144722,"Chick-fil-A",7.4,"MDI1"
"d7a21f91-d6d7-4f82-911f-6998ec24ebe6","video_load","techcrunch.com","Venti","CTV Venti Package","Connected TV","","",1144722,"Chick-fil-A",7.4,"MDI1"
"cfe0fa6d-bbd5-4b0c-b392-3976cb35820a","video_start","theverge.com","Venti","Runway Premium","Connected TV","","",1144761,"Old Navy",7.43,"MDI1"
"4bb2a376-9110-4a44-886b-eb0ed713010c","video_thirdquartile","variety.com","HighRise","Middle Banner - Standard","Computer","Fire TV","Fubo TV",1144720,"McDonalds",7.45,"MDI1"
"4bb2a376-9110-4a44-886b-eb0ed713010c","video_thirdquartile","variety.com","HighRise","Middle Banner - Standard","Computer","Fire TV","Fubo TV",1144720,"McDonalds",7.45,"MDI1"
"4ff09da5-ace5-45f4-83ab-d5986e7d0f93","video_thirdquartile","techcrunch.com","Breakaway","Middle Banner - Standard","Phone","","Tubi",1144850,"Sephora",7.46,"MDI1"
"4ff09da5-ace5-45f4-83ab-d5986e7d0f93","video_thirdquartile","techcrunch.com","Breakaway","Middle Banner - Standard","Phone","","Tubi",1144850,"Sephora",7.46,"MDI1"
"e2271da2-e436-4eaf-b500-d5bd76ae1d35","video_midpoint","usatoday.com","ABA Display","CTV Venti Package","Phone","","",1144850,"Sephora",7.46,"MDI1"
"59806491-7c11-4021-9d53-5c77a1a9e5be","video_start","techcrunch.com","HighRise","Middle Banner - Standard","Connected TV","","",1144673,"Walmart Grocery",7.39,"MDI1"
"f4f15e5a-743c-4cc3-bd7c-11cf78c2cbfb","video_complete","nytimes.com","HighRise","Middle Banner - Standard","Connected TV","Apple TV","",1144720,"McDonalds",7.51,"MDI1"
"04326806-bb32-4218-bf87-a1a5314c6a67","click","buzzfeed.com","Runway","Anchor w Video Package","Phone","Samsung TV","",1144790,"Apple",7.43,"MDI1"
"04326806-bb32-4218-bf87-a1a5314c6a67","click","buzzfeed.com","Runway","Anchor w Video Package","Phone","Samsung TV","",1144790,"Apple",7.43,"MDI1"
"bd7a19a7-6119-4471-8bac-27a574882a15","video_thirdquartile","cnn.com","Runway","Mobile Hover","Connected TV","Apple TV","Pluto TV",1144673,"Walmart Grocery",7.6,"MDI1"
"8dc2ab45-b81f-4662-9e36-1ba3f9c8bca5","impression","forbes.com","HighRise","Runway Premium","Phone","","",1144761,"Old Navy",7.45,"MDI1"
"97b30caf-9462-4721-a091-ce91a0c6432a","impression","techcrunch.com","HighRise","Middle Banner - Standard","Connected TV","Android TV","Peacock",1144720,"McDonalds",7.55,"MDI1"
"f3460f64-7f7d-4257-921c-0757153d71fd","impression","tmz.com","Hover","Mobile Hover","Phone","LG Smart TV","",1144780,"CVS",7.41,"MDI1"
"cf1e0f60-dc90-415c-a516-e920902de481","video_thirdquartile","nytimes.com","Hover","Anchor w Video Package","Connected TV","Roku","",1144750,"Target",7.41,"MDI1"
"05113774-7ccc-4d34-906e-048e9df99c45","video_thirdquartile","tmz.com","Runway","Breakaway Display","Computer","","",1144790,"Apple",7.43,"MDI1"
"833c67de-a93b-4a43-b53a-521428d03adf","click","espn.com","Breakaway","Mobile Hover","Tablet","Apple TV","Pluto TV",1144673,"Walmart Grocery",7.64,"MDI1"
"8e145909-e165-4ce4-91c8-0a083864f80b","video_start","espn.com","Venti","Middle Banner - Standard","Connected TV","LG Smart TV","",1144722,"Chick-fil-A",7.51,"MDI1"
"8e145909-e165-4ce4-91c8-0a083864f80b","video_start","espn.com","Venti","Middle Banner - Standard","Connected TV","LG Smart TV","",1144722,"Chick-fil-A",7.51,"MDI1"
"179bbd55-4d06-4e94-8e3a-acfe98bca744","impression","theverge.com","Breakaway","Anchor w Video Package","Phone","Android TV","",1144790,"Apple",7.5,"MDI1"
"9e79621f-7a6c-4dd3-88be-1c65b2d686a3","video_firstquartile","variety.com","Breakaway","Middle Banner - Standard","Computer","","",1144790,"Apple",7.41,"MDI1"
"982da900-6be1-41d8-9064-ff85acf786b6","impression","cnn.com","HighRise","Runway Premium","Tablet","Roku","Paramount+",1144910,"Netflix",7.47,"MDI1"
"2fbad874-3118-4bc1-ba19-9ccde058dd46","video_complete","variety.com","Venti","Middle Banner - Standard","Connected TV","","",1144722,"Chick-fil-A",7.4,"MDI1"
"2fbad874-3118-4bc1-ba19-9ccde058dd46","video_complete","variety.com","Venti","Middle Banner - Standard","Connected TV","","",1144722,"Chick-fil-A",7.4,"MDI1"
"2fbad874-3118-4bc1-ba19-9ccde058dd46","video_complete","variety.com","Venti","Middle Banner - Standard","Connected TV","","",1144722,"Chick-fil-A",7.4,"MDI1"
"2fbad874-3118-4bc1-ba19-9ccde058dd46","video_complete","variety.com","Venti","Middle Banner - Standard","Connected TV","","",1144722,"Chick-fil-A",7.4,"MDI1"
"0a30f8b5-d64d-4bee-b347-4681902064e1","click","techcrunch.com","Breakaway","Runway Premium","Phone","","",1144780,"CVS",7.46,"MDI1"
